{"personal_data":[{"age":21,"gender":"M","name":"Amani Raynor PhD"}],"fitness_data":[{"Backwards Sled, 2 min":5,"Posture exercises":3,"Tricep extensions":2,"Face pulls":1,"Butterfly":4,"Band pull apart (back muscles)":1,"Back extensions (on a hyperextension)":3,"Obliques (each side, on a hyperextension)":3,"StretchesKneeling shin_Kneeling shin_":2,"StretchesHip flexor_Hip flexor_":3,"StretchesCouch_Couch_":0,"Leg raises (for abdomen)":1,"Seated calf raises":2,"Poliquin step ups":2,"Slant board squats":6,"ATG Split squats":5,"Nordics":5,"Reverse Nordics":1,"Tibialis raises,":4,"IsoTib ankle rotations":3,"Pull ups":3,"Chin ups":2,"10 min HIIT":2}],"supplement_vars":[{"N-Acetyl-L-Cysteine (NAC)":0.0137,"N-Acetyl-L-Cysteine (NAC) 2":0.0007,"Nicotinamide Riboside Chloride (NR)":0.0056,"Zeaxanthin":0.0057,"Phosphorus":0.0401,"Astaxanthin (Natural)":0.0228,"Boron Glycinate":0.0285,"CaAKG":0.0059,"Ashwagandha KSM66":0.0018,"Calcium L-5- Methyltetrahydrofolate (L-5-MTHF-Ca)":0.015,"Cocoa Powder (Non-Alkalised) 8+% Flavanols":0.0023,"Red Yeast Rice (2% Monacolin K)":0.015,"Creatine Monohydrate":0.0278,"Ginger":0.016,"Glucosamine Sulfate KCI":0.0149,"Grape Seed Extract 90% polyphenols":0.0125,"Broccoli Extract (glucoraphanin 10%)":0.0256,"Glycine":0.0082,"Theanine":0.0487,"Lactobacillus Acidophilus":0.0031,"Lithium orotate":0.0084,"Pomegranate Juice Extract (50% Polyphenols)":0.0403,"Potassium Iodate":0.0086,"Rhodiola 3% Rosavins / Salidroside 1%":0.0416,"Selenium":0.005,"Glutathione reduced":0.0103,"Lutein":0.0014,"Luteolin":0.0029,"Cinnamon powder (ceylon) organic":0.0003,"Sodium Hyaluronate":0.0058,"Spermidine":0.081,"Vitamin B1 (Thiamine HCl)":0.0006,"Vitamin B12 (Methylcobalamin)":0.0659,"Vitamin B2 (Riboflavin-5-Phosphate)":0.0609,"Vitamin B3 (Niacinamide)":0.0381,"Vitamin B5 (Calcium-D-Pantothenate)":0.003,"Vitamin B6 (Pyridoxal-5- Phosphate)":0.0206,"Vitamin B7 (D-Biotin)":0.0015,"Vitamin C (Ascorbic Acid)":0.0002,"Vitamin D Veg D3":0.0027,"Vitamin E (d-alpha tocopherol)":0.0344,"Vitamin K1":0.0437,"Vitamin K2 MK-7 MCT Oil":0.005,"Vitamin K2 MK-4 MCT Oil":0.0269,"Sunflower lecithin non-GMO":0.0443,"Phosphatidylcholine":0.0133,"Choline":0.0618,"Lycopene":0.0741,"Lysine":0.0119,"Taurine":0.0179,"Glucoraphanin":0.008,"Ubiquinol":0.0107,"Zinc Citrate":0.0214,"Fiber":0.0044,"Blueberries":0.0082,"Macadamia nuts":0.0282,"Walnuts":0.0277,"Omega 3":0.0376,"Omega 6":0.0037,"Calcium":0.049,"EVOO polyphenols":0.0063,"Oleic acid":0.0233,"Protein (plant)":0,"Copper":0.0141,"Caffeine":0.0547,"Magnesium Citrate":0.0002,"Manganese Citrate":0.0255,"Curcuminoids":0.0098,"Fisetin (smoketree extract)":0.0069,"Garlic extract 12:1 odorless":0.0239,"Genistein (Japonica extract)":0.0129,"Milled Golden Flaxseed":0.0078,"SDG lignan":0.0078,"Phosphatidylinositol":0.0251,"Phosphatidylethanolamine":0.0227}],"vo2_max":35.5281}
