{"personal_data":[{"age":57,"gender":"M","name":"Kamryn Hansen-Sanford"}],"fitness_data":[{"Backwards Sled, 2 min":2,"Posture exercises":5,"Tricep extensions":0,"Face pulls":1,"Butterfly":2,"Band pull apart (back muscles)":4,"Back extensions (on a hyperextension)":2,"Obliques (each side, on a hyperextension)":3,"StretchesKneeling shin_Kneeling shin_":3,"StretchesHip flexor_Hip flexor_":2,"StretchesCouch_Couch_":3,"Leg raises (for abdomen)":3,"Seated calf raises":3,"Poliquin step ups":4,"Slant board squats":4,"ATG Split squats":4,"Nordics":5,"Reverse Nordics":4,"Tibialis raises,":2,"IsoTib ankle rotations":5,"Pull ups":2,"Chin ups":2,"10 min HIIT":3}],"supplement_vars":[{"N-Acetyl-L-Cysteine (NAC)":0.0039,"N-Acetyl-L-Cysteine (NAC) 2":0.016,"Nicotinamide Riboside Chloride (NR)":0.0164,"Zeaxanthin":0.0127,"Phosphorus":0.0092,"Astaxanthin (Natural)":0.0052,"Boron Glycinate":0.0048,"CaAKG":0.0068,"Ashwagandha KSM66":0.0021,"Calcium L-5- Methyltetrahydrofolate (L-5-MTHF-Ca)":0.0679,"Cocoa Powder (Non-Alkalised) 8+% Flavanols":0.0023,"Red Yeast Rice (2% Monacolin K)":0.027,"Creatine Monohydrate":0.0158,"Ginger":0.068,"Glucosamine Sulfate KCI":0.003,"Grape Seed Extract 90% polyphenols":0.0008,"Broccoli Extract (glucoraphanin 10%)":0.0234,"Glycine":0.0043,"Theanine":0.0481,"Lactobacillus Acidophilus":0.0683,"Lithium orotate":0.005,"Pomegranate Juice Extract (50% Polyphenols)":0.0652,"Potassium Iodate":0.0402,"Rhodiola 3% Rosavins / Salidroside 1%":0.0094,"Selenium":0.0351,"Glutathione reduced":0.0064,"Lutein":0.0239,"Luteolin":0.0035,"Cinnamon powder (ceylon) organic":0.0113,"Sodium Hyaluronate":0.005,"Spermidine":0.0514,"Vitamin B1 (Thiamine HCl)":0.0133,"Vitamin B12 (Methylcobalamin)":0.0172,"Vitamin B2 (Riboflavin-5-Phosphate)":0.0084,"Vitamin B3 (Niacinamide)":0.0492,"Vitamin B5 (Calcium-D-Pantothenate)":0.0003,"Vitamin B6 (Pyridoxal-5- Phosphate)":0.0488,"Vitamin B7 (D-Biotin)":0.0278,"Vitamin C (Ascorbic Acid)":0.009,"Vitamin D Veg D3":0.0301,"Vitamin E (d-alpha tocopherol)":0.0431,"Vitamin K1":0.0165,"Vitamin K2 MK-7 MCT Oil":0.0236,"Vitamin K2 MK-4 MCT Oil":0.017,"Sunflower lecithin non-GMO":0.0252,"Phosphatidylcholine":0.0199,"Choline":0.0612,"Lycopene":0.0726,"Lysine":0.0054,"Taurine":0.0332,"Glucoraphanin":0.003,"Ubiquinol":0.0105,"Zinc Citrate":0.0249,"Fiber":0.0029,"Blueberries":0.0368,"Macadamia nuts":0.0523,"Walnuts":0.0145,"Omega 3":0.0009,"Omega 6":0.0508,"Calcium":0.0568,"EVOO polyphenols":0.006,"Oleic acid":0.025,"Protein (plant)":0,"Copper":0.0176,"Caffeine":0.0602,"Magnesium Citrate":0.0239,"Manganese Citrate":0.0779,"Curcuminoids":0.0341,"Fisetin (smoketree extract)":0.03,"Garlic extract 12:1 odorless":0.0272,"Genistein (Japonica extract)":0.0025,"Milled Golden Flaxseed":0.036,"SDG lignan":0.0556,"Phosphatidylinositol":0.0108,"Phosphatidylethanolamine":0.0011}],"vo2_max":24.6034}
