{"personal_data":[{"age":62,"gender":"F","name":"Stefan Bailey"}],"fitness_data":[{"Backwards Sled, 2 min":2,"Posture exercises":3,"Tricep extensions":1,"Face pulls":4,"Butterfly":2,"Band pull apart (back muscles)":4,"Back extensions (on a hyperextension)":1,"Obliques (each side, on a hyperextension)":1,"StretchesKneeling shin_Kneeling shin_":4,"StretchesHip flexor_Hip flexor_":4,"StretchesCouch_Couch_":0,"Leg raises (for abdomen)":0,"Seated calf raises":1,"Poliquin step ups":4,"Slant board squats":6,"ATG Split squats":2,"Nordics":0,"Reverse Nordics":2,"Tibialis raises,":3,"IsoTib ankle rotations":6,"Pull ups":1,"Chin ups":3,"10 min HIIT":1}],"supplement_vars":[{"N-Acetyl-L-Cysteine (NAC)":0.0049,"N-Acetyl-L-Cysteine (NAC) 2":0.0052,"Nicotinamide Riboside Chloride (NR)":0.0085,"Zeaxanthin":0.0122,"Phosphorus":0.0205,"Astaxanthin (Natural)":0.0237,"Boron Glycinate":0.0256,"CaAKG":0.0014,"Ashwagandha KSM66":0.0026,"Calcium L-5- Methyltetrahydrofolate (L-5-MTHF-Ca)":0.0417,"Cocoa Powder (Non-Alkalised) 8+% Flavanols":0.0111,"Red Yeast Rice (2% Monacolin K)":0.0031,"Creatine Monohydrate":0.0596,"Ginger":0.0682,"Glucosamine Sulfate KCI":0.0507,"Grape Seed Extract 90% polyphenols":0.0123,"Broccoli Extract (glucoraphanin 10%)":0.0049,"Glycine":0.0004,"Theanine":0.0575,"Lactobacillus Acidophilus":0.0281,"Lithium orotate":0.0028,"Pomegranate Juice Extract (50% Polyphenols)":0.0466,"Potassium Iodate":0.0015,"Rhodiola 3% Rosavins / Salidroside 1%":0.0373,"Selenium":0.0135,"Glutathione reduced":0.0513,"Lutein":0.0146,"Luteolin":0.0096,"Cinnamon powder (ceylon) organic":0.0176,"Sodium Hyaluronate":0.0076,"Spermidine":0.0342,"Vitamin B1 (Thiamine HCl)":0.0057,"Vitamin B12 (Methylcobalamin)":0.0217,"Vitamin B2 (Riboflavin-5-Phosphate)":0.0279,"Vitamin B3 (Niacinamide)":0.0242,"Vitamin B5 (Calcium-D-Pantothenate)":0.02,"Vitamin B6 (Pyridoxal-5- Phosphate)":0.0388,"Vitamin B7 (D-Biotin)":0.0297,"Vitamin C (Ascorbic Acid)":0.0026,"Vitamin D Veg D3":0.0266,"Vitamin E (d-alpha tocopherol)":0.0321,"Vitamin K1":0.044,"Vitamin K2 MK-7 MCT Oil":0.0276,"Vitamin K2 MK-4 MCT Oil":0.0278,"Sunflower lecithin non-GMO":0.0323,"Phosphatidylcholine":0.0067,"Choline":0.0453,"Lycopene":0.0495,"Lysine":0.0106,"Taurine":0.0063,"Glucoraphanin":0.0245,"Ubiquinol":0.0068,"Zinc Citrate":0.0101,"Fiber":0.0026,"Blueberries":0.0675,"Macadamia nuts":0.0331,"Walnuts":0.0484,"Omega 3":0.01,"Omega 6":0.0657,"Calcium":0.0296,"EVOO polyphenols":0.0012,"Oleic acid":0.0134,"Protein (plant)":0.0016,"Copper":0.0188,"Caffeine":0.0478,"Magnesium Citrate":0.0229,"Manganese Citrate":0.0506,"Curcuminoids":0.0203,"Fisetin (smoketree extract)":0.0044,"Garlic extract 12:1 odorless":0.0006,"Genistein (Japonica extract)":0.0138,"Milled Golden Flaxseed":0.0155,"SDG lignan":0.0372,"Phosphatidylinositol":0.0246,"Phosphatidylethanolamine":0.0067}],"vo2_max":23.9608}
