{"personal_data":[{"age":57,"gender":"F","name":"Davin Casper III"}],"fitness_data":[{"Backwards Sled, 2 min":2,"Posture exercises":5,"Tricep extensions":3,"Face pulls":1,"Butterfly":1,"Band pull apart (back muscles)":2,"Back extensions (on a hyperextension)":1,"Obliques (each side, on a hyperextension)":2,"StretchesKneeling shin_Kneeling shin_":3,"StretchesHip flexor_Hip flexor_":3,"StretchesCouch_Couch_":3,"Leg raises (for abdomen)":3,"Seated calf raises":3,"Poliquin step ups":1,"Slant board squats":1,"ATG Split squats":3,"Nordics":1,"Reverse Nordics":2,"Tibialis raises,":4,"IsoTib ankle rotations":3,"Pull ups":2,"Chin ups":3,"10 min HIIT":2}],"supplement_vars":[{"N-Acetyl-L-Cysteine (NAC)":0.0099,"N-Acetyl-L-Cysteine (NAC) 2":0.0045,"Nicotinamide Riboside Chloride (NR)":0.0078,"Zeaxanthin":0.001,"Phosphorus":0.0267,"Astaxanthin (Natural)":0.004,"Boron Glycinate":0.0163,"CaAKG":0.002,"Ashwagandha KSM66":0.0081,"Calcium L-5- Methyltetrahydrofolate (L-5-MTHF-Ca)":0.0266,"Cocoa Powder (Non-Alkalised) 8+% Flavanols":0.0208,"Red Yeast Rice (2% Monacolin K)":0.0098,"Creatine Monohydrate":0.0232,"Ginger":0.0163,"Glucosamine Sulfate KCI":0.0708,"Grape Seed Extract 90% polyphenols":0.0045,"Broccoli Extract (glucoraphanin 10%)":0.03,"Glycine":0.0237,"Theanine":0.0527,"Lactobacillus Acidophilus":0.0741,"Lithium orotate":0.007,"Pomegranate Juice Extract (50% Polyphenols)":0.0146,"Potassium Iodate":0.0088,"Rhodiola 3% Rosavins / Salidroside 1%":0.004,"Selenium":0.0377,"Glutathione reduced":0.0438,"Lutein":0.0131,"Luteolin":0.0044,"Cinnamon powder (ceylon) organic":0.0236,"Sodium Hyaluronate":0.0043,"Spermidine":0.0711,"Vitamin B1 (Thiamine HCl)":0.0112,"Vitamin B12 (Methylcobalamin)":0.0074,"Vitamin B2 (Riboflavin-5-Phosphate)":0.0655,"Vitamin B3 (Niacinamide)":0.0066,"Vitamin B5 (Calcium-D-Pantothenate)":0.0079,"Vitamin B6 (Pyridoxal-5- Phosphate)":0.0109,"Vitamin B7 (D-Biotin)":0.0027,"Vitamin C (Ascorbic Acid)":0.0015,"Vitamin D Veg D3":0.0398,"Vitamin E (d-alpha tocopherol)":0.01,"Vitamin K1":0.0282,"Vitamin K2 MK-7 MCT Oil":0.0358,"Vitamin K2 MK-4 MCT Oil":0.0209,"Sunflower lecithin non-GMO":0.0188,"Phosphatidylcholine":0.022,"Choline":0.0144,"Lycopene":0.0662,"Lysine":0.0055,"Taurine":0.0373,"Glucoraphanin":0.0239,"Ubiquinol":0.0019,"Zinc Citrate":0.0219,"Fiber":0.0051,"Blueberries":0.082,"Macadamia nuts":0.0625,"Walnuts":0.0159,"Omega 3":0.0399,"Omega 6":0.0068,"Calcium":0.0216,"EVOO polyphenols":0.0002,"Oleic acid":0.0015,"Protein (plant)":0.0018,"Copper":0.0206,"Caffeine":0.0291,"Magnesium Citrate":0.0342,"Manganese Citrate":0.0515,"Curcuminoids":0.018,"Fisetin (smoketree extract)":0.0123,"Garlic extract 12:1 odorless":0.0285,"Genistein (Japonica extract)":0.0149,"Milled Golden Flaxseed":0.016,"SDG lignan":0.0027,"Phosphatidylinositol":0.011,"Phosphatidylethanolamine":0.043}],"vo2_max":27.0903}
