{"personal_data":[{"age":29,"gender":"F"}],"fitness_data":[{"Backwards Sled, 2 min":3,"Posture exercises":3,"Tricep extensions":3,"Face pulls":5,"Butterfly":5,"Band pull apart (back muscles)":1,"Back extensions (on a hyperextension)":3,"Obliques (each side, on a hyperextension)":1,"StretchesKneeling shin_Kneeling shin_":3,"StretchesHip flexor_Hip flexor_":3,"StretchesCouch_Couch_":1,"Leg raises (for abdomen)":3,"Seated calf raises":2,"Poliquin step ups":2,"Slant board squats":6,"ATG Split squats":1,"Nordics":3,"Reverse Nordics":4,"Tibialis raises,":4,"IsoTib ankle rotations":1,"Pull ups":3,"Chin ups":3,"10 min HIIT":2}],"supplement_vars":[{"N-Acetyl-L-Cysteine (NAC)":0.0197,"N-Acetyl-L-Cysteine (NAC) 2":0.0154,"Nicotinamide Riboside Chloride (NR)":0.0067,"Zeaxanthin":0.0111,"Phosphorus":0.0175,"Astaxanthin (Natural)":0.0187,"Boron Glycinate":0.0271,"CaAKG":0.0021,"Ashwagandha KSM66":0.004,"Calcium L-5- Methyltetrahydrofolate (L-5-MTHF-Ca)":0.0428,"Cocoa Powder (Non-Alkalised) 8+% Flavanols":0.0055,"Red Yeast Rice (2% Monacolin K)":0.0207,"Creatine Monohydrate":0.0283,"Ginger":0.0388,"Glucosamine Sulfate KCI":0.0626,"Grape Seed Extract 90% polyphenols":0.0082,"Broccoli Extract (glucoraphanin 10%)":0.0334,"Glycine":0.0317,"Theanine":0.0197,"Lactobacillus Acidophilus":0.0112,"Lithium orotate":0.0038,"Pomegranate Juice Extract (50% Polyphenols)":0.0667,"Potassium Iodate":0.0247,"Rhodiola 3% Rosavins / Salidroside 1%":0.0108,"Selenium":0.0051,"Glutathione reduced":0.0408,"Lutein":0.0107,"Luteolin":0.001,"Cinnamon powder (ceylon) organic":0.002,"Sodium Hyaluronate":0.008,"Spermidine":0.0354,"Vitamin B1 (Thiamine HCl)":0.0032,"Vitamin B12 (Methylcobalamin)":0.0777,"Vitamin B2 (Riboflavin-5-Phosphate)":0.0529,"Vitamin B3 (Niacinamide)":0.0175,"Vitamin B5 (Calcium-D-Pantothenate)":0.0025,"Vitamin B6 (Pyridoxal-5- Phosphate)":0.0121,"Vitamin B7 (D-Biotin)":0.0074,"Vitamin C (Ascorbic Acid)":0.0026,"Vitamin D Veg D3":0.0191,"Vitamin E (d-alpha tocopherol)":0.0155,"Vitamin K1":0.0586,"Vitamin K2 MK-7 MCT Oil":0.0167,"Vitamin K2 MK-4 MCT Oil":0.036,"Sunflower lecithin non-GMO":0.0106,"Phosphatidylcholine":0.028,"Choline":0.0296,"Lycopene":0.0322,"Lysine":0.0032,"Taurine":0.0242,"Glucoraphanin":0.0219,"Ubiquinol":0.013,"Zinc Citrate":0.0168,"Fiber":0.0009,"Blueberries":0.0339,"Macadamia nuts":0.0908,"Walnuts":0.0388,"Omega 3":0.0245,"Omega 6":0.0313,"Calcium":0.0567,"EVOO polyphenols":0.0024,"Oleic acid":0.005,"Protein (plant)":0.0008,"Copper":0.0129,"Caffeine":0.0286,"Magnesium Citrate":0.0207,"Manganese Citrate":0.0957,"Curcuminoids":0.0062,"Fisetin (smoketree extract)":0.0047,"Garlic extract 12:1 odorless":0.0198,"Genistein (Japonica extract)":0.0175,"Milled Golden Flaxseed":0.0336,"SDG lignan":0.0137,"Phosphatidylinositol":0.0014,"Phosphatidylethanolamine":0.0054}],"vo2_max":36.1209}
