{"personal_data":[{"age":38,"gender":"M","name":"Verlyn Bogan"}],"fitness_data":[{"Backwards Sled, 2 min":3,"Posture exercises":3,"Tricep extensions":0,"Face pulls":2,"Butterfly":3,"Band pull apart (back muscles)":0,"Back extensions (on a hyperextension)":0,"Obliques (each side, on a hyperextension)":3,"StretchesKneeling shin_Kneeling shin_":2,"StretchesHip flexor_Hip flexor_":2,"StretchesCouch_Couch_":3,"Leg raises (for abdomen)":3,"Seated calf raises":4,"Poliquin step ups":1,"Slant board squats":0,"ATG Split squats":2,"Nordics":5,"Reverse Nordics":3,"Tibialis raises,":1,"IsoTib ankle rotations":6,"Pull ups":1,"Chin ups":1,"10 min HIIT":3}],"supplement_vars":[{"N-Acetyl-L-Cysteine (NAC)":0.0087,"N-Acetyl-L-Cysteine (NAC) 2":0.0029,"Nicotinamide Riboside Chloride (NR)":0.0152,"Zeaxanthin":0.0005,"Phosphorus":0.0091,"Astaxanthin (Natural)":0.0162,"Boron Glycinate":0.0194,"CaAKG":0.0123,"Ashwagandha KSM66":0.0008,"Calcium L-5- Methyltetrahydrofolate (L-5-MTHF-Ca)":0.0557,"Cocoa Powder (Non-Alkalised) 8+% Flavanols":0.0131,"Red Yeast Rice (2% Monacolin K)":0.0282,"Creatine Monohydrate":0.034,"Ginger":0.0891,"Glucosamine Sulfate KCI":0.0024,"Grape Seed Extract 90% polyphenols":0.0041,"Broccoli Extract (glucoraphanin 10%)":0.0194,"Glycine":0.0147,"Theanine":0.0438,"Lactobacillus Acidophilus":0.0229,"Lithium orotate":0.007,"Pomegranate Juice Extract (50% Polyphenols)":0.0499,"Potassium Iodate":0.0377,"Rhodiola 3% Rosavins / Salidroside 1%":0.0291,"Selenium":0.0103,"Glutathione reduced":0.0488,"Lutein":0.0124,"Luteolin":0.0077,"Cinnamon powder (ceylon) organic":0.0042,"Sodium Hyaluronate":0.0093,"Spermidine":0.0578,"Vitamin B1 (Thiamine HCl)":0.0071,"Vitamin B12 (Methylcobalamin)":0.0707,"Vitamin B2 (Riboflavin-5-Phosphate)":0.049,"Vitamin B3 (Niacinamide)":0.0465,"Vitamin B5 (Calcium-D-Pantothenate)":0.004,"Vitamin B6 (Pyridoxal-5- Phosphate)":0.0104,"Vitamin B7 (D-Biotin)":0.0297,"Vitamin C (Ascorbic Acid)":0.0035,"Vitamin D Veg D3":0.0254,"Vitamin E (d-alpha tocopherol)":0.0099,"Vitamin K1":0.0562,"Vitamin K2 MK-7 MCT Oil":0.009,"Vitamin K2 MK-4 MCT Oil":0.0297,"Sunflower lecithin non-GMO":0.0271,"Phosphatidylcholine":0.0002,"Choline":0.0351,"Lycopene":0.0145,"Lysine":0.0092,"Taurine":0.0327,"Glucoraphanin":0.0064,"Ubiquinol":0.0054,"Zinc Citrate":0.0036,"Fiber":0.0048,"Blueberries":0.0154,"Macadamia nuts":0.0065,"Walnuts":0.0065,"Omega 3":0.0386,"Omega 6":0.042,"Calcium":0.0265,"EVOO polyphenols":0.0069,"Oleic acid":0.0176,"Protein (plant)":0.0042,"Copper":0.0205,"Caffeine":0.0082,"Magnesium Citrate":0.0537,"Manganese Citrate":0.0679,"Curcuminoids":0.0432,"Fisetin (smoketree extract)":0.0155,"Garlic extract 12:1 odorless":0.0091,"Genistein (Japonica extract)":0.0071,"Milled Golden Flaxseed":0.0287,"SDG lignan":0.059,"Phosphatidylinositol":0.0211,"Phosphatidylethanolamine":0.0226}],"vo2_max":30.7358}
