{"personal_data":[{"age":71,"gender":"F","name":"Mrs. Marleigh Kertzmann PhD"}],"fitness_data":[{"Backwards Sled, 2 min":3,"Posture exercises":5,"Tricep extensions":3,"Face pulls":0,"Butterfly":3,"Band pull apart (back muscles)":5,"Back extensions (on a hyperextension)":1,"Obliques (each side, on a hyperextension)":1,"StretchesKneeling shin_Kneeling shin_":1,"StretchesHip flexor_Hip flexor_":3,"StretchesCouch_Couch_":0,"Leg raises (for abdomen)":1,"Seated calf raises":1,"Poliquin step ups":2,"Slant board squats":1,"ATG Split squats":4,"Nordics":4,"Reverse Nordics":2,"Tibialis raises,":1,"IsoTib ankle rotations":1,"Pull ups":1,"Chin ups":3,"10 min HIIT":0}],"supplement_vars":[{"N-Acetyl-L-Cysteine (NAC)":0.0016,"N-Acetyl-L-Cysteine (NAC) 2":0.0095,"Nicotinamide Riboside Chloride (NR)":0.014,"Zeaxanthin":0.0082,"Phosphorus":0.026,"Astaxanthin (Natural)":0.0132,"Boron Glycinate":0.0254,"CaAKG":0.0116,"Ashwagandha KSM66":0.0041,"Calcium L-5- Methyltetrahydrofolate (L-5-MTHF-Ca)":0.0611,"Cocoa Powder (Non-Alkalised) 8+% Flavanols":0.0079,"Red Yeast Rice (2% Monacolin K)":0.0311,"Creatine Monohydrate":0.0123,"Ginger":0.0264,"Glucosamine Sulfate KCI":0.0201,"Grape Seed Extract 90% polyphenols":0.0034,"Broccoli Extract (glucoraphanin 10%)":0.0022,"Glycine":0.033,"Theanine":0.0007,"Lactobacillus Acidophilus":0.0399,"Lithium orotate":0.0049,"Pomegranate Juice Extract (50% Polyphenols)":0.0243,"Potassium Iodate":0.0179,"Rhodiola 3% Rosavins / Salidroside 1%":0.0344,"Selenium":0.0307,"Glutathione reduced":0.0424,"Lutein":0.0177,"Luteolin":0.0061,"Cinnamon powder (ceylon) organic":0.0141,"Sodium Hyaluronate":0.0022,"Spermidine":0.0074,"Vitamin B1 (Thiamine HCl)":0.0132,"Vitamin B12 (Methylcobalamin)":0.0786,"Vitamin B2 (Riboflavin-5-Phosphate)":0.0023,"Vitamin B3 (Niacinamide)":0.0283,"Vitamin B5 (Calcium-D-Pantothenate)":0.0084,"Vitamin B6 (Pyridoxal-5- Phosphate)":0.0281,"Vitamin B7 (D-Biotin)":0.024,"Vitamin C (Ascorbic Acid)":0.0099,"Vitamin D Veg D3":0.0014,"Vitamin E (d-alpha tocopherol)":0.0404,"Vitamin K1":0.017,"Vitamin K2 MK-7 MCT Oil":0.0149,"Vitamin K2 MK-4 MCT Oil":0.0016,"Sunflower lecithin non-GMO":0.0201,"Phosphatidylcholine":0.0296,"Choline":0.0412,"Lycopene":0.0257,"Lysine":0.0115,"Taurine":0.0032,"Glucoraphanin":0.0128,"Ubiquinol":0.0048,"Zinc Citrate":0.0253,"Fiber":0.0047,"Blueberries":0.0368,"Macadamia nuts":0.0841,"Walnuts":0.0528,"Omega 3":0.0444,"Omega 6":0.0059,"Calcium":0.0495,"EVOO polyphenols":0.0012,"Oleic acid":0.0146,"Protein (plant)":0.0039,"Copper":0.0188,"Caffeine":0.0594,"Magnesium Citrate":0.0398,"Manganese Citrate":0.0162,"Curcuminoids":0.0438,"Fisetin (smoketree extract)":0.0212,"Garlic extract 12:1 odorless":0.0251,"Genistein (Japonica extract)":0.0181,"Milled Golden Flaxseed":0.0279,"SDG lignan":0.0411,"Phosphatidylinositol":0.0147,"Phosphatidylethanolamine":0.0054}],"vo2_max":19.0224}
