{"personal_data":[{"age":56,"gender":"F","name":"Miss Delia Wolf PhD"}],"fitness_data":[{"Backwards Sled, 2 min":1,"Posture exercises":4,"Tricep extensions":2,"Face pulls":4,"Butterfly":1,"Band pull apart (back muscles)":4,"Back extensions (on a hyperextension)":1,"Obliques (each side, on a hyperextension)":4,"StretchesKneeling shin_Kneeling shin_":4,"StretchesHip flexor_Hip flexor_":2,"StretchesCouch_Couch_":0,"Leg raises (for abdomen)":4,"Seated calf raises":1,"Poliquin step ups":3,"Slant board squats":6,"ATG Split squats":3,"Nordics":6,"Reverse Nordics":3,"Tibialis raises,":4,"IsoTib ankle rotations":4,"Pull ups":3,"Chin ups":3,"10 min HIIT":3}],"supplement_vars":[{"N-Acetyl-L-Cysteine (NAC)":0.0018,"N-Acetyl-L-Cysteine (NAC) 2":0.0146,"Nicotinamide Riboside Chloride (NR)":0.0099,"Zeaxanthin":0.0112,"Phosphorus":0.0298,"Astaxanthin (Natural)":0.014,"Boron Glycinate":0.0278,"CaAKG":0.0088,"Ashwagandha KSM66":0.0075,"Calcium L-5- Methyltetrahydrofolate (L-5-MTHF-Ca)":0.0546,"Cocoa Powder (Non-Alkalised) 8+% Flavanols":0.013,"Red Yeast Rice (2% Monacolin K)":0.0131,"Creatine Monohydrate":0.0498,"Ginger":0.0549,"Glucosamine Sulfate KCI":0.016,"Grape Seed Extract 90% polyphenols":0.0138,"Broccoli Extract (glucoraphanin 10%)":0.0097,"Glycine":0.0146,"Theanine":0.0289,"Lactobacillus Acidophilus":0.0021,"Lithium orotate":0.004,"Pomegranate Juice Extract (50% Polyphenols)":0.0492,"Potassium Iodate":0.0033,"Rhodiola 3% Rosavins / Salidroside 1%":0.0438,"Selenium":0.0053,"Glutathione reduced":0.0274,"Lutein":0.0122,"Luteolin":0.008,"Cinnamon powder (ceylon) organic":0.0006,"Sodium Hyaluronate":0.0027,"Spermidine":0.0465,"Vitamin B1 (Thiamine HCl)":0.0051,"Vitamin B12 (Methylcobalamin)":0.0447,"Vitamin B2 (Riboflavin-5-Phosphate)":0.0694,"Vitamin B3 (Niacinamide)":0.0223,"Vitamin B5 (Calcium-D-Pantothenate)":0.0126,"Vitamin B6 (Pyridoxal-5- Phosphate)":0.0378,"Vitamin B7 (D-Biotin)":0.028,"Vitamin C (Ascorbic Acid)":0.0045,"Vitamin D Veg D3":0.0222,"Vitamin E (d-alpha tocopherol)":0.021,"Vitamin K1":0.0627,"Vitamin K2 MK-7 MCT Oil":0.0039,"Vitamin K2 MK-4 MCT Oil":0.0231,"Sunflower lecithin non-GMO":0.0196,"Phosphatidylcholine":0.0049,"Choline":0.0159,"Lycopene":0.0305,"Lysine":0.0066,"Taurine":0.0046,"Glucoraphanin":0.019,"Ubiquinol":0.0129,"Zinc Citrate":0.0005,"Fiber":0.0014,"Blueberries":0.0488,"Macadamia nuts":0.0113,"Walnuts":0.0307,"Omega 3":0.0139,"Omega 6":0.065,"Calcium":0.001,"EVOO polyphenols":0.0026,"Oleic acid":0.0214,"Protein (plant)":0.0017,"Copper":0.0082,"Caffeine":0.0242,"Magnesium Citrate":0.011,"Manganese Citrate":0.0262,"Curcuminoids":0.0085,"Fisetin (smoketree extract)":0.0096,"Garlic extract 12:1 odorless":0.0122,"Genistein (Japonica extract)":0.0083,"Milled Golden Flaxseed":0.0228,"SDG lignan":0.0318,"Phosphatidylinositol":0.0214,"Phosphatidylethanolamine":0.0534}],"vo2_max":29.8875}
