{"personal_data":[{"age":74,"gender":"M","name":"Tylor Klein"}],"fitness_data":[{"Backwards Sled, 2 min":2,"Posture exercises":1,"Tricep extensions":1,"Face pulls":5,"Butterfly":6,"Band pull apart (back muscles)":5,"Back extensions (on a hyperextension)":3,"Obliques (each side, on a hyperextension)":4,"StretchesKneeling shin_Kneeling shin_":4,"StretchesHip flexor_Hip flexor_":1,"StretchesCouch_Couch_":2,"Leg raises (for abdomen)":0,"Seated calf raises":0,"Poliquin step ups":1,"Slant board squats":6,"ATG Split squats":1,"Nordics":3,"Reverse Nordics":1,"Tibialis raises,":2,"IsoTib ankle rotations":4,"Pull ups":3,"Chin ups":1,"10 min HIIT":1}],"supplement_vars":[{"N-Acetyl-L-Cysteine (NAC)":0.0005,"N-Acetyl-L-Cysteine (NAC) 2":0.0019,"Nicotinamide Riboside Chloride (NR)":0.0091,"Zeaxanthin":0.0081,"Phosphorus":0.0294,"Astaxanthin (Natural)":0.0024,"Boron Glycinate":0.0269,"CaAKG":0.0032,"Ashwagandha KSM66":0.0036,"Calcium L-5- Methyltetrahydrofolate (L-5-MTHF-Ca)":0.0601,"Cocoa Powder (Non-Alkalised) 8+% Flavanols":0.0085,"Red Yeast Rice (2% Monacolin K)":0.0202,"Creatine Monohydrate":0.0022,"Ginger":0.0055,"Glucosamine Sulfate KCI":0.0253,"Grape Seed Extract 90% polyphenols":0.0054,"Broccoli Extract (glucoraphanin 10%)":0.0281,"Glycine":0.0316,"Theanine":0.035,"Lactobacillus Acidophilus":0.0362,"Lithium orotate":0.0029,"Pomegranate Juice Extract (50% Polyphenols)":0.0386,"Potassium Iodate":0.0223,"Rhodiola 3% Rosavins / Salidroside 1%":0.0448,"Selenium":0.027,"Glutathione reduced":0.0174,"Lutein":0.0245,"Luteolin":0.0037,"Cinnamon powder (ceylon) organic":0.0142,"Sodium Hyaluronate":0.0025,"Spermidine":0.0261,"Vitamin B1 (Thiamine HCl)":0.0019,"Vitamin B12 (Methylcobalamin)":0.0202,"Vitamin B2 (Riboflavin-5-Phosphate)":0.0311,"Vitamin B3 (Niacinamide)":0.0312,"Vitamin B5 (Calcium-D-Pantothenate)":0.0069,"Vitamin B6 (Pyridoxal-5- Phosphate)":0.0254,"Vitamin B7 (D-Biotin)":0.0135,"Vitamin C (Ascorbic Acid)":0.0096,"Vitamin D Veg D3":0.0273,"Vitamin E (d-alpha tocopherol)":0.015,"Vitamin K1":0.0012,"Vitamin K2 MK-7 MCT Oil":0.0233,"Vitamin K2 MK-4 MCT Oil":0.0264,"Sunflower lecithin non-GMO":0.0322,"Phosphatidylcholine":0.0095,"Choline":0.0092,"Lycopene":0.052,"Lysine":0.0093,"Taurine":0.0258,"Glucoraphanin":0.0196,"Ubiquinol":0.0117,"Zinc Citrate":0.0039,"Fiber":0.0007,"Blueberries":0.0434,"Macadamia nuts":0.0635,"Walnuts":0.0177,"Omega 3":0.0371,"Omega 6":0.0578,"Calcium":0.0044,"EVOO polyphenols":0.0014,"Oleic acid":0.023,"Protein (plant)":0.001,"Copper":0.0047,"Caffeine":0.0514,"Magnesium Citrate":0.0167,"Manganese Citrate":0.0323,"Curcuminoids":0.0526,"Fisetin (smoketree extract)":0.0118,"Garlic extract 12:1 odorless":0.0201,"Genistein (Japonica extract)":0.0022,"Milled Golden Flaxseed":0.0066,"SDG lignan":0.0573,"Phosphatidylinositol":0.0191,"Phosphatidylethanolamine":0.0359}],"vo2_max":19.0095}
