{"personal_data":[{"age":45,"gender":"M"}],"fitness_data":[{"Backwards Sled, 2 min":3,"Posture exercises":3,"Tricep extensions":3,"Face pulls":4,"Butterfly":1,"Band pull apart (back muscles)":5,"Back extensions (on a hyperextension)":1,"Obliques (each side, on a hyperextension)":2,"StretchesKneeling shin_Kneeling shin_":4,"StretchesHip flexor_Hip flexor_":3,"StretchesCouch_Couch_":3,"Leg raises (for abdomen)":5,"Seated calf raises":4,"Poliquin step ups":0,"Slant board squats":3,"ATG Split squats":4,"Nordics":5,"Reverse Nordics":2,"Tibialis raises,":4,"IsoTib ankle rotations":4,"Pull ups":2,"Chin ups":1,"10 min HIIT":0}],"supplement_vars":[{"N-Acetyl-L-Cysteine (NAC)":0.0043,"N-Acetyl-L-Cysteine (NAC) 2":0.0101,"Nicotinamide Riboside Chloride (NR)":0.0048,"Zeaxanthin":0.0094,"Phosphorus":0.0152,"Astaxanthin (Natural)":0.0096,"Boron Glycinate":0.0376,"CaAKG":0.0094,"Ashwagandha KSM66":0.0082,"Calcium L-5- Methyltetrahydrofolate (L-5-MTHF-Ca)":0.0673,"Cocoa Powder (Non-Alkalised) 8+% Flavanols":0.0179,"Red Yeast Rice (2% Monacolin K)":0.018,"Creatine Monohydrate":0.0533,"Ginger":0.0342,"Glucosamine Sulfate KCI":0.0164,"Grape Seed Extract 90% polyphenols":0.0039,"Broccoli Extract (glucoraphanin 10%)":0.0306,"Glycine":0.0103,"Theanine":0.0476,"Lactobacillus Acidophilus":0.007,"Lithium orotate":0.0096,"Pomegranate Juice Extract (50% Polyphenols)":0.0515,"Potassium Iodate":0.0179,"Rhodiola 3% Rosavins / Salidroside 1%":0.0458,"Selenium":0.0079,"Glutathione reduced":0.001,"Lutein":0.0161,"Luteolin":0.0056,"Cinnamon powder (ceylon) organic":0.007,"Sodium Hyaluronate":0.0109,"Spermidine":0.0214,"Vitamin B1 (Thiamine HCl)":0.0037,"Vitamin B12 (Methylcobalamin)":0.0575,"Vitamin B2 (Riboflavin-5-Phosphate)":0.0599,"Vitamin B3 (Niacinamide)":0.0264,"Vitamin B5 (Calcium-D-Pantothenate)":0.0109,"Vitamin B6 (Pyridoxal-5- Phosphate)":0.0419,"Vitamin B7 (D-Biotin)":0.012,"Vitamin C (Ascorbic Acid)":0.0048,"Vitamin D Veg D3":0.0324,"Vitamin E (d-alpha tocopherol)":0.0299,"Vitamin K1":0.048,"Vitamin K2 MK-7 MCT Oil":0.0079,"Vitamin K2 MK-4 MCT Oil":0.0234,"Sunflower lecithin non-GMO":0.012,"Phosphatidylcholine":0.0324,"Choline":0.0345,"Lycopene":0.0286,"Lysine":0.0103,"Taurine":0.0006,"Glucoraphanin":0.0348,"Ubiquinol":0.0127,"Zinc Citrate":0.0298,"Fiber":0.0059,"Blueberries":0.0455,"Macadamia nuts":0.0633,"Walnuts":0.0505,"Omega 3":0.0212,"Omega 6":0.0668,"Calcium":0.0417,"EVOO polyphenols":0.0067,"Oleic acid":0.0304,"Protein (plant)":0.0041,"Copper":0.0216,"Caffeine":0.0199,"Magnesium Citrate":0.0092,"Manganese Citrate":0.0753,"Curcuminoids":0.0408,"Fisetin (smoketree extract)":0.0187,"Garlic extract 12:1 odorless":0.0217,"Genistein (Japonica extract)":0.003,"Milled Golden Flaxseed":0.0004,"SDG lignan":0.0041,"Phosphatidylinositol":0.0233,"Phosphatidylethanolamine":0.0462}],"vo2_max":32.0043}
