{"personal_data":[{"age":27,"gender":"M"}],"fitness_data":[{"Backwards Sled, 2 min":3,"Posture exercises":2,"Tricep extensions":2,"Face pulls":3,"Butterfly":3,"Band pull apart (back muscles)":1,"Back extensions (on a hyperextension)":0,"Obliques (each side, on a hyperextension)":3,"StretchesKneeling shin_Kneeling shin_":5,"StretchesHip flexor_Hip flexor_":1,"StretchesCouch_Couch_":2,"Leg raises (for abdomen)":1,"Seated calf raises":4,"Poliquin step ups":3,"Slant board squats":6,"ATG Split squats":6,"Nordics":6,"Reverse Nordics":3,"Tibialis raises,":5,"IsoTib ankle rotations":3,"Pull ups":2,"Chin ups":1,"10 min HIIT":0}],"supplement_vars":[{"N-Acetyl-L-Cysteine (NAC)":0.0122,"N-Acetyl-L-Cysteine (NAC) 2":0.0045,"Nicotinamide Riboside Chloride (NR)":0.0134,"Zeaxanthin":0.0106,"Phosphorus":0.0153,"Astaxanthin (Natural)":0.0116,"Boron Glycinate":0.0157,"CaAKG":0.0095,"Ashwagandha KSM66":0.0042,"Calcium L-5- Methyltetrahydrofolate (L-5-MTHF-Ca)":0.0577,"Cocoa Powder (Non-Alkalised) 8+% Flavanols":0.0208,"Red Yeast Rice (2% Monacolin K)":0.0078,"Creatine Monohydrate":0.03,"Ginger":0.0184,"Glucosamine Sulfate KCI":0.042,"Grape Seed Extract 90% polyphenols":0.0048,"Broccoli Extract (glucoraphanin 10%)":0.0122,"Glycine":0.0186,"Theanine":0.0196,"Lactobacillus Acidophilus":0.0184,"Lithium orotate":0.0046,"Pomegranate Juice Extract (50% Polyphenols)":0.0409,"Potassium Iodate":0.0034,"Rhodiola 3% Rosavins / Salidroside 1%":0.0461,"Selenium":0.0377,"Glutathione reduced":0.0101,"Lutein":0.0223,"Luteolin":0.0009,"Cinnamon powder (ceylon) organic":0.0164,"Sodium Hyaluronate":0.003,"Spermidine":0.0529,"Vitamin B1 (Thiamine HCl)":0.0011,"Vitamin B12 (Methylcobalamin)":0.0516,"Vitamin B2 (Riboflavin-5-Phosphate)":0.0645,"Vitamin B3 (Niacinamide)":0.0015,"Vitamin B5 (Calcium-D-Pantothenate)":0.0074,"Vitamin B6 (Pyridoxal-5- Phosphate)":0.0362,"Vitamin B7 (D-Biotin)":0.0203,"Vitamin C (Ascorbic Acid)":0.004,"Vitamin D Veg D3":0.0369,"Vitamin E (d-alpha tocopherol)":0.0414,"Vitamin K1":0.0107,"Vitamin K2 MK-7 MCT Oil":0.0089,"Vitamin K2 MK-4 MCT Oil":0.0032,"Sunflower lecithin non-GMO":0.0248,"Phosphatidylcholine":0.0266,"Choline":0.062,"Lycopene":0.057,"Lysine":0.0022,"Taurine":0.0289,"Glucoraphanin":0.0185,"Ubiquinol":0.0106,"Zinc Citrate":0.005,"Fiber":0.0001,"Blueberries":0.0787,"Macadamia nuts":0.0749,"Walnuts":0.0623,"Omega 3":0.0036,"Omega 6":0.041,"Calcium":0.0105,"EVOO polyphenols":0.0041,"Oleic acid":0.0204,"Protein (plant)":0.0042,"Copper":0.0211,"Caffeine":0.0549,"Magnesium Citrate":0.0521,"Manganese Citrate":0.038,"Curcuminoids":0.0307,"Fisetin (smoketree extract)":0.0225,"Garlic extract 12:1 odorless":0.0422,"Genistein (Japonica extract)":0.0067,"Milled Golden Flaxseed":0.0135,"SDG lignan":0.045,"Phosphatidylinositol":0.0159,"Phosphatidylethanolamine":0.0469}],"vo2_max":39.0003}
