{"personal_data":[{"age":41,"gender":"F"}],"fitness_data":[{"Backwards Sled, 2 min":3,"Posture exercises":5,"Tricep extensions":4,"Face pulls":5,"Butterfly":1,"Band pull apart (back muscles)":5,"Back extensions (on a hyperextension)":0,"Obliques (each side, on a hyperextension)":1,"StretchesKneeling shin_Kneeling shin_":2,"StretchesHip flexor_Hip flexor_":0,"StretchesCouch_Couch_":1,"Leg raises (for abdomen)":4,"Seated calf raises":3,"Poliquin step ups":1,"Slant board squats":7,"ATG Split squats":4,"Nordics":1,"Reverse Nordics":4,"Tibialis raises,":4,"IsoTib ankle rotations":5,"Pull ups":1,"Chin ups":1,"10 min HIIT":1}],"supplement_vars":[{"N-Acetyl-L-Cysteine (NAC)":0.0033,"N-Acetyl-L-Cysteine (NAC) 2":0.0205,"Nicotinamide Riboside Chloride (NR)":0.017,"Zeaxanthin":0.0049,"Phosphorus":0.0232,"Astaxanthin (Natural)":0.0175,"Boron Glycinate":0.0075,"CaAKG":0.0109,"Ashwagandha KSM66":0.0066,"Calcium L-5- Methyltetrahydrofolate (L-5-MTHF-Ca)":0.0149,"Cocoa Powder (Non-Alkalised) 8+% Flavanols":0.017,"Red Yeast Rice (2% Monacolin K)":0.0132,"Creatine Monohydrate":0.0048,"Ginger":0.0344,"Glucosamine Sulfate KCI":0.0196,"Grape Seed Extract 90% polyphenols":0.0076,"Broccoli Extract (glucoraphanin 10%)":0.0163,"Glycine":0.0088,"Theanine":0.007,"Lactobacillus Acidophilus":0.0014,"Lithium orotate":0.0069,"Pomegranate Juice Extract (50% Polyphenols)":0.0624,"Potassium Iodate":0.0199,"Rhodiola 3% Rosavins / Salidroside 1%":0.0363,"Selenium":0.0026,"Glutathione reduced":0.0489,"Lutein":0.0056,"Luteolin":0.0008,"Cinnamon powder (ceylon) organic":0.0063,"Sodium Hyaluronate":0.0063,"Spermidine":0.0274,"Vitamin B1 (Thiamine HCl)":0.0067,"Vitamin B12 (Methylcobalamin)":0.0562,"Vitamin B2 (Riboflavin-5-Phosphate)":0.0252,"Vitamin B3 (Niacinamide)":0.0584,"Vitamin B5 (Calcium-D-Pantothenate)":0.0121,"Vitamin B6 (Pyridoxal-5- Phosphate)":0.026,"Vitamin B7 (D-Biotin)":0.0244,"Vitamin C (Ascorbic Acid)":0.0003,"Vitamin D Veg D3":0.04,"Vitamin E (d-alpha tocopherol)":0.0032,"Vitamin K1":0.0206,"Vitamin K2 MK-7 MCT Oil":0.0225,"Vitamin K2 MK-4 MCT Oil":0.0132,"Sunflower lecithin non-GMO":0.0056,"Phosphatidylcholine":0.0084,"Choline":0.0527,"Lycopene":0.0414,"Lysine":0.0083,"Taurine":0.0057,"Glucoraphanin":0.0245,"Ubiquinol":0.0032,"Zinc Citrate":0.0181,"Fiber":0.0002,"Blueberries":0.0098,"Macadamia nuts":0.0816,"Walnuts":0.009,"Omega 3":0.0455,"Omega 6":0.0219,"Calcium":0.0487,"EVOO polyphenols":0.0021,"Oleic acid":0.0222,"Protein (plant)":0.0042,"Copper":0.0154,"Caffeine":0.0481,"Magnesium Citrate":0.002,"Manganese Citrate":0.0904,"Curcuminoids":0.0358,"Fisetin (smoketree extract)":0.0217,"Garlic extract 12:1 odorless":0.0015,"Genistein (Japonica extract)":0.0099,"Milled Golden Flaxseed":0.0233,"SDG lignan":0.0161,"Phosphatidylinositol":0.0217,"Phosphatidylethanolamine":0.0283}],"vo2_max":31.6717}
