{"personal_data":[{"age":43,"gender":"M","name":"Mckinley Crona DDS"}],"fitness_data":[{"Backwards Sled, 2 min":4,"Posture exercises":0,"Tricep extensions":4,"Face pulls":2,"Butterfly":5,"Band pull apart (back muscles)":3,"Back extensions (on a hyperextension)":3,"Obliques (each side, on a hyperextension)":2,"StretchesKneeling shin_Kneeling shin_":5,"StretchesHip flexor_Hip flexor_":4,"StretchesCouch_Couch_":2,"Leg raises (for abdomen)":1,"Seated calf raises":4,"Poliquin step ups":3,"Slant board squats":2,"ATG Split squats":2,"Nordics":1,"Reverse Nordics":3,"Tibialis raises,":5,"IsoTib ankle rotations":2,"Pull ups":2,"Chin ups":3,"10 min HIIT":1}],"supplement_vars":[{"N-Acetyl-L-Cysteine (NAC)":0.009,"N-Acetyl-L-Cysteine (NAC) 2":0.0144,"Nicotinamide Riboside Chloride (NR)":0.0031,"Zeaxanthin":0.0086,"Phosphorus":0.0326,"Astaxanthin (Natural)":0.0044,"Boron Glycinate":0.0373,"CaAKG":0.0069,"Ashwagandha KSM66":0.0055,"Calcium L-5- Methyltetrahydrofolate (L-5-MTHF-Ca)":0.0408,"Cocoa Powder (Non-Alkalised) 8+% Flavanols":0.0037,"Red Yeast Rice (2% Monacolin K)":0.0129,"Creatine Monohydrate":0.0118,"Ginger":0.0442,"Glucosamine Sulfate KCI":0.0483,"Grape Seed Extract 90% polyphenols":0.0017,"Broccoli Extract (glucoraphanin 10%)":0.0079,"Glycine":0.0234,"Theanine":0.0562,"Lactobacillus Acidophilus":0.0851,"Lithium orotate":0.0084,"Pomegranate Juice Extract (50% Polyphenols)":0.0229,"Potassium Iodate":0.0371,"Rhodiola 3% Rosavins / Salidroside 1%":0.0055,"Selenium":0.0057,"Glutathione reduced":0.0422,"Lutein":0.0008,"Luteolin":0.0083,"Cinnamon powder (ceylon) organic":0.0092,"Sodium Hyaluronate":0.003,"Spermidine":0.054,"Vitamin B1 (Thiamine HCl)":0.0139,"Vitamin B12 (Methylcobalamin)":0.0706,"Vitamin B2 (Riboflavin-5-Phosphate)":0.0332,"Vitamin B3 (Niacinamide)":0.0054,"Vitamin B5 (Calcium-D-Pantothenate)":0.0199,"Vitamin B6 (Pyridoxal-5- Phosphate)":0.0474,"Vitamin B7 (D-Biotin)":0.0319,"Vitamin C (Ascorbic Acid)":0.0093,"Vitamin D Veg D3":0.0015,"Vitamin E (d-alpha tocopherol)":0.0226,"Vitamin K1":0.0461,"Vitamin K2 MK-7 MCT Oil":0.0319,"Vitamin K2 MK-4 MCT Oil":0.0102,"Sunflower lecithin non-GMO":0.012,"Phosphatidylcholine":0.0325,"Choline":0.036,"Lycopene":0.0249,"Lysine":0.0057,"Taurine":0.0296,"Glucoraphanin":0.0064,"Ubiquinol":0.0138,"Zinc Citrate":0.0139,"Fiber":0.0004,"Blueberries":0.0166,"Macadamia nuts":0.0119,"Walnuts":0.0436,"Omega 3":0.0092,"Omega 6":0.0007,"Calcium":0.0383,"EVOO polyphenols":0.0059,"Oleic acid":0.0344,"Protein (plant)":0.0011,"Copper":0.0209,"Caffeine":0.0336,"Magnesium Citrate":0.0198,"Manganese Citrate":0.0761,"Curcuminoids":0.0437,"Fisetin (smoketree extract)":0.0368,"Garlic extract 12:1 odorless":0.0173,"Genistein (Japonica extract)":0.0107,"Milled Golden Flaxseed":0.01,"SDG lignan":0.0272,"Phosphatidylinositol":0.0188,"Phosphatidylethanolamine":0.0129}],"vo2_max":28.0431}
