{"personal_data":[{"age":64,"gender":"F","name":"Muhammad Douglas"}],"fitness_data":[{"Backwards Sled, 2 min":2,"Posture exercises":3,"Tricep extensions":4,"Face pulls":3,"Butterfly":1,"Band pull apart (back muscles)":4,"Back extensions (on a hyperextension)":2,"Obliques (each side, on a hyperextension)":2,"StretchesKneeling shin_Kneeling shin_":2,"StretchesHip flexor_Hip flexor_":2,"StretchesCouch_Couch_":2,"Leg raises (for abdomen)":3,"Seated calf raises":2,"Poliquin step ups":4,"Slant board squats":0,"ATG Split squats":6,"Nordics":5,"Reverse Nordics":3,"Tibialis raises,":3,"IsoTib ankle rotations":3,"Pull ups":3,"Chin ups":3,"10 min HIIT":3}],"supplement_vars":[{"N-Acetyl-L-Cysteine (NAC)":0.0142,"N-Acetyl-L-Cysteine (NAC) 2":0.0124,"Nicotinamide Riboside Chloride (NR)":0.0038,"Zeaxanthin":0.0098,"Phosphorus":0.0063,"Astaxanthin (Natural)":0.0152,"Boron Glycinate":0.0075,"CaAKG":0.0041,"Ashwagandha KSM66":0.006,"Calcium L-5- Methyltetrahydrofolate (L-5-MTHF-Ca)":0.064,"Cocoa Powder (Non-Alkalised) 8+% Flavanols":0.021,"Red Yeast Rice (2% Monacolin K)":0.0216,"Creatine Monohydrate":0.0422,"Ginger":0.0869,"Glucosamine Sulfate KCI":0.0173,"Grape Seed Extract 90% polyphenols":0.0132,"Broccoli Extract (glucoraphanin 10%)":0.024,"Glycine":0.0179,"Theanine":0.0432,"Lactobacillus Acidophilus":0.0241,"Lithium orotate":0.0015,"Pomegranate Juice Extract (50% Polyphenols)":0.0172,"Potassium Iodate":0.0313,"Rhodiola 3% Rosavins / Salidroside 1%":0.0152,"Selenium":0.019,"Glutathione reduced":0.0543,"Lutein":0.0004,"Luteolin":0.0039,"Cinnamon powder (ceylon) organic":0.0001,"Sodium Hyaluronate":0.0082,"Spermidine":0.0642,"Vitamin B1 (Thiamine HCl)":0.0141,"Vitamin B12 (Methylcobalamin)":0.0724,"Vitamin B2 (Riboflavin-5-Phosphate)":0.0108,"Vitamin B3 (Niacinamide)":0.0106,"Vitamin B5 (Calcium-D-Pantothenate)":0.0187,"Vitamin B6 (Pyridoxal-5- Phosphate)":0.0062,"Vitamin B7 (D-Biotin)":0.0348,"Vitamin C (Ascorbic Acid)":0.0013,"Vitamin D Veg D3":0.0211,"Vitamin E (d-alpha tocopherol)":0.0224,"Vitamin K1":0.0444,"Vitamin K2 MK-7 MCT Oil":0.0327,"Vitamin K2 MK-4 MCT Oil":0.007,"Sunflower lecithin non-GMO":0.0159,"Phosphatidylcholine":0.0002,"Choline":0.0526,"Lycopene":0.0421,"Lysine":0.0105,"Taurine":0.0407,"Glucoraphanin":0.0246,"Ubiquinol":0.0117,"Zinc Citrate":0.0279,"Fiber":0.0019,"Blueberries":0.0789,"Macadamia nuts":0.0814,"Walnuts":0.0172,"Omega 3":0.0036,"Omega 6":0.0197,"Calcium":0.063,"EVOO polyphenols":0.0056,"Oleic acid":0.0213,"Protein (plant)":0.0022,"Copper":0.0114,"Caffeine":0.0017,"Magnesium Citrate":0.0304,"Manganese Citrate":0.0957,"Curcuminoids":0.0267,"Fisetin (smoketree extract)":0.0327,"Garlic extract 12:1 odorless":0.0007,"Genistein (Japonica extract)":0.0127,"Milled Golden Flaxseed":0.0065,"SDG lignan":0.0214,"Phosphatidylinositol":0.0243,"Phosphatidylethanolamine":0.0378}],"vo2_max":23.7389}
