{"personal_data":[{"age":35,"gender":"F","name":"Dr. Kaelyn Dicki DDS"}],"fitness_data":[{"Backwards Sled, 2 min":0,"Posture exercises":3,"Tricep extensions":3,"Face pulls":1,"Butterfly":5,"Band pull apart (back muscles)":2,"Back extensions (on a hyperextension)":3,"Obliques (each side, on a hyperextension)":0,"StretchesKneeling shin_Kneeling shin_":3,"StretchesHip flexor_Hip flexor_":2,"StretchesCouch_Couch_":2,"Leg raises (for abdomen)":4,"Seated calf raises":1,"Poliquin step ups":2,"Slant board squats":3,"ATG Split squats":2,"Nordics":5,"Reverse Nordics":0,"Tibialis raises,":2,"IsoTib ankle rotations":1,"Pull ups":0,"Chin ups":2,"10 min HIIT":2}],"supplement_vars":[{"N-Acetyl-L-Cysteine (NAC)":0.0136,"N-Acetyl-L-Cysteine (NAC) 2":0.0092,"Nicotinamide Riboside Chloride (NR)":0.006,"Zeaxanthin":0.0117,"Phosphorus":0.0307,"Astaxanthin (Natural)":0.002,"Boron Glycinate":0.026,"CaAKG":0.0057,"Ashwagandha KSM66":0.0086,"Calcium L-5- Methyltetrahydrofolate (L-5-MTHF-Ca)":0.0647,"Cocoa Powder (Non-Alkalised) 8+% Flavanols":0.0185,"Red Yeast Rice (2% Monacolin K)":0.0118,"Creatine Monohydrate":0.0399,"Ginger":0.023,"Glucosamine Sulfate KCI":0.01,"Grape Seed Extract 90% polyphenols":0.0108,"Broccoli Extract (glucoraphanin 10%)":0.0149,"Glycine":0.0094,"Theanine":0.0029,"Lactobacillus Acidophilus":0.0178,"Lithium orotate":0.0009,"Pomegranate Juice Extract (50% Polyphenols)":0.0357,"Potassium Iodate":0.0082,"Rhodiola 3% Rosavins / Salidroside 1%":0.0318,"Selenium":0.0015,"Glutathione reduced":0.0534,"Lutein":0.0187,"Luteolin":0.0012,"Cinnamon powder (ceylon) organic":0.0059,"Sodium Hyaluronate":0.0053,"Spermidine":0.0699,"Vitamin B1 (Thiamine HCl)":0.0004,"Vitamin B12 (Methylcobalamin)":0.013,"Vitamin B2 (Riboflavin-5-Phosphate)":0.0313,"Vitamin B3 (Niacinamide)":0.049,"Vitamin B5 (Calcium-D-Pantothenate)":0.0009,"Vitamin B6 (Pyridoxal-5- Phosphate)":0.0032,"Vitamin B7 (D-Biotin)":0.0008,"Vitamin C (Ascorbic Acid)":0.006,"Vitamin D Veg D3":0.0033,"Vitamin E (d-alpha tocopherol)":0.0347,"Vitamin K1":0.0108,"Vitamin K2 MK-7 MCT Oil":0.0265,"Vitamin K2 MK-4 MCT Oil":0.0181,"Sunflower lecithin non-GMO":0.0014,"Phosphatidylcholine":0.0077,"Choline":0.0288,"Lycopene":0.0074,"Lysine":0.0067,"Taurine":0.0413,"Glucoraphanin":0.0227,"Ubiquinol":0.012,"Zinc Citrate":0.0064,"Fiber":0.0019,"Blueberries":0.0535,"Macadamia nuts":0.0823,"Walnuts":0.0501,"Omega 3":0.0202,"Omega 6":0.0276,"Calcium":0.0335,"EVOO polyphenols":0.0057,"Oleic acid":0.0259,"Protein (plant)":0.0002,"Copper":0.0076,"Caffeine":0.0412,"Magnesium Citrate":0.023,"Manganese Citrate":0.0071,"Curcuminoids":0.0529,"Fisetin (smoketree extract)":0.0243,"Garlic extract 12:1 odorless":0.0031,"Genistein (Japonica extract)":0.0197,"Milled Golden Flaxseed":0.0356,"SDG lignan":0.0197,"Phosphatidylinositol":0.0234,"Phosphatidylethanolamine":0.0212}],"vo2_max":31.6158}
