{"personal_data":[{"age":26,"gender":"F","name":"Consuelo Kutch PhD"}],"fitness_data":[{"Backwards Sled, 2 min":1,"Posture exercises":3,"Tricep extensions":2,"Face pulls":3,"Butterfly":3,"Band pull apart (back muscles)":6,"Back extensions (on a hyperextension)":3,"Obliques (each side, on a hyperextension)":4,"StretchesKneeling shin_Kneeling shin_":2,"StretchesHip flexor_Hip flexor_":4,"StretchesCouch_Couch_":1,"Leg raises (for abdomen)":1,"Seated calf raises":1,"Poliquin step ups":1,"Slant board squats":0,"ATG Split squats":4,"Nordics":2,"Reverse Nordics":1,"Tibialis raises,":1,"IsoTib ankle rotations":4,"Pull ups":3,"Chin ups":1,"10 min HIIT":4}],"supplement_vars":[{"N-Acetyl-L-Cysteine (NAC)":0.0199,"N-Acetyl-L-Cysteine (NAC) 2":0.0046,"Nicotinamide Riboside Chloride (NR)":0.0128,"Zeaxanthin":0.0027,"Phosphorus":0.0192,"Astaxanthin (Natural)":0.0107,"Boron Glycinate":0.0352,"CaAKG":0.0032,"Ashwagandha KSM66":0.0025,"Calcium L-5- Methyltetrahydrofolate (L-5-MTHF-Ca)":0.0091,"Cocoa Powder (Non-Alkalised) 8+% Flavanols":0.0124,"Red Yeast Rice (2% Monacolin K)":0.0046,"Creatine Monohydrate":0.0201,"Ginger":0.0022,"Glucosamine Sulfate KCI":0.0156,"Grape Seed Extract 90% polyphenols":0.004,"Broccoli Extract (glucoraphanin 10%)":0.0101,"Glycine":0.0275,"Theanine":0.0463,"Lactobacillus Acidophilus":0.0561,"Lithium orotate":0.0032,"Pomegranate Juice Extract (50% Polyphenols)":0.0586,"Potassium Iodate":0.0265,"Rhodiola 3% Rosavins / Salidroside 1%":0.055,"Selenium":0.0391,"Glutathione reduced":0.0279,"Lutein":0.0053,"Luteolin":0.0056,"Cinnamon powder (ceylon) organic":0.0043,"Sodium Hyaluronate":0.0028,"Spermidine":0.0462,"Vitamin B1 (Thiamine HCl)":0.0154,"Vitamin B12 (Methylcobalamin)":0.0624,"Vitamin B2 (Riboflavin-5-Phosphate)":0.0351,"Vitamin B3 (Niacinamide)":0.0003,"Vitamin B5 (Calcium-D-Pantothenate)":0.0047,"Vitamin B6 (Pyridoxal-5- Phosphate)":0.0421,"Vitamin B7 (D-Biotin)":0.021,"Vitamin C (Ascorbic Acid)":0.0051,"Vitamin D Veg D3":0.0195,"Vitamin E (d-alpha tocopherol)":0.0411,"Vitamin K1":0.0406,"Vitamin K2 MK-7 MCT Oil":0.0256,"Vitamin K2 MK-4 MCT Oil":0.0161,"Sunflower lecithin non-GMO":0.0165,"Phosphatidylcholine":0.0265,"Choline":0.0034,"Lycopene":0.0548,"Lysine":0.0029,"Taurine":0.0077,"Glucoraphanin":0.0276,"Ubiquinol":0.0032,"Zinc Citrate":0.0032,"Fiber":0.0039,"Blueberries":0.0037,"Macadamia nuts":0.0299,"Walnuts":0.0522,"Omega 3":0.0437,"Omega 6":0.018,"Calcium":0.039,"EVOO polyphenols":0.006,"Oleic acid":0.0259,"Protein (plant)":0.0017,"Copper":0.0004,"Caffeine":0.0558,"Magnesium Citrate":0.0056,"Manganese Citrate":0.0488,"Curcuminoids":0.0033,"Fisetin (smoketree extract)":0.0298,"Garlic extract 12:1 odorless":0.0064,"Genistein (Japonica extract)":0.0044,"Milled Golden Flaxseed":0.025,"SDG lignan":0.0081,"Phosphatidylinositol":0.0089,"Phosphatidylethanolamine":0.0454}],"vo2_max":36.6881}
