{"personal_data":[{"age":21,"gender":"M","name":"Benny Herzog"}],"fitness_data":[{"Backwards Sled, 2 min":4,"Posture exercises":4,"Tricep extensions":2,"Face pulls":1,"Butterfly":0,"Band pull apart (back muscles)":3,"Back extensions (on a hyperextension)":2,"Obliques (each side, on a hyperextension)":2,"StretchesKneeling shin_Kneeling shin_":3,"StretchesHip flexor_Hip flexor_":5,"StretchesCouch_Couch_":2,"Leg raises (for abdomen)":4,"Seated calf raises":1,"Poliquin step ups":2,"Slant board squats":3,"ATG Split squats":5,"Nordics":5,"Reverse Nordics":3,"Tibialis raises,":2,"IsoTib ankle rotations":4,"Pull ups":3,"Chin ups":3,"10 min HIIT":1}],"supplement_vars":[{"N-Acetyl-L-Cysteine (NAC)":0.0131,"N-Acetyl-L-Cysteine (NAC) 2":0.0109,"Nicotinamide Riboside Chloride (NR)":0.0145,"Zeaxanthin":0.0107,"Phosphorus":0.0042,"Astaxanthin (Natural)":0.0184,"Boron Glycinate":0.0314,"CaAKG":0.0104,"Ashwagandha KSM66":0.0033,"Calcium L-5- Methyltetrahydrofolate (L-5-MTHF-Ca)":0.0142,"Cocoa Powder (Non-Alkalised) 8+% Flavanols":0.0101,"Red Yeast Rice (2% Monacolin K)":0.0235,"Creatine Monohydrate":0.0054,"Ginger":0.0509,"Glucosamine Sulfate KCI":0.0022,"Grape Seed Extract 90% polyphenols":0.0084,"Broccoli Extract (glucoraphanin 10%)":0.031,"Glycine":0.02,"Theanine":0.0041,"Lactobacillus Acidophilus":0.0855,"Lithium orotate":0.0095,"Pomegranate Juice Extract (50% Polyphenols)":0.0687,"Potassium Iodate":0.0175,"Rhodiola 3% Rosavins / Salidroside 1%":0.0488,"Selenium":0.0071,"Glutathione reduced":0.0348,"Lutein":0.0027,"Luteolin":0.003,"Cinnamon powder (ceylon) organic":0.0032,"Sodium Hyaluronate":0.0027,"Spermidine":0.028,"Vitamin B1 (Thiamine HCl)":0.0026,"Vitamin B12 (Methylcobalamin)":0.0529,"Vitamin B2 (Riboflavin-5-Phosphate)":0.0272,"Vitamin B3 (Niacinamide)":0.0432,"Vitamin B5 (Calcium-D-Pantothenate)":0.0036,"Vitamin B6 (Pyridoxal-5- Phosphate)":0.0149,"Vitamin B7 (D-Biotin)":0.0041,"Vitamin C (Ascorbic Acid)":0.0001,"Vitamin D Veg D3":0.0197,"Vitamin E (d-alpha tocopherol)":0.0238,"Vitamin K1":0.0291,"Vitamin K2 MK-7 MCT Oil":0.002,"Vitamin K2 MK-4 MCT Oil":0.0228,"Sunflower lecithin non-GMO":0.027,"Phosphatidylcholine":0.009,"Choline":0.0279,"Lycopene":0.0521,"Lysine":0.0129,"Taurine":0.027,"Glucoraphanin":0.0106,"Ubiquinol":0.0074,"Zinc Citrate":0.0011,"Fiber":0.0056,"Blueberries":0.0482,"Macadamia nuts":0.0624,"Walnuts":0.0262,"Omega 3":0.0056,"Omega 6":0.0288,"Calcium":0.0125,"EVOO polyphenols":0.0034,"Oleic acid":0.0147,"Protein (plant)":0.0013,"Copper":0.0141,"Caffeine":0.0236,"Magnesium Citrate":0.0165,"Manganese Citrate":0.0412,"Curcuminoids":0.0354,"Fisetin (smoketree extract)":0.0273,"Garlic extract 12:1 odorless":0.0079,"Genistein (Japonica extract)":0.0075,"Milled Golden Flaxseed":0.0366,"SDG lignan":0.0139,"Phosphatidylinositol":0.0231,"Phosphatidylethanolamine":0.0444}],"vo2_max":36.9161}
