{"personal_data":[{"age":68,"gender":"F","name":"Cletus Wiza"}],"fitness_data":[{"Backwards Sled, 2 min":3,"Posture exercises":2,"Tricep extensions":1,"Face pulls":1,"Butterfly":4,"Band pull apart (back muscles)":2,"Back extensions (on a hyperextension)":1,"Obliques (each side, on a hyperextension)":2,"StretchesKneeling shin_Kneeling shin_":1,"StretchesHip flexor_Hip flexor_":0,"StretchesCouch_Couch_":3,"Leg raises (for abdomen)":2,"Seated calf raises":1,"Poliquin step ups":2,"Slant board squats":5,"ATG Split squats":2,"Nordics":3,"Reverse Nordics":1,"Tibialis raises,":4,"IsoTib ankle rotations":3,"Pull ups":1,"Chin ups":2,"10 min HIIT":2}],"supplement_vars":[{"N-Acetyl-L-Cysteine (NAC)":0.0031,"N-Acetyl-L-Cysteine (NAC) 2":0.0059,"Nicotinamide Riboside Chloride (NR)":0.007,"Zeaxanthin":0.0057,"Phosphorus":0.0263,"Astaxanthin (Natural)":0.0077,"Boron Glycinate":0.0051,"CaAKG":0.0063,"Ashwagandha KSM66":0.001,"Calcium L-5- Methyltetrahydrofolate (L-5-MTHF-Ca)":0.059,"Cocoa Powder (Non-Alkalised) 8+% Flavanols":0.0096,"Red Yeast Rice (2% Monacolin K)":0.0314,"Creatine Monohydrate":0.0345,"Ginger":0.0458,"Glucosamine Sulfate KCI":0.0684,"Grape Seed Extract 90% polyphenols":0.0135,"Broccoli Extract (glucoraphanin 10%)":0.0058,"Glycine":0.0037,"Theanine":0.003,"Lactobacillus Acidophilus":0.0808,"Lithium orotate":0.0041,"Pomegranate Juice Extract (50% Polyphenols)":0.0447,"Potassium Iodate":0.0033,"Rhodiola 3% Rosavins / Salidroside 1%":0.0104,"Selenium":0.0329,"Glutathione reduced":0.0008,"Lutein":0.012,"Luteolin":0.0036,"Cinnamon powder (ceylon) organic":0.0039,"Sodium Hyaluronate":0.0054,"Spermidine":0.0135,"Vitamin B1 (Thiamine HCl)":0.0084,"Vitamin B12 (Methylcobalamin)":0.0462,"Vitamin B2 (Riboflavin-5-Phosphate)":0.0469,"Vitamin B3 (Niacinamide)":0.043,"Vitamin B5 (Calcium-D-Pantothenate)":0.0148,"Vitamin B6 (Pyridoxal-5- Phosphate)":0.034,"Vitamin B7 (D-Biotin)":0.0021,"Vitamin C (Ascorbic Acid)":0.0044,"Vitamin D Veg D3":0.023,"Vitamin E (d-alpha tocopherol)":0.0226,"Vitamin K1":0.0132,"Vitamin K2 MK-7 MCT Oil":0.0202,"Vitamin K2 MK-4 MCT Oil":0.0046,"Sunflower lecithin non-GMO":0.0064,"Phosphatidylcholine":0.0301,"Choline":0.0231,"Lycopene":0.0165,"Lysine":0.0042,"Taurine":0.0205,"Glucoraphanin":0.0272,"Ubiquinol":0.0114,"Zinc Citrate":0.0203,"Fiber":0.0011,"Blueberries":0.042,"Macadamia nuts":0.0625,"Walnuts":0.0405,"Omega 3":0.0082,"Omega 6":0.0516,"Calcium":0.0318,"EVOO polyphenols":0.0045,"Oleic acid":0.0311,"Protein (plant)":0.0004,"Copper":0.0022,"Caffeine":0.0072,"Magnesium Citrate":0.0135,"Manganese Citrate":0.042,"Curcuminoids":0.0523,"Fisetin (smoketree extract)":0.001,"Garlic extract 12:1 odorless":0.0396,"Genistein (Japonica extract)":0.0129,"Milled Golden Flaxseed":0.0044,"SDG lignan":0.0489,"Phosphatidylinositol":0.008,"Phosphatidylethanolamine":0.0301}],"vo2_max":21.4316}
