{"personal_data":[{"age":25,"gender":"M","name":"Shaquana Christiansen"}],"fitness_data":[{"Backwards Sled, 2 min":4,"Posture exercises":5,"Tricep extensions":1,"Face pulls":3,"Butterfly":6,"Band pull apart (back muscles)":1,"Back extensions (on a hyperextension)":3,"Obliques (each side, on a hyperextension)":1,"StretchesKneeling shin_Kneeling shin_":3,"StretchesHip flexor_Hip flexor_":3,"StretchesCouch_Couch_":3,"Leg raises (for abdomen)":1,"Seated calf raises":4,"Poliquin step ups":4,"Slant board squats":6,"ATG Split squats":0,"Nordics":0,"Reverse Nordics":3,"Tibialis raises,":4,"IsoTib ankle rotations":1,"Pull ups":1,"Chin ups":1,"10 min HIIT":4}],"supplement_vars":[{"N-Acetyl-L-Cysteine (NAC)":0.0027,"N-Acetyl-L-Cysteine (NAC) 2":0.0152,"Nicotinamide Riboside Chloride (NR)":0.0069,"Zeaxanthin":0.0019,"Phosphorus":0.0007,"Astaxanthin (Natural)":0.0199,"Boron Glycinate":0.0274,"CaAKG":0.0048,"Ashwagandha KSM66":0.0035,"Calcium L-5- Methyltetrahydrofolate (L-5-MTHF-Ca)":0.0053,"Cocoa Powder (Non-Alkalised) 8+% Flavanols":0.0169,"Red Yeast Rice (2% Monacolin K)":0.0195,"Creatine Monohydrate":0.0284,"Ginger":0.0683,"Glucosamine Sulfate KCI":0.0389,"Grape Seed Extract 90% polyphenols":0.0124,"Broccoli Extract (glucoraphanin 10%)":0.0194,"Glycine":0.0167,"Theanine":0.0389,"Lactobacillus Acidophilus":0.026,"Lithium orotate":0.0067,"Pomegranate Juice Extract (50% Polyphenols)":0.0033,"Potassium Iodate":0.0086,"Rhodiola 3% Rosavins / Salidroside 1%":0.0463,"Selenium":0.0087,"Glutathione reduced":0.0521,"Lutein":0.0059,"Luteolin":0.0011,"Cinnamon powder (ceylon) organic":0.0086,"Sodium Hyaluronate":0.0082,"Spermidine":0.0693,"Vitamin B1 (Thiamine HCl)":0.0074,"Vitamin B12 (Methylcobalamin)":0.0703,"Vitamin B2 (Riboflavin-5-Phosphate)":0.0231,"Vitamin B3 (Niacinamide)":0.0309,"Vitamin B5 (Calcium-D-Pantothenate)":0.0205,"Vitamin B6 (Pyridoxal-5- Phosphate)":0.0235,"Vitamin B7 (D-Biotin)":0.0052,"Vitamin C (Ascorbic Acid)":0.0067,"Vitamin D Veg D3":0.0099,"Vitamin E (d-alpha tocopherol)":0.0375,"Vitamin K1":0.0255,"Vitamin K2 MK-7 MCT Oil":0.0281,"Vitamin K2 MK-4 MCT Oil":0.0139,"Sunflower lecithin non-GMO":0.038,"Phosphatidylcholine":0.0228,"Choline":0.005,"Lycopene":0.0211,"Lysine":0.0057,"Taurine":0.035,"Glucoraphanin":0.0083,"Ubiquinol":0.0065,"Zinc Citrate":0.0275,"Fiber":0.0002,"Blueberries":0.0611,"Macadamia nuts":0.0119,"Walnuts":0.056,"Omega 3":0.0163,"Omega 6":0.0601,"Calcium":0.0626,"EVOO polyphenols":0.0019,"Oleic acid":0.0177,"Protein (plant)":0.004,"Copper":0.023,"Caffeine":0.0209,"Magnesium Citrate":0.0352,"Manganese Citrate":0.0009,"Curcuminoids":0.0484,"Fisetin (smoketree extract)":0.0315,"Garlic extract 12:1 odorless":0.0082,"Genistein (Japonica extract)":0.0216,"Milled Golden Flaxseed":0.0351,"SDG lignan":0.0201,"Phosphatidylinositol":0.009,"Phosphatidylethanolamine":0.0433}],"vo2_max":38.4156}
