{"personal_data":[{"age":53,"gender":"M","name":"Dr. Burdette Renner"}],"fitness_data":[{"Backwards Sled, 2 min":2,"Posture exercises":4,"Tricep extensions":1,"Face pulls":3,"Butterfly":2,"Band pull apart (back muscles)":4,"Back extensions (on a hyperextension)":2,"Obliques (each side, on a hyperextension)":1,"StretchesKneeling shin_Kneeling shin_":0,"StretchesHip flexor_Hip flexor_":1,"StretchesCouch_Couch_":1,"Leg raises (for abdomen)":1,"Seated calf raises":2,"Poliquin step ups":1,"Slant board squats":6,"ATG Split squats":2,"Nordics":0,"Reverse Nordics":1,"Tibialis raises,":4,"IsoTib ankle rotations":5,"Pull ups":3,"Chin ups":1,"10 min HIIT":3}],"supplement_vars":[{"N-Acetyl-L-Cysteine (NAC)":0.0038,"N-Acetyl-L-Cysteine (NAC) 2":0.006,"Nicotinamide Riboside Chloride (NR)":0.0118,"Zeaxanthin":0.0128,"Phosphorus":0.0229,"Astaxanthin (Natural)":0.014,"Boron Glycinate":0.0341,"CaAKG":0.012,"Ashwagandha KSM66":0.0049,"Calcium L-5- Methyltetrahydrofolate (L-5-MTHF-Ca)":0.0641,"Cocoa Powder (Non-Alkalised) 8+% Flavanols":0.0129,"Red Yeast Rice (2% Monacolin K)":0.0063,"Creatine Monohydrate":0.0646,"Ginger":0.0435,"Glucosamine Sulfate KCI":0.0055,"Grape Seed Extract 90% polyphenols":0.0139,"Broccoli Extract (glucoraphanin 10%)":0.0307,"Glycine":0.0034,"Theanine":0.0378,"Lactobacillus Acidophilus":0.0498,"Lithium orotate":0.0072,"Pomegranate Juice Extract (50% Polyphenols)":0.053,"Potassium Iodate":0.0434,"Rhodiola 3% Rosavins / Salidroside 1%":0.0542,"Selenium":0.0102,"Glutathione reduced":0.0324,"Lutein":0.0092,"Luteolin":0.0099,"Cinnamon powder (ceylon) organic":0.0013,"Sodium Hyaluronate":0.0039,"Spermidine":0.0885,"Vitamin B1 (Thiamine HCl)":0.0142,"Vitamin B12 (Methylcobalamin)":0.0286,"Vitamin B2 (Riboflavin-5-Phosphate)":0.029,"Vitamin B3 (Niacinamide)":0.0039,"Vitamin B5 (Calcium-D-Pantothenate)":0.0184,"Vitamin B6 (Pyridoxal-5- Phosphate)":0.008,"Vitamin B7 (D-Biotin)":0.0087,"Vitamin C (Ascorbic Acid)":0.0002,"Vitamin D Veg D3":0.021,"Vitamin E (d-alpha tocopherol)":0.0218,"Vitamin K1":0.0202,"Vitamin K2 MK-7 MCT Oil":0.0097,"Vitamin K2 MK-4 MCT Oil":0.0133,"Sunflower lecithin non-GMO":0.0405,"Phosphatidylcholine":0.0222,"Choline":0.032,"Lycopene":0.0191,"Lysine":0.0044,"Taurine":0.0034,"Glucoraphanin":0.0241,"Ubiquinol":0.0017,"Zinc Citrate":0.0032,"Fiber":0.0017,"Blueberries":0.0528,"Macadamia nuts":0.0309,"Walnuts":0.0304,"Omega 3":0.0125,"Omega 6":0.0006,"Calcium":0.054,"EVOO polyphenols":0.005,"Oleic acid":0.0302,"Protein (plant)":0.0001,"Copper":0.0106,"Caffeine":0.0146,"Magnesium Citrate":0.044,"Manganese Citrate":0.0959,"Curcuminoids":0.014,"Fisetin (smoketree extract)":0.0105,"Garlic extract 12:1 odorless":0.0008,"Genistein (Japonica extract)":0.0003,"Milled Golden Flaxseed":0.0073,"SDG lignan":0.0235,"Phosphatidylinositol":0.0137,"Phosphatidylethanolamine":0.0403}],"vo2_max":28.9571}
