{"personal_data":[{"age":32,"gender":"M","name":"Kasandra Shields"}],"fitness_data":[{"Backwards Sled, 2 min":3,"Posture exercises":2,"Tricep extensions":1,"Face pulls":2,"Butterfly":1,"Band pull apart (back muscles)":3,"Back extensions (on a hyperextension)":0,"Obliques (each side, on a hyperextension)":1,"StretchesKneeling shin_Kneeling shin_":3,"StretchesHip flexor_Hip flexor_":3,"StretchesCouch_Couch_":0,"Leg raises (for abdomen)":1,"Seated calf raises":0,"Poliquin step ups":2,"Slant board squats":3,"ATG Split squats":5,"Nordics":2,"Reverse Nordics":2,"Tibialis raises,":0,"IsoTib ankle rotations":1,"Pull ups":1,"Chin ups":4,"10 min HIIT":3}],"supplement_vars":[{"N-Acetyl-L-Cysteine (NAC)":0.0013,"N-Acetyl-L-Cysteine (NAC) 2":0.0012,"Nicotinamide Riboside Chloride (NR)":0.0019,"Zeaxanthin":0.0121,"Phosphorus":0.0253,"Astaxanthin (Natural)":0.0177,"Boron Glycinate":0.0128,"CaAKG":0.0084,"Ashwagandha KSM66":0.0005,"Calcium L-5- Methyltetrahydrofolate (L-5-MTHF-Ca)":0.0495,"Cocoa Powder (Non-Alkalised) 8+% Flavanols":0.0076,"Red Yeast Rice (2% Monacolin K)":0.0293,"Creatine Monohydrate":0.0424,"Ginger":0.0793,"Glucosamine Sulfate KCI":0.0143,"Grape Seed Extract 90% polyphenols":0.0089,"Broccoli Extract (glucoraphanin 10%)":0.0217,"Glycine":0.0176,"Theanine":0.0497,"Lactobacillus Acidophilus":0.0355,"Lithium orotate":0.0026,"Pomegranate Juice Extract (50% Polyphenols)":0.056,"Potassium Iodate":0.0447,"Rhodiola 3% Rosavins / Salidroside 1%":0.0176,"Selenium":0.0174,"Glutathione reduced":0.0142,"Lutein":0.0186,"Luteolin":0.0064,"Cinnamon powder (ceylon) organic":0.0142,"Sodium Hyaluronate":0.0054,"Spermidine":0.0731,"Vitamin B1 (Thiamine HCl)":0.0114,"Vitamin B12 (Methylcobalamin)":0.0815,"Vitamin B2 (Riboflavin-5-Phosphate)":0.0676,"Vitamin B3 (Niacinamide)":0.0482,"Vitamin B5 (Calcium-D-Pantothenate)":0.0091,"Vitamin B6 (Pyridoxal-5- Phosphate)":0.0183,"Vitamin B7 (D-Biotin)":0.0207,"Vitamin C (Ascorbic Acid)":0.0024,"Vitamin D Veg D3":0.0459,"Vitamin E (d-alpha tocopherol)":0.0009,"Vitamin K1":0.0656,"Vitamin K2 MK-7 MCT Oil":0.0273,"Vitamin K2 MK-4 MCT Oil":0.016,"Sunflower lecithin non-GMO":0.0368,"Phosphatidylcholine":0.0164,"Choline":0.0267,"Lycopene":0.0097,"Lysine":0.01,"Taurine":0.0012,"Glucoraphanin":0.0003,"Ubiquinol":0.0008,"Zinc Citrate":0.0052,"Fiber":0.0048,"Blueberries":0.0368,"Macadamia nuts":0.0697,"Walnuts":0.0352,"Omega 3":0.0145,"Omega 6":0.016,"Calcium":0.0344,"EVOO polyphenols":0.0067,"Oleic acid":0.0201,"Protein (plant)":0.0046,"Copper":0.02,"Caffeine":0.0302,"Magnesium Citrate":0.0431,"Manganese Citrate":0.0233,"Curcuminoids":0.0075,"Fisetin (smoketree extract)":0.0118,"Garlic extract 12:1 odorless":0.0125,"Genistein (Japonica extract)":0.0153,"Milled Golden Flaxseed":0.0157,"SDG lignan":0.0283,"Phosphatidylinositol":0.0025,"Phosphatidylethanolamine":0.016}],"vo2_max":29.6502}
