{"personal_data":[{"age":74,"gender":"F","name":"Vernia Considine"}],"fitness_data":[{"Backwards Sled, 2 min":3,"Posture exercises":2,"Tricep extensions":2,"Face pulls":3,"Butterfly":3,"Band pull apart (back muscles)":0,"Back extensions (on a hyperextension)":3,"Obliques (each side, on a hyperextension)":3,"StretchesKneeling shin_Kneeling shin_":2,"StretchesHip flexor_Hip flexor_":2,"StretchesCouch_Couch_":2,"Leg raises (for abdomen)":5,"Seated calf raises":1,"Poliquin step ups":1,"Slant board squats":4,"ATG Split squats":0,"Nordics":4,"Reverse Nordics":2,"Tibialis raises,":4,"IsoTib ankle rotations":4,"Pull ups":0,"Chin ups":3,"10 min HIIT":1}],"supplement_vars":[{"N-Acetyl-L-Cysteine (NAC)":0.0105,"N-Acetyl-L-Cysteine (NAC) 2":0.0165,"Nicotinamide Riboside Chloride (NR)":0.0043,"Zeaxanthin":0.008,"Phosphorus":0.0051,"Astaxanthin (Natural)":0.0085,"Boron Glycinate":0.0207,"CaAKG":0.0112,"Ashwagandha KSM66":0.0029,"Calcium L-5- Methyltetrahydrofolate (L-5-MTHF-Ca)":0.0617,"Cocoa Powder (Non-Alkalised) 8+% Flavanols":0.0109,"Red Yeast Rice (2% Monacolin K)":0.03,"Creatine Monohydrate":0.0218,"Ginger":0.0884,"Glucosamine Sulfate KCI":0.0613,"Grape Seed Extract 90% polyphenols":0.0102,"Broccoli Extract (glucoraphanin 10%)":0.0171,"Glycine":0.0309,"Theanine":0.05,"Lactobacillus Acidophilus":0.0636,"Lithium orotate":0.0068,"Pomegranate Juice Extract (50% Polyphenols)":0.0292,"Potassium Iodate":0.0458,"Rhodiola 3% Rosavins / Salidroside 1%":0.0034,"Selenium":0.0359,"Glutathione reduced":0.0252,"Lutein":0.0144,"Luteolin":0.0027,"Cinnamon powder (ceylon) organic":0.0102,"Sodium Hyaluronate":0.0077,"Spermidine":0.0478,"Vitamin B1 (Thiamine HCl)":0.01,"Vitamin B12 (Methylcobalamin)":0.0176,"Vitamin B2 (Riboflavin-5-Phosphate)":0.0174,"Vitamin B3 (Niacinamide)":0.0305,"Vitamin B5 (Calcium-D-Pantothenate)":0.0087,"Vitamin B6 (Pyridoxal-5- Phosphate)":0.0482,"Vitamin B7 (D-Biotin)":0.0061,"Vitamin C (Ascorbic Acid)":0.005,"Vitamin D Veg D3":0.0461,"Vitamin E (d-alpha tocopherol)":0.0344,"Vitamin K1":0.0262,"Vitamin K2 MK-7 MCT Oil":0.0017,"Vitamin K2 MK-4 MCT Oil":0.0094,"Sunflower lecithin non-GMO":0.0197,"Phosphatidylcholine":0.0311,"Choline":0.0247,"Lycopene":0.0175,"Lysine":0.0035,"Taurine":0.0252,"Glucoraphanin":0.0285,"Ubiquinol":0.0033,"Zinc Citrate":0.0091,"Fiber":0.0048,"Blueberries":0.0443,"Macadamia nuts":0.0423,"Walnuts":0.0433,"Omega 3":0.0161,"Omega 6":0.0313,"Calcium":0.0266,"EVOO polyphenols":0.0002,"Oleic acid":0.0171,"Protein (plant)":0.0033,"Copper":0.0182,"Caffeine":0.0501,"Magnesium Citrate":0.0443,"Manganese Citrate":0.0056,"Curcuminoids":0.0499,"Fisetin (smoketree extract)":0.0255,"Garlic extract 12:1 odorless":0.0388,"Genistein (Japonica extract)":0.0199,"Milled Golden Flaxseed":0.0226,"SDG lignan":0.0128,"Phosphatidylinositol":0.0194,"Phosphatidylethanolamine":0.0089}],"vo2_max":18.3683}
