{"personal_data":[{"age":25,"gender":"F","name":"Ellwood Kuvalis"}],"fitness_data":[{"Backwards Sled, 2 min":2,"Posture exercises":2,"Tricep extensions":3,"Face pulls":0,"Butterfly":6,"Band pull apart (back muscles)":5,"Back extensions (on a hyperextension)":4,"Obliques (each side, on a hyperextension)":4,"StretchesKneeling shin_Kneeling shin_":4,"StretchesHip flexor_Hip flexor_":4,"StretchesCouch_Couch_":2,"Leg raises (for abdomen)":4,"Seated calf raises":0,"Poliquin step ups":4,"Slant board squats":1,"ATG Split squats":0,"Nordics":0,"Reverse Nordics":0,"Tibialis raises,":2,"IsoTib ankle rotations":2,"Pull ups":3,"Chin ups":3,"10 min HIIT":3}],"supplement_vars":[{"N-Acetyl-L-Cysteine (NAC)":0.007,"N-Acetyl-L-Cysteine (NAC) 2":0.0106,"Nicotinamide Riboside Chloride (NR)":0.0076,"Zeaxanthin":0.0071,"Phosphorus":0.0408,"Astaxanthin (Natural)":0.0025,"Boron Glycinate":0.0447,"CaAKG":0.0071,"Ashwagandha KSM66":0.0087,"Calcium L-5- Methyltetrahydrofolate (L-5-MTHF-Ca)":0.0129,"Cocoa Powder (Non-Alkalised) 8+% Flavanols":0.019,"Red Yeast Rice (2% Monacolin K)":0.0138,"Creatine Monohydrate":0.0439,"Ginger":0.0044,"Glucosamine Sulfate KCI":0.0184,"Grape Seed Extract 90% polyphenols":0.0015,"Broccoli Extract (glucoraphanin 10%)":0.0144,"Glycine":0.0201,"Theanine":0.0278,"Lactobacillus Acidophilus":0.0327,"Lithium orotate":0.0015,"Pomegranate Juice Extract (50% Polyphenols)":0.0115,"Potassium Iodate":0.014,"Rhodiola 3% Rosavins / Salidroside 1%":0.0129,"Selenium":0.0037,"Glutathione reduced":0.0209,"Lutein":0.0074,"Luteolin":0.0081,"Cinnamon powder (ceylon) organic":0.0212,"Sodium Hyaluronate":0.0069,"Spermidine":0.0685,"Vitamin B1 (Thiamine HCl)":0.0022,"Vitamin B12 (Methylcobalamin)":0.0598,"Vitamin B2 (Riboflavin-5-Phosphate)":0.0353,"Vitamin B3 (Niacinamide)":0.0106,"Vitamin B5 (Calcium-D-Pantothenate)":0.0178,"Vitamin B6 (Pyridoxal-5- Phosphate)":0.0477,"Vitamin B7 (D-Biotin)":0.0148,"Vitamin C (Ascorbic Acid)":0.0012,"Vitamin D Veg D3":0.0428,"Vitamin E (d-alpha tocopherol)":0.0131,"Vitamin K1":0.0656,"Vitamin K2 MK-7 MCT Oil":0.0324,"Vitamin K2 MK-4 MCT Oil":0.0235,"Sunflower lecithin non-GMO":0.0383,"Phosphatidylcholine":0.001,"Choline":0.021,"Lycopene":0.034,"Lysine":0.0105,"Taurine":0.0253,"Glucoraphanin":0.0044,"Ubiquinol":0.0033,"Zinc Citrate":0.0174,"Fiber":0.0058,"Blueberries":0.0238,"Macadamia nuts":0.0406,"Walnuts":0.0157,"Omega 3":0.0348,"Omega 6":0.0461,"Calcium":0.0621,"EVOO polyphenols":0.0054,"Oleic acid":0.014,"Protein (plant)":0.0019,"Copper":0.0204,"Caffeine":0.0429,"Magnesium Citrate":0.0029,"Manganese Citrate":0.0535,"Curcuminoids":0.0274,"Fisetin (smoketree extract)":0.0101,"Garlic extract 12:1 odorless":0.004,"Genistein (Japonica extract)":0.0183,"Milled Golden Flaxseed":0.0299,"SDG lignan":0.0486,"Phosphatidylinositol":0.0058,"Phosphatidylethanolamine":0.0445}],"vo2_max":33.8039}
