{"personal_data":[{"age":26,"gender":"M","name":"Jeffry Morar"}],"fitness_data":[{"Backwards Sled, 2 min":2,"Posture exercises":3,"Tricep extensions":1,"Face pulls":1,"Butterfly":5,"Band pull apart (back muscles)":3,"Back extensions (on a hyperextension)":2,"Obliques (each side, on a hyperextension)":1,"StretchesKneeling shin_Kneeling shin_":2,"StretchesHip flexor_Hip flexor_":3,"StretchesCouch_Couch_":2,"Leg raises (for abdomen)":2,"Seated calf raises":1,"Poliquin step ups":2,"Slant board squats":3,"ATG Split squats":6,"Nordics":0,"Reverse Nordics":2,"Tibialis raises,":2,"IsoTib ankle rotations":4,"Pull ups":1,"Chin ups":1,"10 min HIIT":3}],"supplement_vars":[{"N-Acetyl-L-Cysteine (NAC)":0.0093,"N-Acetyl-L-Cysteine (NAC) 2":0.0175,"Nicotinamide Riboside Chloride (NR)":0.0176,"Zeaxanthin":0.0093,"Phosphorus":0.036,"Astaxanthin (Natural)":0.0194,"Boron Glycinate":0.0082,"CaAKG":0.0062,"Ashwagandha KSM66":0.0003,"Calcium L-5- Methyltetrahydrofolate (L-5-MTHF-Ca)":0.0289,"Cocoa Powder (Non-Alkalised) 8+% Flavanols":0.0127,"Red Yeast Rice (2% Monacolin K)":0.0257,"Creatine Monohydrate":0.0308,"Ginger":0.0742,"Glucosamine Sulfate KCI":0.0451,"Grape Seed Extract 90% polyphenols":0.0036,"Broccoli Extract (glucoraphanin 10%)":0.0244,"Glycine":0.0124,"Theanine":0.0131,"Lactobacillus Acidophilus":0.049,"Lithium orotate":0.0083,"Pomegranate Juice Extract (50% Polyphenols)":0.0222,"Potassium Iodate":0.0136,"Rhodiola 3% Rosavins / Salidroside 1%":0.0032,"Selenium":0.0017,"Glutathione reduced":0.0332,"Lutein":0.0171,"Luteolin":0.0099,"Cinnamon powder (ceylon) organic":0.0059,"Sodium Hyaluronate":0.0067,"Spermidine":0.0047,"Vitamin B1 (Thiamine HCl)":0.0166,"Vitamin B12 (Methylcobalamin)":0.0563,"Vitamin B2 (Riboflavin-5-Phosphate)":0.0199,"Vitamin B3 (Niacinamide)":0.0602,"Vitamin B5 (Calcium-D-Pantothenate)":0.0111,"Vitamin B6 (Pyridoxal-5- Phosphate)":0.0429,"Vitamin B7 (D-Biotin)":0.0052,"Vitamin C (Ascorbic Acid)":0.0071,"Vitamin D Veg D3":0.0266,"Vitamin E (d-alpha tocopherol)":0.0002,"Vitamin K1":0.0696,"Vitamin K2 MK-7 MCT Oil":0.0154,"Vitamin K2 MK-4 MCT Oil":0.0069,"Sunflower lecithin non-GMO":0.0436,"Phosphatidylcholine":0.0334,"Choline":0.0442,"Lycopene":0.0246,"Lysine":0.0026,"Taurine":0.0075,"Glucoraphanin":0.0258,"Ubiquinol":0.0008,"Zinc Citrate":0.0235,"Fiber":0.003,"Blueberries":0.0484,"Macadamia nuts":0.0111,"Walnuts":0.0401,"Omega 3":0.0036,"Omega 6":0.0101,"Calcium":0.062,"EVOO polyphenols":0.0029,"Oleic acid":0.0069,"Protein (plant)":0.0009,"Copper":0.0225,"Caffeine":0.054,"Magnesium Citrate":0.0161,"Manganese Citrate":0.0911,"Curcuminoids":0.0377,"Fisetin (smoketree extract)":0.0196,"Garlic extract 12:1 odorless":0.0362,"Genistein (Japonica extract)":0.0022,"Milled Golden Flaxseed":0.0004,"SDG lignan":0.0454,"Phosphatidylinositol":0.0113,"Phosphatidylethanolamine":0.0117}],"vo2_max":34.7071}
