{"personal_data":[{"age":43,"gender":"M","name":"Winona Schmeler"}],"fitness_data":[{"Backwards Sled, 2 min":2,"Posture exercises":1,"Tricep extensions":3,"Face pulls":0,"Butterfly":5,"Band pull apart (back muscles)":2,"Back extensions (on a hyperextension)":1,"Obliques (each side, on a hyperextension)":2,"StretchesKneeling shin_Kneeling shin_":0,"StretchesHip flexor_Hip flexor_":1,"StretchesCouch_Couch_":1,"Leg raises (for abdomen)":1,"Seated calf raises":1,"Poliquin step ups":3,"Slant board squats":4,"ATG Split squats":4,"Nordics":1,"Reverse Nordics":1,"Tibialis raises,":5,"IsoTib ankle rotations":3,"Pull ups":3,"Chin ups":0,"10 min HIIT":2}],"supplement_vars":[{"N-Acetyl-L-Cysteine (NAC)":0.0054,"N-Acetyl-L-Cysteine (NAC) 2":0,"Nicotinamide Riboside Chloride (NR)":0.015,"Zeaxanthin":0.01,"Phosphorus":0.001,"Astaxanthin (Natural)":0.0093,"Boron Glycinate":0.045,"CaAKG":0.0095,"Ashwagandha KSM66":0.0028,"Calcium L-5- Methyltetrahydrofolate (L-5-MTHF-Ca)":0.0314,"Cocoa Powder (Non-Alkalised) 8+% Flavanols":0.0137,"Red Yeast Rice (2% Monacolin K)":0.018,"Creatine Monohydrate":0.0615,"Ginger":0.0126,"Glucosamine Sulfate KCI":0.0619,"Grape Seed Extract 90% polyphenols":0.0074,"Broccoli Extract (glucoraphanin 10%)":0.0235,"Glycine":0.0104,"Theanine":0.0078,"Lactobacillus Acidophilus":0.0634,"Lithium orotate":0.0037,"Pomegranate Juice Extract (50% Polyphenols)":0.052,"Potassium Iodate":0.0005,"Rhodiola 3% Rosavins / Salidroside 1%":0.0325,"Selenium":0.0028,"Glutathione reduced":0.0176,"Lutein":0.0206,"Luteolin":0.0026,"Cinnamon powder (ceylon) organic":0.0208,"Sodium Hyaluronate":0.0055,"Spermidine":0.0204,"Vitamin B1 (Thiamine HCl)":0.0085,"Vitamin B12 (Methylcobalamin)":0.002,"Vitamin B2 (Riboflavin-5-Phosphate)":0.0593,"Vitamin B3 (Niacinamide)":0.037,"Vitamin B5 (Calcium-D-Pantothenate)":0.0184,"Vitamin B6 (Pyridoxal-5- Phosphate)":0.019,"Vitamin B7 (D-Biotin)":0.0226,"Vitamin C (Ascorbic Acid)":0.0025,"Vitamin D Veg D3":0.032,"Vitamin E (d-alpha tocopherol)":0.0429,"Vitamin K1":0.0075,"Vitamin K2 MK-7 MCT Oil":0.0239,"Vitamin K2 MK-4 MCT Oil":0.0257,"Sunflower lecithin non-GMO":0.0169,"Phosphatidylcholine":0.0064,"Choline":0.0401,"Lycopene":0.0217,"Lysine":0.0074,"Taurine":0.0207,"Glucoraphanin":0.012,"Ubiquinol":0.0139,"Zinc Citrate":0.0093,"Fiber":0.0019,"Blueberries":0.0013,"Macadamia nuts":0.0318,"Walnuts":0.0651,"Omega 3":0.0169,"Omega 6":0.028,"Calcium":0.0365,"EVOO polyphenols":0.0033,"Oleic acid":0.0287,"Protein (plant)":0.0031,"Copper":0.0097,"Caffeine":0.0493,"Magnesium Citrate":0.0015,"Manganese Citrate":0.0823,"Curcuminoids":0.0172,"Fisetin (smoketree extract)":0.0078,"Garlic extract 12:1 odorless":0.0383,"Genistein (Japonica extract)":0.0167,"Milled Golden Flaxseed":0.0281,"SDG lignan":0.0064,"Phosphatidylinositol":0.0056,"Phosphatidylethanolamine":0.0121}],"vo2_max":30.3661}
