{"personal_data":[{"age":36,"gender":"F","name":"Dr. Leontine Jacobson"}],"fitness_data":[{"Backwards Sled, 2 min":0,"Posture exercises":4,"Tricep extensions":2,"Face pulls":1,"Butterfly":1,"Band pull apart (back muscles)":1,"Back extensions (on a hyperextension)":0,"Obliques (each side, on a hyperextension)":4,"StretchesKneeling shin_Kneeling shin_":3,"StretchesHip flexor_Hip flexor_":3,"StretchesCouch_Couch_":3,"Leg raises (for abdomen)":1,"Seated calf raises":2,"Poliquin step ups":1,"Slant board squats":5,"ATG Split squats":1,"Nordics":4,"Reverse Nordics":3,"Tibialis raises,":0,"IsoTib ankle rotations":2,"Pull ups":1,"Chin ups":3,"10 min HIIT":0}],"supplement_vars":[{"N-Acetyl-L-Cysteine (NAC)":0.0109,"N-Acetyl-L-Cysteine (NAC) 2":0.0037,"Nicotinamide Riboside Chloride (NR)":0.0125,"Zeaxanthin":0.009,"Phosphorus":0.0116,"Astaxanthin (Natural)":0.0174,"Boron Glycinate":0.0468,"CaAKG":0.0069,"Ashwagandha KSM66":0,"Calcium L-5- Methyltetrahydrofolate (L-5-MTHF-Ca)":0.0066,"Cocoa Powder (Non-Alkalised) 8+% Flavanols":0.0213,"Red Yeast Rice (2% Monacolin K)":0.0081,"Creatine Monohydrate":0.0341,"Ginger":0.0552,"Glucosamine Sulfate KCI":0.055,"Grape Seed Extract 90% polyphenols":0.0126,"Broccoli Extract (glucoraphanin 10%)":0.0337,"Glycine":0.0057,"Theanine":0.0487,"Lactobacillus Acidophilus":0.0759,"Lithium orotate":0.0023,"Pomegranate Juice Extract (50% Polyphenols)":0.0649,"Potassium Iodate":0.0206,"Rhodiola 3% Rosavins / Salidroside 1%":0.0215,"Selenium":0.0198,"Glutathione reduced":0.0046,"Lutein":0.008,"Luteolin":0.0028,"Cinnamon powder (ceylon) organic":0.0183,"Sodium Hyaluronate":0.0084,"Spermidine":0.0768,"Vitamin B1 (Thiamine HCl)":0.0027,"Vitamin B12 (Methylcobalamin)":0.0383,"Vitamin B2 (Riboflavin-5-Phosphate)":0.0662,"Vitamin B3 (Niacinamide)":0.0227,"Vitamin B5 (Calcium-D-Pantothenate)":0.0102,"Vitamin B6 (Pyridoxal-5- Phosphate)":0.0454,"Vitamin B7 (D-Biotin)":0.0213,"Vitamin C (Ascorbic Acid)":0.002,"Vitamin D Veg D3":0.0257,"Vitamin E (d-alpha tocopherol)":0.0343,"Vitamin K1":0.0542,"Vitamin K2 MK-7 MCT Oil":0.0133,"Vitamin K2 MK-4 MCT Oil":0.0364,"Sunflower lecithin non-GMO":0.0256,"Phosphatidylcholine":0.0116,"Choline":0.0214,"Lycopene":0.0443,"Lysine":0.0104,"Taurine":0.0073,"Glucoraphanin":0.0305,"Ubiquinol":0.0037,"Zinc Citrate":0.0252,"Fiber":0.0047,"Blueberries":0.0238,"Macadamia nuts":0.0182,"Walnuts":0.0554,"Omega 3":0.0064,"Omega 6":0.0675,"Calcium":0.0652,"EVOO polyphenols":0.0012,"Oleic acid":0.0011,"Protein (plant)":0.0019,"Copper":0.0113,"Caffeine":0.0598,"Magnesium Citrate":0.0416,"Manganese Citrate":0.0255,"Curcuminoids":0.0454,"Fisetin (smoketree extract)":0.0039,"Garlic extract 12:1 odorless":0.0188,"Genistein (Japonica extract)":0.0125,"Milled Golden Flaxseed":0.0355,"SDG lignan":0.0241,"Phosphatidylinositol":0.0146,"Phosphatidylethanolamine":0.0045}],"vo2_max":34.2662}
