{"personal_data":[{"age":36,"gender":"M","name":"Mrs. Millie Durgan"}],"fitness_data":[{"Backwards Sled, 2 min":2,"Posture exercises":1,"Tricep extensions":0,"Face pulls":3,"Butterfly":3,"Band pull apart (back muscles)":3,"Back extensions (on a hyperextension)":1,"Obliques (each side, on a hyperextension)":3,"StretchesKneeling shin_Kneeling shin_":2,"StretchesHip flexor_Hip flexor_":5,"StretchesCouch_Couch_":3,"Leg raises (for abdomen)":1,"Seated calf raises":0,"Poliquin step ups":2,"Slant board squats":2,"ATG Split squats":1,"Nordics":3,"Reverse Nordics":4,"Tibialis raises,":3,"IsoTib ankle rotations":3,"Pull ups":2,"Chin ups":3,"10 min HIIT":2}],"supplement_vars":[{"N-Acetyl-L-Cysteine (NAC)":0.0035,"N-Acetyl-L-Cysteine (NAC) 2":0.0146,"Nicotinamide Riboside Chloride (NR)":0.0013,"Zeaxanthin":0.0087,"Phosphorus":0.003,"Astaxanthin (Natural)":0.0047,"Boron Glycinate":0.014,"CaAKG":0.0026,"Ashwagandha KSM66":0.0013,"Calcium L-5- Methyltetrahydrofolate (L-5-MTHF-Ca)":0.0323,"Cocoa Powder (Non-Alkalised) 8+% Flavanols":0.0118,"Red Yeast Rice (2% Monacolin K)":0.0299,"Creatine Monohydrate":0.0271,"Ginger":0.0658,"Glucosamine Sulfate KCI":0.0765,"Grape Seed Extract 90% polyphenols":0.0067,"Broccoli Extract (glucoraphanin 10%)":0.008,"Glycine":0.0068,"Theanine":0.0141,"Lactobacillus Acidophilus":0.039,"Lithium orotate":0.0081,"Pomegranate Juice Extract (50% Polyphenols)":0.0542,"Potassium Iodate":0.0015,"Rhodiola 3% Rosavins / Salidroside 1%":0.0564,"Selenium":0.0095,"Glutathione reduced":0.0024,"Lutein":0.0133,"Luteolin":0.0042,"Cinnamon powder (ceylon) organic":0.0094,"Sodium Hyaluronate":0.0055,"Spermidine":0.0282,"Vitamin B1 (Thiamine HCl)":0.0147,"Vitamin B12 (Methylcobalamin)":0.0818,"Vitamin B2 (Riboflavin-5-Phosphate)":0.0232,"Vitamin B3 (Niacinamide)":0.0658,"Vitamin B5 (Calcium-D-Pantothenate)":0.0141,"Vitamin B6 (Pyridoxal-5- Phosphate)":0.0235,"Vitamin B7 (D-Biotin)":0.002,"Vitamin C (Ascorbic Acid)":0.0025,"Vitamin D Veg D3":0.0047,"Vitamin E (d-alpha tocopherol)":0.025,"Vitamin K1":0.0508,"Vitamin K2 MK-7 MCT Oil":0.0206,"Vitamin K2 MK-4 MCT Oil":0.0286,"Sunflower lecithin non-GMO":0.0012,"Phosphatidylcholine":0.0065,"Choline":0.0387,"Lycopene":0.0128,"Lysine":0.0102,"Taurine":0.0086,"Glucoraphanin":0.0022,"Ubiquinol":0.0009,"Zinc Citrate":0.0101,"Fiber":0.0032,"Blueberries":0.0043,"Macadamia nuts":0.0811,"Walnuts":0.0127,"Omega 3":0.0475,"Omega 6":0.0266,"Calcium":0.0243,"EVOO polyphenols":0.0023,"Oleic acid":0.005,"Protein (plant)":0.0012,"Copper":0.0059,"Caffeine":0.0239,"Magnesium Citrate":0.0198,"Manganese Citrate":0.046,"Curcuminoids":0.0213,"Fisetin (smoketree extract)":0.0009,"Garlic extract 12:1 odorless":0.0108,"Genistein (Japonica extract)":0.0118,"Milled Golden Flaxseed":0.0233,"SDG lignan":0.0151,"Phosphatidylinositol":0.008,"Phosphatidylethanolamine":0.0248}],"vo2_max":28.5868}
