{"personal_data":[{"age":55,"gender":"M","name":"Nanette Yost-Harris"}],"fitness_data":[{"Backwards Sled, 2 min":2,"Posture exercises":3,"Tricep extensions":2,"Face pulls":3,"Butterfly":4,"Band pull apart (back muscles)":2,"Back extensions (on a hyperextension)":1,"Obliques (each side, on a hyperextension)":4,"StretchesKneeling shin_Kneeling shin_":1,"StretchesHip flexor_Hip flexor_":0,"StretchesCouch_Couch_":2,"Leg raises (for abdomen)":4,"Seated calf raises":3,"Poliquin step ups":2,"Slant board squats":4,"ATG Split squats":4,"Nordics":1,"Reverse Nordics":4,"Tibialis raises,":4,"IsoTib ankle rotations":3,"Pull ups":1,"Chin ups":2,"10 min HIIT":3}],"supplement_vars":[{"N-Acetyl-L-Cysteine (NAC)":0.0027,"N-Acetyl-L-Cysteine (NAC) 2":0.0103,"Nicotinamide Riboside Chloride (NR)":0.0116,"Zeaxanthin":0.0014,"Phosphorus":0.0416,"Astaxanthin (Natural)":0.0217,"Boron Glycinate":0.0007,"CaAKG":0.008,"Ashwagandha KSM66":0.006,"Calcium L-5- Methyltetrahydrofolate (L-5-MTHF-Ca)":0.0297,"Cocoa Powder (Non-Alkalised) 8+% Flavanols":0.011,"Red Yeast Rice (2% Monacolin K)":0.0194,"Creatine Monohydrate":0.0662,"Ginger":0.0691,"Glucosamine Sulfate KCI":0.0399,"Grape Seed Extract 90% polyphenols":0.0055,"Broccoli Extract (glucoraphanin 10%)":0.0263,"Glycine":0.0214,"Theanine":0.019,"Lactobacillus Acidophilus":0.0715,"Lithium orotate":0.0063,"Pomegranate Juice Extract (50% Polyphenols)":0.0026,"Potassium Iodate":0.0333,"Rhodiola 3% Rosavins / Salidroside 1%":0.0466,"Selenium":0.0069,"Glutathione reduced":0.0143,"Lutein":0.0179,"Luteolin":0.0044,"Cinnamon powder (ceylon) organic":0.0095,"Sodium Hyaluronate":0.0035,"Spermidine":0.0007,"Vitamin B1 (Thiamine HCl)":0.0117,"Vitamin B12 (Methylcobalamin)":0.0484,"Vitamin B2 (Riboflavin-5-Phosphate)":0.0081,"Vitamin B3 (Niacinamide)":0.0334,"Vitamin B5 (Calcium-D-Pantothenate)":0.0152,"Vitamin B6 (Pyridoxal-5- Phosphate)":0.045,"Vitamin B7 (D-Biotin)":0.0204,"Vitamin C (Ascorbic Acid)":0.0013,"Vitamin D Veg D3":0.0076,"Vitamin E (d-alpha tocopherol)":0.0274,"Vitamin K1":0.0386,"Vitamin K2 MK-7 MCT Oil":0.0173,"Vitamin K2 MK-4 MCT Oil":0.031,"Sunflower lecithin non-GMO":0.0375,"Phosphatidylcholine":0.0197,"Choline":0.0222,"Lycopene":0.0434,"Lysine":0.0043,"Taurine":0.0252,"Glucoraphanin":0.0341,"Ubiquinol":0.0019,"Zinc Citrate":0.0169,"Fiber":0.0046,"Blueberries":0.0589,"Macadamia nuts":0.0316,"Walnuts":0.0068,"Omega 3":0.0097,"Omega 6":0.0259,"Calcium":0.0012,"EVOO polyphenols":0.0001,"Oleic acid":0.0136,"Protein (plant)":0.0037,"Copper":0.0065,"Caffeine":0.0553,"Magnesium Citrate":0.0565,"Manganese Citrate":0.0479,"Curcuminoids":0.0249,"Fisetin (smoketree extract)":0.0038,"Garlic extract 12:1 odorless":0.0379,"Genistein (Japonica extract)":0.0094,"Milled Golden Flaxseed":0.0291,"SDG lignan":0.0391,"Phosphatidylinositol":0.0211,"Phosphatidylethanolamine":0.0336}],"vo2_max":29.2019}
