{"personal_data":[{"age":49,"gender":"F","name":"Miss Charity Conroy"}],"fitness_data":[{"Backwards Sled, 2 min":4,"Posture exercises":3,"Tricep extensions":2,"Face pulls":5,"Butterfly":0,"Band pull apart (back muscles)":5,"Back extensions (on a hyperextension)":3,"Obliques (each side, on a hyperextension)":1,"StretchesKneeling shin_Kneeling shin_":1,"StretchesHip flexor_Hip flexor_":5,"StretchesCouch_Couch_":2,"Leg raises (for abdomen)":2,"Seated calf raises":1,"Poliquin step ups":2,"Slant board squats":1,"ATG Split squats":2,"Nordics":4,"Reverse Nordics":4,"Tibialis raises,":1,"IsoTib ankle rotations":0,"Pull ups":3,"Chin ups":1,"10 min HIIT":2}],"supplement_vars":[{"N-Acetyl-L-Cysteine (NAC)":0.0096,"N-Acetyl-L-Cysteine (NAC) 2":0.0112,"Nicotinamide Riboside Chloride (NR)":0.0011,"Zeaxanthin":0.0045,"Phosphorus":0.0398,"Astaxanthin (Natural)":0.0039,"Boron Glycinate":0.0319,"CaAKG":0.0037,"Ashwagandha KSM66":0.0064,"Calcium L-5- Methyltetrahydrofolate (L-5-MTHF-Ca)":0.012,"Cocoa Powder (Non-Alkalised) 8+% Flavanols":0.0158,"Red Yeast Rice (2% Monacolin K)":0.0266,"Creatine Monohydrate":0.0202,"Ginger":0.0162,"Glucosamine Sulfate KCI":0.0331,"Grape Seed Extract 90% polyphenols":0.0082,"Broccoli Extract (glucoraphanin 10%)":0.005,"Glycine":0.027,"Theanine":0.0429,"Lactobacillus Acidophilus":0.0815,"Lithium orotate":0.0002,"Pomegranate Juice Extract (50% Polyphenols)":0.0182,"Potassium Iodate":0.0347,"Rhodiola 3% Rosavins / Salidroside 1%":0.0407,"Selenium":0.0173,"Glutathione reduced":0.0536,"Lutein":0.0219,"Luteolin":0.004,"Cinnamon powder (ceylon) organic":0.0179,"Sodium Hyaluronate":0.0038,"Spermidine":0.0595,"Vitamin B1 (Thiamine HCl)":0.0136,"Vitamin B12 (Methylcobalamin)":0.0663,"Vitamin B2 (Riboflavin-5-Phosphate)":0.017,"Vitamin B3 (Niacinamide)":0.0109,"Vitamin B5 (Calcium-D-Pantothenate)":0.011,"Vitamin B6 (Pyridoxal-5- Phosphate)":0.0472,"Vitamin B7 (D-Biotin)":0.0274,"Vitamin C (Ascorbic Acid)":0.0056,"Vitamin D Veg D3":0.0068,"Vitamin E (d-alpha tocopherol)":0.003,"Vitamin K1":0.0601,"Vitamin K2 MK-7 MCT Oil":0.0053,"Vitamin K2 MK-4 MCT Oil":0.0061,"Sunflower lecithin non-GMO":0.0178,"Phosphatidylcholine":0.0056,"Choline":0.0125,"Lycopene":0.0546,"Lysine":0.0019,"Taurine":0.0373,"Glucoraphanin":0.002,"Ubiquinol":0.0139,"Zinc Citrate":0.0304,"Fiber":0.0042,"Blueberries":0.0363,"Macadamia nuts":0.0506,"Walnuts":0.0591,"Omega 3":0.0049,"Omega 6":0.0382,"Calcium":0.0251,"EVOO polyphenols":0.0031,"Oleic acid":0.0112,"Protein (plant)":0.0022,"Copper":0.0186,"Caffeine":0.041,"Magnesium Citrate":0.0044,"Manganese Citrate":0.0918,"Curcuminoids":0.0301,"Fisetin (smoketree extract)":0.0254,"Garlic extract 12:1 odorless":0.0284,"Genistein (Japonica extract)":0.0066,"Milled Golden Flaxseed":0.0011,"SDG lignan":0.0146,"Phosphatidylinositol":0.0074,"Phosphatidylethanolamine":0.0492}],"vo2_max":28.9585}
