{"personal_data":[{"age":33,"gender":"M","name":"Clark Baumbach"}],"fitness_data":[{"Backwards Sled, 2 min":5,"Posture exercises":4,"Tricep extensions":2,"Face pulls":3,"Butterfly":2,"Band pull apart (back muscles)":2,"Back extensions (on a hyperextension)":2,"Obliques (each side, on a hyperextension)":1,"StretchesKneeling shin_Kneeling shin_":3,"StretchesHip flexor_Hip flexor_":1,"StretchesCouch_Couch_":2,"Leg raises (for abdomen)":1,"Seated calf raises":1,"Poliquin step ups":2,"Slant board squats":5,"ATG Split squats":1,"Nordics":3,"Reverse Nordics":2,"Tibialis raises,":1,"IsoTib ankle rotations":1,"Pull ups":0,"Chin ups":3,"10 min HIIT":1}],"supplement_vars":[{"N-Acetyl-L-Cysteine (NAC)":0.0063,"N-Acetyl-L-Cysteine (NAC) 2":0.0066,"Nicotinamide Riboside Chloride (NR)":0.0041,"Zeaxanthin":0.003,"Phosphorus":0.041,"Astaxanthin (Natural)":0.0073,"Boron Glycinate":0.002,"CaAKG":0.0041,"Ashwagandha KSM66":0.0047,"Calcium L-5- Methyltetrahydrofolate (L-5-MTHF-Ca)":0.0195,"Cocoa Powder (Non-Alkalised) 8+% Flavanols":0.0089,"Red Yeast Rice (2% Monacolin K)":0.0163,"Creatine Monohydrate":0.0604,"Ginger":0.0009,"Glucosamine Sulfate KCI":0.0643,"Grape Seed Extract 90% polyphenols":0.0108,"Broccoli Extract (glucoraphanin 10%)":0.0059,"Glycine":0.0277,"Theanine":0.053,"Lactobacillus Acidophilus":0.0281,"Lithium orotate":0.0013,"Pomegranate Juice Extract (50% Polyphenols)":0.0681,"Potassium Iodate":0.0227,"Rhodiola 3% Rosavins / Salidroside 1%":0.0407,"Selenium":0.0336,"Glutathione reduced":0.0108,"Lutein":0.0172,"Luteolin":0.0014,"Cinnamon powder (ceylon) organic":0.0087,"Sodium Hyaluronate":0.0004,"Spermidine":0.0058,"Vitamin B1 (Thiamine HCl)":0.0131,"Vitamin B12 (Methylcobalamin)":0.0334,"Vitamin B2 (Riboflavin-5-Phosphate)":0.0094,"Vitamin B3 (Niacinamide)":0.0053,"Vitamin B5 (Calcium-D-Pantothenate)":0.0046,"Vitamin B6 (Pyridoxal-5- Phosphate)":0.0382,"Vitamin B7 (D-Biotin)":0.0164,"Vitamin C (Ascorbic Acid)":0.0056,"Vitamin D Veg D3":0.0402,"Vitamin E (d-alpha tocopherol)":0.0204,"Vitamin K1":0.0216,"Vitamin K2 MK-7 MCT Oil":0.0025,"Vitamin K2 MK-4 MCT Oil":0.0022,"Sunflower lecithin non-GMO":0.0296,"Phosphatidylcholine":0.0243,"Choline":0.0525,"Lycopene":0.044,"Lysine":0.012,"Taurine":0.0384,"Glucoraphanin":0.0314,"Ubiquinol":0.0075,"Zinc Citrate":0.01,"Fiber":0.0059,"Blueberries":0.0452,"Macadamia nuts":0.0852,"Walnuts":0.0575,"Omega 3":0.0248,"Omega 6":0.0159,"Calcium":0.0592,"EVOO polyphenols":0.0023,"Oleic acid":0.0049,"Protein (plant)":0.0029,"Copper":0.0038,"Caffeine":0.0368,"Magnesium Citrate":0.0453,"Manganese Citrate":0.0514,"Curcuminoids":0.0287,"Fisetin (smoketree extract)":0.0051,"Garlic extract 12:1 odorless":0.0313,"Genistein (Japonica extract)":0.0044,"Milled Golden Flaxseed":0.0029,"SDG lignan":0.0198,"Phosphatidylinositol":0.0246,"Phosphatidylethanolamine":0.041}],"vo2_max":31.8769}
