{"personal_data":[{"age":25,"gender":"F","name":"Dr. Vashon Fahey"}],"fitness_data":[{"Backwards Sled, 2 min":3,"Posture exercises":4,"Tricep extensions":3,"Face pulls":1,"Butterfly":5,"Band pull apart (back muscles)":3,"Back extensions (on a hyperextension)":2,"Obliques (each side, on a hyperextension)":2,"StretchesKneeling shin_Kneeling shin_":4,"StretchesHip flexor_Hip flexor_":6,"StretchesCouch_Couch_":1,"Leg raises (for abdomen)":2,"Seated calf raises":0,"Poliquin step ups":2,"Slant board squats":5,"ATG Split squats":3,"Nordics":5,"Reverse Nordics":2,"Tibialis raises,":4,"IsoTib ankle rotations":2,"Pull ups":1,"Chin ups":3,"10 min HIIT":1}],"supplement_vars":[{"N-Acetyl-L-Cysteine (NAC)":0.0121,"N-Acetyl-L-Cysteine (NAC) 2":0.0116,"Nicotinamide Riboside Chloride (NR)":0.0176,"Zeaxanthin":0.0019,"Phosphorus":0.0376,"Astaxanthin (Natural)":0.0074,"Boron Glycinate":0.0227,"CaAKG":0.0006,"Ashwagandha KSM66":0.0084,"Calcium L-5- Methyltetrahydrofolate (L-5-MTHF-Ca)":0.0674,"Cocoa Powder (Non-Alkalised) 8+% Flavanols":0.0173,"Red Yeast Rice (2% Monacolin K)":0.0251,"Creatine Monohydrate":0.0286,"Ginger":0.0215,"Glucosamine Sulfate KCI":0.0525,"Grape Seed Extract 90% polyphenols":0.0138,"Broccoli Extract (glucoraphanin 10%)":0.0245,"Glycine":0.0303,"Theanine":0.0144,"Lactobacillus Acidophilus":0.0662,"Lithium orotate":0.0052,"Pomegranate Juice Extract (50% Polyphenols)":0.0282,"Potassium Iodate":0.0002,"Rhodiola 3% Rosavins / Salidroside 1%":0.047,"Selenium":0.035,"Glutathione reduced":0.0179,"Lutein":0.0104,"Luteolin":0.0045,"Cinnamon powder (ceylon) organic":0.0013,"Sodium Hyaluronate":0.005,"Spermidine":0.0421,"Vitamin B1 (Thiamine HCl)":0.0133,"Vitamin B12 (Methylcobalamin)":0.0257,"Vitamin B2 (Riboflavin-5-Phosphate)":0.0033,"Vitamin B3 (Niacinamide)":0.0242,"Vitamin B5 (Calcium-D-Pantothenate)":0.0102,"Vitamin B6 (Pyridoxal-5- Phosphate)":0.018,"Vitamin B7 (D-Biotin)":0.0274,"Vitamin C (Ascorbic Acid)":0.0063,"Vitamin D Veg D3":0.0239,"Vitamin E (d-alpha tocopherol)":0.0398,"Vitamin K1":0.0677,"Vitamin K2 MK-7 MCT Oil":0.0341,"Vitamin K2 MK-4 MCT Oil":0.0359,"Sunflower lecithin non-GMO":0.0387,"Phosphatidylcholine":0.0115,"Choline":0.0395,"Lycopene":0.018,"Lysine":0.009,"Taurine":0.0059,"Glucoraphanin":0.0332,"Ubiquinol":0.0002,"Zinc Citrate":0.0119,"Fiber":0.0007,"Blueberries":0.0341,"Macadamia nuts":0.0807,"Walnuts":0.0254,"Omega 3":0.0157,"Omega 6":0.0543,"Calcium":0.0574,"EVOO polyphenols":0.0029,"Oleic acid":0.0094,"Protein (plant)":0.0023,"Copper":0.0182,"Caffeine":0.006,"Magnesium Citrate":0.0589,"Manganese Citrate":0.0782,"Curcuminoids":0.0214,"Fisetin (smoketree extract)":0.0076,"Garlic extract 12:1 odorless":0.0203,"Genistein (Japonica extract)":0.0196,"Milled Golden Flaxseed":0.0327,"SDG lignan":0.0287,"Phosphatidylinositol":0.0123,"Phosphatidylethanolamine":0.0182}],"vo2_max":39.9429}
