{"personal_data":[{"age":69,"gender":"M","name":"Lita Gleichner-Jast"}],"fitness_data":[{"Backwards Sled, 2 min":2,"Posture exercises":4,"Tricep extensions":2,"Face pulls":5,"Butterfly":5,"Band pull apart (back muscles)":2,"Back extensions (on a hyperextension)":3,"Obliques (each side, on a hyperextension)":4,"StretchesKneeling shin_Kneeling shin_":1,"StretchesHip flexor_Hip flexor_":1,"StretchesCouch_Couch_":3,"Leg raises (for abdomen)":0,"Seated calf raises":4,"Poliquin step ups":1,"Slant board squats":4,"ATG Split squats":4,"Nordics":2,"Reverse Nordics":3,"Tibialis raises,":2,"IsoTib ankle rotations":4,"Pull ups":0,"Chin ups":2,"10 min HIIT":4}],"supplement_vars":[{"N-Acetyl-L-Cysteine (NAC)":0.0147,"N-Acetyl-L-Cysteine (NAC) 2":0.02,"Nicotinamide Riboside Chloride (NR)":0.0077,"Zeaxanthin":0.007,"Phosphorus":0.035,"Astaxanthin (Natural)":0.003,"Boron Glycinate":0.0064,"CaAKG":0.0075,"Ashwagandha KSM66":0.0034,"Calcium L-5- Methyltetrahydrofolate (L-5-MTHF-Ca)":0.0309,"Cocoa Powder (Non-Alkalised) 8+% Flavanols":0.0168,"Red Yeast Rice (2% Monacolin K)":0.0222,"Creatine Monohydrate":0.0022,"Ginger":0.04,"Glucosamine Sulfate KCI":0.0176,"Grape Seed Extract 90% polyphenols":0.0126,"Broccoli Extract (glucoraphanin 10%)":0.0169,"Glycine":0.0072,"Theanine":0.0586,"Lactobacillus Acidophilus":0.0504,"Lithium orotate":0.0014,"Pomegranate Juice Extract (50% Polyphenols)":0.0095,"Potassium Iodate":0.013,"Rhodiola 3% Rosavins / Salidroside 1%":0.0561,"Selenium":0.0238,"Glutathione reduced":0.0305,"Lutein":0.0077,"Luteolin":0.0057,"Cinnamon powder (ceylon) organic":0.0161,"Sodium Hyaluronate":0.0022,"Spermidine":0.0566,"Vitamin B1 (Thiamine HCl)":0.0033,"Vitamin B12 (Methylcobalamin)":0.0162,"Vitamin B2 (Riboflavin-5-Phosphate)":0.049,"Vitamin B3 (Niacinamide)":0.0479,"Vitamin B5 (Calcium-D-Pantothenate)":0.0154,"Vitamin B6 (Pyridoxal-5- Phosphate)":0.0248,"Vitamin B7 (D-Biotin)":0.0174,"Vitamin C (Ascorbic Acid)":0.0022,"Vitamin D Veg D3":0.0226,"Vitamin E (d-alpha tocopherol)":0.0451,"Vitamin K1":0.037,"Vitamin K2 MK-7 MCT Oil":0.0351,"Vitamin K2 MK-4 MCT Oil":0.0116,"Sunflower lecithin non-GMO":0.0334,"Phosphatidylcholine":0.0091,"Choline":0.0611,"Lycopene":0.022,"Lysine":0.0039,"Taurine":0.0082,"Glucoraphanin":0.0037,"Ubiquinol":0.0065,"Zinc Citrate":0.0181,"Fiber":0.0057,"Blueberries":0.0062,"Macadamia nuts":0.0869,"Walnuts":0.003,"Omega 3":0.0389,"Omega 6":0.0265,"Calcium":0.0475,"EVOO polyphenols":0.0031,"Oleic acid":0.011,"Protein (plant)":0.0001,"Copper":0.0165,"Caffeine":0.0223,"Magnesium Citrate":0.0426,"Manganese Citrate":0.0444,"Curcuminoids":0.0042,"Fisetin (smoketree extract)":0.0271,"Garlic extract 12:1 odorless":0.0272,"Genistein (Japonica extract)":0.0095,"Milled Golden Flaxseed":0.0228,"SDG lignan":0.0012,"Phosphatidylinositol":0.0155,"Phosphatidylethanolamine":0.0517}],"vo2_max":23.1124}
