{"personal_data":[{"age":21,"gender":"F","name":"Windell Ward"}],"fitness_data":[{"Backwards Sled, 2 min":2,"Posture exercises":1,"Tricep extensions":3,"Face pulls":0,"Butterfly":5,"Band pull apart (back muscles)":4,"Back extensions (on a hyperextension)":3,"Obliques (each side, on a hyperextension)":2,"StretchesKneeling shin_Kneeling shin_":1,"StretchesHip flexor_Hip flexor_":2,"StretchesCouch_Couch_":3,"Leg raises (for abdomen)":1,"Seated calf raises":3,"Poliquin step ups":2,"Slant board squats":3,"ATG Split squats":1,"Nordics":6,"Reverse Nordics":3,"Tibialis raises,":1,"IsoTib ankle rotations":2,"Pull ups":4,"Chin ups":3,"10 min HIIT":4}],"supplement_vars":[{"N-Acetyl-L-Cysteine (NAC)":0.0137,"N-Acetyl-L-Cysteine (NAC) 2":0.0053,"Nicotinamide Riboside Chloride (NR)":0.007,"Zeaxanthin":0.0039,"Phosphorus":0.0241,"Astaxanthin (Natural)":0.0229,"Boron Glycinate":0.0226,"CaAKG":0.013,"Ashwagandha KSM66":0.0014,"Calcium L-5- Methyltetrahydrofolate (L-5-MTHF-Ca)":0.0444,"Cocoa Powder (Non-Alkalised) 8+% Flavanols":0.0048,"Red Yeast Rice (2% Monacolin K)":0.0267,"Creatine Monohydrate":0.0078,"Ginger":0.0036,"Glucosamine Sulfate KCI":0.0557,"Grape Seed Extract 90% polyphenols":0.0018,"Broccoli Extract (glucoraphanin 10%)":0.0024,"Glycine":0.0078,"Theanine":0.0561,"Lactobacillus Acidophilus":0.0424,"Lithium orotate":0.0016,"Pomegranate Juice Extract (50% Polyphenols)":0.0092,"Potassium Iodate":0.0005,"Rhodiola 3% Rosavins / Salidroside 1%":0.0185,"Selenium":0.0089,"Glutathione reduced":0.0486,"Lutein":0.0126,"Luteolin":0.0085,"Cinnamon powder (ceylon) organic":0.0171,"Sodium Hyaluronate":0.0035,"Spermidine":0.0059,"Vitamin B1 (Thiamine HCl)":0.0097,"Vitamin B12 (Methylcobalamin)":0.0591,"Vitamin B2 (Riboflavin-5-Phosphate)":0.023,"Vitamin B3 (Niacinamide)":0.0026,"Vitamin B5 (Calcium-D-Pantothenate)":0.0111,"Vitamin B6 (Pyridoxal-5- Phosphate)":0.0043,"Vitamin B7 (D-Biotin)":0.028,"Vitamin C (Ascorbic Acid)":0.0122,"Vitamin D Veg D3":0.0453,"Vitamin E (d-alpha tocopherol)":0.0059,"Vitamin K1":0.022,"Vitamin K2 MK-7 MCT Oil":0.0148,"Vitamin K2 MK-4 MCT Oil":0.0234,"Sunflower lecithin non-GMO":0.0343,"Phosphatidylcholine":0.0269,"Choline":0.037,"Lycopene":0.0141,"Lysine":0.0084,"Taurine":0.0228,"Glucoraphanin":0.0078,"Ubiquinol":0.01,"Zinc Citrate":0.0316,"Fiber":0.0007,"Blueberries":0.0554,"Macadamia nuts":0.0774,"Walnuts":0.0141,"Omega 3":0.0388,"Omega 6":0.0318,"Calcium":0.0219,"EVOO polyphenols":0.0007,"Oleic acid":0.0103,"Protein (plant)":0.0039,"Copper":0.0157,"Caffeine":0.0216,"Magnesium Citrate":0.0492,"Manganese Citrate":0.0999,"Curcuminoids":0.0281,"Fisetin (smoketree extract)":0.0181,"Garlic extract 12:1 odorless":0.0076,"Genistein (Japonica extract)":0.006,"Milled Golden Flaxseed":0.0323,"SDG lignan":0.0112,"Phosphatidylinositol":0.0008,"Phosphatidylethanolamine":0.0288}],"vo2_max":35.6443}
