{"personal_data":[{"age":59,"gender":"M","name":"Daxton Robel"}],"fitness_data":[{"Backwards Sled, 2 min":3,"Posture exercises":2,"Tricep extensions":2,"Face pulls":2,"Butterfly":5,"Band pull apart (back muscles)":4,"Back extensions (on a hyperextension)":3,"Obliques (each side, on a hyperextension)":1,"StretchesKneeling shin_Kneeling shin_":5,"StretchesHip flexor_Hip flexor_":6,"StretchesCouch_Couch_":2,"Leg raises (for abdomen)":2,"Seated calf raises":3,"Poliquin step ups":4,"Slant board squats":7,"ATG Split squats":5,"Nordics":4,"Reverse Nordics":0,"Tibialis raises,":0,"IsoTib ankle rotations":4,"Pull ups":1,"Chin ups":1,"10 min HIIT":1}],"supplement_vars":[{"N-Acetyl-L-Cysteine (NAC)":0.012,"N-Acetyl-L-Cysteine (NAC) 2":0.004,"Nicotinamide Riboside Chloride (NR)":0.0091,"Zeaxanthin":0.0019,"Phosphorus":0.016,"Astaxanthin (Natural)":0.0224,"Boron Glycinate":0.0055,"CaAKG":0.0032,"Ashwagandha KSM66":0.0044,"Calcium L-5- Methyltetrahydrofolate (L-5-MTHF-Ca)":0.0386,"Cocoa Powder (Non-Alkalised) 8+% Flavanols":0.0205,"Red Yeast Rice (2% Monacolin K)":0.0002,"Creatine Monohydrate":0.0258,"Ginger":0.0642,"Glucosamine Sulfate KCI":0.0615,"Grape Seed Extract 90% polyphenols":0.001,"Broccoli Extract (glucoraphanin 10%)":0.0276,"Glycine":0.0212,"Theanine":0.0118,"Lactobacillus Acidophilus":0.0637,"Lithium orotate":0.0024,"Pomegranate Juice Extract (50% Polyphenols)":0.0197,"Potassium Iodate":0.0067,"Rhodiola 3% Rosavins / Salidroside 1%":0.0588,"Selenium":0.0365,"Glutathione reduced":0.0013,"Lutein":0.0001,"Luteolin":0.0035,"Cinnamon powder (ceylon) organic":0.0149,"Sodium Hyaluronate":0.0016,"Spermidine":0.0007,"Vitamin B1 (Thiamine HCl)":0.0136,"Vitamin B12 (Methylcobalamin)":0.0198,"Vitamin B2 (Riboflavin-5-Phosphate)":0.0189,"Vitamin B3 (Niacinamide)":0.0273,"Vitamin B5 (Calcium-D-Pantothenate)":0.0124,"Vitamin B6 (Pyridoxal-5- Phosphate)":0.0101,"Vitamin B7 (D-Biotin)":0.0227,"Vitamin C (Ascorbic Acid)":0.0058,"Vitamin D Veg D3":0.0137,"Vitamin E (d-alpha tocopherol)":0.0096,"Vitamin K1":0.0681,"Vitamin K2 MK-7 MCT Oil":0.0347,"Vitamin K2 MK-4 MCT Oil":0.0059,"Sunflower lecithin non-GMO":0.008,"Phosphatidylcholine":0.0199,"Choline":0.0319,"Lycopene":0.0553,"Lysine":0.0124,"Taurine":0.0006,"Glucoraphanin":0.032,"Ubiquinol":0.0124,"Zinc Citrate":0.0182,"Fiber":0.0011,"Blueberries":0.017,"Macadamia nuts":0.0304,"Walnuts":0.0577,"Omega 3":0.0119,"Omega 6":0.0264,"Calcium":0.0106,"EVOO polyphenols":0.0027,"Oleic acid":0.0242,"Protein (plant)":0.0024,"Copper":0.0124,"Caffeine":0.0353,"Magnesium Citrate":0.0518,"Manganese Citrate":0.0864,"Curcuminoids":0.0321,"Fisetin (smoketree extract)":0.0067,"Garlic extract 12:1 odorless":0.0149,"Genistein (Japonica extract)":0.0102,"Milled Golden Flaxseed":0.033,"SDG lignan":0.0556,"Phosphatidylinositol":0.0021,"Phosphatidylethanolamine":0.0421}],"vo2_max":26.1616}
