{"personal_data":[{"age":76,"gender":"F","name":"Rena Beahan"}],"fitness_data":[{"Backwards Sled, 2 min":2,"Posture exercises":0,"Tricep extensions":2,"Face pulls":0,"Butterfly":2,"Band pull apart (back muscles)":1,"Back extensions (on a hyperextension)":2,"Obliques (each side, on a hyperextension)":3,"StretchesKneeling shin_Kneeling shin_":0,"StretchesHip flexor_Hip flexor_":5,"StretchesCouch_Couch_":1,"Leg raises (for abdomen)":1,"Seated calf raises":2,"Poliquin step ups":0,"Slant board squats":5,"ATG Split squats":2,"Nordics":1,"Reverse Nordics":0,"Tibialis raises,":2,"IsoTib ankle rotations":2,"Pull ups":1,"Chin ups":2,"10 min HIIT":2}],"supplement_vars":[{"N-Acetyl-L-Cysteine (NAC)":0.0158,"N-Acetyl-L-Cysteine (NAC) 2":0.0014,"Nicotinamide Riboside Chloride (NR)":0.0182,"Zeaxanthin":0.0052,"Phosphorus":0.0107,"Astaxanthin (Natural)":0.0065,"Boron Glycinate":0.0234,"CaAKG":0.0012,"Ashwagandha KSM66":0.0043,"Calcium L-5- Methyltetrahydrofolate (L-5-MTHF-Ca)":0.0114,"Cocoa Powder (Non-Alkalised) 8+% Flavanols":0.0184,"Red Yeast Rice (2% Monacolin K)":0.0265,"Creatine Monohydrate":0.0006,"Ginger":0.0406,"Glucosamine Sulfate KCI":0.003,"Grape Seed Extract 90% polyphenols":0.0053,"Broccoli Extract (glucoraphanin 10%)":0.0331,"Glycine":0.0177,"Theanine":0.003,"Lactobacillus Acidophilus":0.0338,"Lithium orotate":0.006,"Pomegranate Juice Extract (50% Polyphenols)":0.0103,"Potassium Iodate":0.0221,"Rhodiola 3% Rosavins / Salidroside 1%":0.0402,"Selenium":0.0151,"Glutathione reduced":0.0037,"Lutein":0.0151,"Luteolin":0.0016,"Cinnamon powder (ceylon) organic":0.0063,"Sodium Hyaluronate":0.0075,"Spermidine":0.0892,"Vitamin B1 (Thiamine HCl)":0.0085,"Vitamin B12 (Methylcobalamin)":0.0432,"Vitamin B2 (Riboflavin-5-Phosphate)":0.0477,"Vitamin B3 (Niacinamide)":0.0128,"Vitamin B5 (Calcium-D-Pantothenate)":0.0063,"Vitamin B6 (Pyridoxal-5- Phosphate)":0.0151,"Vitamin B7 (D-Biotin)":0.0148,"Vitamin C (Ascorbic Acid)":0.0113,"Vitamin D Veg D3":0.0174,"Vitamin E (d-alpha tocopherol)":0.0467,"Vitamin K1":0.0347,"Vitamin K2 MK-7 MCT Oil":0.0221,"Vitamin K2 MK-4 MCT Oil":0.0184,"Sunflower lecithin non-GMO":0.0046,"Phosphatidylcholine":0.0172,"Choline":0.0293,"Lycopene":0.0233,"Lysine":0.0061,"Taurine":0.0035,"Glucoraphanin":0.018,"Ubiquinol":0.0007,"Zinc Citrate":0.0003,"Fiber":0.0058,"Blueberries":0.0335,"Macadamia nuts":0.0256,"Walnuts":0.0119,"Omega 3":0.013,"Omega 6":0.0402,"Calcium":0.0322,"EVOO polyphenols":0.0048,"Oleic acid":0.0332,"Protein (plant)":0.0035,"Copper":0.0164,"Caffeine":0.0613,"Magnesium Citrate":0.0239,"Manganese Citrate":0.01,"Curcuminoids":0.0224,"Fisetin (smoketree extract)":0.0315,"Garlic extract 12:1 odorless":0.0277,"Genistein (Japonica extract)":0.0031,"Milled Golden Flaxseed":0.0008,"SDG lignan":0.0443,"Phosphatidylinositol":0.0222,"Phosphatidylethanolamine":0.0064}],"vo2_max":18.5109}
