{"personal_data":[{"age":74,"gender":"F","name":"Carmelo Herman"}],"fitness_data":[{"Backwards Sled, 2 min":0,"Posture exercises":2,"Tricep extensions":4,"Face pulls":2,"Butterfly":0,"Band pull apart (back muscles)":5,"Back extensions (on a hyperextension)":1,"Obliques (each side, on a hyperextension)":2,"StretchesKneeling shin_Kneeling shin_":0,"StretchesHip flexor_Hip flexor_":0,"StretchesCouch_Couch_":3,"Leg raises (for abdomen)":2,"Seated calf raises":2,"Poliquin step ups":2,"Slant board squats":6,"ATG Split squats":4,"Nordics":5,"Reverse Nordics":2,"Tibialis raises,":3,"IsoTib ankle rotations":1,"Pull ups":3,"Chin ups":2,"10 min HIIT":2}],"supplement_vars":[{"N-Acetyl-L-Cysteine (NAC)":0.0161,"N-Acetyl-L-Cysteine (NAC) 2":0.006,"Nicotinamide Riboside Chloride (NR)":0.0105,"Zeaxanthin":0.013,"Phosphorus":0.0397,"Astaxanthin (Natural)":0.0093,"Boron Glycinate":0.0002,"CaAKG":0.006,"Ashwagandha KSM66":0.004,"Calcium L-5- Methyltetrahydrofolate (L-5-MTHF-Ca)":0.0495,"Cocoa Powder (Non-Alkalised) 8+% Flavanols":0.0126,"Red Yeast Rice (2% Monacolin K)":0.015,"Creatine Monohydrate":0.0257,"Ginger":0.053,"Glucosamine Sulfate KCI":0.0411,"Grape Seed Extract 90% polyphenols":0.0058,"Broccoli Extract (glucoraphanin 10%)":0.0136,"Glycine":0.0264,"Theanine":0.0562,"Lactobacillus Acidophilus":0.0311,"Lithium orotate":0.0089,"Pomegranate Juice Extract (50% Polyphenols)":0.0015,"Potassium Iodate":0.0166,"Rhodiola 3% Rosavins / Salidroside 1%":0.0002,"Selenium":0.0004,"Glutathione reduced":0.0316,"Lutein":0.0108,"Luteolin":0.0021,"Cinnamon powder (ceylon) organic":0.0038,"Sodium Hyaluronate":0.009,"Spermidine":0.0889,"Vitamin B1 (Thiamine HCl)":0.0008,"Vitamin B12 (Methylcobalamin)":0.0791,"Vitamin B2 (Riboflavin-5-Phosphate)":0.0006,"Vitamin B3 (Niacinamide)":0.0449,"Vitamin B5 (Calcium-D-Pantothenate)":0.0181,"Vitamin B6 (Pyridoxal-5- Phosphate)":0.0117,"Vitamin B7 (D-Biotin)":0.0312,"Vitamin C (Ascorbic Acid)":0.0083,"Vitamin D Veg D3":0.0052,"Vitamin E (d-alpha tocopherol)":0.0035,"Vitamin K1":0.0689,"Vitamin K2 MK-7 MCT Oil":0.0077,"Vitamin K2 MK-4 MCT Oil":0.0127,"Sunflower lecithin non-GMO":0.0178,"Phosphatidylcholine":0.0322,"Choline":0.008,"Lycopene":0.0643,"Lysine":0.0053,"Taurine":0.0418,"Glucoraphanin":0.0166,"Ubiquinol":0.0044,"Zinc Citrate":0.0097,"Fiber":0.0041,"Blueberries":0.0797,"Macadamia nuts":0.0761,"Walnuts":0.0457,"Omega 3":0.0078,"Omega 6":0.0079,"Calcium":0.0512,"EVOO polyphenols":0.0034,"Oleic acid":0.007,"Protein (plant)":0.0014,"Copper":0.0176,"Caffeine":0.028,"Magnesium Citrate":0.0397,"Manganese Citrate":0.065,"Curcuminoids":0.005,"Fisetin (smoketree extract)":0.0163,"Garlic extract 12:1 odorless":0.0283,"Genistein (Japonica extract)":0.0137,"Milled Golden Flaxseed":0.0244,"SDG lignan":0.0439,"Phosphatidylinositol":0.0151,"Phosphatidylethanolamine":0.0435}],"vo2_max":18.6464}
