{"personal_data":[{"age":47,"gender":"F","name":"Stanislaus Watsica"}],"fitness_data":[{"Backwards Sled, 2 min":1,"Posture exercises":3,"Tricep extensions":1,"Face pulls":0,"Butterfly":0,"Band pull apart (back muscles)":1,"Back extensions (on a hyperextension)":0,"Obliques (each side, on a hyperextension)":0,"StretchesKneeling shin_Kneeling shin_":1,"StretchesHip flexor_Hip flexor_":3,"StretchesCouch_Couch_":2,"Leg raises (for abdomen)":4,"Seated calf raises":4,"Poliquin step ups":2,"Slant board squats":1,"ATG Split squats":3,"Nordics":4,"Reverse Nordics":0,"Tibialis raises,":2,"IsoTib ankle rotations":5,"Pull ups":3,"Chin ups":2,"10 min HIIT":0}],"supplement_vars":[{"N-Acetyl-L-Cysteine (NAC)":0.0142,"N-Acetyl-L-Cysteine (NAC) 2":0.0208,"Nicotinamide Riboside Chloride (NR)":0.0116,"Zeaxanthin":0.0089,"Phosphorus":0,"Astaxanthin (Natural)":0.0187,"Boron Glycinate":0.0006,"CaAKG":0.0028,"Ashwagandha KSM66":0.0088,"Calcium L-5- Methyltetrahydrofolate (L-5-MTHF-Ca)":0.0276,"Cocoa Powder (Non-Alkalised) 8+% Flavanols":0.0104,"Red Yeast Rice (2% Monacolin K)":0.0268,"Creatine Monohydrate":0.027,"Ginger":0.0543,"Glucosamine Sulfate KCI":0.0645,"Grape Seed Extract 90% polyphenols":0.0135,"Broccoli Extract (glucoraphanin 10%)":0.016,"Glycine":0.0265,"Theanine":0.0093,"Lactobacillus Acidophilus":0.0164,"Lithium orotate":0.0092,"Pomegranate Juice Extract (50% Polyphenols)":0.0151,"Potassium Iodate":0.0261,"Rhodiola 3% Rosavins / Salidroside 1%":0.0392,"Selenium":0.0022,"Glutathione reduced":0.0453,"Lutein":0.0193,"Luteolin":0.0053,"Cinnamon powder (ceylon) organic":0.0151,"Sodium Hyaluronate":0.0089,"Spermidine":0.0372,"Vitamin B1 (Thiamine HCl)":0.0154,"Vitamin B12 (Methylcobalamin)":0.0109,"Vitamin B2 (Riboflavin-5-Phosphate)":0.0265,"Vitamin B3 (Niacinamide)":0.0033,"Vitamin B5 (Calcium-D-Pantothenate)":0.002,"Vitamin B6 (Pyridoxal-5- Phosphate)":0.0012,"Vitamin B7 (D-Biotin)":0.003,"Vitamin C (Ascorbic Acid)":0.012,"Vitamin D Veg D3":0.0199,"Vitamin E (d-alpha tocopherol)":0.0398,"Vitamin K1":0.0493,"Vitamin K2 MK-7 MCT Oil":0.0131,"Vitamin K2 MK-4 MCT Oil":0.0079,"Sunflower lecithin non-GMO":0.0197,"Phosphatidylcholine":0.0056,"Choline":0.0154,"Lycopene":0.0769,"Lysine":0.0094,"Taurine":0.0308,"Glucoraphanin":0.0059,"Ubiquinol":0.012,"Zinc Citrate":0.023,"Fiber":0.0047,"Blueberries":0.0104,"Macadamia nuts":0.0353,"Walnuts":0.0231,"Omega 3":0.0448,"Omega 6":0.0025,"Calcium":0.0217,"EVOO polyphenols":0.0063,"Oleic acid":0.0115,"Protein (plant)":0.002,"Copper":0.0084,"Caffeine":0.0206,"Magnesium Citrate":0.0202,"Manganese Citrate":0.0521,"Curcuminoids":0.0272,"Fisetin (smoketree extract)":0.0085,"Garlic extract 12:1 odorless":0.0425,"Genistein (Japonica extract)":0.0043,"Milled Golden Flaxseed":0.0073,"SDG lignan":0.0208,"Phosphatidylinositol":0.0009,"Phosphatidylethanolamine":0.0173}],"vo2_max":26.2324}
