{"personal_data":[{"age":67,"gender":"M","name":"Cherryl Franecki"}],"fitness_data":[{"Backwards Sled, 2 min":1,"Posture exercises":3,"Tricep extensions":3,"Face pulls":4,"Butterfly":4,"Band pull apart (back muscles)":2,"Back extensions (on a hyperextension)":4,"Obliques (each side, on a hyperextension)":3,"StretchesKneeling shin_Kneeling shin_":0,"StretchesHip flexor_Hip flexor_":4,"StretchesCouch_Couch_":1,"Leg raises (for abdomen)":3,"Seated calf raises":4,"Poliquin step ups":2,"Slant board squats":4,"ATG Split squats":0,"Nordics":3,"Reverse Nordics":1,"Tibialis raises,":3,"IsoTib ankle rotations":0,"Pull ups":2,"Chin ups":1,"10 min HIIT":2}],"supplement_vars":[{"N-Acetyl-L-Cysteine (NAC)":0.0141,"N-Acetyl-L-Cysteine (NAC) 2":0.0091,"Nicotinamide Riboside Chloride (NR)":0.0178,"Zeaxanthin":0.0113,"Phosphorus":0.0236,"Astaxanthin (Natural)":0.0123,"Boron Glycinate":0.032,"CaAKG":0.0082,"Ashwagandha KSM66":0.0048,"Calcium L-5- Methyltetrahydrofolate (L-5-MTHF-Ca)":0.0438,"Cocoa Powder (Non-Alkalised) 8+% Flavanols":0.0002,"Red Yeast Rice (2% Monacolin K)":0.0131,"Creatine Monohydrate":0.0537,"Ginger":0.0133,"Glucosamine Sulfate KCI":0.0014,"Grape Seed Extract 90% polyphenols":0.0134,"Broccoli Extract (glucoraphanin 10%)":0.019,"Glycine":0.0076,"Theanine":0.0268,"Lactobacillus Acidophilus":0.011,"Lithium orotate":0.0035,"Pomegranate Juice Extract (50% Polyphenols)":0.0649,"Potassium Iodate":0.0137,"Rhodiola 3% Rosavins / Salidroside 1%":0.0288,"Selenium":0.0335,"Glutathione reduced":0.0288,"Lutein":0.0032,"Luteolin":0.0007,"Cinnamon powder (ceylon) organic":0.0032,"Sodium Hyaluronate":0.01,"Spermidine":0.0595,"Vitamin B1 (Thiamine HCl)":0.0001,"Vitamin B12 (Methylcobalamin)":0.0492,"Vitamin B2 (Riboflavin-5-Phosphate)":0.024,"Vitamin B3 (Niacinamide)":0.0191,"Vitamin B5 (Calcium-D-Pantothenate)":0.0118,"Vitamin B6 (Pyridoxal-5- Phosphate)":0.0336,"Vitamin B7 (D-Biotin)":0.0287,"Vitamin C (Ascorbic Acid)":0.0063,"Vitamin D Veg D3":0.0381,"Vitamin E (d-alpha tocopherol)":0.0228,"Vitamin K1":0.0576,"Vitamin K2 MK-7 MCT Oil":0.0245,"Vitamin K2 MK-4 MCT Oil":0.0118,"Sunflower lecithin non-GMO":0.039,"Phosphatidylcholine":0.0263,"Choline":0.0417,"Lycopene":0.0048,"Lysine":0.0112,"Taurine":0.0195,"Glucoraphanin":0.0285,"Ubiquinol":0.0043,"Zinc Citrate":0.0076,"Fiber":0.003,"Blueberries":0.0387,"Macadamia nuts":0.0408,"Walnuts":0.021,"Omega 3":0.0036,"Omega 6":0.0102,"Calcium":0.0661,"EVOO polyphenols":0.0062,"Oleic acid":0.0273,"Protein (plant)":0.0015,"Copper":0.018,"Caffeine":0.0304,"Magnesium Citrate":0.04,"Manganese Citrate":0.0309,"Curcuminoids":0.0316,"Fisetin (smoketree extract)":0.0254,"Garlic extract 12:1 odorless":0.034,"Genistein (Japonica extract)":0.0074,"Milled Golden Flaxseed":0.0349,"SDG lignan":0.016,"Phosphatidylinositol":0.0104,"Phosphatidylethanolamine":0.0257}],"vo2_max":25.0843}
