{"personal_data":[{"age":71,"gender":"F","name":"Nathanial Haley"}],"fitness_data":[{"Backwards Sled, 2 min":4,"Posture exercises":3,"Tricep extensions":2,"Face pulls":4,"Butterfly":4,"Band pull apart (back muscles)":5,"Back extensions (on a hyperextension)":3,"Obliques (each side, on a hyperextension)":1,"StretchesKneeling shin_Kneeling shin_":3,"StretchesHip flexor_Hip flexor_":5,"StretchesCouch_Couch_":1,"Leg raises (for abdomen)":1,"Seated calf raises":1,"Poliquin step ups":3,"Slant board squats":5,"ATG Split squats":4,"Nordics":4,"Reverse Nordics":0,"Tibialis raises,":2,"IsoTib ankle rotations":1,"Pull ups":3,"Chin ups":3,"10 min HIIT":1}],"supplement_vars":[{"N-Acetyl-L-Cysteine (NAC)":0.0162,"N-Acetyl-L-Cysteine (NAC) 2":0.0066,"Nicotinamide Riboside Chloride (NR)":0.0143,"Zeaxanthin":0.0012,"Phosphorus":0.0219,"Astaxanthin (Natural)":0.0136,"Boron Glycinate":0.039,"CaAKG":0.0103,"Ashwagandha KSM66":0.0087,"Calcium L-5- Methyltetrahydrofolate (L-5-MTHF-Ca)":0.056,"Cocoa Powder (Non-Alkalised) 8+% Flavanols":0.0014,"Red Yeast Rice (2% Monacolin K)":0.0266,"Creatine Monohydrate":0.0679,"Ginger":0.0047,"Glucosamine Sulfate KCI":0.0174,"Grape Seed Extract 90% polyphenols":0.012,"Broccoli Extract (glucoraphanin 10%)":0.0178,"Glycine":0.0256,"Theanine":0.0564,"Lactobacillus Acidophilus":0.0445,"Lithium orotate":0.004,"Pomegranate Juice Extract (50% Polyphenols)":0.0463,"Potassium Iodate":0.0289,"Rhodiola 3% Rosavins / Salidroside 1%":0.0208,"Selenium":0.0186,"Glutathione reduced":0.0371,"Lutein":0.0113,"Luteolin":0.0071,"Cinnamon powder (ceylon) organic":0.0042,"Sodium Hyaluronate":0.0057,"Spermidine":0.062,"Vitamin B1 (Thiamine HCl)":0.0105,"Vitamin B12 (Methylcobalamin)":0.0625,"Vitamin B2 (Riboflavin-5-Phosphate)":0.0288,"Vitamin B3 (Niacinamide)":0.0323,"Vitamin B5 (Calcium-D-Pantothenate)":0.0092,"Vitamin B6 (Pyridoxal-5- Phosphate)":0.0332,"Vitamin B7 (D-Biotin)":0.003,"Vitamin C (Ascorbic Acid)":0.0061,"Vitamin D Veg D3":0.0153,"Vitamin E (d-alpha tocopherol)":0.0276,"Vitamin K1":0.0696,"Vitamin K2 MK-7 MCT Oil":0.0321,"Vitamin K2 MK-4 MCT Oil":0.0275,"Sunflower lecithin non-GMO":0.0385,"Phosphatidylcholine":0.0104,"Choline":0.0242,"Lycopene":0.0621,"Lysine":0.0094,"Taurine":0.0244,"Glucoraphanin":0.0148,"Ubiquinol":0.0029,"Zinc Citrate":0.023,"Fiber":0.0016,"Blueberries":0.0217,"Macadamia nuts":0.0598,"Walnuts":0.0237,"Omega 3":0.0146,"Omega 6":0.0045,"Calcium":0.0366,"EVOO polyphenols":0.0037,"Oleic acid":0.0129,"Protein (plant)":0.0029,"Copper":0.006,"Caffeine":0.0544,"Magnesium Citrate":0.0485,"Manganese Citrate":0.0561,"Curcuminoids":0.0274,"Fisetin (smoketree extract)":0.0084,"Garlic extract 12:1 odorless":0.0412,"Genistein (Japonica extract)":0.0114,"Milled Golden Flaxseed":0.0309,"SDG lignan":0.0523,"Phosphatidylinositol":0.0194,"Phosphatidylethanolamine":0.0473}],"vo2_max":19.9753}
