{"personal_data":[{"age":36,"gender":"F","name":"Junia Klein DDS"}],"fitness_data":[{"Backwards Sled, 2 min":2,"Posture exercises":3,"Tricep extensions":2,"Face pulls":1,"Butterfly":1,"Band pull apart (back muscles)":2,"Back extensions (on a hyperextension)":3,"Obliques (each side, on a hyperextension)":0,"StretchesKneeling shin_Kneeling shin_":3,"StretchesHip flexor_Hip flexor_":2,"StretchesCouch_Couch_":2,"Leg raises (for abdomen)":4,"Seated calf raises":3,"Poliquin step ups":1,"Slant board squats":4,"ATG Split squats":6,"Nordics":3,"Reverse Nordics":2,"Tibialis raises,":3,"IsoTib ankle rotations":5,"Pull ups":2,"Chin ups":4,"10 min HIIT":1}],"supplement_vars":[{"N-Acetyl-L-Cysteine (NAC)":0.0054,"N-Acetyl-L-Cysteine (NAC) 2":0.0177,"Nicotinamide Riboside Chloride (NR)":0.0141,"Zeaxanthin":0.0043,"Phosphorus":0.0125,"Astaxanthin (Natural)":0.0087,"Boron Glycinate":0.011,"CaAKG":0.0018,"Ashwagandha KSM66":0.0036,"Calcium L-5- Methyltetrahydrofolate (L-5-MTHF-Ca)":0.0321,"Cocoa Powder (Non-Alkalised) 8+% Flavanols":0.0039,"Red Yeast Rice (2% Monacolin K)":0.0296,"Creatine Monohydrate":0.0274,"Ginger":0.0563,"Glucosamine Sulfate KCI":0.0309,"Grape Seed Extract 90% polyphenols":0.011,"Broccoli Extract (glucoraphanin 10%)":0.0236,"Glycine":0.0258,"Theanine":0.0503,"Lactobacillus Acidophilus":0.062,"Lithium orotate":0.0096,"Pomegranate Juice Extract (50% Polyphenols)":0.0361,"Potassium Iodate":0.0255,"Rhodiola 3% Rosavins / Salidroside 1%":0.051,"Selenium":0.0363,"Glutathione reduced":0.0244,"Lutein":0.0248,"Luteolin":0.0098,"Cinnamon powder (ceylon) organic":0.0205,"Sodium Hyaluronate":0.0012,"Spermidine":0.0756,"Vitamin B1 (Thiamine HCl)":0.0116,"Vitamin B12 (Methylcobalamin)":0.0222,"Vitamin B2 (Riboflavin-5-Phosphate)":0.0299,"Vitamin B3 (Niacinamide)":0.0071,"Vitamin B5 (Calcium-D-Pantothenate)":0.0119,"Vitamin B6 (Pyridoxal-5- Phosphate)":0.0344,"Vitamin B7 (D-Biotin)":0.0339,"Vitamin C (Ascorbic Acid)":0.0063,"Vitamin D Veg D3":0.0123,"Vitamin E (d-alpha tocopherol)":0.0106,"Vitamin K1":0.0374,"Vitamin K2 MK-7 MCT Oil":0.0036,"Vitamin K2 MK-4 MCT Oil":0.0275,"Sunflower lecithin non-GMO":0.0148,"Phosphatidylcholine":0.0132,"Choline":0.0256,"Lycopene":0.0108,"Lysine":0.0046,"Taurine":0.0059,"Glucoraphanin":0.0191,"Ubiquinol":0.0135,"Zinc Citrate":0.0112,"Fiber":0.005,"Blueberries":0.0509,"Macadamia nuts":0.0352,"Walnuts":0.0407,"Omega 3":0.0382,"Omega 6":0.0423,"Calcium":0.0707,"EVOO polyphenols":0.0013,"Oleic acid":0.0328,"Protein (plant)":0.0021,"Copper":0.0011,"Caffeine":0.0132,"Magnesium Citrate":0.0027,"Manganese Citrate":0.0662,"Curcuminoids":0.0085,"Fisetin (smoketree extract)":0.0043,"Garlic extract 12:1 odorless":0.0268,"Genistein (Japonica extract)":0.0025,"Milled Golden Flaxseed":0.0049,"SDG lignan":0.0575,"Phosphatidylinositol":0.0116,"Phosphatidylethanolamine":0.0518}],"vo2_max":36.3377}
