{"personal_data":[{"age":29,"gender":"F","name":"Miss Danielle Wisozk DDS"}],"fitness_data":[{"Backwards Sled, 2 min":2,"Posture exercises":3,"Tricep extensions":1,"Face pulls":4,"Butterfly":0,"Band pull apart (back muscles)":3,"Back extensions (on a hyperextension)":4,"Obliques (each side, on a hyperextension)":0,"StretchesKneeling shin_Kneeling shin_":0,"StretchesHip flexor_Hip flexor_":2,"StretchesCouch_Couch_":2,"Leg raises (for abdomen)":5,"Seated calf raises":3,"Poliquin step ups":3,"Slant board squats":3,"ATG Split squats":3,"Nordics":3,"Reverse Nordics":0,"Tibialis raises,":0,"IsoTib ankle rotations":1,"Pull ups":0,"Chin ups":3,"10 min HIIT":2}],"supplement_vars":[{"N-Acetyl-L-Cysteine (NAC)":0.0013,"N-Acetyl-L-Cysteine (NAC) 2":0.0049,"Nicotinamide Riboside Chloride (NR)":0.0166,"Zeaxanthin":0.0072,"Phosphorus":0.0217,"Astaxanthin (Natural)":0.0214,"Boron Glycinate":0.0365,"CaAKG":0.0093,"Ashwagandha KSM66":0.0059,"Calcium L-5- Methyltetrahydrofolate (L-5-MTHF-Ca)":0.0032,"Cocoa Powder (Non-Alkalised) 8+% Flavanols":0.0096,"Red Yeast Rice (2% Monacolin K)":0.0087,"Creatine Monohydrate":0.0578,"Ginger":0.0335,"Glucosamine Sulfate KCI":0.0616,"Grape Seed Extract 90% polyphenols":0.0128,"Broccoli Extract (glucoraphanin 10%)":0.0202,"Glycine":0.0173,"Theanine":0.0447,"Lactobacillus Acidophilus":0.0331,"Lithium orotate":0.0059,"Pomegranate Juice Extract (50% Polyphenols)":0.0162,"Potassium Iodate":0.0147,"Rhodiola 3% Rosavins / Salidroside 1%":0.0346,"Selenium":0.0197,"Glutathione reduced":0.0009,"Lutein":0.0233,"Luteolin":0.0067,"Cinnamon powder (ceylon) organic":0.0253,"Sodium Hyaluronate":0.0102,"Spermidine":0.0343,"Vitamin B1 (Thiamine HCl)":0.003,"Vitamin B12 (Methylcobalamin)":0.0792,"Vitamin B2 (Riboflavin-5-Phosphate)":0.0584,"Vitamin B3 (Niacinamide)":0.0613,"Vitamin B5 (Calcium-D-Pantothenate)":0.0094,"Vitamin B6 (Pyridoxal-5- Phosphate)":0.0116,"Vitamin B7 (D-Biotin)":0.0248,"Vitamin C (Ascorbic Acid)":0.0032,"Vitamin D Veg D3":0.0472,"Vitamin E (d-alpha tocopherol)":0.0052,"Vitamin K1":0.0366,"Vitamin K2 MK-7 MCT Oil":0.0152,"Vitamin K2 MK-4 MCT Oil":0.0307,"Sunflower lecithin non-GMO":0.0241,"Phosphatidylcholine":0.0192,"Choline":0.0056,"Lycopene":0.0419,"Lysine":0.0051,"Taurine":0.0368,"Glucoraphanin":0.0262,"Ubiquinol":0.0004,"Zinc Citrate":0.0238,"Fiber":0.0025,"Blueberries":0.0419,"Macadamia nuts":0.0814,"Walnuts":0.0443,"Omega 3":0.0032,"Omega 6":0.0018,"Calcium":0.0547,"EVOO polyphenols":0.0032,"Oleic acid":0.0147,"Protein (plant)":0.0024,"Copper":0.023,"Caffeine":0.0317,"Magnesium Citrate":0.0306,"Manganese Citrate":0.0499,"Curcuminoids":0.0022,"Fisetin (smoketree extract)":0.0063,"Garlic extract 12:1 odorless":0.0013,"Genistein (Japonica extract)":0.0198,"Milled Golden Flaxseed":0.016,"SDG lignan":0.0078,"Phosphatidylinositol":0.0216,"Phosphatidylethanolamine":0.0191}],"vo2_max":36.5981}
