{"personal_data":[{"age":32,"gender":"F","name":"Lashonda Bayer"}],"fitness_data":[{"Backwards Sled, 2 min":0,"Posture exercises":4,"Tricep extensions":4,"Face pulls":3,"Butterfly":4,"Band pull apart (back muscles)":0,"Back extensions (on a hyperextension)":1,"Obliques (each side, on a hyperextension)":4,"StretchesKneeling shin_Kneeling shin_":4,"StretchesHip flexor_Hip flexor_":4,"StretchesCouch_Couch_":2,"Leg raises (for abdomen)":0,"Seated calf raises":2,"Poliquin step ups":1,"Slant board squats":3,"ATG Split squats":1,"Nordics":2,"Reverse Nordics":1,"Tibialis raises,":1,"IsoTib ankle rotations":0,"Pull ups":2,"Chin ups":3,"10 min HIIT":2}],"supplement_vars":[{"N-Acetyl-L-Cysteine (NAC)":0.0171,"N-Acetyl-L-Cysteine (NAC) 2":0.0202,"Nicotinamide Riboside Chloride (NR)":0.0044,"Zeaxanthin":0.0034,"Phosphorus":0.0214,"Astaxanthin (Natural)":0.001,"Boron Glycinate":0.0458,"CaAKG":0.0108,"Ashwagandha KSM66":0.0068,"Calcium L-5- Methyltetrahydrofolate (L-5-MTHF-Ca)":0.0677,"Cocoa Powder (Non-Alkalised) 8+% Flavanols":0.0058,"Red Yeast Rice (2% Monacolin K)":0.012,"Creatine Monohydrate":0.0354,"Ginger":0.0111,"Glucosamine Sulfate KCI":0.0099,"Grape Seed Extract 90% polyphenols":0.008,"Broccoli Extract (glucoraphanin 10%)":0.0245,"Glycine":0.0184,"Theanine":0.0451,"Lactobacillus Acidophilus":0.0437,"Lithium orotate":0.0097,"Pomegranate Juice Extract (50% Polyphenols)":0.0038,"Potassium Iodate":0.0407,"Rhodiola 3% Rosavins / Salidroside 1%":0.0413,"Selenium":0.0133,"Glutathione reduced":0.0318,"Lutein":0.005,"Luteolin":0.0096,"Cinnamon powder (ceylon) organic":0.0236,"Sodium Hyaluronate":0.0097,"Spermidine":0.0115,"Vitamin B1 (Thiamine HCl)":0.0082,"Vitamin B12 (Methylcobalamin)":0.0285,"Vitamin B2 (Riboflavin-5-Phosphate)":0.0005,"Vitamin B3 (Niacinamide)":0.0407,"Vitamin B5 (Calcium-D-Pantothenate)":0.0032,"Vitamin B6 (Pyridoxal-5- Phosphate)":0.0432,"Vitamin B7 (D-Biotin)":0.0203,"Vitamin C (Ascorbic Acid)":0.0098,"Vitamin D Veg D3":0.0296,"Vitamin E (d-alpha tocopherol)":0.0084,"Vitamin K1":0.0564,"Vitamin K2 MK-7 MCT Oil":0.0158,"Vitamin K2 MK-4 MCT Oil":0.0049,"Sunflower lecithin non-GMO":0.0257,"Phosphatidylcholine":0.0143,"Choline":0.0521,"Lycopene":0,"Lysine":0.0107,"Taurine":0.0073,"Glucoraphanin":0.0248,"Ubiquinol":0.0085,"Zinc Citrate":0.0203,"Fiber":0.0016,"Blueberries":0.0532,"Macadamia nuts":0.0512,"Walnuts":0.0469,"Omega 3":0.0013,"Omega 6":0.038,"Calcium":0.065,"EVOO polyphenols":0.0025,"Oleic acid":0.0184,"Protein (plant)":0.0049,"Copper":0.023,"Caffeine":0.0154,"Magnesium Citrate":0.0428,"Manganese Citrate":0.0358,"Curcuminoids":0.0388,"Fisetin (smoketree extract)":0.0079,"Garlic extract 12:1 odorless":0.0109,"Genistein (Japonica extract)":0.0012,"Milled Golden Flaxseed":0.0314,"SDG lignan":0.037,"Phosphatidylinositol":0.0163,"Phosphatidylethanolamine":0.0097}],"vo2_max":34.1683}
