{"personal_data":[{"age":35,"gender":"M","name":"Delano Weber-Stark"}],"fitness_data":[{"Backwards Sled, 2 min":3,"Posture exercises":3,"Tricep extensions":1,"Face pulls":1,"Butterfly":3,"Band pull apart (back muscles)":3,"Back extensions (on a hyperextension)":1,"Obliques (each side, on a hyperextension)":3,"StretchesKneeling shin_Kneeling shin_":0,"StretchesHip flexor_Hip flexor_":5,"StretchesCouch_Couch_":1,"Leg raises (for abdomen)":2,"Seated calf raises":3,"Poliquin step ups":2,"Slant board squats":6,"ATG Split squats":3,"Nordics":2,"Reverse Nordics":0,"Tibialis raises,":4,"IsoTib ankle rotations":3,"Pull ups":3,"Chin ups":1,"10 min HIIT":3}],"supplement_vars":[{"N-Acetyl-L-Cysteine (NAC)":0.0038,"N-Acetyl-L-Cysteine (NAC) 2":0.0172,"Nicotinamide Riboside Chloride (NR)":0.0096,"Zeaxanthin":0.0005,"Phosphorus":0.0371,"Astaxanthin (Natural)":0.0064,"Boron Glycinate":0.0232,"CaAKG":0.0114,"Ashwagandha KSM66":0.0045,"Calcium L-5- Methyltetrahydrofolate (L-5-MTHF-Ca)":0.0301,"Cocoa Powder (Non-Alkalised) 8+% Flavanols":0.0118,"Red Yeast Rice (2% Monacolin K)":0.0193,"Creatine Monohydrate":0.0625,"Ginger":0.0753,"Glucosamine Sulfate KCI":0.025,"Grape Seed Extract 90% polyphenols":0.0059,"Broccoli Extract (glucoraphanin 10%)":0.0158,"Glycine":0.0329,"Theanine":0.0202,"Lactobacillus Acidophilus":0.0368,"Lithium orotate":0.0042,"Pomegranate Juice Extract (50% Polyphenols)":0.0308,"Potassium Iodate":0.0248,"Rhodiola 3% Rosavins / Salidroside 1%":0.0048,"Selenium":0.0124,"Glutathione reduced":0.0283,"Lutein":0.0089,"Luteolin":0.0078,"Cinnamon powder (ceylon) organic":0.0015,"Sodium Hyaluronate":0.0044,"Spermidine":0.0372,"Vitamin B1 (Thiamine HCl)":0.011,"Vitamin B12 (Methylcobalamin)":0.0313,"Vitamin B2 (Riboflavin-5-Phosphate)":0.0395,"Vitamin B3 (Niacinamide)":0.0188,"Vitamin B5 (Calcium-D-Pantothenate)":0.0217,"Vitamin B6 (Pyridoxal-5- Phosphate)":0.0375,"Vitamin B7 (D-Biotin)":0.0209,"Vitamin C (Ascorbic Acid)":0.0027,"Vitamin D Veg D3":0.0473,"Vitamin E (d-alpha tocopherol)":0.0339,"Vitamin K1":0.0196,"Vitamin K2 MK-7 MCT Oil":0.0021,"Vitamin K2 MK-4 MCT Oil":0.0134,"Sunflower lecithin non-GMO":0.0295,"Phosphatidylcholine":0.0132,"Choline":0.0106,"Lycopene":0.062,"Lysine":0.0061,"Taurine":0.0001,"Glucoraphanin":0.0119,"Ubiquinol":0.0112,"Zinc Citrate":0.0047,"Fiber":0.0052,"Blueberries":0.0347,"Macadamia nuts":0.0411,"Walnuts":0.0041,"Omega 3":0.0002,"Omega 6":0.0368,"Calcium":0.0202,"EVOO polyphenols":0.0037,"Oleic acid":0.0259,"Protein (plant)":0.001,"Copper":0.0001,"Caffeine":0.009,"Magnesium Citrate":0.0228,"Manganese Citrate":0.0516,"Curcuminoids":0.0247,"Fisetin (smoketree extract)":0.0276,"Garlic extract 12:1 odorless":0.0387,"Genistein (Japonica extract)":0.0178,"Milled Golden Flaxseed":0,"SDG lignan":0.0109,"Phosphatidylinositol":0.0184,"Phosphatidylethanolamine":0.0103}],"vo2_max":32.1782}
