{"personal_data":[{"age":62,"gender":"M","name":"Gertha Littel"}],"fitness_data":[{"Backwards Sled, 2 min":1,"Posture exercises":4,"Tricep extensions":2,"Face pulls":4,"Butterfly":6,"Band pull apart (back muscles)":1,"Back extensions (on a hyperextension)":2,"Obliques (each side, on a hyperextension)":2,"StretchesKneeling shin_Kneeling shin_":2,"StretchesHip flexor_Hip flexor_":3,"StretchesCouch_Couch_":2,"Leg raises (for abdomen)":3,"Seated calf raises":3,"Poliquin step ups":3,"Slant board squats":5,"ATG Split squats":1,"Nordics":0,"Reverse Nordics":3,"Tibialis raises,":1,"IsoTib ankle rotations":4,"Pull ups":4,"Chin ups":3,"10 min HIIT":2}],"supplement_vars":[{"N-Acetyl-L-Cysteine (NAC)":0.0137,"N-Acetyl-L-Cysteine (NAC) 2":0.009,"Nicotinamide Riboside Chloride (NR)":0.0136,"Zeaxanthin":0.0065,"Phosphorus":0.0396,"Astaxanthin (Natural)":0.0036,"Boron Glycinate":0.0201,"CaAKG":0.0104,"Ashwagandha KSM66":0.0072,"Calcium L-5- Methyltetrahydrofolate (L-5-MTHF-Ca)":0.0357,"Cocoa Powder (Non-Alkalised) 8+% Flavanols":0.0194,"Red Yeast Rice (2% Monacolin K)":0.0121,"Creatine Monohydrate":0.0685,"Ginger":0.0118,"Glucosamine Sulfate KCI":0.003,"Grape Seed Extract 90% polyphenols":0.0063,"Broccoli Extract (glucoraphanin 10%)":0.0158,"Glycine":0.0303,"Theanine":0.0002,"Lactobacillus Acidophilus":0.014,"Lithium orotate":0.0037,"Pomegranate Juice Extract (50% Polyphenols)":0.0082,"Potassium Iodate":0.0193,"Rhodiola 3% Rosavins / Salidroside 1%":0.0307,"Selenium":0.0335,"Glutathione reduced":0.036,"Lutein":0.0201,"Luteolin":0.0083,"Cinnamon powder (ceylon) organic":0.012,"Sodium Hyaluronate":0.0051,"Spermidine":0.037,"Vitamin B1 (Thiamine HCl)":0.0087,"Vitamin B12 (Methylcobalamin)":0.0479,"Vitamin B2 (Riboflavin-5-Phosphate)":0.0229,"Vitamin B3 (Niacinamide)":0.0351,"Vitamin B5 (Calcium-D-Pantothenate)":0.0169,"Vitamin B6 (Pyridoxal-5- Phosphate)":0.0158,"Vitamin B7 (D-Biotin)":0.0259,"Vitamin C (Ascorbic Acid)":0.0098,"Vitamin D Veg D3":0.0036,"Vitamin E (d-alpha tocopherol)":0.0455,"Vitamin K1":0.0093,"Vitamin K2 MK-7 MCT Oil":0.0074,"Vitamin K2 MK-4 MCT Oil":0.0241,"Sunflower lecithin non-GMO":0.0042,"Phosphatidylcholine":0.0108,"Choline":0.0044,"Lycopene":0.0433,"Lysine":0.0051,"Taurine":0.0193,"Glucoraphanin":0.0024,"Ubiquinol":0.0052,"Zinc Citrate":0.0191,"Fiber":0.0015,"Blueberries":0.0681,"Macadamia nuts":0.021,"Walnuts":0.0478,"Omega 3":0.0385,"Omega 6":0.0339,"Calcium":0.0215,"EVOO polyphenols":0.0068,"Oleic acid":0.0067,"Protein (plant)":0.0032,"Copper":0.0085,"Caffeine":0.0353,"Magnesium Citrate":0.0234,"Manganese Citrate":0.008,"Curcuminoids":0.0413,"Fisetin (smoketree extract)":0.0005,"Garlic extract 12:1 odorless":0.0432,"Genistein (Japonica extract)":0.0179,"Milled Golden Flaxseed":0.0326,"SDG lignan":0.0274,"Phosphatidylinositol":0.0253,"Phosphatidylethanolamine":0.0104}],"vo2_max":22.8808}
