{"personal_data":[{"age":21,"gender":"F","name":"Verne Kertzmann"}],"fitness_data":[{"Backwards Sled, 2 min":4,"Posture exercises":1,"Tricep extensions":4,"Face pulls":4,"Butterfly":1,"Band pull apart (back muscles)":1,"Back extensions (on a hyperextension)":3,"Obliques (each side, on a hyperextension)":3,"StretchesKneeling shin_Kneeling shin_":4,"StretchesHip flexor_Hip flexor_":5,"StretchesCouch_Couch_":1,"Leg raises (for abdomen)":3,"Seated calf raises":3,"Poliquin step ups":2,"Slant board squats":6,"ATG Split squats":4,"Nordics":6,"Reverse Nordics":1,"Tibialis raises,":3,"IsoTib ankle rotations":4,"Pull ups":2,"Chin ups":3,"10 min HIIT":2}],"supplement_vars":[{"N-Acetyl-L-Cysteine (NAC)":0.0144,"N-Acetyl-L-Cysteine (NAC) 2":0.0209,"Nicotinamide Riboside Chloride (NR)":0.0071,"Zeaxanthin":0.0111,"Phosphorus":0.0273,"Astaxanthin (Natural)":0.0051,"Boron Glycinate":0.0169,"CaAKG":0.0089,"Ashwagandha KSM66":0.0015,"Calcium L-5- Methyltetrahydrofolate (L-5-MTHF-Ca)":0.0282,"Cocoa Powder (Non-Alkalised) 8+% Flavanols":0.0102,"Red Yeast Rice (2% Monacolin K)":0.0223,"Creatine Monohydrate":0.0464,"Ginger":0.0505,"Glucosamine Sulfate KCI":0.0726,"Grape Seed Extract 90% polyphenols":0.0046,"Broccoli Extract (glucoraphanin 10%)":0.0053,"Glycine":0.0239,"Theanine":0.0345,"Lactobacillus Acidophilus":0.0279,"Lithium orotate":0.0021,"Pomegranate Juice Extract (50% Polyphenols)":0.0012,"Potassium Iodate":0.034,"Rhodiola 3% Rosavins / Salidroside 1%":0.0543,"Selenium":0.0016,"Glutathione reduced":0.0058,"Lutein":0.021,"Luteolin":0.0094,"Cinnamon powder (ceylon) organic":0.0029,"Sodium Hyaluronate":0.0003,"Spermidine":0.0326,"Vitamin B1 (Thiamine HCl)":0.0159,"Vitamin B12 (Methylcobalamin)":0.0681,"Vitamin B2 (Riboflavin-5-Phosphate)":0.0568,"Vitamin B3 (Niacinamide)":0.065,"Vitamin B5 (Calcium-D-Pantothenate)":0.0162,"Vitamin B6 (Pyridoxal-5- Phosphate)":0.0425,"Vitamin B7 (D-Biotin)":0.0263,"Vitamin C (Ascorbic Acid)":0.0047,"Vitamin D Veg D3":0.0013,"Vitamin E (d-alpha tocopherol)":0.0245,"Vitamin K1":0.0163,"Vitamin K2 MK-7 MCT Oil":0.0204,"Vitamin K2 MK-4 MCT Oil":0.0263,"Sunflower lecithin non-GMO":0.0164,"Phosphatidylcholine":0.0268,"Choline":0.0546,"Lycopene":0.0591,"Lysine":0.0067,"Taurine":0.0143,"Glucoraphanin":0.0091,"Ubiquinol":0.0011,"Zinc Citrate":0.0245,"Fiber":0.0025,"Blueberries":0.0116,"Macadamia nuts":0.0718,"Walnuts":0.0594,"Omega 3":0.0436,"Omega 6":0.006,"Calcium":0.0114,"EVOO polyphenols":0.0013,"Oleic acid":0.0359,"Protein (plant)":0.0009,"Copper":0.0052,"Caffeine":0.0456,"Magnesium Citrate":0.0094,"Manganese Citrate":0.0565,"Curcuminoids":0.029,"Fisetin (smoketree extract)":0.023,"Garlic extract 12:1 odorless":0.0129,"Genistein (Japonica extract)":0.0066,"Milled Golden Flaxseed":0.0285,"SDG lignan":0.0301,"Phosphatidylinositol":0.0014,"Phosphatidylethanolamine":0.0458}],"vo2_max":36.4897}
