{"personal_data":[{"age":52,"gender":"F","name":"Butch Parker-Olson"}],"fitness_data":[{"Backwards Sled, 2 min":3,"Posture exercises":4,"Tricep extensions":3,"Face pulls":1,"Butterfly":3,"Band pull apart (back muscles)":5,"Back extensions (on a hyperextension)":0,"Obliques (each side, on a hyperextension)":4,"StretchesKneeling shin_Kneeling shin_":5,"StretchesHip flexor_Hip flexor_":6,"StretchesCouch_Couch_":1,"Leg raises (for abdomen)":4,"Seated calf raises":1,"Poliquin step ups":4,"Slant board squats":5,"ATG Split squats":5,"Nordics":0,"Reverse Nordics":2,"Tibialis raises,":4,"IsoTib ankle rotations":6,"Pull ups":2,"Chin ups":2,"10 min HIIT":1}],"supplement_vars":[{"N-Acetyl-L-Cysteine (NAC)":0.0139,"N-Acetyl-L-Cysteine (NAC) 2":0.0003,"Nicotinamide Riboside Chloride (NR)":0.0062,"Zeaxanthin":0.0091,"Phosphorus":0.0165,"Astaxanthin (Natural)":0.0165,"Boron Glycinate":0.0183,"CaAKG":0.005,"Ashwagandha KSM66":0.0045,"Calcium L-5- Methyltetrahydrofolate (L-5-MTHF-Ca)":0.0033,"Cocoa Powder (Non-Alkalised) 8+% Flavanols":0.0158,"Red Yeast Rice (2% Monacolin K)":0.0149,"Creatine Monohydrate":0.0595,"Ginger":0.0472,"Glucosamine Sulfate KCI":0.0331,"Grape Seed Extract 90% polyphenols":0.0048,"Broccoli Extract (glucoraphanin 10%)":0.0079,"Glycine":0.0187,"Theanine":0.0329,"Lactobacillus Acidophilus":0.0452,"Lithium orotate":0.0043,"Pomegranate Juice Extract (50% Polyphenols)":0.0194,"Potassium Iodate":0.0337,"Rhodiola 3% Rosavins / Salidroside 1%":0.0505,"Selenium":0.0182,"Glutathione reduced":0.0515,"Lutein":0.0207,"Luteolin":0.0098,"Cinnamon powder (ceylon) organic":0.0166,"Sodium Hyaluronate":0.0059,"Spermidine":0.0644,"Vitamin B1 (Thiamine HCl)":0.0168,"Vitamin B12 (Methylcobalamin)":0.0109,"Vitamin B2 (Riboflavin-5-Phosphate)":0.0505,"Vitamin B3 (Niacinamide)":0.0042,"Vitamin B5 (Calcium-D-Pantothenate)":0.0155,"Vitamin B6 (Pyridoxal-5- Phosphate)":0.0111,"Vitamin B7 (D-Biotin)":0.014,"Vitamin C (Ascorbic Acid)":0.0091,"Vitamin D Veg D3":0.0378,"Vitamin E (d-alpha tocopherol)":0.0213,"Vitamin K1":0.0391,"Vitamin K2 MK-7 MCT Oil":0.0027,"Vitamin K2 MK-4 MCT Oil":0.0227,"Sunflower lecithin non-GMO":0.0191,"Phosphatidylcholine":0.0352,"Choline":0.0294,"Lycopene":0.0153,"Lysine":0.006,"Taurine":0.0331,"Glucoraphanin":0.0326,"Ubiquinol":0.0135,"Zinc Citrate":0.0317,"Fiber":0.0045,"Blueberries":0.0214,"Macadamia nuts":0.0201,"Walnuts":0.0433,"Omega 3":0.0149,"Omega 6":0.0572,"Calcium":0.0201,"EVOO polyphenols":0.0049,"Oleic acid":0.0012,"Protein (plant)":0.0002,"Copper":0.0194,"Caffeine":0.047,"Magnesium Citrate":0.0045,"Manganese Citrate":0.0961,"Curcuminoids":0.0051,"Fisetin (smoketree extract)":0.0108,"Garlic extract 12:1 odorless":0.0282,"Genistein (Japonica extract)":0.0147,"Milled Golden Flaxseed":0.0063,"SDG lignan":0.0165,"Phosphatidylinositol":0.0044,"Phosphatidylethanolamine":0.0316}],"vo2_max":29.5031}
