{"personal_data":[{"age":58,"gender":"M","name":"Silas Hahn Sr."}],"fitness_data":[{"Backwards Sled, 2 min":5,"Posture exercises":2,"Tricep extensions":1,"Face pulls":3,"Butterfly":2,"Band pull apart (back muscles)":1,"Back extensions (on a hyperextension)":2,"Obliques (each side, on a hyperextension)":1,"StretchesKneeling shin_Kneeling shin_":3,"StretchesHip flexor_Hip flexor_":4,"StretchesCouch_Couch_":0,"Leg raises (for abdomen)":5,"Seated calf raises":4,"Poliquin step ups":1,"Slant board squats":4,"ATG Split squats":2,"Nordics":3,"Reverse Nordics":2,"Tibialis raises,":3,"IsoTib ankle rotations":3,"Pull ups":1,"Chin ups":2,"10 min HIIT":3}],"supplement_vars":[{"N-Acetyl-L-Cysteine (NAC)":0.0096,"N-Acetyl-L-Cysteine (NAC) 2":0.0145,"Nicotinamide Riboside Chloride (NR)":0,"Zeaxanthin":0.0034,"Phosphorus":0.0157,"Astaxanthin (Natural)":0.0031,"Boron Glycinate":0.047,"CaAKG":0.0092,"Ashwagandha KSM66":0.0043,"Calcium L-5- Methyltetrahydrofolate (L-5-MTHF-Ca)":0.0643,"Cocoa Powder (Non-Alkalised) 8+% Flavanols":0.0144,"Red Yeast Rice (2% Monacolin K)":0.0232,"Creatine Monohydrate":0.0669,"Ginger":0.0872,"Glucosamine Sulfate KCI":0.0472,"Grape Seed Extract 90% polyphenols":0.0085,"Broccoli Extract (glucoraphanin 10%)":0.0295,"Glycine":0.0054,"Theanine":0.0323,"Lactobacillus Acidophilus":0.0114,"Lithium orotate":0.009,"Pomegranate Juice Extract (50% Polyphenols)":0.048,"Potassium Iodate":0.0372,"Rhodiola 3% Rosavins / Salidroside 1%":0.0268,"Selenium":0.0392,"Glutathione reduced":0.0463,"Lutein":0.0185,"Luteolin":0.0028,"Cinnamon powder (ceylon) organic":0.0049,"Sodium Hyaluronate":0.0098,"Spermidine":0.0579,"Vitamin B1 (Thiamine HCl)":0.0068,"Vitamin B12 (Methylcobalamin)":0.0205,"Vitamin B2 (Riboflavin-5-Phosphate)":0.0431,"Vitamin B3 (Niacinamide)":0.0308,"Vitamin B5 (Calcium-D-Pantothenate)":0.001,"Vitamin B6 (Pyridoxal-5- Phosphate)":0.0302,"Vitamin B7 (D-Biotin)":0.0085,"Vitamin C (Ascorbic Acid)":0.0066,"Vitamin D Veg D3":0.0175,"Vitamin E (d-alpha tocopherol)":0.039,"Vitamin K1":0.0288,"Vitamin K2 MK-7 MCT Oil":0.0188,"Vitamin K2 MK-4 MCT Oil":0.0132,"Sunflower lecithin non-GMO":0.0122,"Phosphatidylcholine":0.0105,"Choline":0.0532,"Lycopene":0.0115,"Lysine":0.0047,"Taurine":0.0148,"Glucoraphanin":0.0341,"Ubiquinol":0.0002,"Zinc Citrate":0.0029,"Fiber":0.003,"Blueberries":0.0425,"Macadamia nuts":0.0751,"Walnuts":0.0321,"Omega 3":0.0041,"Omega 6":0.0246,"Calcium":0.0381,"EVOO polyphenols":0.0001,"Oleic acid":0.0353,"Protein (plant)":0.0016,"Copper":0.0181,"Caffeine":0.0325,"Magnesium Citrate":0.0402,"Manganese Citrate":0.0464,"Curcuminoids":0.0416,"Fisetin (smoketree extract)":0.0212,"Garlic extract 12:1 odorless":0.0428,"Genistein (Japonica extract)":0.0079,"Milled Golden Flaxseed":0.0142,"SDG lignan":0.0421,"Phosphatidylinositol":0.0065,"Phosphatidylethanolamine":0.0051}],"vo2_max":26.4497}
