{"personal_data":[{"age":30,"gender":"F","name":"Demetra Schmidt"}],"fitness_data":[{"Backwards Sled, 2 min":3,"Posture exercises":0,"Tricep extensions":1,"Face pulls":1,"Butterfly":2,"Band pull apart (back muscles)":1,"Back extensions (on a hyperextension)":3,"Obliques (each side, on a hyperextension)":3,"StretchesKneeling shin_Kneeling shin_":3,"StretchesHip flexor_Hip flexor_":3,"StretchesCouch_Couch_":1,"Leg raises (for abdomen)":5,"Seated calf raises":3,"Poliquin step ups":1,"Slant board squats":3,"ATG Split squats":5,"Nordics":2,"Reverse Nordics":2,"Tibialis raises,":1,"IsoTib ankle rotations":3,"Pull ups":1,"Chin ups":3,"10 min HIIT":4}],"supplement_vars":[{"N-Acetyl-L-Cysteine (NAC)":0.0128,"N-Acetyl-L-Cysteine (NAC) 2":0.0077,"Nicotinamide Riboside Chloride (NR)":0.0107,"Zeaxanthin":0.0031,"Phosphorus":0.0068,"Astaxanthin (Natural)":0.0011,"Boron Glycinate":0.0369,"CaAKG":0.01,"Ashwagandha KSM66":0.0034,"Calcium L-5- Methyltetrahydrofolate (L-5-MTHF-Ca)":0.0032,"Cocoa Powder (Non-Alkalised) 8+% Flavanols":0.0102,"Red Yeast Rice (2% Monacolin K)":0.0252,"Creatine Monohydrate":0.0219,"Ginger":0.0458,"Glucosamine Sulfate KCI":0.024,"Grape Seed Extract 90% polyphenols":0.0059,"Broccoli Extract (glucoraphanin 10%)":0.0085,"Glycine":0.0047,"Theanine":0.0374,"Lactobacillus Acidophilus":0.0589,"Lithium orotate":0.0007,"Pomegranate Juice Extract (50% Polyphenols)":0.0387,"Potassium Iodate":0.0377,"Rhodiola 3% Rosavins / Salidroside 1%":0.0017,"Selenium":0.0058,"Glutathione reduced":0.0367,"Lutein":0.022,"Luteolin":0.0077,"Cinnamon powder (ceylon) organic":0.015,"Sodium Hyaluronate":0,"Spermidine":0.0732,"Vitamin B1 (Thiamine HCl)":0.0154,"Vitamin B12 (Methylcobalamin)":0.0862,"Vitamin B2 (Riboflavin-5-Phosphate)":0.0226,"Vitamin B3 (Niacinamide)":0.0268,"Vitamin B5 (Calcium-D-Pantothenate)":0.0181,"Vitamin B6 (Pyridoxal-5- Phosphate)":0.0056,"Vitamin B7 (D-Biotin)":0.0301,"Vitamin C (Ascorbic Acid)":0.0108,"Vitamin D Veg D3":0.0284,"Vitamin E (d-alpha tocopherol)":0.0286,"Vitamin K1":0.016,"Vitamin K2 MK-7 MCT Oil":0.0255,"Vitamin K2 MK-4 MCT Oil":0.0358,"Sunflower lecithin non-GMO":0.0154,"Phosphatidylcholine":0.0309,"Choline":0.0331,"Lycopene":0.0027,"Lysine":0.0033,"Taurine":0.0063,"Glucoraphanin":0.0337,"Ubiquinol":0.0022,"Zinc Citrate":0.0138,"Fiber":0.0052,"Blueberries":0.0564,"Macadamia nuts":0.0594,"Walnuts":0.0678,"Omega 3":0.0271,"Omega 6":0.0167,"Calcium":0.012,"EVOO polyphenols":0.0057,"Oleic acid":0.0012,"Protein (plant)":0.0012,"Copper":0.0066,"Caffeine":0.0013,"Magnesium Citrate":0.0389,"Manganese Citrate":0.0707,"Curcuminoids":0.0014,"Fisetin (smoketree extract)":0.0125,"Garlic extract 12:1 odorless":0.0302,"Genistein (Japonica extract)":0.0064,"Milled Golden Flaxseed":0.0094,"SDG lignan":0.0414,"Phosphatidylinositol":0.0122,"Phosphatidylethanolamine":0.0099}],"vo2_max":34.398}
