{"personal_data":[{"age":61,"gender":"F"}],"fitness_data":[{"Backwards Sled, 2 min":4,"Posture exercises":4,"Tricep extensions":4,"Face pulls":5,"Butterfly":2,"Band pull apart (back muscles)":0,"Back extensions (on a hyperextension)":0,"Obliques (each side, on a hyperextension)":4,"StretchesKneeling shin_Kneeling shin_":0,"StretchesHip flexor_Hip flexor_":5,"StretchesCouch_Couch_":1,"Leg raises (for abdomen)":0,"Seated calf raises":1,"Poliquin step ups":2,"Slant board squats":6,"ATG Split squats":6,"Nordics":4,"Reverse Nordics":3,"Tibialis raises,":5,"IsoTib ankle rotations":6,"Pull ups":4,"Chin ups":0,"10 min HIIT":1}],"supplement_vars":[{"N-Acetyl-L-Cysteine (NAC)":0.0099,"N-Acetyl-L-Cysteine (NAC) 2":0.0119,"Nicotinamide Riboside Chloride (NR)":0.0122,"Zeaxanthin":0.0073,"Phosphorus":0.0243,"Astaxanthin (Natural)":0.0239,"Boron Glycinate":0.0269,"CaAKG":0.0078,"Ashwagandha KSM66":0.0079,"Calcium L-5- Methyltetrahydrofolate (L-5-MTHF-Ca)":0.0251,"Cocoa Powder (Non-Alkalised) 8+% Flavanols":0.0062,"Red Yeast Rice (2% Monacolin K)":0.022,"Creatine Monohydrate":0.0458,"Ginger":0.0701,"Glucosamine Sulfate KCI":0.0111,"Grape Seed Extract 90% polyphenols":0.0028,"Broccoli Extract (glucoraphanin 10%)":0.013,"Glycine":0.0159,"Theanine":0.0286,"Lactobacillus Acidophilus":0.0855,"Lithium orotate":0.0005,"Pomegranate Juice Extract (50% Polyphenols)":0.0698,"Potassium Iodate":0.0386,"Rhodiola 3% Rosavins / Salidroside 1%":0.0476,"Selenium":0.0104,"Glutathione reduced":0.0326,"Lutein":0.0243,"Luteolin":0.0072,"Cinnamon powder (ceylon) organic":0.0132,"Sodium Hyaluronate":0.008,"Spermidine":0.0135,"Vitamin B1 (Thiamine HCl)":0.0064,"Vitamin B12 (Methylcobalamin)":0.0197,"Vitamin B2 (Riboflavin-5-Phosphate)":0.0072,"Vitamin B3 (Niacinamide)":0.0449,"Vitamin B5 (Calcium-D-Pantothenate)":0.0081,"Vitamin B6 (Pyridoxal-5- Phosphate)":0.0238,"Vitamin B7 (D-Biotin)":0.0326,"Vitamin C (Ascorbic Acid)":0.0066,"Vitamin D Veg D3":0.034,"Vitamin E (d-alpha tocopherol)":0.0379,"Vitamin K1":0.0381,"Vitamin K2 MK-7 MCT Oil":0.033,"Vitamin K2 MK-4 MCT Oil":0.0194,"Sunflower lecithin non-GMO":0.0357,"Phosphatidylcholine":0.0216,"Choline":0.0468,"Lycopene":0.0723,"Lysine":0.0044,"Taurine":0.0052,"Glucoraphanin":0.0078,"Ubiquinol":0.0099,"Zinc Citrate":0.0299,"Fiber":0.0037,"Blueberries":0.0523,"Macadamia nuts":0.0856,"Walnuts":0.009,"Omega 3":0.0423,"Omega 6":0.0563,"Calcium":0.07,"EVOO polyphenols":0.0052,"Oleic acid":0.0135,"Protein (plant)":0.004,"Copper":0.0087,"Caffeine":0.0274,"Magnesium Citrate":0.0023,"Manganese Citrate":0.0743,"Curcuminoids":0.0105,"Fisetin (smoketree extract)":0.029,"Garlic extract 12:1 odorless":0.0039,"Genistein (Japonica extract)":0.012,"Milled Golden Flaxseed":0.0187,"SDG lignan":0.0545,"Phosphatidylinositol":0.011,"Phosphatidylethanolamine":0.0333}],"vo2_max":25.9243}
