{"personal_data":[{"age":31,"gender":"M","name":"Ilona Jacobson"}],"fitness_data":[{"Backwards Sled, 2 min":1,"Posture exercises":1,"Tricep extensions":1,"Face pulls":1,"Butterfly":3,"Band pull apart (back muscles)":2,"Back extensions (on a hyperextension)":4,"Obliques (each side, on a hyperextension)":3,"StretchesKneeling shin_Kneeling shin_":1,"StretchesHip flexor_Hip flexor_":0,"StretchesCouch_Couch_":2,"Leg raises (for abdomen)":2,"Seated calf raises":3,"Poliquin step ups":1,"Slant board squats":3,"ATG Split squats":3,"Nordics":1,"Reverse Nordics":2,"Tibialis raises,":1,"IsoTib ankle rotations":3,"Pull ups":4,"Chin ups":0,"10 min HIIT":3}],"supplement_vars":[{"N-Acetyl-L-Cysteine (NAC)":0.0139,"N-Acetyl-L-Cysteine (NAC) 2":0.0081,"Nicotinamide Riboside Chloride (NR)":0.0065,"Zeaxanthin":0.0007,"Phosphorus":0.0115,"Astaxanthin (Natural)":0.0044,"Boron Glycinate":0.0043,"CaAKG":0.0095,"Ashwagandha KSM66":0.0041,"Calcium L-5- Methyltetrahydrofolate (L-5-MTHF-Ca)":0.0403,"Cocoa Powder (Non-Alkalised) 8+% Flavanols":0.0084,"Red Yeast Rice (2% Monacolin K)":0.0333,"Creatine Monohydrate":0.001,"Ginger":0.0557,"Glucosamine Sulfate KCI":0.0588,"Grape Seed Extract 90% polyphenols":0.005,"Broccoli Extract (glucoraphanin 10%)":0.0119,"Glycine":0.0299,"Theanine":0.0095,"Lactobacillus Acidophilus":0.0752,"Lithium orotate":0.003,"Pomegranate Juice Extract (50% Polyphenols)":0.033,"Potassium Iodate":0.0344,"Rhodiola 3% Rosavins / Salidroside 1%":0.0607,"Selenium":0.0176,"Glutathione reduced":0.0225,"Lutein":0.0019,"Luteolin":0.0056,"Cinnamon powder (ceylon) organic":0.0104,"Sodium Hyaluronate":0.0045,"Spermidine":0.065,"Vitamin B1 (Thiamine HCl)":0.0028,"Vitamin B12 (Methylcobalamin)":0.0224,"Vitamin B2 (Riboflavin-5-Phosphate)":0.0069,"Vitamin B3 (Niacinamide)":0.0676,"Vitamin B5 (Calcium-D-Pantothenate)":0.0206,"Vitamin B6 (Pyridoxal-5- Phosphate)":0.0272,"Vitamin B7 (D-Biotin)":0.0065,"Vitamin C (Ascorbic Acid)":0.0078,"Vitamin D Veg D3":0.0329,"Vitamin E (d-alpha tocopherol)":0.0377,"Vitamin K1":0.0067,"Vitamin K2 MK-7 MCT Oil":0.018,"Vitamin K2 MK-4 MCT Oil":0.0167,"Sunflower lecithin non-GMO":0.0242,"Phosphatidylcholine":0.0251,"Choline":0.0453,"Lycopene":0.0231,"Lysine":0.0017,"Taurine":0.0333,"Glucoraphanin":0.0177,"Ubiquinol":0.0127,"Zinc Citrate":0.0306,"Fiber":0.002,"Blueberries":0.0092,"Macadamia nuts":0.0581,"Walnuts":0.0645,"Omega 3":0.0334,"Omega 6":0.0105,"Calcium":0.0198,"EVOO polyphenols":0.0055,"Oleic acid":0.0126,"Protein (plant)":0.001,"Copper":0.0088,"Caffeine":0.0521,"Magnesium Citrate":0.022,"Manganese Citrate":0.0553,"Curcuminoids":0.0176,"Fisetin (smoketree extract)":0.0153,"Garlic extract 12:1 odorless":0.0187,"Genistein (Japonica extract)":0.0178,"Milled Golden Flaxseed":0.0134,"SDG lignan":0.0085,"Phosphatidylinositol":0.0235,"Phosphatidylethanolamine":0.0114}],"vo2_max":32.105}
