{"personal_data":[{"age":41,"gender":"M","name":"Jerica Leuschke-Morissette"}],"fitness_data":[{"Backwards Sled, 2 min":3,"Posture exercises":1,"Tricep extensions":4,"Face pulls":1,"Butterfly":1,"Band pull apart (back muscles)":2,"Back extensions (on a hyperextension)":0,"Obliques (each side, on a hyperextension)":2,"StretchesKneeling shin_Kneeling shin_":3,"StretchesHip flexor_Hip flexor_":6,"StretchesCouch_Couch_":0,"Leg raises (for abdomen)":1,"Seated calf raises":1,"Poliquin step ups":1,"Slant board squats":7,"ATG Split squats":6,"Nordics":2,"Reverse Nordics":2,"Tibialis raises,":0,"IsoTib ankle rotations":4,"Pull ups":1,"Chin ups":0,"10 min HIIT":1}],"supplement_vars":[{"N-Acetyl-L-Cysteine (NAC)":0.0197,"N-Acetyl-L-Cysteine (NAC) 2":0.0037,"Nicotinamide Riboside Chloride (NR)":0.0015,"Zeaxanthin":0.0067,"Phosphorus":0.0147,"Astaxanthin (Natural)":0.0177,"Boron Glycinate":0.0416,"CaAKG":0.0112,"Ashwagandha KSM66":0.0053,"Calcium L-5- Methyltetrahydrofolate (L-5-MTHF-Ca)":0.009,"Cocoa Powder (Non-Alkalised) 8+% Flavanols":0.0073,"Red Yeast Rice (2% Monacolin K)":0.029,"Creatine Monohydrate":0.0053,"Ginger":0.0787,"Glucosamine Sulfate KCI":0.0625,"Grape Seed Extract 90% polyphenols":0.0004,"Broccoli Extract (glucoraphanin 10%)":0.0034,"Glycine":0.0122,"Theanine":0.0306,"Lactobacillus Acidophilus":0.0594,"Lithium orotate":0.0075,"Pomegranate Juice Extract (50% Polyphenols)":0.0506,"Potassium Iodate":0.0123,"Rhodiola 3% Rosavins / Salidroside 1%":0.0051,"Selenium":0.0149,"Glutathione reduced":0.0121,"Lutein":0.0071,"Luteolin":0.0083,"Cinnamon powder (ceylon) organic":0.0241,"Sodium Hyaluronate":0.0087,"Spermidine":0.0881,"Vitamin B1 (Thiamine HCl)":0.0102,"Vitamin B12 (Methylcobalamin)":0.0462,"Vitamin B2 (Riboflavin-5-Phosphate)":0.0171,"Vitamin B3 (Niacinamide)":0.0115,"Vitamin B5 (Calcium-D-Pantothenate)":0.0064,"Vitamin B6 (Pyridoxal-5- Phosphate)":0.0332,"Vitamin B7 (D-Biotin)":0.0131,"Vitamin C (Ascorbic Acid)":0.0051,"Vitamin D Veg D3":0.0269,"Vitamin E (d-alpha tocopherol)":0.0426,"Vitamin K1":0.023,"Vitamin K2 MK-7 MCT Oil":0.0252,"Vitamin K2 MK-4 MCT Oil":0.0235,"Sunflower lecithin non-GMO":0.0245,"Phosphatidylcholine":0.029,"Choline":0.0144,"Lycopene":0.0337,"Lysine":0.0101,"Taurine":0.0225,"Glucoraphanin":0.0261,"Ubiquinol":0.0135,"Zinc Citrate":0.0309,"Fiber":0.0045,"Blueberries":0.0526,"Macadamia nuts":0.0498,"Walnuts":0.021,"Omega 3":0.002,"Omega 6":0.0136,"Calcium":0.0199,"EVOO polyphenols":0.0032,"Oleic acid":0.0326,"Protein (plant)":0.0039,"Copper":0.0161,"Caffeine":0.0232,"Magnesium Citrate":0.0109,"Manganese Citrate":0.0487,"Curcuminoids":0.0421,"Fisetin (smoketree extract)":0.0215,"Garlic extract 12:1 odorless":0.0404,"Genistein (Japonica extract)":0.0036,"Milled Golden Flaxseed":0.0176,"SDG lignan":0.024,"Phosphatidylinositol":0.012,"Phosphatidylethanolamine":0.0049}],"vo2_max":29.2967}
