{"personal_data":[{"age":29,"gender":"M","name":"Alcide Fritsch Sr."}],"fitness_data":[{"Backwards Sled, 2 min":2,"Posture exercises":1,"Tricep extensions":1,"Face pulls":3,"Butterfly":5,"Band pull apart (back muscles)":6,"Back extensions (on a hyperextension)":1,"Obliques (each side, on a hyperextension)":1,"StretchesKneeling shin_Kneeling shin_":2,"StretchesHip flexor_Hip flexor_":4,"StretchesCouch_Couch_":3,"Leg raises (for abdomen)":0,"Seated calf raises":4,"Poliquin step ups":3,"Slant board squats":4,"ATG Split squats":3,"Nordics":2,"Reverse Nordics":3,"Tibialis raises,":1,"IsoTib ankle rotations":3,"Pull ups":1,"Chin ups":2,"10 min HIIT":4}],"supplement_vars":[{"N-Acetyl-L-Cysteine (NAC)":0.0005,"N-Acetyl-L-Cysteine (NAC) 2":0.0011,"Nicotinamide Riboside Chloride (NR)":0.0171,"Zeaxanthin":0.0117,"Phosphorus":0.0315,"Astaxanthin (Natural)":0.0238,"Boron Glycinate":0.0341,"CaAKG":0.0019,"Ashwagandha KSM66":0.0078,"Calcium L-5- Methyltetrahydrofolate (L-5-MTHF-Ca)":0.0649,"Cocoa Powder (Non-Alkalised) 8+% Flavanols":0.011,"Red Yeast Rice (2% Monacolin K)":0.0307,"Creatine Monohydrate":0.028,"Ginger":0.0088,"Glucosamine Sulfate KCI":0.0691,"Grape Seed Extract 90% polyphenols":0.001,"Broccoli Extract (glucoraphanin 10%)":0.0249,"Glycine":0.0081,"Theanine":0.0461,"Lactobacillus Acidophilus":0.0894,"Lithium orotate":0.0098,"Pomegranate Juice Extract (50% Polyphenols)":0.0164,"Potassium Iodate":0.0341,"Rhodiola 3% Rosavins / Salidroside 1%":0.0003,"Selenium":0.0206,"Glutathione reduced":0.0329,"Lutein":0.0168,"Luteolin":0.0018,"Cinnamon powder (ceylon) organic":0.0128,"Sodium Hyaluronate":0.0014,"Spermidine":0.0194,"Vitamin B1 (Thiamine HCl)":0,"Vitamin B12 (Methylcobalamin)":0.0078,"Vitamin B2 (Riboflavin-5-Phosphate)":0.047,"Vitamin B3 (Niacinamide)":0.0238,"Vitamin B5 (Calcium-D-Pantothenate)":0.0007,"Vitamin B6 (Pyridoxal-5- Phosphate)":0.022,"Vitamin B7 (D-Biotin)":0.0234,"Vitamin C (Ascorbic Acid)":0.0128,"Vitamin D Veg D3":0.0029,"Vitamin E (d-alpha tocopherol)":0.0006,"Vitamin K1":0.055,"Vitamin K2 MK-7 MCT Oil":0.0159,"Vitamin K2 MK-4 MCT Oil":0.0039,"Sunflower lecithin non-GMO":0.0391,"Phosphatidylcholine":0.0324,"Choline":0.0373,"Lycopene":0.076,"Lysine":0.0004,"Taurine":0.0054,"Glucoraphanin":0.0017,"Ubiquinol":0.0039,"Zinc Citrate":0.0094,"Fiber":0.002,"Blueberries":0.0213,"Macadamia nuts":0.0525,"Walnuts":0.021,"Omega 3":0.0096,"Omega 6":0.0209,"Calcium":0.0216,"EVOO polyphenols":0.0001,"Oleic acid":0.0212,"Protein (plant)":0.002,"Copper":0.0021,"Caffeine":0.0564,"Magnesium Citrate":0.0097,"Manganese Citrate":0.0626,"Curcuminoids":0.0375,"Fisetin (smoketree extract)":0.0039,"Garlic extract 12:1 odorless":0.015,"Genistein (Japonica extract)":0.0026,"Milled Golden Flaxseed":0.0224,"SDG lignan":0.0438,"Phosphatidylinositol":0.0145,"Phosphatidylethanolamine":0.026}],"vo2_max":32.5736}
