{"personal_data":[{"age":80,"gender":"F","name":"Florine Will"}],"fitness_data":[{"Backwards Sled, 2 min":2,"Posture exercises":1,"Tricep extensions":0,"Face pulls":5,"Butterfly":3,"Band pull apart (back muscles)":6,"Back extensions (on a hyperextension)":1,"Obliques (each side, on a hyperextension)":4,"StretchesKneeling shin_Kneeling shin_":1,"StretchesHip flexor_Hip flexor_":5,"StretchesCouch_Couch_":1,"Leg raises (for abdomen)":4,"Seated calf raises":1,"Poliquin step ups":0,"Slant board squats":4,"ATG Split squats":5,"Nordics":5,"Reverse Nordics":4,"Tibialis raises,":1,"IsoTib ankle rotations":3,"Pull ups":1,"Chin ups":1,"10 min HIIT":1}],"supplement_vars":[{"N-Acetyl-L-Cysteine (NAC)":0.0045,"N-Acetyl-L-Cysteine (NAC) 2":0.006,"Nicotinamide Riboside Chloride (NR)":0.0004,"Zeaxanthin":0.0108,"Phosphorus":0.0241,"Astaxanthin (Natural)":0.008,"Boron Glycinate":0.0445,"CaAKG":0.0085,"Ashwagandha KSM66":0.0052,"Calcium L-5- Methyltetrahydrofolate (L-5-MTHF-Ca)":0.0423,"Cocoa Powder (Non-Alkalised) 8+% Flavanols":0.0094,"Red Yeast Rice (2% Monacolin K)":0.013,"Creatine Monohydrate":0.0445,"Ginger":0.0349,"Glucosamine Sulfate KCI":0.0523,"Grape Seed Extract 90% polyphenols":0.0123,"Broccoli Extract (glucoraphanin 10%)":0.018,"Glycine":0.0095,"Theanine":0.0535,"Lactobacillus Acidophilus":0.0399,"Lithium orotate":0.0071,"Pomegranate Juice Extract (50% Polyphenols)":0.0578,"Potassium Iodate":0.0302,"Rhodiola 3% Rosavins / Salidroside 1%":0.0523,"Selenium":0.0372,"Glutathione reduced":0.0176,"Lutein":0.0203,"Luteolin":0.004,"Cinnamon powder (ceylon) organic":0.0128,"Sodium Hyaluronate":0.0102,"Spermidine":0.0464,"Vitamin B1 (Thiamine HCl)":0.0047,"Vitamin B12 (Methylcobalamin)":0.0287,"Vitamin B2 (Riboflavin-5-Phosphate)":0.0278,"Vitamin B3 (Niacinamide)":0.0191,"Vitamin B5 (Calcium-D-Pantothenate)":0.004,"Vitamin B6 (Pyridoxal-5- Phosphate)":0.0149,"Vitamin B7 (D-Biotin)":0.0029,"Vitamin C (Ascorbic Acid)":0.0039,"Vitamin D Veg D3":0.0081,"Vitamin E (d-alpha tocopherol)":0.0169,"Vitamin K1":0.0312,"Vitamin K2 MK-7 MCT Oil":0.0112,"Vitamin K2 MK-4 MCT Oil":0.0314,"Sunflower lecithin non-GMO":0.0398,"Phosphatidylcholine":0.0159,"Choline":0.0469,"Lycopene":0.0718,"Lysine":0.0025,"Taurine":0.0421,"Glucoraphanin":0.024,"Ubiquinol":0.0001,"Zinc Citrate":0.0002,"Fiber":0.0014,"Blueberries":0.0026,"Macadamia nuts":0.0382,"Walnuts":0.0126,"Omega 3":0.0334,"Omega 6":0.0503,"Calcium":0.0169,"EVOO polyphenols":0.0021,"Oleic acid":0.0344,"Protein (plant)":0.0009,"Copper":0.019,"Caffeine":0.0521,"Magnesium Citrate":0.0029,"Manganese Citrate":0.0805,"Curcuminoids":0.0067,"Fisetin (smoketree extract)":0.0261,"Garlic extract 12:1 odorless":0.0368,"Genistein (Japonica extract)":0.0057,"Milled Golden Flaxseed":0.0045,"SDG lignan":0.0083,"Phosphatidylinositol":0.0123,"Phosphatidylethanolamine":0.0372}],"vo2_max":18.8551}
