{"personal_data":[{"age":57,"gender":"M","name":"Brandt Hodkiewicz"}],"fitness_data":[{"Backwards Sled, 2 min":1,"Posture exercises":1,"Tricep extensions":2,"Face pulls":3,"Butterfly":2,"Band pull apart (back muscles)":5,"Back extensions (on a hyperextension)":1,"Obliques (each side, on a hyperextension)":3,"StretchesKneeling shin_Kneeling shin_":4,"StretchesHip flexor_Hip flexor_":4,"StretchesCouch_Couch_":1,"Leg raises (for abdomen)":5,"Seated calf raises":3,"Poliquin step ups":4,"Slant board squats":4,"ATG Split squats":6,"Nordics":1,"Reverse Nordics":4,"Tibialis raises,":4,"IsoTib ankle rotations":4,"Pull ups":4,"Chin ups":2,"10 min HIIT":1}],"supplement_vars":[{"N-Acetyl-L-Cysteine (NAC)":0.0002,"N-Acetyl-L-Cysteine (NAC) 2":0.0119,"Nicotinamide Riboside Chloride (NR)":0.0177,"Zeaxanthin":0.0003,"Phosphorus":0.0226,"Astaxanthin (Natural)":0.0238,"Boron Glycinate":0.0437,"CaAKG":0.0065,"Ashwagandha KSM66":0.0045,"Calcium L-5- Methyltetrahydrofolate (L-5-MTHF-Ca)":0.0246,"Cocoa Powder (Non-Alkalised) 8+% Flavanols":0.0086,"Red Yeast Rice (2% Monacolin K)":0.0224,"Creatine Monohydrate":0.0324,"Ginger":0.022,"Glucosamine Sulfate KCI":0.0156,"Grape Seed Extract 90% polyphenols":0.0105,"Broccoli Extract (glucoraphanin 10%)":0.0318,"Glycine":0.0322,"Theanine":0.0402,"Lactobacillus Acidophilus":0.0503,"Lithium orotate":0.0032,"Pomegranate Juice Extract (50% Polyphenols)":0.0384,"Potassium Iodate":0.003,"Rhodiola 3% Rosavins / Salidroside 1%":0.0389,"Selenium":0.0033,"Glutathione reduced":0.0547,"Lutein":0.016,"Luteolin":0.0014,"Cinnamon powder (ceylon) organic":0.0258,"Sodium Hyaluronate":0.0001,"Spermidine":0.0487,"Vitamin B1 (Thiamine HCl)":0.006,"Vitamin B12 (Methylcobalamin)":0.0681,"Vitamin B2 (Riboflavin-5-Phosphate)":0.0366,"Vitamin B3 (Niacinamide)":0.0487,"Vitamin B5 (Calcium-D-Pantothenate)":0.0079,"Vitamin B6 (Pyridoxal-5- Phosphate)":0.0024,"Vitamin B7 (D-Biotin)":0.0149,"Vitamin C (Ascorbic Acid)":0.0075,"Vitamin D Veg D3":0.0012,"Vitamin E (d-alpha tocopherol)":0.0444,"Vitamin K1":0.0177,"Vitamin K2 MK-7 MCT Oil":0.0085,"Vitamin K2 MK-4 MCT Oil":0.0128,"Sunflower lecithin non-GMO":0.0304,"Phosphatidylcholine":0.0022,"Choline":0.0012,"Lycopene":0.013,"Lysine":0.0096,"Taurine":0.0443,"Glucoraphanin":0.002,"Ubiquinol":0.0062,"Zinc Citrate":0.0064,"Fiber":0.0003,"Blueberries":0.053,"Macadamia nuts":0.0353,"Walnuts":0.0656,"Omega 3":0.0211,"Omega 6":0.0351,"Calcium":0.0307,"EVOO polyphenols":0.0001,"Oleic acid":0.0182,"Protein (plant)":0.0008,"Copper":0.0008,"Caffeine":0.0093,"Magnesium Citrate":0.0555,"Manganese Citrate":0.064,"Curcuminoids":0.0248,"Fisetin (smoketree extract)":0.0022,"Garlic extract 12:1 odorless":0.013,"Genistein (Japonica extract)":0.0001,"Milled Golden Flaxseed":0.0159,"SDG lignan":0.0193,"Phosphatidylinositol":0.0016,"Phosphatidylethanolamine":0.0253}],"vo2_max":28.5946}
