{"personal_data":[{"age":27,"gender":"M","name":"Quint Becker"}],"fitness_data":[{"Backwards Sled, 2 min":4,"Posture exercises":3,"Tricep extensions":4,"Face pulls":1,"Butterfly":4,"Band pull apart (back muscles)":0,"Back extensions (on a hyperextension)":3,"Obliques (each side, on a hyperextension)":0,"StretchesKneeling shin_Kneeling shin_":0,"StretchesHip flexor_Hip flexor_":3,"StretchesCouch_Couch_":2,"Leg raises (for abdomen)":1,"Seated calf raises":3,"Poliquin step ups":2,"Slant board squats":4,"ATG Split squats":5,"Nordics":4,"Reverse Nordics":3,"Tibialis raises,":1,"IsoTib ankle rotations":0,"Pull ups":4,"Chin ups":3,"10 min HIIT":1}],"supplement_vars":[{"N-Acetyl-L-Cysteine (NAC)":0.0069,"N-Acetyl-L-Cysteine (NAC) 2":0.0191,"Nicotinamide Riboside Chloride (NR)":0.0085,"Zeaxanthin":0.0036,"Phosphorus":0.0208,"Astaxanthin (Natural)":0.0142,"Boron Glycinate":0.0395,"CaAKG":0.0029,"Ashwagandha KSM66":0.0071,"Calcium L-5- Methyltetrahydrofolate (L-5-MTHF-Ca)":0.0137,"Cocoa Powder (Non-Alkalised) 8+% Flavanols":0.017,"Red Yeast Rice (2% Monacolin K)":0.0269,"Creatine Monohydrate":0.0096,"Ginger":0.0121,"Glucosamine Sulfate KCI":0.0601,"Grape Seed Extract 90% polyphenols":0.0061,"Broccoli Extract (glucoraphanin 10%)":0.0043,"Glycine":0.0054,"Theanine":0.0231,"Lactobacillus Acidophilus":0.0237,"Lithium orotate":0.0042,"Pomegranate Juice Extract (50% Polyphenols)":0.0674,"Potassium Iodate":0.0314,"Rhodiola 3% Rosavins / Salidroside 1%":0.0143,"Selenium":0.0065,"Glutathione reduced":0.0377,"Lutein":0.0246,"Luteolin":0.0088,"Cinnamon powder (ceylon) organic":0.0007,"Sodium Hyaluronate":0.0035,"Spermidine":0.0828,"Vitamin B1 (Thiamine HCl)":0.013,"Vitamin B12 (Methylcobalamin)":0.0122,"Vitamin B2 (Riboflavin-5-Phosphate)":0.0453,"Vitamin B3 (Niacinamide)":0.0544,"Vitamin B5 (Calcium-D-Pantothenate)":0.0216,"Vitamin B6 (Pyridoxal-5- Phosphate)":0.0294,"Vitamin B7 (D-Biotin)":0.0064,"Vitamin C (Ascorbic Acid)":0.0119,"Vitamin D Veg D3":0.002,"Vitamin E (d-alpha tocopherol)":0.046,"Vitamin K1":0.0127,"Vitamin K2 MK-7 MCT Oil":0.0335,"Vitamin K2 MK-4 MCT Oil":0.0071,"Sunflower lecithin non-GMO":0.0191,"Phosphatidylcholine":0.0061,"Choline":0.0241,"Lycopene":0.037,"Lysine":0.0005,"Taurine":0.0424,"Glucoraphanin":0.0014,"Ubiquinol":0.013,"Zinc Citrate":0.0315,"Fiber":0.0019,"Blueberries":0.0616,"Macadamia nuts":0.071,"Walnuts":0.0612,"Omega 3":0.0375,"Omega 6":0.0391,"Calcium":0.0376,"EVOO polyphenols":0.0022,"Oleic acid":0.0184,"Protein (plant)":0.0005,"Copper":0.0005,"Caffeine":0.0222,"Magnesium Citrate":0.0188,"Manganese Citrate":0.0741,"Curcuminoids":0.0332,"Fisetin (smoketree extract)":0.0293,"Garlic extract 12:1 odorless":0.0226,"Genistein (Japonica extract)":0.0091,"Milled Golden Flaxseed":0.036,"SDG lignan":0.0312,"Phosphatidylinositol":0.0194,"Phosphatidylethanolamine":0.0189}],"vo2_max":32.5713}
