{"personal_data":[{"age":47,"gender":"F","name":"Theo Spencer-Gislason"}],"fitness_data":[{"Backwards Sled, 2 min":4,"Posture exercises":1,"Tricep extensions":3,"Face pulls":1,"Butterfly":6,"Band pull apart (back muscles)":2,"Back extensions (on a hyperextension)":1,"Obliques (each side, on a hyperextension)":3,"StretchesKneeling shin_Kneeling shin_":4,"StretchesHip flexor_Hip flexor_":3,"StretchesCouch_Couch_":2,"Leg raises (for abdomen)":4,"Seated calf raises":2,"Poliquin step ups":4,"Slant board squats":5,"ATG Split squats":3,"Nordics":5,"Reverse Nordics":3,"Tibialis raises,":5,"IsoTib ankle rotations":3,"Pull ups":4,"Chin ups":3,"10 min HIIT":4}],"supplement_vars":[{"N-Acetyl-L-Cysteine (NAC)":0.0194,"N-Acetyl-L-Cysteine (NAC) 2":0.0099,"Nicotinamide Riboside Chloride (NR)":0.0168,"Zeaxanthin":0.0022,"Phosphorus":0.0172,"Astaxanthin (Natural)":0.0109,"Boron Glycinate":0.037,"CaAKG":0.0099,"Ashwagandha KSM66":0.0083,"Calcium L-5- Methyltetrahydrofolate (L-5-MTHF-Ca)":0.0134,"Cocoa Powder (Non-Alkalised) 8+% Flavanols":0.0095,"Red Yeast Rice (2% Monacolin K)":0.0016,"Creatine Monohydrate":0.0457,"Ginger":0.0892,"Glucosamine Sulfate KCI":0.0003,"Grape Seed Extract 90% polyphenols":0.0004,"Broccoli Extract (glucoraphanin 10%)":0.0093,"Glycine":0.0272,"Theanine":0.0031,"Lactobacillus Acidophilus":0.0541,"Lithium orotate":0.0043,"Pomegranate Juice Extract (50% Polyphenols)":0.0451,"Potassium Iodate":0.0429,"Rhodiola 3% Rosavins / Salidroside 1%":0.0209,"Selenium":0.0149,"Glutathione reduced":0.0499,"Lutein":0.0245,"Luteolin":0.0061,"Cinnamon powder (ceylon) organic":0.0077,"Sodium Hyaluronate":0.0087,"Spermidine":0.0524,"Vitamin B1 (Thiamine HCl)":0.0077,"Vitamin B12 (Methylcobalamin)":0.0592,"Vitamin B2 (Riboflavin-5-Phosphate)":0.0518,"Vitamin B3 (Niacinamide)":0.0008,"Vitamin B5 (Calcium-D-Pantothenate)":0.0192,"Vitamin B6 (Pyridoxal-5- Phosphate)":0.0268,"Vitamin B7 (D-Biotin)":0.0288,"Vitamin C (Ascorbic Acid)":0.0017,"Vitamin D Veg D3":0.0251,"Vitamin E (d-alpha tocopherol)":0.0247,"Vitamin K1":0.0666,"Vitamin K2 MK-7 MCT Oil":0.0049,"Vitamin K2 MK-4 MCT Oil":0.0202,"Sunflower lecithin non-GMO":0.0418,"Phosphatidylcholine":0.028,"Choline":0.0264,"Lycopene":0.0606,"Lysine":0.0019,"Taurine":0.0444,"Glucoraphanin":0.0234,"Ubiquinol":0.0047,"Zinc Citrate":0.0267,"Fiber":0,"Blueberries":0.0442,"Macadamia nuts":0.0786,"Walnuts":0.0672,"Omega 3":0.0389,"Omega 6":0.0121,"Calcium":0.0147,"EVOO polyphenols":0,"Oleic acid":0.0055,"Protein (plant)":0.0013,"Copper":0.0006,"Caffeine":0.0291,"Magnesium Citrate":0.0065,"Manganese Citrate":0.0754,"Curcuminoids":0.0198,"Fisetin (smoketree extract)":0.0178,"Garlic extract 12:1 odorless":0.0383,"Genistein (Japonica extract)":0.0087,"Milled Golden Flaxseed":0.0356,"SDG lignan":0.0462,"Phosphatidylinositol":0.0103,"Phosphatidylethanolamine":0.0537}],"vo2_max":32.514}
