{"personal_data":[{"age":40,"gender":"M","name":"Odessa Turcotte"}],"fitness_data":[{"Backwards Sled, 2 min":3,"Posture exercises":4,"Tricep extensions":2,"Face pulls":3,"Butterfly":0,"Band pull apart (back muscles)":5,"Back extensions (on a hyperextension)":1,"Obliques (each side, on a hyperextension)":3,"StretchesKneeling shin_Kneeling shin_":1,"StretchesHip flexor_Hip flexor_":1,"StretchesCouch_Couch_":2,"Leg raises (for abdomen)":2,"Seated calf raises":1,"Poliquin step ups":1,"Slant board squats":3,"ATG Split squats":4,"Nordics":3,"Reverse Nordics":1,"Tibialis raises,":2,"IsoTib ankle rotations":5,"Pull ups":3,"Chin ups":1,"10 min HIIT":0}],"supplement_vars":[{"N-Acetyl-L-Cysteine (NAC)":0.0085,"N-Acetyl-L-Cysteine (NAC) 2":0.0098,"Nicotinamide Riboside Chloride (NR)":0.0169,"Zeaxanthin":0.0052,"Phosphorus":0.0148,"Astaxanthin (Natural)":0.021,"Boron Glycinate":0.0281,"CaAKG":0.0098,"Ashwagandha KSM66":0.0059,"Calcium L-5- Methyltetrahydrofolate (L-5-MTHF-Ca)":0.0153,"Cocoa Powder (Non-Alkalised) 8+% Flavanols":0.0014,"Red Yeast Rice (2% Monacolin K)":0.0162,"Creatine Monohydrate":0.0626,"Ginger":0.0325,"Glucosamine Sulfate KCI":0.0086,"Grape Seed Extract 90% polyphenols":0.0006,"Broccoli Extract (glucoraphanin 10%)":0.0062,"Glycine":0.0198,"Theanine":0.0184,"Lactobacillus Acidophilus":0.009,"Lithium orotate":0.0026,"Pomegranate Juice Extract (50% Polyphenols)":0.0182,"Potassium Iodate":0.0123,"Rhodiola 3% Rosavins / Salidroside 1%":0.0118,"Selenium":0.0334,"Glutathione reduced":0.0019,"Lutein":0.0157,"Luteolin":0.0031,"Cinnamon powder (ceylon) organic":0.0104,"Sodium Hyaluronate":0.0012,"Spermidine":0.0364,"Vitamin B1 (Thiamine HCl)":0.0079,"Vitamin B12 (Methylcobalamin)":0.068,"Vitamin B2 (Riboflavin-5-Phosphate)":0.0469,"Vitamin B3 (Niacinamide)":0.0345,"Vitamin B5 (Calcium-D-Pantothenate)":0.0003,"Vitamin B6 (Pyridoxal-5- Phosphate)":0.032,"Vitamin B7 (D-Biotin)":0.0046,"Vitamin C (Ascorbic Acid)":0.0034,"Vitamin D Veg D3":0.0072,"Vitamin E (d-alpha tocopherol)":0.0234,"Vitamin K1":0.0691,"Vitamin K2 MK-7 MCT Oil":0.0313,"Vitamin K2 MK-4 MCT Oil":0.013,"Sunflower lecithin non-GMO":0.0347,"Phosphatidylcholine":0.0155,"Choline":0.0025,"Lycopene":0.0036,"Lysine":0.0068,"Taurine":0.0337,"Glucoraphanin":0.0258,"Ubiquinol":0.0129,"Zinc Citrate":0.0288,"Fiber":0.0027,"Blueberries":0.0543,"Macadamia nuts":0.0325,"Walnuts":0.0432,"Omega 3":0.0234,"Omega 6":0.0422,"Calcium":0.0114,"EVOO polyphenols":0.0038,"Oleic acid":0.0066,"Protein (plant)":0.0024,"Copper":0.0026,"Caffeine":0.0211,"Magnesium Citrate":0.0151,"Manganese Citrate":0.0097,"Curcuminoids":0.0501,"Fisetin (smoketree extract)":0.0024,"Garlic extract 12:1 odorless":0.0057,"Genistein (Japonica extract)":0.0004,"Milled Golden Flaxseed":0.0198,"SDG lignan":0.0316,"Phosphatidylinositol":0.0234,"Phosphatidylethanolamine":0.0509}],"vo2_max":29.9485}
