{"personal_data":[{"age":49,"gender":"F","name":"Mr. Lon Bednar"}],"fitness_data":[{"Backwards Sled, 2 min":2,"Posture exercises":4,"Tricep extensions":0,"Face pulls":3,"Butterfly":4,"Band pull apart (back muscles)":3,"Back extensions (on a hyperextension)":2,"Obliques (each side, on a hyperextension)":3,"StretchesKneeling shin_Kneeling shin_":5,"StretchesHip flexor_Hip flexor_":0,"StretchesCouch_Couch_":0,"Leg raises (for abdomen)":4,"Seated calf raises":2,"Poliquin step ups":2,"Slant board squats":3,"ATG Split squats":5,"Nordics":3,"Reverse Nordics":4,"Tibialis raises,":5,"IsoTib ankle rotations":3,"Pull ups":3,"Chin ups":2,"10 min HIIT":1}],"supplement_vars":[{"N-Acetyl-L-Cysteine (NAC)":0.0057,"N-Acetyl-L-Cysteine (NAC) 2":0.009,"Nicotinamide Riboside Chloride (NR)":0.0121,"Zeaxanthin":0.0054,"Phosphorus":0.0191,"Astaxanthin (Natural)":0.0225,"Boron Glycinate":0.022,"CaAKG":0.0051,"Ashwagandha KSM66":0.0046,"Calcium L-5- Methyltetrahydrofolate (L-5-MTHF-Ca)":0.0499,"Cocoa Powder (Non-Alkalised) 8+% Flavanols":0.0129,"Red Yeast Rice (2% Monacolin K)":0.0162,"Creatine Monohydrate":0.0538,"Ginger":0.0829,"Glucosamine Sulfate KCI":0.0103,"Grape Seed Extract 90% polyphenols":0.0055,"Broccoli Extract (glucoraphanin 10%)":0.0199,"Glycine":0.0021,"Theanine":0.0012,"Lactobacillus Acidophilus":0.0459,"Lithium orotate":0.0085,"Pomegranate Juice Extract (50% Polyphenols)":0.0451,"Potassium Iodate":0.0117,"Rhodiola 3% Rosavins / Salidroside 1%":0.0008,"Selenium":0.0368,"Glutathione reduced":0.0335,"Lutein":0.0002,"Luteolin":0.007,"Cinnamon powder (ceylon) organic":0.0242,"Sodium Hyaluronate":0.009,"Spermidine":0.013,"Vitamin B1 (Thiamine HCl)":0.0042,"Vitamin B12 (Methylcobalamin)":0.051,"Vitamin B2 (Riboflavin-5-Phosphate)":0.0646,"Vitamin B3 (Niacinamide)":0.0337,"Vitamin B5 (Calcium-D-Pantothenate)":0.0018,"Vitamin B6 (Pyridoxal-5- Phosphate)":0.0176,"Vitamin B7 (D-Biotin)":0.0332,"Vitamin C (Ascorbic Acid)":0.0126,"Vitamin D Veg D3":0.0477,"Vitamin E (d-alpha tocopherol)":0.0304,"Vitamin K1":0.037,"Vitamin K2 MK-7 MCT Oil":0.0127,"Vitamin K2 MK-4 MCT Oil":0.0317,"Sunflower lecithin non-GMO":0.0269,"Phosphatidylcholine":0.0226,"Choline":0.047,"Lycopene":0.0319,"Lysine":0.0037,"Taurine":0.0208,"Glucoraphanin":0.018,"Ubiquinol":0.0107,"Zinc Citrate":0.008,"Fiber":0.0009,"Blueberries":0.0725,"Macadamia nuts":0.0307,"Walnuts":0.02,"Omega 3":0.0034,"Omega 6":0.0168,"Calcium":0.0285,"EVOO polyphenols":0.0003,"Oleic acid":0.0011,"Protein (plant)":0.0049,"Copper":0.0071,"Caffeine":0.0326,"Magnesium Citrate":0.0211,"Manganese Citrate":0.0381,"Curcuminoids":0.0423,"Fisetin (smoketree extract)":0.0249,"Garlic extract 12:1 odorless":0.0352,"Genistein (Japonica extract)":0.0063,"Milled Golden Flaxseed":0.0063,"SDG lignan":0.0274,"Phosphatidylinositol":0.0047,"Phosphatidylethanolamine":0.0057}],"vo2_max":33.4318}
