{"personal_data":[{"age":70,"gender":"F"}],"fitness_data":[{"Backwards Sled, 2 min":3,"Posture exercises":4,"Tricep extensions":2,"Face pulls":0,"Butterfly":3,"Band pull apart (back muscles)":2,"Back extensions (on a hyperextension)":1,"Obliques (each side, on a hyperextension)":1,"StretchesKneeling shin_Kneeling shin_":3,"StretchesHip flexor_Hip flexor_":4,"StretchesCouch_Couch_":3,"Leg raises (for abdomen)":5,"Seated calf raises":1,"Poliquin step ups":4,"Slant board squats":3,"ATG Split squats":2,"Nordics":1,"Reverse Nordics":2,"Tibialis raises,":3,"IsoTib ankle rotations":2,"Pull ups":0,"Chin ups":3,"10 min HIIT":1}],"supplement_vars":[{"N-Acetyl-L-Cysteine (NAC)":0.0051,"N-Acetyl-L-Cysteine (NAC) 2":0.0147,"Nicotinamide Riboside Chloride (NR)":0.0151,"Zeaxanthin":0.013,"Phosphorus":0.0275,"Astaxanthin (Natural)":0.0038,"Boron Glycinate":0.0401,"CaAKG":0.006,"Ashwagandha KSM66":0.0088,"Calcium L-5- Methyltetrahydrofolate (L-5-MTHF-Ca)":0.0288,"Cocoa Powder (Non-Alkalised) 8+% Flavanols":0.0108,"Red Yeast Rice (2% Monacolin K)":0.0182,"Creatine Monohydrate":0.0695,"Ginger":0.0361,"Glucosamine Sulfate KCI":0.0581,"Grape Seed Extract 90% polyphenols":0.0065,"Broccoli Extract (glucoraphanin 10%)":0.027,"Glycine":0.0012,"Theanine":0.0328,"Lactobacillus Acidophilus":0.0004,"Lithium orotate":0.0059,"Pomegranate Juice Extract (50% Polyphenols)":0.0341,"Potassium Iodate":0.0349,"Rhodiola 3% Rosavins / Salidroside 1%":0.0016,"Selenium":0.0326,"Glutathione reduced":0.0141,"Lutein":0.0084,"Luteolin":0.0043,"Cinnamon powder (ceylon) organic":0.0259,"Sodium Hyaluronate":0.0049,"Spermidine":0.0126,"Vitamin B1 (Thiamine HCl)":0.006,"Vitamin B12 (Methylcobalamin)":0.0396,"Vitamin B2 (Riboflavin-5-Phosphate)":0.0517,"Vitamin B3 (Niacinamide)":0.0581,"Vitamin B5 (Calcium-D-Pantothenate)":0.015,"Vitamin B6 (Pyridoxal-5- Phosphate)":0.0311,"Vitamin B7 (D-Biotin)":0.0178,"Vitamin C (Ascorbic Acid)":0.0116,"Vitamin D Veg D3":0.0168,"Vitamin E (d-alpha tocopherol)":0.0202,"Vitamin K1":0.026,"Vitamin K2 MK-7 MCT Oil":0.0051,"Vitamin K2 MK-4 MCT Oil":0.0068,"Sunflower lecithin non-GMO":0.0088,"Phosphatidylcholine":0.0349,"Choline":0.0462,"Lycopene":0.0172,"Lysine":0.0029,"Taurine":0.02,"Glucoraphanin":0.0038,"Ubiquinol":0.0075,"Zinc Citrate":0.0228,"Fiber":0.0058,"Blueberries":0.0672,"Macadamia nuts":0.0102,"Walnuts":0.0023,"Omega 3":0.0012,"Omega 6":0.0258,"Calcium":0.0278,"EVOO polyphenols":0.004,"Oleic acid":0.0318,"Protein (plant)":0.0015,"Copper":0.0156,"Caffeine":0.0127,"Magnesium Citrate":0.0399,"Manganese Citrate":0.0532,"Curcuminoids":0.0387,"Fisetin (smoketree extract)":0.0278,"Garlic extract 12:1 odorless":0.003,"Genistein (Japonica extract)":0.0056,"Milled Golden Flaxseed":0.0245,"SDG lignan":0.0516,"Phosphatidylinositol":0.0156,"Phosphatidylethanolamine":0.0135}],"vo2_max":18.2719}
