{"personal_data":[{"age":64,"gender":"M","name":"Geo Leuschke"}],"fitness_data":[{"Backwards Sled, 2 min":4,"Posture exercises":0,"Tricep extensions":4,"Face pulls":2,"Butterfly":1,"Band pull apart (back muscles)":2,"Back extensions (on a hyperextension)":1,"Obliques (each side, on a hyperextension)":1,"StretchesKneeling shin_Kneeling shin_":3,"StretchesHip flexor_Hip flexor_":4,"StretchesCouch_Couch_":1,"Leg raises (for abdomen)":3,"Seated calf raises":4,"Poliquin step ups":3,"Slant board squats":7,"ATG Split squats":5,"Nordics":2,"Reverse Nordics":1,"Tibialis raises,":0,"IsoTib ankle rotations":5,"Pull ups":3,"Chin ups":1,"10 min HIIT":1}],"supplement_vars":[{"N-Acetyl-L-Cysteine (NAC)":0.0041,"N-Acetyl-L-Cysteine (NAC) 2":0.0028,"Nicotinamide Riboside Chloride (NR)":0.0023,"Zeaxanthin":0.0057,"Phosphorus":0.0048,"Astaxanthin (Natural)":0.0098,"Boron Glycinate":0.0061,"CaAKG":0.011,"Ashwagandha KSM66":0.0055,"Calcium L-5- Methyltetrahydrofolate (L-5-MTHF-Ca)":0.0643,"Cocoa Powder (Non-Alkalised) 8+% Flavanols":0.0139,"Red Yeast Rice (2% Monacolin K)":0.0231,"Creatine Monohydrate":0.0238,"Ginger":0.0618,"Glucosamine Sulfate KCI":0.0196,"Grape Seed Extract 90% polyphenols":0.0028,"Broccoli Extract (glucoraphanin 10%)":0.0062,"Glycine":0.0004,"Theanine":0.043,"Lactobacillus Acidophilus":0.0408,"Lithium orotate":0.0009,"Pomegranate Juice Extract (50% Polyphenols)":0.0127,"Potassium Iodate":0.0331,"Rhodiola 3% Rosavins / Salidroside 1%":0.0601,"Selenium":0.0074,"Glutathione reduced":0.0201,"Lutein":0.0111,"Luteolin":0.0046,"Cinnamon powder (ceylon) organic":0.0172,"Sodium Hyaluronate":0.0049,"Spermidine":0.0877,"Vitamin B1 (Thiamine HCl)":0.005,"Vitamin B12 (Methylcobalamin)":0.0574,"Vitamin B2 (Riboflavin-5-Phosphate)":0.0062,"Vitamin B3 (Niacinamide)":0.0651,"Vitamin B5 (Calcium-D-Pantothenate)":0.0132,"Vitamin B6 (Pyridoxal-5- Phosphate)":0.0274,"Vitamin B7 (D-Biotin)":0.0213,"Vitamin C (Ascorbic Acid)":0.0105,"Vitamin D Veg D3":0.0181,"Vitamin E (d-alpha tocopherol)":0.0239,"Vitamin K1":0.0323,"Vitamin K2 MK-7 MCT Oil":0.0105,"Vitamin K2 MK-4 MCT Oil":0.0206,"Sunflower lecithin non-GMO":0.0205,"Phosphatidylcholine":0.0339,"Choline":0.0328,"Lycopene":0.0692,"Lysine":0.0091,"Taurine":0.0364,"Glucoraphanin":0.0229,"Ubiquinol":0.0072,"Zinc Citrate":0.0209,"Fiber":0.0017,"Blueberries":0.0677,"Macadamia nuts":0.0667,"Walnuts":0.029,"Omega 3":0.0221,"Omega 6":0.048,"Calcium":0.017,"EVOO polyphenols":0.0052,"Oleic acid":0.009,"Protein (plant)":0.0023,"Copper":0.0226,"Caffeine":0.0312,"Magnesium Citrate":0.0536,"Manganese Citrate":0.0001,"Curcuminoids":0.002,"Fisetin (smoketree extract)":0.0362,"Garlic extract 12:1 odorless":0.0294,"Genistein (Japonica extract)":0.0156,"Milled Golden Flaxseed":0.0361,"SDG lignan":0.0432,"Phosphatidylinositol":0.0194,"Phosphatidylethanolamine":0.006}],"vo2_max":22.7613}
