{"personal_data":[{"age":63,"gender":"M","name":"Belton Homenick MD"}],"fitness_data":[{"Backwards Sled, 2 min":2,"Posture exercises":2,"Tricep extensions":1,"Face pulls":1,"Butterfly":5,"Band pull apart (back muscles)":3,"Back extensions (on a hyperextension)":3,"Obliques (each side, on a hyperextension)":4,"StretchesKneeling shin_Kneeling shin_":1,"StretchesHip flexor_Hip flexor_":2,"StretchesCouch_Couch_":3,"Leg raises (for abdomen)":2,"Seated calf raises":1,"Poliquin step ups":3,"Slant board squats":3,"ATG Split squats":1,"Nordics":3,"Reverse Nordics":1,"Tibialis raises,":0,"IsoTib ankle rotations":1,"Pull ups":2,"Chin ups":1,"10 min HIIT":0}],"supplement_vars":[{"N-Acetyl-L-Cysteine (NAC)":0.016,"N-Acetyl-L-Cysteine (NAC) 2":0.0102,"Nicotinamide Riboside Chloride (NR)":0.014,"Zeaxanthin":0.0013,"Phosphorus":0.0319,"Astaxanthin (Natural)":0.0106,"Boron Glycinate":0.0378,"CaAKG":0.0009,"Ashwagandha KSM66":0.0032,"Calcium L-5- Methyltetrahydrofolate (L-5-MTHF-Ca)":0.0014,"Cocoa Powder (Non-Alkalised) 8+% Flavanols":0.0015,"Red Yeast Rice (2% Monacolin K)":0.0161,"Creatine Monohydrate":0.0142,"Ginger":0.0674,"Glucosamine Sulfate KCI":0.0529,"Grape Seed Extract 90% polyphenols":0.0074,"Broccoli Extract (glucoraphanin 10%)":0.0133,"Glycine":0.0258,"Theanine":0.014,"Lactobacillus Acidophilus":0.0159,"Lithium orotate":0.0031,"Pomegranate Juice Extract (50% Polyphenols)":0.0364,"Potassium Iodate":0.0001,"Rhodiola 3% Rosavins / Salidroside 1%":0.0384,"Selenium":0.0197,"Glutathione reduced":0.0161,"Lutein":0.025,"Luteolin":0.0092,"Cinnamon powder (ceylon) organic":0.0092,"Sodium Hyaluronate":0.0093,"Spermidine":0.0868,"Vitamin B1 (Thiamine HCl)":0.015,"Vitamin B12 (Methylcobalamin)":0.0548,"Vitamin B2 (Riboflavin-5-Phosphate)":0.0519,"Vitamin B3 (Niacinamide)":0.0559,"Vitamin B5 (Calcium-D-Pantothenate)":0.0088,"Vitamin B6 (Pyridoxal-5- Phosphate)":0.0096,"Vitamin B7 (D-Biotin)":0.0242,"Vitamin C (Ascorbic Acid)":0.0121,"Vitamin D Veg D3":0.0417,"Vitamin E (d-alpha tocopherol)":0.0372,"Vitamin K1":0.0555,"Vitamin K2 MK-7 MCT Oil":0.004,"Vitamin K2 MK-4 MCT Oil":0.0045,"Sunflower lecithin non-GMO":0.0046,"Phosphatidylcholine":0.0306,"Choline":0.0587,"Lycopene":0.0089,"Lysine":0.0027,"Taurine":0.0374,"Glucoraphanin":0.0152,"Ubiquinol":0.0018,"Zinc Citrate":0.0152,"Fiber":0.0019,"Blueberries":0.0214,"Macadamia nuts":0.0898,"Walnuts":0.0482,"Omega 3":0.0135,"Omega 6":0.0259,"Calcium":0.0353,"EVOO polyphenols":0.004,"Oleic acid":0.0241,"Protein (plant)":0.0013,"Copper":0.0026,"Caffeine":0.0513,"Magnesium Citrate":0.0483,"Manganese Citrate":0.0209,"Curcuminoids":0.0317,"Fisetin (smoketree extract)":0.0118,"Garlic extract 12:1 odorless":0.0069,"Genistein (Japonica extract)":0.0017,"Milled Golden Flaxseed":0.0092,"SDG lignan":0.0303,"Phosphatidylinositol":0.0054,"Phosphatidylethanolamine":0.0461}],"vo2_max":23.178}
