{"personal_data":[{"age":23,"gender":"M","name":"Earlie Collier MD"}],"fitness_data":[{"Backwards Sled, 2 min":2,"Posture exercises":4,"Tricep extensions":0,"Face pulls":4,"Butterfly":3,"Band pull apart (back muscles)":3,"Back extensions (on a hyperextension)":1,"Obliques (each side, on a hyperextension)":2,"StretchesKneeling shin_Kneeling shin_":2,"StretchesHip flexor_Hip flexor_":0,"StretchesCouch_Couch_":3,"Leg raises (for abdomen)":4,"Seated calf raises":1,"Poliquin step ups":1,"Slant board squats":3,"ATG Split squats":4,"Nordics":5,"Reverse Nordics":2,"Tibialis raises,":4,"IsoTib ankle rotations":4,"Pull ups":1,"Chin ups":3,"10 min HIIT":1}],"supplement_vars":[{"N-Acetyl-L-Cysteine (NAC)":0.0027,"N-Acetyl-L-Cysteine (NAC) 2":0.0095,"Nicotinamide Riboside Chloride (NR)":0.0061,"Zeaxanthin":0.0086,"Phosphorus":0.003,"Astaxanthin (Natural)":0.0017,"Boron Glycinate":0.0397,"CaAKG":0.0079,"Ashwagandha KSM66":0.0085,"Calcium L-5- Methyltetrahydrofolate (L-5-MTHF-Ca)":0.064,"Cocoa Powder (Non-Alkalised) 8+% Flavanols":0.0217,"Red Yeast Rice (2% Monacolin K)":0.0202,"Creatine Monohydrate":0.0515,"Ginger":0.0297,"Glucosamine Sulfate KCI":0.0774,"Grape Seed Extract 90% polyphenols":0.0086,"Broccoli Extract (glucoraphanin 10%)":0.0188,"Glycine":0.017,"Theanine":0.0021,"Lactobacillus Acidophilus":0.0058,"Lithium orotate":0.0095,"Pomegranate Juice Extract (50% Polyphenols)":0.0656,"Potassium Iodate":0.0142,"Rhodiola 3% Rosavins / Salidroside 1%":0.0304,"Selenium":0.0046,"Glutathione reduced":0.0327,"Lutein":0.0184,"Luteolin":0.0039,"Cinnamon powder (ceylon) organic":0.0183,"Sodium Hyaluronate":0.0041,"Spermidine":0.0617,"Vitamin B1 (Thiamine HCl)":0.0063,"Vitamin B12 (Methylcobalamin)":0.0107,"Vitamin B2 (Riboflavin-5-Phosphate)":0.0057,"Vitamin B3 (Niacinamide)":0.0099,"Vitamin B5 (Calcium-D-Pantothenate)":0.0125,"Vitamin B6 (Pyridoxal-5- Phosphate)":0.0386,"Vitamin B7 (D-Biotin)":0.0076,"Vitamin C (Ascorbic Acid)":0.0047,"Vitamin D Veg D3":0.0392,"Vitamin E (d-alpha tocopherol)":0.0335,"Vitamin K1":0.0132,"Vitamin K2 MK-7 MCT Oil":0.0359,"Vitamin K2 MK-4 MCT Oil":0.0327,"Sunflower lecithin non-GMO":0.0403,"Phosphatidylcholine":0.0184,"Choline":0.0191,"Lycopene":0.0327,"Lysine":0.0092,"Taurine":0.0411,"Glucoraphanin":0.0052,"Ubiquinol":0.0029,"Zinc Citrate":0.012,"Fiber":0.0046,"Blueberries":0.0802,"Macadamia nuts":0.0927,"Walnuts":0.0585,"Omega 3":0.0367,"Omega 6":0.0613,"Calcium":0.0644,"EVOO polyphenols":0.0021,"Oleic acid":0.0211,"Protein (plant)":0.0028,"Copper":0.0238,"Caffeine":0.0504,"Magnesium Citrate":0.0377,"Manganese Citrate":0.0296,"Curcuminoids":0.037,"Fisetin (smoketree extract)":0.0328,"Garlic extract 12:1 odorless":0.0049,"Genistein (Japonica extract)":0.0193,"Milled Golden Flaxseed":0.0152,"SDG lignan":0.0156,"Phosphatidylinositol":0.0122,"Phosphatidylethanolamine":0.0263}],"vo2_max":37.7996}
