{"personal_data":[{"age":45,"gender":"M","name":"Wilber Mraz"}],"fitness_data":[{"Backwards Sled, 2 min":4,"Posture exercises":3,"Tricep extensions":3,"Face pulls":2,"Butterfly":6,"Band pull apart (back muscles)":3,"Back extensions (on a hyperextension)":2,"Obliques (each side, on a hyperextension)":3,"StretchesKneeling shin_Kneeling shin_":5,"StretchesHip flexor_Hip flexor_":4,"StretchesCouch_Couch_":0,"Leg raises (for abdomen)":2,"Seated calf raises":3,"Poliquin step ups":2,"Slant board squats":3,"ATG Split squats":6,"Nordics":5,"Reverse Nordics":1,"Tibialis raises,":3,"IsoTib ankle rotations":4,"Pull ups":2,"Chin ups":2,"10 min HIIT":2}],"supplement_vars":[{"N-Acetyl-L-Cysteine (NAC)":0.0128,"N-Acetyl-L-Cysteine (NAC) 2":0.02,"Nicotinamide Riboside Chloride (NR)":0.0158,"Zeaxanthin":0.0012,"Phosphorus":0.0349,"Astaxanthin (Natural)":0.0219,"Boron Glycinate":0.0327,"CaAKG":0.0096,"Ashwagandha KSM66":0.0059,"Calcium L-5- Methyltetrahydrofolate (L-5-MTHF-Ca)":0.0355,"Cocoa Powder (Non-Alkalised) 8+% Flavanols":0.0023,"Red Yeast Rice (2% Monacolin K)":0.0231,"Creatine Monohydrate":0.0449,"Ginger":0.0457,"Glucosamine Sulfate KCI":0.0331,"Grape Seed Extract 90% polyphenols":0.0098,"Broccoli Extract (glucoraphanin 10%)":0.0153,"Glycine":0.0278,"Theanine":0.0507,"Lactobacillus Acidophilus":0.0614,"Lithium orotate":0.0024,"Pomegranate Juice Extract (50% Polyphenols)":0.0212,"Potassium Iodate":0.0299,"Rhodiola 3% Rosavins / Salidroside 1%":0.0269,"Selenium":0.0208,"Glutathione reduced":0.0151,"Lutein":0.0151,"Luteolin":0.0096,"Cinnamon powder (ceylon) organic":0.019,"Sodium Hyaluronate":0.0085,"Spermidine":0.0545,"Vitamin B1 (Thiamine HCl)":0.0158,"Vitamin B12 (Methylcobalamin)":0.0811,"Vitamin B2 (Riboflavin-5-Phosphate)":0.0463,"Vitamin B3 (Niacinamide)":0.0449,"Vitamin B5 (Calcium-D-Pantothenate)":0.0196,"Vitamin B6 (Pyridoxal-5- Phosphate)":0.0389,"Vitamin B7 (D-Biotin)":0.0205,"Vitamin C (Ascorbic Acid)":0.0078,"Vitamin D Veg D3":0.0152,"Vitamin E (d-alpha tocopherol)":0.0447,"Vitamin K1":0.0212,"Vitamin K2 MK-7 MCT Oil":0.0012,"Vitamin K2 MK-4 MCT Oil":0.0248,"Sunflower lecithin non-GMO":0.0011,"Phosphatidylcholine":0.0155,"Choline":0.0164,"Lycopene":0.0133,"Lysine":0.0019,"Taurine":0.0414,"Glucoraphanin":0.0143,"Ubiquinol":0.012,"Zinc Citrate":0.021,"Fiber":0.0013,"Blueberries":0.0248,"Macadamia nuts":0.06,"Walnuts":0.0526,"Omega 3":0.0207,"Omega 6":0.0363,"Calcium":0.0578,"EVOO polyphenols":0.0032,"Oleic acid":0.0118,"Protein (plant)":0.0033,"Copper":0.0068,"Caffeine":0.0425,"Magnesium Citrate":0.0484,"Manganese Citrate":0.06,"Curcuminoids":0.04,"Fisetin (smoketree extract)":0.0002,"Garlic extract 12:1 odorless":0.0178,"Genistein (Japonica extract)":0.0065,"Milled Golden Flaxseed":0.0091,"SDG lignan":0.0326,"Phosphatidylinositol":0.0145,"Phosphatidylethanolamine":0.017}],"vo2_max":31.6118}
