{"personal_data":[{"age":46,"gender":"F","name":"Bryson Bogan-Turner"}],"fitness_data":[{"Backwards Sled, 2 min":5,"Posture exercises":4,"Tricep extensions":1,"Face pulls":2,"Butterfly":1,"Band pull apart (back muscles)":0,"Back extensions (on a hyperextension)":1,"Obliques (each side, on a hyperextension)":2,"StretchesKneeling shin_Kneeling shin_":2,"StretchesHip flexor_Hip flexor_":5,"StretchesCouch_Couch_":0,"Leg raises (for abdomen)":1,"Seated calf raises":3,"Poliquin step ups":3,"Slant board squats":4,"ATG Split squats":5,"Nordics":3,"Reverse Nordics":1,"Tibialis raises,":3,"IsoTib ankle rotations":1,"Pull ups":3,"Chin ups":1,"10 min HIIT":3}],"supplement_vars":[{"N-Acetyl-L-Cysteine (NAC)":0.0043,"N-Acetyl-L-Cysteine (NAC) 2":0.0144,"Nicotinamide Riboside Chloride (NR)":0.0014,"Zeaxanthin":0.0042,"Phosphorus":0.0325,"Astaxanthin (Natural)":0.0206,"Boron Glycinate":0.0106,"CaAKG":0.0121,"Ashwagandha KSM66":0.0049,"Calcium L-5- Methyltetrahydrofolate (L-5-MTHF-Ca)":0.0346,"Cocoa Powder (Non-Alkalised) 8+% Flavanols":0.0101,"Red Yeast Rice (2% Monacolin K)":0.0121,"Creatine Monohydrate":0.021,"Ginger":0.0692,"Glucosamine Sulfate KCI":0.0335,"Grape Seed Extract 90% polyphenols":0.0111,"Broccoli Extract (glucoraphanin 10%)":0.0125,"Glycine":0.0225,"Theanine":0.0138,"Lactobacillus Acidophilus":0.017,"Lithium orotate":0.0044,"Pomegranate Juice Extract (50% Polyphenols)":0.0644,"Potassium Iodate":0.0374,"Rhodiola 3% Rosavins / Salidroside 1%":0.059,"Selenium":0.0408,"Glutathione reduced":0.0507,"Lutein":0.0082,"Luteolin":0.002,"Cinnamon powder (ceylon) organic":0.0203,"Sodium Hyaluronate":0.0001,"Spermidine":0.0144,"Vitamin B1 (Thiamine HCl)":0.0017,"Vitamin B12 (Methylcobalamin)":0.0119,"Vitamin B2 (Riboflavin-5-Phosphate)":0.0623,"Vitamin B3 (Niacinamide)":0.0444,"Vitamin B5 (Calcium-D-Pantothenate)":0.0044,"Vitamin B6 (Pyridoxal-5- Phosphate)":0.0347,"Vitamin B7 (D-Biotin)":0.0263,"Vitamin C (Ascorbic Acid)":0.0083,"Vitamin D Veg D3":0.0313,"Vitamin E (d-alpha tocopherol)":0.0051,"Vitamin K1":0.0133,"Vitamin K2 MK-7 MCT Oil":0.0351,"Vitamin K2 MK-4 MCT Oil":0.0247,"Sunflower lecithin non-GMO":0.0343,"Phosphatidylcholine":0.0305,"Choline":0.0393,"Lycopene":0.0505,"Lysine":0.0032,"Taurine":0.0288,"Glucoraphanin":0.0341,"Ubiquinol":0.0083,"Zinc Citrate":0.0064,"Fiber":0.0009,"Blueberries":0.0543,"Macadamia nuts":0.0651,"Walnuts":0.0317,"Omega 3":0.0152,"Omega 6":0.0655,"Calcium":0.0409,"EVOO polyphenols":0.0025,"Oleic acid":0.01,"Protein (plant)":0.0007,"Copper":0.0033,"Caffeine":0.0033,"Magnesium Citrate":0.0336,"Manganese Citrate":0.0529,"Curcuminoids":0.0355,"Fisetin (smoketree extract)":0.0134,"Garlic extract 12:1 odorless":0.003,"Genistein (Japonica extract)":0.0044,"Milled Golden Flaxseed":0.0352,"SDG lignan":0.0305,"Phosphatidylinositol":0.0222,"Phosphatidylethanolamine":0.0511}],"vo2_max":33.2709}
