{"personal_data":[{"age":59,"gender":"F","name":"Alanna Shanahan"}],"fitness_data":[{"Backwards Sled, 2 min":1,"Posture exercises":2,"Tricep extensions":4,"Face pulls":1,"Butterfly":1,"Band pull apart (back muscles)":0,"Back extensions (on a hyperextension)":3,"Obliques (each side, on a hyperextension)":0,"StretchesKneeling shin_Kneeling shin_":1,"StretchesHip flexor_Hip flexor_":5,"StretchesCouch_Couch_":3,"Leg raises (for abdomen)":4,"Seated calf raises":3,"Poliquin step ups":3,"Slant board squats":6,"ATG Split squats":1,"Nordics":5,"Reverse Nordics":2,"Tibialis raises,":5,"IsoTib ankle rotations":0,"Pull ups":3,"Chin ups":1,"10 min HIIT":1}],"supplement_vars":[{"N-Acetyl-L-Cysteine (NAC)":0.003,"N-Acetyl-L-Cysteine (NAC) 2":0.0192,"Nicotinamide Riboside Chloride (NR)":0.0026,"Zeaxanthin":0.0053,"Phosphorus":0.0176,"Astaxanthin (Natural)":0.0189,"Boron Glycinate":0.0201,"CaAKG":0.0124,"Ashwagandha KSM66":0.0062,"Calcium L-5- Methyltetrahydrofolate (L-5-MTHF-Ca)":0.0009,"Cocoa Powder (Non-Alkalised) 8+% Flavanols":0.0054,"Red Yeast Rice (2% Monacolin K)":0.031,"Creatine Monohydrate":0.0599,"Ginger":0.0865,"Glucosamine Sulfate KCI":0.0301,"Grape Seed Extract 90% polyphenols":0.0137,"Broccoli Extract (glucoraphanin 10%)":0.0152,"Glycine":0.023,"Theanine":0.0332,"Lactobacillus Acidophilus":0.0346,"Lithium orotate":0.0081,"Pomegranate Juice Extract (50% Polyphenols)":0.0661,"Potassium Iodate":0.0046,"Rhodiola 3% Rosavins / Salidroside 1%":0.0051,"Selenium":0.0301,"Glutathione reduced":0.046,"Lutein":0.0057,"Luteolin":0.008,"Cinnamon powder (ceylon) organic":0.0047,"Sodium Hyaluronate":0.0033,"Spermidine":0.0499,"Vitamin B1 (Thiamine HCl)":0.0039,"Vitamin B12 (Methylcobalamin)":0.0648,"Vitamin B2 (Riboflavin-5-Phosphate)":0.0567,"Vitamin B3 (Niacinamide)":0.0411,"Vitamin B5 (Calcium-D-Pantothenate)":0.0082,"Vitamin B6 (Pyridoxal-5- Phosphate)":0.0149,"Vitamin B7 (D-Biotin)":0.009,"Vitamin C (Ascorbic Acid)":0.0098,"Vitamin D Veg D3":0.0428,"Vitamin E (d-alpha tocopherol)":0.0112,"Vitamin K1":0.0342,"Vitamin K2 MK-7 MCT Oil":0.0045,"Vitamin K2 MK-4 MCT Oil":0.0238,"Sunflower lecithin non-GMO":0.0393,"Phosphatidylcholine":0.016,"Choline":0.0553,"Lycopene":0.0738,"Lysine":0.0032,"Taurine":0.0151,"Glucoraphanin":0.0043,"Ubiquinol":0.0032,"Zinc Citrate":0.0258,"Fiber":0.003,"Blueberries":0.061,"Macadamia nuts":0.0861,"Walnuts":0.0247,"Omega 3":0.0212,"Omega 6":0.0342,"Calcium":0.029,"EVOO polyphenols":0.006,"Oleic acid":0.007,"Protein (plant)":0.0037,"Copper":0.0194,"Caffeine":0.0467,"Magnesium Citrate":0.0313,"Manganese Citrate":0.0069,"Curcuminoids":0.0163,"Fisetin (smoketree extract)":0.0155,"Garlic extract 12:1 odorless":0.0295,"Genistein (Japonica extract)":0.0137,"Milled Golden Flaxseed":0.0186,"SDG lignan":0.0343,"Phosphatidylinositol":0.0023,"Phosphatidylethanolamine":0.0296}],"vo2_max":26.9056}
