{"personal_data":[{"age":47,"gender":"M","name":"Mozella Howe"}],"fitness_data":[{"Backwards Sled, 2 min":2,"Posture exercises":5,"Tricep extensions":2,"Face pulls":0,"Butterfly":1,"Band pull apart (back muscles)":3,"Back extensions (on a hyperextension)":4,"Obliques (each side, on a hyperextension)":4,"StretchesKneeling shin_Kneeling shin_":4,"StretchesHip flexor_Hip flexor_":1,"StretchesCouch_Couch_":2,"Leg raises (for abdomen)":4,"Seated calf raises":0,"Poliquin step ups":2,"Slant board squats":7,"ATG Split squats":3,"Nordics":4,"Reverse Nordics":2,"Tibialis raises,":5,"IsoTib ankle rotations":6,"Pull ups":3,"Chin ups":2,"10 min HIIT":3}],"supplement_vars":[{"N-Acetyl-L-Cysteine (NAC)":0.0166,"N-Acetyl-L-Cysteine (NAC) 2":0.0173,"Nicotinamide Riboside Chloride (NR)":0.0104,"Zeaxanthin":0.0007,"Phosphorus":0.0127,"Astaxanthin (Natural)":0.0058,"Boron Glycinate":0.0378,"CaAKG":0.0059,"Ashwagandha KSM66":0.0068,"Calcium L-5- Methyltetrahydrofolate (L-5-MTHF-Ca)":0.0667,"Cocoa Powder (Non-Alkalised) 8+% Flavanols":0.0031,"Red Yeast Rice (2% Monacolin K)":0.0008,"Creatine Monohydrate":0.0574,"Ginger":0.0411,"Glucosamine Sulfate KCI":0.0298,"Grape Seed Extract 90% polyphenols":0.0101,"Broccoli Extract (glucoraphanin 10%)":0.0046,"Glycine":0.0195,"Theanine":0.0044,"Lactobacillus Acidophilus":0.0065,"Lithium orotate":0.0081,"Pomegranate Juice Extract (50% Polyphenols)":0.0576,"Potassium Iodate":0.017,"Rhodiola 3% Rosavins / Salidroside 1%":0.0346,"Selenium":0.0372,"Glutathione reduced":0.0275,"Lutein":0.0219,"Luteolin":0.0043,"Cinnamon powder (ceylon) organic":0.0159,"Sodium Hyaluronate":0.0018,"Spermidine":0.0167,"Vitamin B1 (Thiamine HCl)":0.0015,"Vitamin B12 (Methylcobalamin)":0.078,"Vitamin B2 (Riboflavin-5-Phosphate)":0.0422,"Vitamin B3 (Niacinamide)":0.0259,"Vitamin B5 (Calcium-D-Pantothenate)":0.009,"Vitamin B6 (Pyridoxal-5- Phosphate)":0.0392,"Vitamin B7 (D-Biotin)":0.0094,"Vitamin C (Ascorbic Acid)":0.0083,"Vitamin D Veg D3":0.0297,"Vitamin E (d-alpha tocopherol)":0.0112,"Vitamin K1":0.0202,"Vitamin K2 MK-7 MCT Oil":0.007,"Vitamin K2 MK-4 MCT Oil":0.0046,"Sunflower lecithin non-GMO":0.0123,"Phosphatidylcholine":0.0238,"Choline":0.0284,"Lycopene":0.0665,"Lysine":0.0054,"Taurine":0.0083,"Glucoraphanin":0.0001,"Ubiquinol":0.0058,"Zinc Citrate":0.0054,"Fiber":0.0006,"Blueberries":0.0384,"Macadamia nuts":0.008,"Walnuts":0.0541,"Omega 3":0.0185,"Omega 6":0.0585,"Calcium":0.0564,"EVOO polyphenols":0.0048,"Oleic acid":0.0076,"Protein (plant)":0.0028,"Copper":0.0114,"Caffeine":0.0419,"Magnesium Citrate":0.0167,"Manganese Citrate":0.0687,"Curcuminoids":0.0106,"Fisetin (smoketree extract)":0.0271,"Garlic extract 12:1 odorless":0.0181,"Genistein (Japonica extract)":0.011,"Milled Golden Flaxseed":0.0183,"SDG lignan":0.0138,"Phosphatidylinositol":0.007,"Phosphatidylethanolamine":0.0354}],"vo2_max":33.0965}
