{"personal_data":[{"age":71,"gender":"M","name":"Damian Rau"}],"fitness_data":[{"Backwards Sled, 2 min":0,"Posture exercises":3,"Tricep extensions":3,"Face pulls":1,"Butterfly":1,"Band pull apart (back muscles)":1,"Back extensions (on a hyperextension)":3,"Obliques (each side, on a hyperextension)":2,"StretchesKneeling shin_Kneeling shin_":2,"StretchesHip flexor_Hip flexor_":4,"StretchesCouch_Couch_":0,"Leg raises (for abdomen)":3,"Seated calf raises":2,"Poliquin step ups":3,"Slant board squats":7,"ATG Split squats":1,"Nordics":6,"Reverse Nordics":4,"Tibialis raises,":2,"IsoTib ankle rotations":3,"Pull ups":1,"Chin ups":3,"10 min HIIT":0}],"supplement_vars":[{"N-Acetyl-L-Cysteine (NAC)":0.0038,"N-Acetyl-L-Cysteine (NAC) 2":0.0182,"Nicotinamide Riboside Chloride (NR)":0.0109,"Zeaxanthin":0.0128,"Phosphorus":0.0129,"Astaxanthin (Natural)":0.0054,"Boron Glycinate":0.042,"CaAKG":0.0031,"Ashwagandha KSM66":0.0009,"Calcium L-5- Methyltetrahydrofolate (L-5-MTHF-Ca)":0.0221,"Cocoa Powder (Non-Alkalised) 8+% Flavanols":0.0104,"Red Yeast Rice (2% Monacolin K)":0.0029,"Creatine Monohydrate":0.0453,"Ginger":0.0737,"Glucosamine Sulfate KCI":0.0583,"Grape Seed Extract 90% polyphenols":0.0026,"Broccoli Extract (glucoraphanin 10%)":0.0282,"Glycine":0.0094,"Theanine":0.0056,"Lactobacillus Acidophilus":0.0092,"Lithium orotate":0.0081,"Pomegranate Juice Extract (50% Polyphenols)":0.0054,"Potassium Iodate":0.0381,"Rhodiola 3% Rosavins / Salidroside 1%":0.0021,"Selenium":0.0325,"Glutathione reduced":0.0481,"Lutein":0.0107,"Luteolin":0.0061,"Cinnamon powder (ceylon) organic":0.0047,"Sodium Hyaluronate":0.0103,"Spermidine":0.0909,"Vitamin B1 (Thiamine HCl)":0.0019,"Vitamin B12 (Methylcobalamin)":0.0547,"Vitamin B2 (Riboflavin-5-Phosphate)":0.0498,"Vitamin B3 (Niacinamide)":0.0484,"Vitamin B5 (Calcium-D-Pantothenate)":0.0214,"Vitamin B6 (Pyridoxal-5- Phosphate)":0.0406,"Vitamin B7 (D-Biotin)":0.0138,"Vitamin C (Ascorbic Acid)":0.0102,"Vitamin D Veg D3":0.0239,"Vitamin E (d-alpha tocopherol)":0.0341,"Vitamin K1":0.0182,"Vitamin K2 MK-7 MCT Oil":0.0063,"Vitamin K2 MK-4 MCT Oil":0.0275,"Sunflower lecithin non-GMO":0.027,"Phosphatidylcholine":0.0289,"Choline":0.0225,"Lycopene":0.046,"Lysine":0.009,"Taurine":0.0176,"Glucoraphanin":0.0102,"Ubiquinol":0.0018,"Zinc Citrate":0.0249,"Fiber":0.0006,"Blueberries":0.0725,"Macadamia nuts":0.0233,"Walnuts":0.0638,"Omega 3":0.0409,"Omega 6":0.0238,"Calcium":0.0612,"EVOO polyphenols":0.0048,"Oleic acid":0.0154,"Protein (plant)":0.0014,"Copper":0.0094,"Caffeine":0.045,"Magnesium Citrate":0.0561,"Manganese Citrate":0.0064,"Curcuminoids":0.0091,"Fisetin (smoketree extract)":0.0187,"Garlic extract 12:1 odorless":0.0106,"Genistein (Japonica extract)":0.0162,"Milled Golden Flaxseed":0.0205,"SDG lignan":0.0477,"Phosphatidylinositol":0.0216,"Phosphatidylethanolamine":0.0439}],"vo2_max":19.7886}
