{"personal_data":[{"age":62,"gender":"M","name":"Callum Miller"}],"fitness_data":[{"Backwards Sled, 2 min":0,"Posture exercises":2,"Tricep extensions":2,"Face pulls":5,"Butterfly":3,"Band pull apart (back muscles)":6,"Back extensions (on a hyperextension)":1,"Obliques (each side, on a hyperextension)":4,"StretchesKneeling shin_Kneeling shin_":2,"StretchesHip flexor_Hip flexor_":0,"StretchesCouch_Couch_":1,"Leg raises (for abdomen)":5,"Seated calf raises":3,"Poliquin step ups":3,"Slant board squats":6,"ATG Split squats":5,"Nordics":5,"Reverse Nordics":2,"Tibialis raises,":2,"IsoTib ankle rotations":6,"Pull ups":4,"Chin ups":1,"10 min HIIT":2}],"supplement_vars":[{"N-Acetyl-L-Cysteine (NAC)":0.0132,"N-Acetyl-L-Cysteine (NAC) 2":0.0122,"Nicotinamide Riboside Chloride (NR)":0.0122,"Zeaxanthin":0.0006,"Phosphorus":0.0025,"Astaxanthin (Natural)":0.0146,"Boron Glycinate":0.0059,"CaAKG":0.0088,"Ashwagandha KSM66":0.0086,"Calcium L-5- Methyltetrahydrofolate (L-5-MTHF-Ca)":0.0444,"Cocoa Powder (Non-Alkalised) 8+% Flavanols":0.023,"Red Yeast Rice (2% Monacolin K)":0.0226,"Creatine Monohydrate":0.0196,"Ginger":0.0031,"Glucosamine Sulfate KCI":0.0296,"Grape Seed Extract 90% polyphenols":0.0096,"Broccoli Extract (glucoraphanin 10%)":0.029,"Glycine":0.0247,"Theanine":0.0284,"Lactobacillus Acidophilus":0.0704,"Lithium orotate":0.006,"Pomegranate Juice Extract (50% Polyphenols)":0.057,"Potassium Iodate":0.0025,"Rhodiola 3% Rosavins / Salidroside 1%":0.0232,"Selenium":0.0071,"Glutathione reduced":0.018,"Lutein":0.0194,"Luteolin":0.0065,"Cinnamon powder (ceylon) organic":0.0066,"Sodium Hyaluronate":0.0077,"Spermidine":0.0146,"Vitamin B1 (Thiamine HCl)":0.0075,"Vitamin B12 (Methylcobalamin)":0.0533,"Vitamin B2 (Riboflavin-5-Phosphate)":0.0092,"Vitamin B3 (Niacinamide)":0.0443,"Vitamin B5 (Calcium-D-Pantothenate)":0.0122,"Vitamin B6 (Pyridoxal-5- Phosphate)":0.0038,"Vitamin B7 (D-Biotin)":0.0225,"Vitamin C (Ascorbic Acid)":0.0002,"Vitamin D Veg D3":0.0368,"Vitamin E (d-alpha tocopherol)":0.0095,"Vitamin K1":0.0287,"Vitamin K2 MK-7 MCT Oil":0.0255,"Vitamin K2 MK-4 MCT Oil":0.0192,"Sunflower lecithin non-GMO":0.0123,"Phosphatidylcholine":0.0162,"Choline":0.0462,"Lycopene":0.0634,"Lysine":0.0059,"Taurine":0.0304,"Glucoraphanin":0.0289,"Ubiquinol":0.0052,"Zinc Citrate":0.0057,"Fiber":0.0048,"Blueberries":0.0679,"Macadamia nuts":0.0815,"Walnuts":0.0597,"Omega 3":0.0246,"Omega 6":0.0606,"Calcium":0.0276,"EVOO polyphenols":0.0063,"Oleic acid":0.0334,"Protein (plant)":0.0009,"Copper":0.0154,"Caffeine":0.0458,"Magnesium Citrate":0.0288,"Manganese Citrate":0.0523,"Curcuminoids":0.0009,"Fisetin (smoketree extract)":0.027,"Garlic extract 12:1 odorless":0.0288,"Genistein (Japonica extract)":0.0163,"Milled Golden Flaxseed":0.0017,"SDG lignan":0.0442,"Phosphatidylinositol":0.0072,"Phosphatidylethanolamine":0.0005}],"vo2_max":22.9455}
