{"personal_data":[{"age":57,"gender":"F","name":"Dr. Atha Kshlerin DDS"}],"fitness_data":[{"Backwards Sled, 2 min":5,"Posture exercises":4,"Tricep extensions":0,"Face pulls":3,"Butterfly":6,"Band pull apart (back muscles)":5,"Back extensions (on a hyperextension)":2,"Obliques (each side, on a hyperextension)":0,"StretchesKneeling shin_Kneeling shin_":4,"StretchesHip flexor_Hip flexor_":3,"StretchesCouch_Couch_":2,"Leg raises (for abdomen)":4,"Seated calf raises":2,"Poliquin step ups":2,"Slant board squats":2,"ATG Split squats":3,"Nordics":1,"Reverse Nordics":2,"Tibialis raises,":0,"IsoTib ankle rotations":6,"Pull ups":0,"Chin ups":0,"10 min HIIT":4}],"supplement_vars":[{"N-Acetyl-L-Cysteine (NAC)":0.0188,"N-Acetyl-L-Cysteine (NAC) 2":0.0049,"Nicotinamide Riboside Chloride (NR)":0.0166,"Zeaxanthin":0.0094,"Phosphorus":0.0112,"Astaxanthin (Natural)":0.0001,"Boron Glycinate":0.0436,"CaAKG":0.01,"Ashwagandha KSM66":0.0019,"Calcium L-5- Methyltetrahydrofolate (L-5-MTHF-Ca)":0.0196,"Cocoa Powder (Non-Alkalised) 8+% Flavanols":0.0034,"Red Yeast Rice (2% Monacolin K)":0.0011,"Creatine Monohydrate":0.0451,"Ginger":0.0824,"Glucosamine Sulfate KCI":0.0635,"Grape Seed Extract 90% polyphenols":0.0063,"Broccoli Extract (glucoraphanin 10%)":0.0083,"Glycine":0.0097,"Theanine":0.0375,"Lactobacillus Acidophilus":0.0169,"Lithium orotate":0.0003,"Pomegranate Juice Extract (50% Polyphenols)":0.0311,"Potassium Iodate":0.0194,"Rhodiola 3% Rosavins / Salidroside 1%":0.0019,"Selenium":0.0131,"Glutathione reduced":0.0315,"Lutein":0.0195,"Luteolin":0.0064,"Cinnamon powder (ceylon) organic":0.0062,"Sodium Hyaluronate":0.006,"Spermidine":0.0014,"Vitamin B1 (Thiamine HCl)":0.0167,"Vitamin B12 (Methylcobalamin)":0.0733,"Vitamin B2 (Riboflavin-5-Phosphate)":0.0255,"Vitamin B3 (Niacinamide)":0.0375,"Vitamin B5 (Calcium-D-Pantothenate)":0.0152,"Vitamin B6 (Pyridoxal-5- Phosphate)":0.0076,"Vitamin B7 (D-Biotin)":0.0272,"Vitamin C (Ascorbic Acid)":0.0099,"Vitamin D Veg D3":0.0134,"Vitamin E (d-alpha tocopherol)":0.0025,"Vitamin K1":0.0573,"Vitamin K2 MK-7 MCT Oil":0.0131,"Vitamin K2 MK-4 MCT Oil":0.0066,"Sunflower lecithin non-GMO":0.0016,"Phosphatidylcholine":0.0195,"Choline":0.0065,"Lycopene":0.0078,"Lysine":0.0068,"Taurine":0.0346,"Glucoraphanin":0.0324,"Ubiquinol":0.0018,"Zinc Citrate":0.0148,"Fiber":0.0036,"Blueberries":0.0688,"Macadamia nuts":0.0199,"Walnuts":0.0187,"Omega 3":0.0393,"Omega 6":0.054,"Calcium":0.0247,"EVOO polyphenols":0.0022,"Oleic acid":0.0352,"Protein (plant)":0.0022,"Copper":0.0068,"Caffeine":0.0342,"Magnesium Citrate":0.0013,"Manganese Citrate":0.0853,"Curcuminoids":0.01,"Fisetin (smoketree extract)":0.0369,"Garlic extract 12:1 odorless":0.0105,"Genistein (Japonica extract)":0.0031,"Milled Golden Flaxseed":0.0052,"SDG lignan":0.0501,"Phosphatidylinositol":0.0039,"Phosphatidylethanolamine":0.0297}],"vo2_max":26.9575}
