{"personal_data":[{"age":38,"gender":"F","name":"Dr. Liston Ferry Jr."}],"fitness_data":[{"Backwards Sled, 2 min":0,"Posture exercises":2,"Tricep extensions":1,"Face pulls":1,"Butterfly":0,"Band pull apart (back muscles)":3,"Back extensions (on a hyperextension)":2,"Obliques (each side, on a hyperextension)":0,"StretchesKneeling shin_Kneeling shin_":4,"StretchesHip flexor_Hip flexor_":5,"StretchesCouch_Couch_":0,"Leg raises (for abdomen)":3,"Seated calf raises":4,"Poliquin step ups":1,"Slant board squats":2,"ATG Split squats":5,"Nordics":0,"Reverse Nordics":2,"Tibialis raises,":4,"IsoTib ankle rotations":1,"Pull ups":3,"Chin ups":2,"10 min HIIT":2}],"supplement_vars":[{"N-Acetyl-L-Cysteine (NAC)":0.0073,"N-Acetyl-L-Cysteine (NAC) 2":0.0152,"Nicotinamide Riboside Chloride (NR)":0.0136,"Zeaxanthin":0.0055,"Phosphorus":0.0391,"Astaxanthin (Natural)":0.0109,"Boron Glycinate":0.0448,"CaAKG":0.0121,"Ashwagandha KSM66":0.0061,"Calcium L-5- Methyltetrahydrofolate (L-5-MTHF-Ca)":0.0349,"Cocoa Powder (Non-Alkalised) 8+% Flavanols":0.0016,"Red Yeast Rice (2% Monacolin K)":0.0096,"Creatine Monohydrate":0.0444,"Ginger":0.0114,"Glucosamine Sulfate KCI":0.0697,"Grape Seed Extract 90% polyphenols":0.0118,"Broccoli Extract (glucoraphanin 10%)":0.0157,"Glycine":0.03,"Theanine":0.0252,"Lactobacillus Acidophilus":0.0078,"Lithium orotate":0.0077,"Pomegranate Juice Extract (50% Polyphenols)":0.0158,"Potassium Iodate":0.0284,"Rhodiola 3% Rosavins / Salidroside 1%":0.0175,"Selenium":0.0203,"Glutathione reduced":0.0556,"Lutein":0.0196,"Luteolin":0.0095,"Cinnamon powder (ceylon) organic":0.0184,"Sodium Hyaluronate":0.0034,"Spermidine":0.0618,"Vitamin B1 (Thiamine HCl)":0.007,"Vitamin B12 (Methylcobalamin)":0.0464,"Vitamin B2 (Riboflavin-5-Phosphate)":0.0553,"Vitamin B3 (Niacinamide)":0.016,"Vitamin B5 (Calcium-D-Pantothenate)":0.0147,"Vitamin B6 (Pyridoxal-5- Phosphate)":0.0184,"Vitamin B7 (D-Biotin)":0.0045,"Vitamin C (Ascorbic Acid)":0.0085,"Vitamin D Veg D3":0.0153,"Vitamin E (d-alpha tocopherol)":0.008,"Vitamin K1":0.0187,"Vitamin K2 MK-7 MCT Oil":0.0005,"Vitamin K2 MK-4 MCT Oil":0.0324,"Sunflower lecithin non-GMO":0.0302,"Phosphatidylcholine":0.0022,"Choline":0.0007,"Lycopene":0.047,"Lysine":0.0053,"Taurine":0.0132,"Glucoraphanin":0.0007,"Ubiquinol":0.0099,"Zinc Citrate":0.0245,"Fiber":0.0023,"Blueberries":0.0256,"Macadamia nuts":0.0816,"Walnuts":0.0708,"Omega 3":0.025,"Omega 6":0.0264,"Calcium":0.0633,"EVOO polyphenols":0.0031,"Oleic acid":0.0201,"Protein (plant)":0.0041,"Copper":0.0104,"Caffeine":0.0054,"Magnesium Citrate":0.0207,"Manganese Citrate":0.0875,"Curcuminoids":0.0212,"Fisetin (smoketree extract)":0.0359,"Garlic extract 12:1 odorless":0.022,"Genistein (Japonica extract)":0.018,"Milled Golden Flaxseed":0.0046,"SDG lignan":0.0126,"Phosphatidylinositol":0.0127,"Phosphatidylethanolamine":0.0355}],"vo2_max":33.4684}
