{"personal_data":[{"age":54,"gender":"F","name":"Mr. Burnie Kunze"}],"fitness_data":[{"Backwards Sled, 2 min":4,"Posture exercises":4,"Tricep extensions":3,"Face pulls":5,"Butterfly":6,"Band pull apart (back muscles)":4,"Back extensions (on a hyperextension)":3,"Obliques (each side, on a hyperextension)":3,"StretchesKneeling shin_Kneeling shin_":1,"StretchesHip flexor_Hip flexor_":5,"StretchesCouch_Couch_":3,"Leg raises (for abdomen)":3,"Seated calf raises":3,"Poliquin step ups":1,"Slant board squats":1,"ATG Split squats":5,"Nordics":2,"Reverse Nordics":4,"Tibialis raises,":4,"IsoTib ankle rotations":3,"Pull ups":4,"Chin ups":2,"10 min HIIT":4}],"supplement_vars":[{"N-Acetyl-L-Cysteine (NAC)":0.0114,"N-Acetyl-L-Cysteine (NAC) 2":0.0106,"Nicotinamide Riboside Chloride (NR)":0.0015,"Zeaxanthin":0.0013,"Phosphorus":0.0032,"Astaxanthin (Natural)":0.0206,"Boron Glycinate":0.016,"CaAKG":0.0048,"Ashwagandha KSM66":0.0057,"Calcium L-5- Methyltetrahydrofolate (L-5-MTHF-Ca)":0.0631,"Cocoa Powder (Non-Alkalised) 8+% Flavanols":0.0144,"Red Yeast Rice (2% Monacolin K)":0.0023,"Creatine Monohydrate":0.0682,"Ginger":0.0636,"Glucosamine Sulfate KCI":0.0452,"Grape Seed Extract 90% polyphenols":0.0059,"Broccoli Extract (glucoraphanin 10%)":0.0013,"Glycine":0.0229,"Theanine":0.0533,"Lactobacillus Acidophilus":0.0173,"Lithium orotate":0.0049,"Pomegranate Juice Extract (50% Polyphenols)":0.0335,"Potassium Iodate":0.0246,"Rhodiola 3% Rosavins / Salidroside 1%":0.0074,"Selenium":0.0221,"Glutathione reduced":0.025,"Lutein":0.0213,"Luteolin":0.0077,"Cinnamon powder (ceylon) organic":0.0221,"Sodium Hyaluronate":0.0008,"Spermidine":0.0466,"Vitamin B1 (Thiamine HCl)":0.0158,"Vitamin B12 (Methylcobalamin)":0.0499,"Vitamin B2 (Riboflavin-5-Phosphate)":0.0275,"Vitamin B3 (Niacinamide)":0.0302,"Vitamin B5 (Calcium-D-Pantothenate)":0.0021,"Vitamin B6 (Pyridoxal-5- Phosphate)":0.0372,"Vitamin B7 (D-Biotin)":0.0159,"Vitamin C (Ascorbic Acid)":0.0118,"Vitamin D Veg D3":0.0052,"Vitamin E (d-alpha tocopherol)":0.0083,"Vitamin K1":0.0511,"Vitamin K2 MK-7 MCT Oil":0.0302,"Vitamin K2 MK-4 MCT Oil":0.0264,"Sunflower lecithin non-GMO":0.0316,"Phosphatidylcholine":0.0092,"Choline":0.051,"Lycopene":0.022,"Lysine":0.0012,"Taurine":0.0091,"Glucoraphanin":0.0306,"Ubiquinol":0.0125,"Zinc Citrate":0.0048,"Fiber":0.0031,"Blueberries":0.0179,"Macadamia nuts":0.0511,"Walnuts":0.0448,"Omega 3":0.0183,"Omega 6":0.039,"Calcium":0.0491,"EVOO polyphenols":0.0001,"Oleic acid":0.0277,"Protein (plant)":0.002,"Copper":0.0227,"Caffeine":0.004,"Magnesium Citrate":0.0286,"Manganese Citrate":0.0918,"Curcuminoids":0.0212,"Fisetin (smoketree extract)":0.0235,"Garlic extract 12:1 odorless":0.0051,"Genistein (Japonica extract)":0.0038,"Milled Golden Flaxseed":0.0047,"SDG lignan":0.0072,"Phosphatidylinositol":0.0036,"Phosphatidylethanolamine":0.0168}],"vo2_max":27.0394}
