{"personal_data":[{"age":58,"gender":"M","name":"Dr. Devonta Gottlieb DDS"}],"fitness_data":[{"Backwards Sled, 2 min":1,"Posture exercises":1,"Tricep extensions":0,"Face pulls":5,"Butterfly":4,"Band pull apart (back muscles)":1,"Back extensions (on a hyperextension)":2,"Obliques (each side, on a hyperextension)":3,"StretchesKneeling shin_Kneeling shin_":2,"StretchesHip flexor_Hip flexor_":2,"StretchesCouch_Couch_":1,"Leg raises (for abdomen)":1,"Seated calf raises":3,"Poliquin step ups":2,"Slant board squats":0,"ATG Split squats":3,"Nordics":1,"Reverse Nordics":2,"Tibialis raises,":5,"IsoTib ankle rotations":0,"Pull ups":2,"Chin ups":1,"10 min HIIT":3}],"supplement_vars":[{"N-Acetyl-L-Cysteine (NAC)":0.0059,"N-Acetyl-L-Cysteine (NAC) 2":0.0018,"Nicotinamide Riboside Chloride (NR)":0.019,"Zeaxanthin":0.0033,"Phosphorus":0.0387,"Astaxanthin (Natural)":0.0114,"Boron Glycinate":0.0055,"CaAKG":0.0029,"Ashwagandha KSM66":0.0038,"Calcium L-5- Methyltetrahydrofolate (L-5-MTHF-Ca)":0.0252,"Cocoa Powder (Non-Alkalised) 8+% Flavanols":0.0194,"Red Yeast Rice (2% Monacolin K)":0.0058,"Creatine Monohydrate":0.0282,"Ginger":0.0603,"Glucosamine Sulfate KCI":0.0696,"Grape Seed Extract 90% polyphenols":0.004,"Broccoli Extract (glucoraphanin 10%)":0.0158,"Glycine":0.0041,"Theanine":0.0257,"Lactobacillus Acidophilus":0.0648,"Lithium orotate":0.0035,"Pomegranate Juice Extract (50% Polyphenols)":0.0329,"Potassium Iodate":0.0356,"Rhodiola 3% Rosavins / Salidroside 1%":0.0524,"Selenium":0.0135,"Glutathione reduced":0.0107,"Lutein":0.0148,"Luteolin":0.0046,"Cinnamon powder (ceylon) organic":0.0088,"Sodium Hyaluronate":0.0098,"Spermidine":0.0151,"Vitamin B1 (Thiamine HCl)":0.0122,"Vitamin B12 (Methylcobalamin)":0.0026,"Vitamin B2 (Riboflavin-5-Phosphate)":0.0468,"Vitamin B3 (Niacinamide)":0.0072,"Vitamin B5 (Calcium-D-Pantothenate)":0.0065,"Vitamin B6 (Pyridoxal-5- Phosphate)":0.011,"Vitamin B7 (D-Biotin)":0.0111,"Vitamin C (Ascorbic Acid)":0.0066,"Vitamin D Veg D3":0.0371,"Vitamin E (d-alpha tocopherol)":0.0119,"Vitamin K1":0.0525,"Vitamin K2 MK-7 MCT Oil":0.0232,"Vitamin K2 MK-4 MCT Oil":2.3149e-06,"Sunflower lecithin non-GMO":0.0005,"Phosphatidylcholine":0.0198,"Choline":0.0248,"Lycopene":0.0541,"Lysine":0.0075,"Taurine":0.0371,"Glucoraphanin":0.0033,"Ubiquinol":0.0016,"Zinc Citrate":0.0275,"Fiber":0.0014,"Blueberries":0.0305,"Macadamia nuts":0.0681,"Walnuts":0.0408,"Omega 3":0.0083,"Omega 6":0.0284,"Calcium":0.0072,"EVOO polyphenols":0.0026,"Oleic acid":0.0001,"Protein (plant)":0.0048,"Copper":0.0165,"Caffeine":0.0071,"Magnesium Citrate":0.0546,"Manganese Citrate":0.0675,"Curcuminoids":0.0238,"Fisetin (smoketree extract)":0.0036,"Garlic extract 12:1 odorless":0.02,"Genistein (Japonica extract)":0.0181,"Milled Golden Flaxseed":0.0238,"SDG lignan":0.0104,"Phosphatidylinositol":0.0119,"Phosphatidylethanolamine":0.0246}],"vo2_max":25.7206}
