{"personal_data":[{"age":75,"gender":"F","name":"Janiyah Raynor"}],"fitness_data":[{"Backwards Sled, 2 min":5,"Posture exercises":1,"Tricep extensions":1,"Face pulls":2,"Butterfly":5,"Band pull apart (back muscles)":4,"Back extensions (on a hyperextension)":3,"Obliques (each side, on a hyperextension)":1,"StretchesKneeling shin_Kneeling shin_":1,"StretchesHip flexor_Hip flexor_":0,"StretchesCouch_Couch_":3,"Leg raises (for abdomen)":4,"Seated calf raises":1,"Poliquin step ups":3,"Slant board squats":4,"ATG Split squats":1,"Nordics":2,"Reverse Nordics":3,"Tibialis raises,":3,"IsoTib ankle rotations":5,"Pull ups":3,"Chin ups":1,"10 min HIIT":2}],"supplement_vars":[{"N-Acetyl-L-Cysteine (NAC)":0.0088,"N-Acetyl-L-Cysteine (NAC) 2":0.0016,"Nicotinamide Riboside Chloride (NR)":0.0044,"Zeaxanthin":0.0129,"Phosphorus":0.0192,"Astaxanthin (Natural)":0.0213,"Boron Glycinate":0.0441,"CaAKG":0.0038,"Ashwagandha KSM66":0.002,"Calcium L-5- Methyltetrahydrofolate (L-5-MTHF-Ca)":0.0227,"Cocoa Powder (Non-Alkalised) 8+% Flavanols":0.0136,"Red Yeast Rice (2% Monacolin K)":0.0333,"Creatine Monohydrate":0.032,"Ginger":0.0179,"Glucosamine Sulfate KCI":0.0732,"Grape Seed Extract 90% polyphenols":0.0056,"Broccoli Extract (glucoraphanin 10%)":0.0264,"Glycine":0.02,"Theanine":0.033,"Lactobacillus Acidophilus":0.0399,"Lithium orotate":0.0036,"Pomegranate Juice Extract (50% Polyphenols)":0.0555,"Potassium Iodate":0.0157,"Rhodiola 3% Rosavins / Salidroside 1%":0.0225,"Selenium":0.0036,"Glutathione reduced":0.0153,"Lutein":0.0239,"Luteolin":0.0029,"Cinnamon powder (ceylon) organic":0.0034,"Sodium Hyaluronate":0.0094,"Spermidine":0.0132,"Vitamin B1 (Thiamine HCl)":0.0061,"Vitamin B12 (Methylcobalamin)":0.0852,"Vitamin B2 (Riboflavin-5-Phosphate)":0.0035,"Vitamin B3 (Niacinamide)":0.015,"Vitamin B5 (Calcium-D-Pantothenate)":0.0186,"Vitamin B6 (Pyridoxal-5- Phosphate)":0.026,"Vitamin B7 (D-Biotin)":0.0022,"Vitamin C (Ascorbic Acid)":0.0099,"Vitamin D Veg D3":0.0288,"Vitamin E (d-alpha tocopherol)":0.0142,"Vitamin K1":0.0528,"Vitamin K2 MK-7 MCT Oil":0.0224,"Vitamin K2 MK-4 MCT Oil":0.0287,"Sunflower lecithin non-GMO":0.0345,"Phosphatidylcholine":0.0066,"Choline":0.0395,"Lycopene":0.0635,"Lysine":0.0007,"Taurine":0.0308,"Glucoraphanin":0.0052,"Ubiquinol":0.0132,"Zinc Citrate":0.0121,"Fiber":0.003,"Blueberries":0.0277,"Macadamia nuts":0.064,"Walnuts":0.0263,"Omega 3":0.043,"Omega 6":0.0346,"Calcium":0.0581,"EVOO polyphenols":0.0024,"Oleic acid":0.013,"Protein (plant)":0.0019,"Copper":0.0196,"Caffeine":0.0164,"Magnesium Citrate":0.0398,"Manganese Citrate":0.0701,"Curcuminoids":0.0235,"Fisetin (smoketree extract)":0.0104,"Garlic extract 12:1 odorless":0.0234,"Genistein (Japonica extract)":0.0028,"Milled Golden Flaxseed":0.0017,"SDG lignan":0.0086,"Phosphatidylinositol":0.0136,"Phosphatidylethanolamine":0.0366}],"vo2_max":17.4629}
