{"personal_data":[{"age":26,"gender":"F","name":"Dr. Earley Waelchi"}],"fitness_data":[{"Backwards Sled, 2 min":0,"Posture exercises":3,"Tricep extensions":1,"Face pulls":4,"Butterfly":0,"Band pull apart (back muscles)":1,"Back extensions (on a hyperextension)":1,"Obliques (each side, on a hyperextension)":3,"StretchesKneeling shin_Kneeling shin_":3,"StretchesHip flexor_Hip flexor_":5,"StretchesCouch_Couch_":2,"Leg raises (for abdomen)":1,"Seated calf raises":0,"Poliquin step ups":1,"Slant board squats":3,"ATG Split squats":5,"Nordics":6,"Reverse Nordics":0,"Tibialis raises,":4,"IsoTib ankle rotations":3,"Pull ups":2,"Chin ups":2,"10 min HIIT":1}],"supplement_vars":[{"N-Acetyl-L-Cysteine (NAC)":0.0078,"N-Acetyl-L-Cysteine (NAC) 2":0.0045,"Nicotinamide Riboside Chloride (NR)":0.0077,"Zeaxanthin":0.0099,"Phosphorus":0.032,"Astaxanthin (Natural)":0.0227,"Boron Glycinate":0.0324,"CaAKG":0.0004,"Ashwagandha KSM66":0.0047,"Calcium L-5- Methyltetrahydrofolate (L-5-MTHF-Ca)":0.027,"Cocoa Powder (Non-Alkalised) 8+% Flavanols":0.0113,"Red Yeast Rice (2% Monacolin K)":0.0242,"Creatine Monohydrate":0.0226,"Ginger":0.0558,"Glucosamine Sulfate KCI":0.0072,"Grape Seed Extract 90% polyphenols":0.0067,"Broccoli Extract (glucoraphanin 10%)":0.0325,"Glycine":0.0321,"Theanine":0.0416,"Lactobacillus Acidophilus":0.0639,"Lithium orotate":0.0003,"Pomegranate Juice Extract (50% Polyphenols)":0.0048,"Potassium Iodate":0.021,"Rhodiola 3% Rosavins / Salidroside 1%":0.0388,"Selenium":0.0032,"Glutathione reduced":0.0113,"Lutein":0.0015,"Luteolin":0.0053,"Cinnamon powder (ceylon) organic":0.0251,"Sodium Hyaluronate":0.0046,"Spermidine":0.0349,"Vitamin B1 (Thiamine HCl)":0.0106,"Vitamin B12 (Methylcobalamin)":0.0691,"Vitamin B2 (Riboflavin-5-Phosphate)":0.0209,"Vitamin B3 (Niacinamide)":0.0402,"Vitamin B5 (Calcium-D-Pantothenate)":0.0123,"Vitamin B6 (Pyridoxal-5- Phosphate)":0.0105,"Vitamin B7 (D-Biotin)":0.0141,"Vitamin C (Ascorbic Acid)":0.0047,"Vitamin D Veg D3":0.0009,"Vitamin E (d-alpha tocopherol)":0.007,"Vitamin K1":0.0494,"Vitamin K2 MK-7 MCT Oil":0.0354,"Vitamin K2 MK-4 MCT Oil":0.0161,"Sunflower lecithin non-GMO":0.0383,"Phosphatidylcholine":0.0019,"Choline":0.0341,"Lycopene":0.0248,"Lysine":0.004,"Taurine":0.031,"Glucoraphanin":0.0222,"Ubiquinol":0.0042,"Zinc Citrate":0.0046,"Fiber":0.0045,"Blueberries":0.0562,"Macadamia nuts":0.0509,"Walnuts":0.0452,"Omega 3":0.0266,"Omega 6":0.0078,"Calcium":0.0476,"EVOO polyphenols":0.0002,"Oleic acid":0.0095,"Protein (plant)":0.0014,"Copper":0.0231,"Caffeine":0.0124,"Magnesium Citrate":0.0341,"Manganese Citrate":0.0557,"Curcuminoids":0.0024,"Fisetin (smoketree extract)":0.0119,"Garlic extract 12:1 odorless":0.0354,"Genistein (Japonica extract)":0.0068,"Milled Golden Flaxseed":0.0261,"SDG lignan":0.0441,"Phosphatidylinositol":0.0048,"Phosphatidylethanolamine":0.0155}],"vo2_max":35.4954}
