{"personal_data":[{"age":59,"gender":"F","name":"Dr. David Ryan MD"}],"fitness_data":[{"Backwards Sled, 2 min":1,"Posture exercises":2,"Tricep extensions":3,"Face pulls":4,"Butterfly":4,"Band pull apart (back muscles)":1,"Back extensions (on a hyperextension)":4,"Obliques (each side, on a hyperextension)":2,"StretchesKneeling shin_Kneeling shin_":1,"StretchesHip flexor_Hip flexor_":2,"StretchesCouch_Couch_":2,"Leg raises (for abdomen)":3,"Seated calf raises":0,"Poliquin step ups":2,"Slant board squats":4,"ATG Split squats":2,"Nordics":5,"Reverse Nordics":3,"Tibialis raises,":0,"IsoTib ankle rotations":5,"Pull ups":1,"Chin ups":2,"10 min HIIT":2}],"supplement_vars":[{"N-Acetyl-L-Cysteine (NAC)":0.0178,"N-Acetyl-L-Cysteine (NAC) 2":0.0037,"Nicotinamide Riboside Chloride (NR)":0.0116,"Zeaxanthin":0.0006,"Phosphorus":0.0121,"Astaxanthin (Natural)":0.0137,"Boron Glycinate":0.0254,"CaAKG":0,"Ashwagandha KSM66":0.005,"Calcium L-5- Methyltetrahydrofolate (L-5-MTHF-Ca)":0.0685,"Cocoa Powder (Non-Alkalised) 8+% Flavanols":0.0115,"Red Yeast Rice (2% Monacolin K)":0.0311,"Creatine Monohydrate":0.0661,"Ginger":0.0288,"Glucosamine Sulfate KCI":0.0088,"Grape Seed Extract 90% polyphenols":0.0131,"Broccoli Extract (glucoraphanin 10%)":0.0335,"Glycine":0.0131,"Theanine":0.0247,"Lactobacillus Acidophilus":0.0089,"Lithium orotate":0.0091,"Pomegranate Juice Extract (50% Polyphenols)":0.0462,"Potassium Iodate":0.006,"Rhodiola 3% Rosavins / Salidroside 1%":0.0173,"Selenium":0.0044,"Glutathione reduced":0.0572,"Lutein":0.018,"Luteolin":0.0088,"Cinnamon powder (ceylon) organic":0.0219,"Sodium Hyaluronate":0.0055,"Spermidine":0.0536,"Vitamin B1 (Thiamine HCl)":0.0047,"Vitamin B12 (Methylcobalamin)":0.0325,"Vitamin B2 (Riboflavin-5-Phosphate)":0.0122,"Vitamin B3 (Niacinamide)":0.0658,"Vitamin B5 (Calcium-D-Pantothenate)":0.0214,"Vitamin B6 (Pyridoxal-5- Phosphate)":0.0055,"Vitamin B7 (D-Biotin)":0.0326,"Vitamin C (Ascorbic Acid)":0.0058,"Vitamin D Veg D3":0.0479,"Vitamin E (d-alpha tocopherol)":0.0213,"Vitamin K1":0.0026,"Vitamin K2 MK-7 MCT Oil":0.0141,"Vitamin K2 MK-4 MCT Oil":0.035,"Sunflower lecithin non-GMO":0.0348,"Phosphatidylcholine":0.0127,"Choline":0.0554,"Lycopene":0.0449,"Lysine":0.0073,"Taurine":0.0381,"Glucoraphanin":0.0135,"Ubiquinol":0.0059,"Zinc Citrate":0.0079,"Fiber":0.0001,"Blueberries":0.0358,"Macadamia nuts":0.027,"Walnuts":0.0182,"Omega 3":0.0448,"Omega 6":0.0513,"Calcium":0.0108,"EVOO polyphenols":0.0006,"Oleic acid":0.01,"Protein (plant)":0.002,"Copper":0.0114,"Caffeine":0.0639,"Magnesium Citrate":0.0579,"Manganese Citrate":0.048,"Curcuminoids":0.0432,"Fisetin (smoketree extract)":0.0038,"Garlic extract 12:1 odorless":0.0321,"Genistein (Japonica extract)":0.013,"Milled Golden Flaxseed":0.0216,"SDG lignan":0.0559,"Phosphatidylinositol":0.0074,"Phosphatidylethanolamine":0.0006}],"vo2_max":28.2275}
