{"personal_data":[{"age":67,"gender":"M"}],"fitness_data":[{"Backwards Sled, 2 min":2,"Posture exercises":3,"Tricep extensions":3,"Face pulls":5,"Butterfly":3,"Band pull apart (back muscles)":4,"Back extensions (on a hyperextension)":2,"Obliques (each side, on a hyperextension)":3,"StretchesKneeling shin_Kneeling shin_":4,"StretchesHip flexor_Hip flexor_":4,"StretchesCouch_Couch_":0,"Leg raises (for abdomen)":2,"Seated calf raises":2,"Poliquin step ups":3,"Slant board squats":5,"ATG Split squats":2,"Nordics":4,"Reverse Nordics":1,"Tibialis raises,":1,"IsoTib ankle rotations":0,"Pull ups":4,"Chin ups":3,"10 min HIIT":2}],"supplement_vars":[{"N-Acetyl-L-Cysteine (NAC)":0.0185,"N-Acetyl-L-Cysteine (NAC) 2":0.0016,"Nicotinamide Riboside Chloride (NR)":0.0112,"Zeaxanthin":0.0012,"Phosphorus":0.0038,"Astaxanthin (Natural)":0.0004,"Boron Glycinate":0.031,"CaAKG":0.004,"Ashwagandha KSM66":0.0026,"Calcium L-5- Methyltetrahydrofolate (L-5-MTHF-Ca)":0.0157,"Cocoa Powder (Non-Alkalised) 8+% Flavanols":0.0152,"Red Yeast Rice (2% Monacolin K)":0.0201,"Creatine Monohydrate":0.0589,"Ginger":0.0757,"Glucosamine Sulfate KCI":0.0238,"Grape Seed Extract 90% polyphenols":0.0099,"Broccoli Extract (glucoraphanin 10%)":0.019,"Glycine":0.0312,"Theanine":0.028,"Lactobacillus Acidophilus":0.0524,"Lithium orotate":0.0042,"Pomegranate Juice Extract (50% Polyphenols)":0.0566,"Potassium Iodate":0.024,"Rhodiola 3% Rosavins / Salidroside 1%":0.0347,"Selenium":0.0291,"Glutathione reduced":0.0457,"Lutein":0.0026,"Luteolin":0.0013,"Cinnamon powder (ceylon) organic":0.0113,"Sodium Hyaluronate":0.0058,"Spermidine":0.0805,"Vitamin B1 (Thiamine HCl)":0.0111,"Vitamin B12 (Methylcobalamin)":0.0551,"Vitamin B2 (Riboflavin-5-Phosphate)":0.0204,"Vitamin B3 (Niacinamide)":0.0297,"Vitamin B5 (Calcium-D-Pantothenate)":0.0073,"Vitamin B6 (Pyridoxal-5- Phosphate)":0.0244,"Vitamin B7 (D-Biotin)":0.0048,"Vitamin C (Ascorbic Acid)":0.0114,"Vitamin D Veg D3":0.0344,"Vitamin E (d-alpha tocopherol)":0.0168,"Vitamin K1":0.0356,"Vitamin K2 MK-7 MCT Oil":0.0075,"Vitamin K2 MK-4 MCT Oil":0.0358,"Sunflower lecithin non-GMO":0.0065,"Phosphatidylcholine":0.0157,"Choline":0.0613,"Lycopene":0.0438,"Lysine":0.006,"Taurine":0.0247,"Glucoraphanin":0.0196,"Ubiquinol":0.0093,"Zinc Citrate":0.017,"Fiber":0.0039,"Blueberries":0.0257,"Macadamia nuts":0.0187,"Walnuts":0.0602,"Omega 3":0.0182,"Omega 6":0.06,"Calcium":0.0663,"EVOO polyphenols":0.0039,"Oleic acid":0.033,"Protein (plant)":0.002,"Copper":0.022,"Caffeine":0.0575,"Magnesium Citrate":0.0284,"Manganese Citrate":0.0658,"Curcuminoids":0.0098,"Fisetin (smoketree extract)":0.0038,"Garlic extract 12:1 odorless":0.0017,"Genistein (Japonica extract)":0.0208,"Milled Golden Flaxseed":0.0293,"SDG lignan":0.0403,"Phosphatidylinositol":0.0069,"Phosphatidylethanolamine":0.004}],"vo2_max":23.2115}
