{"personal_data":[{"age":65,"gender":"F"}],"fitness_data":[{"Backwards Sled, 2 min":4,"Posture exercises":1,"Tricep extensions":0,"Face pulls":5,"Butterfly":5,"Band pull apart (back muscles)":2,"Back extensions (on a hyperextension)":1,"Obliques (each side, on a hyperextension)":4,"StretchesKneeling shin_Kneeling shin_":0,"StretchesHip flexor_Hip flexor_":1,"StretchesCouch_Couch_":2,"Leg raises (for abdomen)":3,"Seated calf raises":1,"Poliquin step ups":0,"Slant board squats":5,"ATG Split squats":1,"Nordics":6,"Reverse Nordics":4,"Tibialis raises,":1,"IsoTib ankle rotations":3,"Pull ups":1,"Chin ups":1,"10 min HIIT":1}],"supplement_vars":[{"N-Acetyl-L-Cysteine (NAC)":0.0117,"N-Acetyl-L-Cysteine (NAC) 2":0.0156,"Nicotinamide Riboside Chloride (NR)":0.0026,"Zeaxanthin":0.001,"Phosphorus":0.0289,"Astaxanthin (Natural)":0.006,"Boron Glycinate":0.0026,"CaAKG":0.0109,"Ashwagandha KSM66":0.0027,"Calcium L-5- Methyltetrahydrofolate (L-5-MTHF-Ca)":0.0237,"Cocoa Powder (Non-Alkalised) 8+% Flavanols":0.0142,"Red Yeast Rice (2% Monacolin K)":0.022,"Creatine Monohydrate":0.0534,"Ginger":0.0443,"Glucosamine Sulfate KCI":0.0236,"Grape Seed Extract 90% polyphenols":0.0062,"Broccoli Extract (glucoraphanin 10%)":0.006,"Glycine":0.0145,"Theanine":0.0261,"Lactobacillus Acidophilus":0.0055,"Lithium orotate":0.0091,"Pomegranate Juice Extract (50% Polyphenols)":0.063,"Potassium Iodate":0.0413,"Rhodiola 3% Rosavins / Salidroside 1%":0.0182,"Selenium":0.023,"Glutathione reduced":0.0543,"Lutein":0.0026,"Luteolin":0.0039,"Cinnamon powder (ceylon) organic":0.0225,"Sodium Hyaluronate":0.0062,"Spermidine":0.0415,"Vitamin B1 (Thiamine HCl)":0.0107,"Vitamin B12 (Methylcobalamin)":0.0576,"Vitamin B2 (Riboflavin-5-Phosphate)":0.0453,"Vitamin B3 (Niacinamide)":0.0428,"Vitamin B5 (Calcium-D-Pantothenate)":0.0185,"Vitamin B6 (Pyridoxal-5- Phosphate)":0.0341,"Vitamin B7 (D-Biotin)":0.0001,"Vitamin C (Ascorbic Acid)":0.0028,"Vitamin D Veg D3":0.0417,"Vitamin E (d-alpha tocopherol)":0.0308,"Vitamin K1":0.0166,"Vitamin K2 MK-7 MCT Oil":0.0092,"Vitamin K2 MK-4 MCT Oil":0.0096,"Sunflower lecithin non-GMO":0.0153,"Phosphatidylcholine":0.0273,"Choline":0.0044,"Lycopene":0.0254,"Lysine":0.0083,"Taurine":0.0009,"Glucoraphanin":0.002,"Ubiquinol":0.0119,"Zinc Citrate":0.0014,"Fiber":0.0044,"Blueberries":0.019,"Macadamia nuts":0.0101,"Walnuts":0.0059,"Omega 3":0.0461,"Omega 6":0.0322,"Calcium":0.0269,"EVOO polyphenols":0.002,"Oleic acid":0.0267,"Protein (plant)":0.0022,"Copper":0.0161,"Caffeine":0.0431,"Magnesium Citrate":0.0119,"Manganese Citrate":0.0684,"Curcuminoids":0.0335,"Fisetin (smoketree extract)":0.0211,"Garlic extract 12:1 odorless":0.0304,"Genistein (Japonica extract)":0.0148,"Milled Golden Flaxseed":0.0039,"SDG lignan":0.0421,"Phosphatidylinositol":0.0167,"Phosphatidylethanolamine":0.0434}],"vo2_max":20.5817}
