{"personal_data":[{"age":47,"gender":"F","name":"Dr. Terry Jacobson"}],"fitness_data":[{"Backwards Sled, 2 min":4,"Posture exercises":2,"Tricep extensions":3,"Face pulls":5,"Butterfly":2,"Band pull apart (back muscles)":3,"Back extensions (on a hyperextension)":2,"Obliques (each side, on a hyperextension)":2,"StretchesKneeling shin_Kneeling shin_":4,"StretchesHip flexor_Hip flexor_":1,"StretchesCouch_Couch_":1,"Leg raises (for abdomen)":2,"Seated calf raises":2,"Poliquin step ups":3,"Slant board squats":0,"ATG Split squats":4,"Nordics":5,"Reverse Nordics":0,"Tibialis raises,":3,"IsoTib ankle rotations":3,"Pull ups":2,"Chin ups":3,"10 min HIIT":3}],"supplement_vars":[{"N-Acetyl-L-Cysteine (NAC)":0.0016,"N-Acetyl-L-Cysteine (NAC) 2":0.0144,"Nicotinamide Riboside Chloride (NR)":0.0181,"Zeaxanthin":0.0094,"Phosphorus":0.0103,"Astaxanthin (Natural)":0.0232,"Boron Glycinate":0.0174,"CaAKG":0.0009,"Ashwagandha KSM66":0.0086,"Calcium L-5- Methyltetrahydrofolate (L-5-MTHF-Ca)":0.0141,"Cocoa Powder (Non-Alkalised) 8+% Flavanols":0.0078,"Red Yeast Rice (2% Monacolin K)":0.0081,"Creatine Monohydrate":0.0026,"Ginger":0.0601,"Glucosamine Sulfate KCI":0.0274,"Grape Seed Extract 90% polyphenols":0.0002,"Broccoli Extract (glucoraphanin 10%)":0.0302,"Glycine":0.0192,"Theanine":0.0494,"Lactobacillus Acidophilus":0.0799,"Lithium orotate":0.0085,"Pomegranate Juice Extract (50% Polyphenols)":0.0676,"Potassium Iodate":0.0093,"Rhodiola 3% Rosavins / Salidroside 1%":0.0381,"Selenium":0.0019,"Glutathione reduced":0.0133,"Lutein":0.0149,"Luteolin":0.0081,"Cinnamon powder (ceylon) organic":0.0218,"Sodium Hyaluronate":0.007,"Spermidine":0.0268,"Vitamin B1 (Thiamine HCl)":0.0013,"Vitamin B12 (Methylcobalamin)":0.0708,"Vitamin B2 (Riboflavin-5-Phosphate)":0.0576,"Vitamin B3 (Niacinamide)":0.0511,"Vitamin B5 (Calcium-D-Pantothenate)":0.0214,"Vitamin B6 (Pyridoxal-5- Phosphate)":0.0376,"Vitamin B7 (D-Biotin)":0.0263,"Vitamin C (Ascorbic Acid)":0.0039,"Vitamin D Veg D3":0.0382,"Vitamin E (d-alpha tocopherol)":0.0116,"Vitamin K1":0.0183,"Vitamin K2 MK-7 MCT Oil":0.0333,"Vitamin K2 MK-4 MCT Oil":0.016,"Sunflower lecithin non-GMO":0.0353,"Phosphatidylcholine":0.0178,"Choline":0.0117,"Lycopene":0.0188,"Lysine":0.0077,"Taurine":0.042,"Glucoraphanin":0.0317,"Ubiquinol":0.0127,"Zinc Citrate":0.006,"Fiber":0.003,"Blueberries":0.05,"Macadamia nuts":0.0809,"Walnuts":0.0039,"Omega 3":0.0428,"Omega 6":0.0424,"Calcium":0.0185,"EVOO polyphenols":0.0006,"Oleic acid":0.0249,"Protein (plant)":0.0024,"Copper":0.0084,"Caffeine":0.0498,"Magnesium Citrate":0.0272,"Manganese Citrate":0.0866,"Curcuminoids":0.001,"Fisetin (smoketree extract)":0.0211,"Garlic extract 12:1 odorless":0.0178,"Genistein (Japonica extract)":0.0108,"Milled Golden Flaxseed":0.0226,"SDG lignan":0.0589,"Phosphatidylinositol":0.0017,"Phosphatidylethanolamine":0.0163}],"vo2_max":29.6059}
