{"personal_data":[{"age":26,"gender":"M","name":"Krysten Jacobi"}],"fitness_data":[{"Backwards Sled, 2 min":1,"Posture exercises":4,"Tricep extensions":0,"Face pulls":2,"Butterfly":6,"Band pull apart (back muscles)":0,"Back extensions (on a hyperextension)":1,"Obliques (each side, on a hyperextension)":2,"StretchesKneeling shin_Kneeling shin_":5,"StretchesHip flexor_Hip flexor_":5,"StretchesCouch_Couch_":1,"Leg raises (for abdomen)":1,"Seated calf raises":1,"Poliquin step ups":1,"Slant board squats":3,"ATG Split squats":3,"Nordics":4,"Reverse Nordics":2,"Tibialis raises,":0,"IsoTib ankle rotations":3,"Pull ups":2,"Chin ups":1,"10 min HIIT":0}],"supplement_vars":[{"N-Acetyl-L-Cysteine (NAC)":0.004,"N-Acetyl-L-Cysteine (NAC) 2":0.0124,"Nicotinamide Riboside Chloride (NR)":0.0168,"Zeaxanthin":0.0016,"Phosphorus":0.0137,"Astaxanthin (Natural)":0.0102,"Boron Glycinate":0.0135,"CaAKG":0.0039,"Ashwagandha KSM66":0.0067,"Calcium L-5- Methyltetrahydrofolate (L-5-MTHF-Ca)":0.0152,"Cocoa Powder (Non-Alkalised) 8+% Flavanols":0.0147,"Red Yeast Rice (2% Monacolin K)":0.0259,"Creatine Monohydrate":0.0642,"Ginger":0.0889,"Glucosamine Sulfate KCI":0.0594,"Grape Seed Extract 90% polyphenols":0.0092,"Broccoli Extract (glucoraphanin 10%)":0.0072,"Glycine":0.002,"Theanine":0.0454,"Lactobacillus Acidophilus":0.07,"Lithium orotate":0.0051,"Pomegranate Juice Extract (50% Polyphenols)":0.0622,"Potassium Iodate":0.0448,"Rhodiola 3% Rosavins / Salidroside 1%":0.0083,"Selenium":0.031,"Glutathione reduced":0.0306,"Lutein":0.0022,"Luteolin":0.001,"Cinnamon powder (ceylon) organic":0.0253,"Sodium Hyaluronate":0.0007,"Spermidine":0.0326,"Vitamin B1 (Thiamine HCl)":0.0022,"Vitamin B12 (Methylcobalamin)":0.0402,"Vitamin B2 (Riboflavin-5-Phosphate)":0.0561,"Vitamin B3 (Niacinamide)":0.0149,"Vitamin B5 (Calcium-D-Pantothenate)":0.0194,"Vitamin B6 (Pyridoxal-5- Phosphate)":0.043,"Vitamin B7 (D-Biotin)":0.0257,"Vitamin C (Ascorbic Acid)":0.0007,"Vitamin D Veg D3":0.0153,"Vitamin E (d-alpha tocopherol)":0.0112,"Vitamin K1":0.0284,"Vitamin K2 MK-7 MCT Oil":0.0046,"Vitamin K2 MK-4 MCT Oil":0.0057,"Sunflower lecithin non-GMO":0.0321,"Phosphatidylcholine":0.0246,"Choline":0.0373,"Lycopene":0.0486,"Lysine":0.012,"Taurine":0.0159,"Glucoraphanin":0.0149,"Ubiquinol":0.0109,"Zinc Citrate":0.0104,"Fiber":0.0034,"Blueberries":0.0221,"Macadamia nuts":0.0018,"Walnuts":0.0281,"Omega 3":0.0378,"Omega 6":0.0078,"Calcium":0.0096,"EVOO polyphenols":0.0065,"Oleic acid":0.0035,"Protein (plant)":0.0006,"Copper":0.0169,"Caffeine":0.0046,"Magnesium Citrate":0.0088,"Manganese Citrate":0.0997,"Curcuminoids":0.0209,"Fisetin (smoketree extract)":0.0294,"Garlic extract 12:1 odorless":0.0401,"Genistein (Japonica extract)":0.0103,"Milled Golden Flaxseed":0.0325,"SDG lignan":0.0452,"Phosphatidylinositol":0.025,"Phosphatidylethanolamine":0.0474}],"vo2_max":35.0331}
