{"personal_data":[{"age":24,"gender":"F","name":"Rae Waters"}],"fitness_data":[{"Backwards Sled, 2 min":2,"Posture exercises":5,"Tricep extensions":2,"Face pulls":0,"Butterfly":5,"Band pull apart (back muscles)":5,"Back extensions (on a hyperextension)":2,"Obliques (each side, on a hyperextension)":2,"StretchesKneeling shin_Kneeling shin_":0,"StretchesHip flexor_Hip flexor_":4,"StretchesCouch_Couch_":2,"Leg raises (for abdomen)":0,"Seated calf raises":2,"Poliquin step ups":2,"Slant board squats":5,"ATG Split squats":4,"Nordics":2,"Reverse Nordics":3,"Tibialis raises,":5,"IsoTib ankle rotations":1,"Pull ups":3,"Chin ups":4,"10 min HIIT":1}],"supplement_vars":[{"N-Acetyl-L-Cysteine (NAC)":0.0057,"N-Acetyl-L-Cysteine (NAC) 2":0.0034,"Nicotinamide Riboside Chloride (NR)":0.0169,"Zeaxanthin":0.007,"Phosphorus":0.0366,"Astaxanthin (Natural)":0.0147,"Boron Glycinate":0.0402,"CaAKG":0.0114,"Ashwagandha KSM66":0.0021,"Calcium L-5- Methyltetrahydrofolate (L-5-MTHF-Ca)":0.0344,"Cocoa Powder (Non-Alkalised) 8+% Flavanols":0.0019,"Red Yeast Rice (2% Monacolin K)":0.0049,"Creatine Monohydrate":0.0666,"Ginger":0.0263,"Glucosamine Sulfate KCI":0.0091,"Grape Seed Extract 90% polyphenols":0.0059,"Broccoli Extract (glucoraphanin 10%)":0.0107,"Glycine":0.0273,"Theanine":0.0504,"Lactobacillus Acidophilus":0.0863,"Lithium orotate":0.005,"Pomegranate Juice Extract (50% Polyphenols)":0.0035,"Potassium Iodate":0.0262,"Rhodiola 3% Rosavins / Salidroside 1%":0.0465,"Selenium":0.0305,"Glutathione reduced":0.0429,"Lutein":0.0107,"Luteolin":0.0058,"Cinnamon powder (ceylon) organic":0.0086,"Sodium Hyaluronate":0.0087,"Spermidine":0.0264,"Vitamin B1 (Thiamine HCl)":0.0105,"Vitamin B12 (Methylcobalamin)":0.0173,"Vitamin B2 (Riboflavin-5-Phosphate)":0.0177,"Vitamin B3 (Niacinamide)":0.0679,"Vitamin B5 (Calcium-D-Pantothenate)":0.0202,"Vitamin B6 (Pyridoxal-5- Phosphate)":0.0173,"Vitamin B7 (D-Biotin)":0.0308,"Vitamin C (Ascorbic Acid)":0.0071,"Vitamin D Veg D3":0.0072,"Vitamin E (d-alpha tocopherol)":0.0046,"Vitamin K1":0.0593,"Vitamin K2 MK-7 MCT Oil":0.0159,"Vitamin K2 MK-4 MCT Oil":0.0071,"Sunflower lecithin non-GMO":0.0192,"Phosphatidylcholine":0.0266,"Choline":0.0605,"Lycopene":0.0446,"Lysine":0.0017,"Taurine":0.022,"Glucoraphanin":0.0237,"Ubiquinol":0.0011,"Zinc Citrate":0.022,"Fiber":0.005,"Blueberries":0.0659,"Macadamia nuts":0.0159,"Walnuts":0.0737,"Omega 3":0.0179,"Omega 6":0.0197,"Calcium":0.0627,"EVOO polyphenols":0.0033,"Oleic acid":0.0262,"Protein (plant)":0.0008,"Copper":0.012,"Caffeine":0.052,"Magnesium Citrate":0.0256,"Manganese Citrate":0.0204,"Curcuminoids":0.0341,"Fisetin (smoketree extract)":0.0282,"Garlic extract 12:1 odorless":0.004,"Genistein (Japonica extract)":0.0098,"Milled Golden Flaxseed":0.0108,"SDG lignan":0.0091,"Phosphatidylinositol":0.0034,"Phosphatidylethanolamine":0.0419}],"vo2_max":40.5906}
