{"personal_data":[{"age":27,"gender":"F","name":"Miss Lynn Stracke MD"}],"fitness_data":[{"Backwards Sled, 2 min":4,"Posture exercises":1,"Tricep extensions":0,"Face pulls":5,"Butterfly":3,"Band pull apart (back muscles)":1,"Back extensions (on a hyperextension)":2,"Obliques (each side, on a hyperextension)":4,"StretchesKneeling shin_Kneeling shin_":3,"StretchesHip flexor_Hip flexor_":2,"StretchesCouch_Couch_":2,"Leg raises (for abdomen)":3,"Seated calf raises":2,"Poliquin step ups":3,"Slant board squats":4,"ATG Split squats":3,"Nordics":4,"Reverse Nordics":3,"Tibialis raises,":4,"IsoTib ankle rotations":5,"Pull ups":3,"Chin ups":4,"10 min HIIT":0}],"supplement_vars":[{"N-Acetyl-L-Cysteine (NAC)":0.0177,"N-Acetyl-L-Cysteine (NAC) 2":0.0021,"Nicotinamide Riboside Chloride (NR)":0.0101,"Zeaxanthin":0.0067,"Phosphorus":0.0342,"Astaxanthin (Natural)":0.0149,"Boron Glycinate":0.031,"CaAKG":0.0102,"Ashwagandha KSM66":0.0016,"Calcium L-5- Methyltetrahydrofolate (L-5-MTHF-Ca)":0.0187,"Cocoa Powder (Non-Alkalised) 8+% Flavanols":0.0141,"Red Yeast Rice (2% Monacolin K)":0.0319,"Creatine Monohydrate":0.0335,"Ginger":0.0877,"Glucosamine Sulfate KCI":0.0205,"Grape Seed Extract 90% polyphenols":0.0139,"Broccoli Extract (glucoraphanin 10%)":0.0034,"Glycine":0.0201,"Theanine":0.0136,"Lactobacillus Acidophilus":0.0396,"Lithium orotate":0.0006,"Pomegranate Juice Extract (50% Polyphenols)":0.0067,"Potassium Iodate":0.0299,"Rhodiola 3% Rosavins / Salidroside 1%":0.01,"Selenium":0.0318,"Glutathione reduced":0.0284,"Lutein":0.0069,"Luteolin":0.0034,"Cinnamon powder (ceylon) organic":0.014,"Sodium Hyaluronate":0.002,"Spermidine":0.057,"Vitamin B1 (Thiamine HCl)":0.0159,"Vitamin B12 (Methylcobalamin)":0.0246,"Vitamin B2 (Riboflavin-5-Phosphate)":0.0504,"Vitamin B3 (Niacinamide)":0.0083,"Vitamin B5 (Calcium-D-Pantothenate)":0.0137,"Vitamin B6 (Pyridoxal-5- Phosphate)":0.0004,"Vitamin B7 (D-Biotin)":0.0017,"Vitamin C (Ascorbic Acid)":0.0026,"Vitamin D Veg D3":0.0097,"Vitamin E (d-alpha tocopherol)":0.0326,"Vitamin K1":0.0222,"Vitamin K2 MK-7 MCT Oil":0.0191,"Vitamin K2 MK-4 MCT Oil":0.0137,"Sunflower lecithin non-GMO":0.0062,"Phosphatidylcholine":0.0302,"Choline":0.023,"Lycopene":0.0336,"Lysine":0.0051,"Taurine":0.0109,"Glucoraphanin":0.024,"Ubiquinol":0.0139,"Zinc Citrate":0.0098,"Fiber":0.0053,"Blueberries":0.0649,"Macadamia nuts":0.0824,"Walnuts":0.0254,"Omega 3":0.0127,"Omega 6":0.0348,"Calcium":0.0105,"EVOO polyphenols":0.0024,"Oleic acid":0.0126,"Protein (plant)":0.001,"Copper":0.0065,"Caffeine":0.0518,"Magnesium Citrate":0.0044,"Manganese Citrate":0.0049,"Curcuminoids":0.012,"Fisetin (smoketree extract)":0.0194,"Garlic extract 12:1 odorless":0.0062,"Genistein (Japonica extract)":0.0086,"Milled Golden Flaxseed":0.0112,"SDG lignan":0.0081,"Phosphatidylinositol":0.0015,"Phosphatidylethanolamine":0.0388}],"vo2_max":37.7595}
