{"personal_data":[{"age":28,"gender":"F","name":"Caesar Brakus"}],"fitness_data":[{"Backwards Sled, 2 min":2,"Posture exercises":1,"Tricep extensions":3,"Face pulls":0,"Butterfly":4,"Band pull apart (back muscles)":0,"Back extensions (on a hyperextension)":2,"Obliques (each side, on a hyperextension)":4,"StretchesKneeling shin_Kneeling shin_":1,"StretchesHip flexor_Hip flexor_":5,"StretchesCouch_Couch_":2,"Leg raises (for abdomen)":1,"Seated calf raises":1,"Poliquin step ups":2,"Slant board squats":3,"ATG Split squats":1,"Nordics":4,"Reverse Nordics":3,"Tibialis raises,":4,"IsoTib ankle rotations":0,"Pull ups":2,"Chin ups":2,"10 min HIIT":3}],"supplement_vars":[{"N-Acetyl-L-Cysteine (NAC)":0.0039,"N-Acetyl-L-Cysteine (NAC) 2":0.0142,"Nicotinamide Riboside Chloride (NR)":0.0044,"Zeaxanthin":0.0125,"Phosphorus":0.0111,"Astaxanthin (Natural)":0.0073,"Boron Glycinate":0.0433,"CaAKG":0.0093,"Ashwagandha KSM66":0.0033,"Calcium L-5- Methyltetrahydrofolate (L-5-MTHF-Ca)":0.0669,"Cocoa Powder (Non-Alkalised) 8+% Flavanols":0.0049,"Red Yeast Rice (2% Monacolin K)":0.0108,"Creatine Monohydrate":0.043,"Ginger":0.0584,"Glucosamine Sulfate KCI":0.0372,"Grape Seed Extract 90% polyphenols":0.0119,"Broccoli Extract (glucoraphanin 10%)":0.007,"Glycine":0.0022,"Theanine":0.0483,"Lactobacillus Acidophilus":0.0837,"Lithium orotate":0.0062,"Pomegranate Juice Extract (50% Polyphenols)":0.0587,"Potassium Iodate":0.0059,"Rhodiola 3% Rosavins / Salidroside 1%":0.0068,"Selenium":0.0366,"Glutathione reduced":0.0518,"Lutein":0.0184,"Luteolin":0.0044,"Cinnamon powder (ceylon) organic":0.0001,"Sodium Hyaluronate":0.0023,"Spermidine":0.0557,"Vitamin B1 (Thiamine HCl)":0.0075,"Vitamin B12 (Methylcobalamin)":0.0809,"Vitamin B2 (Riboflavin-5-Phosphate)":0.0639,"Vitamin B3 (Niacinamide)":0.0158,"Vitamin B5 (Calcium-D-Pantothenate)":0.0053,"Vitamin B6 (Pyridoxal-5- Phosphate)":0.02,"Vitamin B7 (D-Biotin)":0.0333,"Vitamin C (Ascorbic Acid)":0.0005,"Vitamin D Veg D3":0.0258,"Vitamin E (d-alpha tocopherol)":0.0403,"Vitamin K1":0.0665,"Vitamin K2 MK-7 MCT Oil":0.0039,"Vitamin K2 MK-4 MCT Oil":0.0294,"Sunflower lecithin non-GMO":0.041,"Phosphatidylcholine":0.0065,"Choline":0.0371,"Lycopene":0.0133,"Lysine":0.0083,"Taurine":0.026,"Glucoraphanin":0.0274,"Ubiquinol":0.0015,"Zinc Citrate":0.0041,"Fiber":0.0021,"Blueberries":0.052,"Macadamia nuts":0.0112,"Walnuts":0.0499,"Omega 3":0.0297,"Omega 6":0.0413,"Calcium":0.0102,"EVOO polyphenols":0.0032,"Oleic acid":0.0089,"Protein (plant)":0.0031,"Copper":0.0065,"Caffeine":0.0342,"Magnesium Citrate":0.0596,"Manganese Citrate":0.0855,"Curcuminoids":0.0506,"Fisetin (smoketree extract)":0.0091,"Garlic extract 12:1 odorless":0.0336,"Genistein (Japonica extract)":0.0105,"Milled Golden Flaxseed":0.0335,"SDG lignan":0.0057,"Phosphatidylinositol":0.0253,"Phosphatidylethanolamine":0.0048}],"vo2_max":38.4687}
