{"personal_data":[{"age":80,"gender":"M","name":"Gorden Grimes-Hegmann"}],"fitness_data":[{"Backwards Sled, 2 min":4,"Posture exercises":1,"Tricep extensions":4,"Face pulls":0,"Butterfly":5,"Band pull apart (back muscles)":2,"Back extensions (on a hyperextension)":2,"Obliques (each side, on a hyperextension)":1,"StretchesKneeling shin_Kneeling shin_":0,"StretchesHip flexor_Hip flexor_":1,"StretchesCouch_Couch_":0,"Leg raises (for abdomen)":0,"Seated calf raises":1,"Poliquin step ups":3,"Slant board squats":2,"ATG Split squats":4,"Nordics":5,"Reverse Nordics":4,"Tibialis raises,":3,"IsoTib ankle rotations":4,"Pull ups":1,"Chin ups":1,"10 min HIIT":1}],"supplement_vars":[{"N-Acetyl-L-Cysteine (NAC)":0.0083,"N-Acetyl-L-Cysteine (NAC) 2":0.0205,"Nicotinamide Riboside Chloride (NR)":0.0125,"Zeaxanthin":0.0111,"Phosphorus":0.0333,"Astaxanthin (Natural)":0.015,"Boron Glycinate":0.0217,"CaAKG":0.0122,"Ashwagandha KSM66":0.0027,"Calcium L-5- Methyltetrahydrofolate (L-5-MTHF-Ca)":0.058,"Cocoa Powder (Non-Alkalised) 8+% Flavanols":0.0005,"Red Yeast Rice (2% Monacolin K)":0.0059,"Creatine Monohydrate":0.0246,"Ginger":0.0279,"Glucosamine Sulfate KCI":0.0324,"Grape Seed Extract 90% polyphenols":0.0013,"Broccoli Extract (glucoraphanin 10%)":0.0242,"Glycine":0.0158,"Theanine":0.0109,"Lactobacillus Acidophilus":0.0419,"Lithium orotate":0.0046,"Pomegranate Juice Extract (50% Polyphenols)":0.0321,"Potassium Iodate":0.036,"Rhodiola 3% Rosavins / Salidroside 1%":0.0292,"Selenium":0.0037,"Glutathione reduced":0.053,"Lutein":0.0157,"Luteolin":0.0003,"Cinnamon powder (ceylon) organic":0.0018,"Sodium Hyaluronate":0.0089,"Spermidine":0.0283,"Vitamin B1 (Thiamine HCl)":0.0097,"Vitamin B12 (Methylcobalamin)":0.0291,"Vitamin B2 (Riboflavin-5-Phosphate)":0.0098,"Vitamin B3 (Niacinamide)":0.002,"Vitamin B5 (Calcium-D-Pantothenate)":0.0126,"Vitamin B6 (Pyridoxal-5- Phosphate)":0.0383,"Vitamin B7 (D-Biotin)":0.0231,"Vitamin C (Ascorbic Acid)":0.0029,"Vitamin D Veg D3":0.0365,"Vitamin E (d-alpha tocopherol)":0.0048,"Vitamin K1":0.0126,"Vitamin K2 MK-7 MCT Oil":0.0308,"Vitamin K2 MK-4 MCT Oil":0.0131,"Sunflower lecithin non-GMO":0.0363,"Phosphatidylcholine":0.0122,"Choline":0.0062,"Lycopene":0.0234,"Lysine":0.013,"Taurine":0.0373,"Glucoraphanin":0.0255,"Ubiquinol":0.0059,"Zinc Citrate":0.0015,"Fiber":0.0027,"Blueberries":0.0774,"Macadamia nuts":0.0053,"Walnuts":0.0521,"Omega 3":0.0296,"Omega 6":0.0364,"Calcium":0.0336,"EVOO polyphenols":0.0064,"Oleic acid":0.0166,"Protein (plant)":0.001,"Copper":0.0177,"Caffeine":0.0112,"Magnesium Citrate":0.0381,"Manganese Citrate":0.0919,"Curcuminoids":0.0161,"Fisetin (smoketree extract)":0.0099,"Garlic extract 12:1 odorless":0.0319,"Genistein (Japonica extract)":0.021,"Milled Golden Flaxseed":0.0234,"SDG lignan":0.042,"Phosphatidylinositol":0.0028,"Phosphatidylethanolamine":0.0369}],"vo2_max":19.0524}
