{"personal_data":[{"age":29,"gender":"F","name":"Dr. Henri Huel DDS"}],"fitness_data":[{"Backwards Sled, 2 min":4,"Posture exercises":3,"Tricep extensions":4,"Face pulls":5,"Butterfly":2,"Band pull apart (back muscles)":4,"Back extensions (on a hyperextension)":2,"Obliques (each side, on a hyperextension)":4,"StretchesKneeling shin_Kneeling shin_":4,"StretchesHip flexor_Hip flexor_":3,"StretchesCouch_Couch_":1,"Leg raises (for abdomen)":1,"Seated calf raises":0,"Poliquin step ups":1,"Slant board squats":3,"ATG Split squats":5,"Nordics":4,"Reverse Nordics":3,"Tibialis raises,":3,"IsoTib ankle rotations":3,"Pull ups":2,"Chin ups":1,"10 min HIIT":3}],"supplement_vars":[{"N-Acetyl-L-Cysteine (NAC)":0.008,"N-Acetyl-L-Cysteine (NAC) 2":0.0197,"Nicotinamide Riboside Chloride (NR)":0.0179,"Zeaxanthin":0.0022,"Phosphorus":0.0252,"Astaxanthin (Natural)":0.0187,"Boron Glycinate":0.0105,"CaAKG":0.0056,"Ashwagandha KSM66":0.0053,"Calcium L-5- Methyltetrahydrofolate (L-5-MTHF-Ca)":0.0336,"Cocoa Powder (Non-Alkalised) 8+% Flavanols":0.0131,"Red Yeast Rice (2% Monacolin K)":0.019,"Creatine Monohydrate":0.0603,"Ginger":0.0889,"Glucosamine Sulfate KCI":0.0396,"Grape Seed Extract 90% polyphenols":0.0059,"Broccoli Extract (glucoraphanin 10%)":0.0102,"Glycine":0.0062,"Theanine":0.0069,"Lactobacillus Acidophilus":0.025,"Lithium orotate":0.0043,"Pomegranate Juice Extract (50% Polyphenols)":0.0385,"Potassium Iodate":0.0058,"Rhodiola 3% Rosavins / Salidroside 1%":0.0505,"Selenium":0.017,"Glutathione reduced":0.0435,"Lutein":0.0221,"Luteolin":0.004,"Cinnamon powder (ceylon) organic":0.0041,"Sodium Hyaluronate":0.0015,"Spermidine":0.0301,"Vitamin B1 (Thiamine HCl)":0.012,"Vitamin B12 (Methylcobalamin)":0.0336,"Vitamin B2 (Riboflavin-5-Phosphate)":0.031,"Vitamin B3 (Niacinamide)":0.0477,"Vitamin B5 (Calcium-D-Pantothenate)":0.0123,"Vitamin B6 (Pyridoxal-5- Phosphate)":0.0389,"Vitamin B7 (D-Biotin)":0.0085,"Vitamin C (Ascorbic Acid)":0.0045,"Vitamin D Veg D3":0.0357,"Vitamin E (d-alpha tocopherol)":0.0124,"Vitamin K1":0.006,"Vitamin K2 MK-7 MCT Oil":0.0339,"Vitamin K2 MK-4 MCT Oil":0.0299,"Sunflower lecithin non-GMO":0.025,"Phosphatidylcholine":0.0051,"Choline":0.0046,"Lycopene":0.0575,"Lysine":0.0024,"Taurine":0.0184,"Glucoraphanin":0.0113,"Ubiquinol":0.0065,"Zinc Citrate":0.0249,"Fiber":0.0003,"Blueberries":0.0652,"Macadamia nuts":0.0574,"Walnuts":0.04,"Omega 3":0.0045,"Omega 6":0.0628,"Calcium":0.0684,"EVOO polyphenols":0.0042,"Oleic acid":0.0309,"Protein (plant)":0.0046,"Copper":0.0175,"Caffeine":0.0392,"Magnesium Citrate":0.0249,"Manganese Citrate":0.0927,"Curcuminoids":0.0311,"Fisetin (smoketree extract)":0.0138,"Garlic extract 12:1 odorless":0.0072,"Genistein (Japonica extract)":0.0193,"Milled Golden Flaxseed":0.0033,"SDG lignan":0.0444,"Phosphatidylinositol":0.0007,"Phosphatidylethanolamine":0.0344}],"vo2_max":39.5235}
