{"personal_data":[{"age":80,"gender":"F","name":"Alphons Koss"}],"fitness_data":[{"Backwards Sled, 2 min":4,"Posture exercises":0,"Tricep extensions":4,"Face pulls":0,"Butterfly":3,"Band pull apart (back muscles)":4,"Back extensions (on a hyperextension)":0,"Obliques (each side, on a hyperextension)":4,"StretchesKneeling shin_Kneeling shin_":2,"StretchesHip flexor_Hip flexor_":2,"StretchesCouch_Couch_":1,"Leg raises (for abdomen)":4,"Seated calf raises":4,"Poliquin step ups":2,"Slant board squats":3,"ATG Split squats":2,"Nordics":3,"Reverse Nordics":1,"Tibialis raises,":0,"IsoTib ankle rotations":3,"Pull ups":2,"Chin ups":1,"10 min HIIT":4}],"supplement_vars":[{"N-Acetyl-L-Cysteine (NAC)":0.0085,"N-Acetyl-L-Cysteine (NAC) 2":0.0138,"Nicotinamide Riboside Chloride (NR)":0.0123,"Zeaxanthin":0.0012,"Phosphorus":0.0278,"Astaxanthin (Natural)":0.0162,"Boron Glycinate":0.0468,"CaAKG":0.0123,"Ashwagandha KSM66":0.0072,"Calcium L-5- Methyltetrahydrofolate (L-5-MTHF-Ca)":0.0448,"Cocoa Powder (Non-Alkalised) 8+% Flavanols":0.0143,"Red Yeast Rice (2% Monacolin K)":0.026,"Creatine Monohydrate":0.0473,"Ginger":0.0344,"Glucosamine Sulfate KCI":0.0261,"Grape Seed Extract 90% polyphenols":0.0069,"Broccoli Extract (glucoraphanin 10%)":0.0219,"Glycine":0.0128,"Theanine":0.0479,"Lactobacillus Acidophilus":0.0583,"Lithium orotate":0.0006,"Pomegranate Juice Extract (50% Polyphenols)":0.0543,"Potassium Iodate":0.0184,"Rhodiola 3% Rosavins / Salidroside 1%":0.0494,"Selenium":0.0092,"Glutathione reduced":0.0423,"Lutein":0.0059,"Luteolin":0.0071,"Cinnamon powder (ceylon) organic":0.0238,"Sodium Hyaluronate":0.002,"Spermidine":0.0823,"Vitamin B1 (Thiamine HCl)":0.0151,"Vitamin B12 (Methylcobalamin)":0.0287,"Vitamin B2 (Riboflavin-5-Phosphate)":0.0653,"Vitamin B3 (Niacinamide)":0.0682,"Vitamin B5 (Calcium-D-Pantothenate)":0.0058,"Vitamin B6 (Pyridoxal-5- Phosphate)":0.0423,"Vitamin B7 (D-Biotin)":0.02,"Vitamin C (Ascorbic Acid)":0.012,"Vitamin D Veg D3":0.021,"Vitamin E (d-alpha tocopherol)":0.0119,"Vitamin K1":0.0482,"Vitamin K2 MK-7 MCT Oil":0.0019,"Vitamin K2 MK-4 MCT Oil":0.0215,"Sunflower lecithin non-GMO":0.0256,"Phosphatidylcholine":0.0219,"Choline":0.035,"Lycopene":0.0249,"Lysine":0.0085,"Taurine":0.0049,"Glucoraphanin":0.025,"Ubiquinol":0.0139,"Zinc Citrate":0.0034,"Fiber":0.0006,"Blueberries":0.0702,"Macadamia nuts":0.0481,"Walnuts":0.012,"Omega 3":0.0251,"Omega 6":0.0007,"Calcium":0.0188,"EVOO polyphenols":0.0028,"Oleic acid":0.0157,"Protein (plant)":0.0044,"Copper":0.0126,"Caffeine":0.0284,"Magnesium Citrate":0.0109,"Manganese Citrate":0.0371,"Curcuminoids":0.0401,"Fisetin (smoketree extract)":0.0297,"Garlic extract 12:1 odorless":0.0286,"Genistein (Japonica extract)":0.0159,"Milled Golden Flaxseed":0.0058,"SDG lignan":0.015,"Phosphatidylinositol":0.008,"Phosphatidylethanolamine":0.0173}],"vo2_max":20.0724}
