{"personal_data":[{"age":74,"gender":"M"}],"fitness_data":[{"Backwards Sled, 2 min":3,"Posture exercises":1,"Tricep extensions":0,"Face pulls":1,"Butterfly":5,"Band pull apart (back muscles)":4,"Back extensions (on a hyperextension)":2,"Obliques (each side, on a hyperextension)":3,"StretchesKneeling shin_Kneeling shin_":5,"StretchesHip flexor_Hip flexor_":2,"StretchesCouch_Couch_":2,"Leg raises (for abdomen)":1,"Seated calf raises":3,"Poliquin step ups":0,"Slant board squats":1,"ATG Split squats":1,"Nordics":5,"Reverse Nordics":2,"Tibialis raises,":2,"IsoTib ankle rotations":5,"Pull ups":3,"Chin ups":1,"10 min HIIT":3}],"supplement_vars":[{"N-Acetyl-L-Cysteine (NAC)":0.0065,"N-Acetyl-L-Cysteine (NAC) 2":0.0087,"Nicotinamide Riboside Chloride (NR)":0.0077,"Zeaxanthin":0.0003,"Phosphorus":0.0034,"Astaxanthin (Natural)":0.0173,"Boron Glycinate":0.0296,"CaAKG":0.0063,"Ashwagandha KSM66":0.0051,"Calcium L-5- Methyltetrahydrofolate (L-5-MTHF-Ca)":0.0394,"Cocoa Powder (Non-Alkalised) 8+% Flavanols":0.0071,"Red Yeast Rice (2% Monacolin K)":0.0248,"Creatine Monohydrate":0.0122,"Ginger":0.0514,"Glucosamine Sulfate KCI":0.0702,"Grape Seed Extract 90% polyphenols":0.0031,"Broccoli Extract (glucoraphanin 10%)":0.0043,"Glycine":0.0209,"Theanine":0.0225,"Lactobacillus Acidophilus":0.067,"Lithium orotate":0.0017,"Pomegranate Juice Extract (50% Polyphenols)":0.0582,"Potassium Iodate":0.0399,"Rhodiola 3% Rosavins / Salidroside 1%":0.0495,"Selenium":0.0376,"Glutathione reduced":0.0514,"Lutein":0.0077,"Luteolin":0.0041,"Cinnamon powder (ceylon) organic":0.0234,"Sodium Hyaluronate":0.0076,"Spermidine":0.0861,"Vitamin B1 (Thiamine HCl)":0.0119,"Vitamin B12 (Methylcobalamin)":0.0614,"Vitamin B2 (Riboflavin-5-Phosphate)":0.041,"Vitamin B3 (Niacinamide)":0.0178,"Vitamin B5 (Calcium-D-Pantothenate)":0.0012,"Vitamin B6 (Pyridoxal-5- Phosphate)":0.0012,"Vitamin B7 (D-Biotin)":0.0035,"Vitamin C (Ascorbic Acid)":0.0002,"Vitamin D Veg D3":0.0156,"Vitamin E (d-alpha tocopherol)":0.0321,"Vitamin K1":0.0436,"Vitamin K2 MK-7 MCT Oil":0.0091,"Vitamin K2 MK-4 MCT Oil":0.0245,"Sunflower lecithin non-GMO":0.0395,"Phosphatidylcholine":0.0027,"Choline":0,"Lycopene":0.0092,"Lysine":0.0082,"Taurine":0.0439,"Glucoraphanin":0.01,"Ubiquinol":0.0086,"Zinc Citrate":0.0246,"Fiber":0.0053,"Blueberries":0.0289,"Macadamia nuts":0.0812,"Walnuts":0.0163,"Omega 3":0.0277,"Omega 6":0.0119,"Calcium":0.01,"EVOO polyphenols":0.0022,"Oleic acid":0.0271,"Protein (plant)":0.0035,"Copper":0.0106,"Caffeine":0.0445,"Magnesium Citrate":0.0482,"Manganese Citrate":0.0003,"Curcuminoids":0.0213,"Fisetin (smoketree extract)":0.0131,"Garlic extract 12:1 odorless":0.0224,"Genistein (Japonica extract)":0.018,"Milled Golden Flaxseed":0.0241,"SDG lignan":0.0438,"Phosphatidylinositol":0.0171,"Phosphatidylethanolamine":0.0092}],"vo2_max":17.5449}
