{"personal_data":[{"age":47,"gender":"M","name":"Shalonda Barton"}],"fitness_data":[{"Backwards Sled, 2 min":4,"Posture exercises":1,"Tricep extensions":0,"Face pulls":4,"Butterfly":5,"Band pull apart (back muscles)":3,"Back extensions (on a hyperextension)":3,"Obliques (each side, on a hyperextension)":4,"StretchesKneeling shin_Kneeling shin_":4,"StretchesHip flexor_Hip flexor_":1,"StretchesCouch_Couch_":1,"Leg raises (for abdomen)":2,"Seated calf raises":4,"Poliquin step ups":4,"Slant board squats":2,"ATG Split squats":6,"Nordics":2,"Reverse Nordics":0,"Tibialis raises,":2,"IsoTib ankle rotations":5,"Pull ups":1,"Chin ups":3,"10 min HIIT":0}],"supplement_vars":[{"N-Acetyl-L-Cysteine (NAC)":0.0113,"N-Acetyl-L-Cysteine (NAC) 2":0.0109,"Nicotinamide Riboside Chloride (NR)":0.0102,"Zeaxanthin":0.0097,"Phosphorus":0.0154,"Astaxanthin (Natural)":0.0064,"Boron Glycinate":0.0309,"CaAKG":0.013,"Ashwagandha KSM66":0.0088,"Calcium L-5- Methyltetrahydrofolate (L-5-MTHF-Ca)":0.0204,"Cocoa Powder (Non-Alkalised) 8+% Flavanols":0.0222,"Red Yeast Rice (2% Monacolin K)":0.0091,"Creatine Monohydrate":0.0562,"Ginger":0.048,"Glucosamine Sulfate KCI":0.0303,"Grape Seed Extract 90% polyphenols":0.011,"Broccoli Extract (glucoraphanin 10%)":0.0198,"Glycine":0.0015,"Theanine":0.0411,"Lactobacillus Acidophilus":0.0379,"Lithium orotate":0.001,"Pomegranate Juice Extract (50% Polyphenols)":0.0557,"Potassium Iodate":0.0356,"Rhodiola 3% Rosavins / Salidroside 1%":0.0298,"Selenium":0.0004,"Glutathione reduced":0.0396,"Lutein":0.0183,"Luteolin":0.0062,"Cinnamon powder (ceylon) organic":0.012,"Sodium Hyaluronate":0.0022,"Spermidine":0.0794,"Vitamin B1 (Thiamine HCl)":0.0037,"Vitamin B12 (Methylcobalamin)":0.0608,"Vitamin B2 (Riboflavin-5-Phosphate)":0.0317,"Vitamin B3 (Niacinamide)":0.0569,"Vitamin B5 (Calcium-D-Pantothenate)":0.0164,"Vitamin B6 (Pyridoxal-5- Phosphate)":0.035,"Vitamin B7 (D-Biotin)":0.0168,"Vitamin C (Ascorbic Acid)":0.0028,"Vitamin D Veg D3":0.0316,"Vitamin E (d-alpha tocopherol)":0.0439,"Vitamin K1":0.0036,"Vitamin K2 MK-7 MCT Oil":0.028,"Vitamin K2 MK-4 MCT Oil":0.0356,"Sunflower lecithin non-GMO":0.0172,"Phosphatidylcholine":0.026,"Choline":0.0279,"Lycopene":0.0473,"Lysine":0.0031,"Taurine":0.0328,"Glucoraphanin":0.0014,"Ubiquinol":0.0087,"Zinc Citrate":0.0036,"Fiber":0.0059,"Blueberries":0.047,"Macadamia nuts":0.0571,"Walnuts":0.0222,"Omega 3":0.0478,"Omega 6":0.0233,"Calcium":0.021,"EVOO polyphenols":0.0021,"Oleic acid":0.0074,"Protein (plant)":0.005,"Copper":0.0059,"Caffeine":0.014,"Magnesium Citrate":0.0168,"Manganese Citrate":0.0633,"Curcuminoids":0.0212,"Fisetin (smoketree extract)":0.0331,"Garlic extract 12:1 odorless":0.0415,"Genistein (Japonica extract)":0.0218,"Milled Golden Flaxseed":0.0349,"SDG lignan":0.034,"Phosphatidylinositol":0.0222,"Phosphatidylethanolamine":0.0254}],"vo2_max":33.5263}
