{"personal_data":[{"age":62,"gender":"F","name":"Edison Raynor III"}],"fitness_data":[{"Backwards Sled, 2 min":1,"Posture exercises":1,"Tricep extensions":3,"Face pulls":3,"Butterfly":3,"Band pull apart (back muscles)":4,"Back extensions (on a hyperextension)":1,"Obliques (each side, on a hyperextension)":1,"StretchesKneeling shin_Kneeling shin_":3,"StretchesHip flexor_Hip flexor_":3,"StretchesCouch_Couch_":0,"Leg raises (for abdomen)":4,"Seated calf raises":4,"Poliquin step ups":3,"Slant board squats":6,"ATG Split squats":4,"Nordics":4,"Reverse Nordics":4,"Tibialis raises,":2,"IsoTib ankle rotations":3,"Pull ups":2,"Chin ups":1,"10 min HIIT":3}],"supplement_vars":[{"N-Acetyl-L-Cysteine (NAC)":0.0182,"N-Acetyl-L-Cysteine (NAC) 2":0.0171,"Nicotinamide Riboside Chloride (NR)":0.0097,"Zeaxanthin":0.0068,"Phosphorus":0.0042,"Astaxanthin (Natural)":0.0184,"Boron Glycinate":0.0238,"CaAKG":0.0026,"Ashwagandha KSM66":0.0085,"Calcium L-5- Methyltetrahydrofolate (L-5-MTHF-Ca)":0.0099,"Cocoa Powder (Non-Alkalised) 8+% Flavanols":0.0225,"Red Yeast Rice (2% Monacolin K)":0.0202,"Creatine Monohydrate":0.001,"Ginger":0.0446,"Glucosamine Sulfate KCI":0.016,"Grape Seed Extract 90% polyphenols":0.0008,"Broccoli Extract (glucoraphanin 10%)":0.0063,"Glycine":0.0069,"Theanine":0.0165,"Lactobacillus Acidophilus":0.0322,"Lithium orotate":0.0057,"Pomegranate Juice Extract (50% Polyphenols)":0.0338,"Potassium Iodate":0.0234,"Rhodiola 3% Rosavins / Salidroside 1%":0.0062,"Selenium":0.0287,"Glutathione reduced":0.0514,"Lutein":0.0178,"Luteolin":0.0083,"Cinnamon powder (ceylon) organic":0.0102,"Sodium Hyaluronate":0.0022,"Spermidine":0.0856,"Vitamin B1 (Thiamine HCl)":0.0008,"Vitamin B12 (Methylcobalamin)":0.072,"Vitamin B2 (Riboflavin-5-Phosphate)":0.0635,"Vitamin B3 (Niacinamide)":0.0622,"Vitamin B5 (Calcium-D-Pantothenate)":0.0131,"Vitamin B6 (Pyridoxal-5- Phosphate)":0.0062,"Vitamin B7 (D-Biotin)":0.0167,"Vitamin C (Ascorbic Acid)":0.0108,"Vitamin D Veg D3":0.0075,"Vitamin E (d-alpha tocopherol)":0.0191,"Vitamin K1":0.0355,"Vitamin K2 MK-7 MCT Oil":0.0118,"Vitamin K2 MK-4 MCT Oil":0.0071,"Sunflower lecithin non-GMO":0.0403,"Phosphatidylcholine":0.0262,"Choline":0.0132,"Lycopene":0.053,"Lysine":0.0121,"Taurine":0.001,"Glucoraphanin":0.0186,"Ubiquinol":0.0115,"Zinc Citrate":0.0285,"Fiber":0.0041,"Blueberries":0.0184,"Macadamia nuts":0.0492,"Walnuts":0.0719,"Omega 3":0.0194,"Omega 6":0.0231,"Calcium":0.0351,"EVOO polyphenols":0.0009,"Oleic acid":0.028,"Protein (plant)":0.0014,"Copper":0.0228,"Caffeine":0.0037,"Magnesium Citrate":0.0571,"Manganese Citrate":0.0561,"Curcuminoids":0.0157,"Fisetin (smoketree extract)":0.0227,"Garlic extract 12:1 odorless":0.0033,"Genistein (Japonica extract)":0.01,"Milled Golden Flaxseed":0.0133,"SDG lignan":0.0319,"Phosphatidylinositol":0.0025,"Phosphatidylethanolamine":0.0199}],"vo2_max":21.2758}
