{"personal_data":[{"age":34,"gender":"M","name":"Ruie Wilkinson"}],"fitness_data":[{"Backwards Sled, 2 min":2,"Posture exercises":3,"Tricep extensions":4,"Face pulls":2,"Butterfly":5,"Band pull apart (back muscles)":2,"Back extensions (on a hyperextension)":4,"Obliques (each side, on a hyperextension)":2,"StretchesKneeling shin_Kneeling shin_":3,"StretchesHip flexor_Hip flexor_":3,"StretchesCouch_Couch_":2,"Leg raises (for abdomen)":1,"Seated calf raises":2,"Poliquin step ups":1,"Slant board squats":1,"ATG Split squats":6,"Nordics":2,"Reverse Nordics":1,"Tibialis raises,":3,"IsoTib ankle rotations":0,"Pull ups":1,"Chin ups":0,"10 min HIIT":3}],"supplement_vars":[{"N-Acetyl-L-Cysteine (NAC)":0.0018,"N-Acetyl-L-Cysteine (NAC) 2":0.0069,"Nicotinamide Riboside Chloride (NR)":0.0033,"Zeaxanthin":0.0091,"Phosphorus":0.0031,"Astaxanthin (Natural)":0.0195,"Boron Glycinate":0.0434,"CaAKG":0.0092,"Ashwagandha KSM66":0.0053,"Calcium L-5- Methyltetrahydrofolate (L-5-MTHF-Ca)":0.0047,"Cocoa Powder (Non-Alkalised) 8+% Flavanols":0.0226,"Red Yeast Rice (2% Monacolin K)":0.0152,"Creatine Monohydrate":0.0423,"Ginger":0.0168,"Glucosamine Sulfate KCI":0.0768,"Grape Seed Extract 90% polyphenols":0.0122,"Broccoli Extract (glucoraphanin 10%)":0.0086,"Glycine":0.0193,"Theanine":0.0032,"Lactobacillus Acidophilus":0.0358,"Lithium orotate":0.0012,"Pomegranate Juice Extract (50% Polyphenols)":0.0159,"Potassium Iodate":0.0039,"Rhodiola 3% Rosavins / Salidroside 1%":0.0101,"Selenium":0.013,"Glutathione reduced":0.0072,"Lutein":0.0184,"Luteolin":0.004,"Cinnamon powder (ceylon) organic":0.0015,"Sodium Hyaluronate":0.0086,"Spermidine":0.0372,"Vitamin B1 (Thiamine HCl)":0.013,"Vitamin B12 (Methylcobalamin)":0.0409,"Vitamin B2 (Riboflavin-5-Phosphate)":0.0208,"Vitamin B3 (Niacinamide)":0.0451,"Vitamin B5 (Calcium-D-Pantothenate)":0.0053,"Vitamin B6 (Pyridoxal-5- Phosphate)":0.0176,"Vitamin B7 (D-Biotin)":0.0253,"Vitamin C (Ascorbic Acid)":0.0129,"Vitamin D Veg D3":0.0307,"Vitamin E (d-alpha tocopherol)":0.0056,"Vitamin K1":0.0272,"Vitamin K2 MK-7 MCT Oil":0.0235,"Vitamin K2 MK-4 MCT Oil":0.0114,"Sunflower lecithin non-GMO":0.0139,"Phosphatidylcholine":0.0295,"Choline":0.0009,"Lycopene":0.0156,"Lysine":0.0005,"Taurine":0.0037,"Glucoraphanin":0.0085,"Ubiquinol":0.0009,"Zinc Citrate":0.0099,"Fiber":0.0009,"Blueberries":0.058,"Macadamia nuts":0.082,"Walnuts":0.0037,"Omega 3":0.0181,"Omega 6":0.0666,"Calcium":0.047,"EVOO polyphenols":0.0033,"Oleic acid":0.0264,"Protein (plant)":0.0011,"Copper":0.0062,"Caffeine":0.0434,"Magnesium Citrate":0.0424,"Manganese Citrate":0.0877,"Curcuminoids":0.0322,"Fisetin (smoketree extract)":0.03,"Garlic extract 12:1 odorless":0.0063,"Genistein (Japonica extract)":0.0029,"Milled Golden Flaxseed":0.0004,"SDG lignan":0.0298,"Phosphatidylinositol":0.0005,"Phosphatidylethanolamine":0.0455}],"vo2_max":34.3719}
