{"personal_data":[{"age":21,"gender":"F","name":"Hillard Nikolaus"}],"fitness_data":[{"Backwards Sled, 2 min":4,"Posture exercises":2,"Tricep extensions":0,"Face pulls":3,"Butterfly":1,"Band pull apart (back muscles)":3,"Back extensions (on a hyperextension)":3,"Obliques (each side, on a hyperextension)":1,"StretchesKneeling shin_Kneeling shin_":1,"StretchesHip flexor_Hip flexor_":2,"StretchesCouch_Couch_":1,"Leg raises (for abdomen)":4,"Seated calf raises":1,"Poliquin step ups":4,"Slant board squats":6,"ATG Split squats":3,"Nordics":5,"Reverse Nordics":4,"Tibialis raises,":0,"IsoTib ankle rotations":1,"Pull ups":2,"Chin ups":4,"10 min HIIT":0}],"supplement_vars":[{"N-Acetyl-L-Cysteine (NAC)":0.017,"N-Acetyl-L-Cysteine (NAC) 2":0.0063,"Nicotinamide Riboside Chloride (NR)":0.0086,"Zeaxanthin":0.0059,"Phosphorus":0.0002,"Astaxanthin (Natural)":0.0166,"Boron Glycinate":0.0254,"CaAKG":0.0027,"Ashwagandha KSM66":0.0028,"Calcium L-5- Methyltetrahydrofolate (L-5-MTHF-Ca)":0.0279,"Cocoa Powder (Non-Alkalised) 8+% Flavanols":0.022,"Red Yeast Rice (2% Monacolin K)":0.0338,"Creatine Monohydrate":0.0385,"Ginger":0.0499,"Glucosamine Sulfate KCI":0.0666,"Grape Seed Extract 90% polyphenols":0.0061,"Broccoli Extract (glucoraphanin 10%)":0.0195,"Glycine":0.0077,"Theanine":0.0106,"Lactobacillus Acidophilus":0.0362,"Lithium orotate":0.0051,"Pomegranate Juice Extract (50% Polyphenols)":0.0317,"Potassium Iodate":0.0223,"Rhodiola 3% Rosavins / Salidroside 1%":0.0166,"Selenium":0.0277,"Glutathione reduced":0.0044,"Lutein":0.0018,"Luteolin":0.0029,"Cinnamon powder (ceylon) organic":0.0023,"Sodium Hyaluronate":0.0001,"Spermidine":0.0825,"Vitamin B1 (Thiamine HCl)":0.016,"Vitamin B12 (Methylcobalamin)":0.0419,"Vitamin B2 (Riboflavin-5-Phosphate)":0.035,"Vitamin B3 (Niacinamide)":0.0208,"Vitamin B5 (Calcium-D-Pantothenate)":0.0093,"Vitamin B6 (Pyridoxal-5- Phosphate)":0.0371,"Vitamin B7 (D-Biotin)":0.0186,"Vitamin C (Ascorbic Acid)":0.0012,"Vitamin D Veg D3":0.045,"Vitamin E (d-alpha tocopherol)":0.0067,"Vitamin K1":0.0592,"Vitamin K2 MK-7 MCT Oil":0.034,"Vitamin K2 MK-4 MCT Oil":0.027,"Sunflower lecithin non-GMO":0.0041,"Phosphatidylcholine":0.0202,"Choline":0.0197,"Lycopene":0.0142,"Lysine":0.0057,"Taurine":0.0155,"Glucoraphanin":0.0328,"Ubiquinol":0.0063,"Zinc Citrate":0.0083,"Fiber":0.0045,"Blueberries":0.0233,"Macadamia nuts":0.0674,"Walnuts":0.0593,"Omega 3":0.0019,"Omega 6":0.0605,"Calcium":0.0295,"EVOO polyphenols":0.0059,"Oleic acid":0.0223,"Protein (plant)":0.0035,"Copper":0.017,"Caffeine":0.0617,"Magnesium Citrate":0.0593,"Manganese Citrate":0.0535,"Curcuminoids":0.0334,"Fisetin (smoketree extract)":0.001,"Garlic extract 12:1 odorless":0.0375,"Genistein (Japonica extract)":0.0069,"Milled Golden Flaxseed":0.0108,"SDG lignan":0.0586,"Phosphatidylinositol":0.0178,"Phosphatidylethanolamine":0.02}],"vo2_max":35.3647}
