{"personal_data":[{"age":76,"gender":"F","name":"Norris Huel"}],"fitness_data":[{"Backwards Sled, 2 min":4,"Posture exercises":3,"Tricep extensions":3,"Face pulls":4,"Butterfly":1,"Band pull apart (back muscles)":1,"Back extensions (on a hyperextension)":3,"Obliques (each side, on a hyperextension)":1,"StretchesKneeling shin_Kneeling shin_":4,"StretchesHip flexor_Hip flexor_":1,"StretchesCouch_Couch_":0,"Leg raises (for abdomen)":4,"Seated calf raises":2,"Poliquin step ups":2,"Slant board squats":5,"ATG Split squats":5,"Nordics":2,"Reverse Nordics":3,"Tibialis raises,":3,"IsoTib ankle rotations":5,"Pull ups":2,"Chin ups":1,"10 min HIIT":3}],"supplement_vars":[{"N-Acetyl-L-Cysteine (NAC)":0.0103,"N-Acetyl-L-Cysteine (NAC) 2":0.0118,"Nicotinamide Riboside Chloride (NR)":0.0158,"Zeaxanthin":0.0006,"Phosphorus":0.0293,"Astaxanthin (Natural)":0.0032,"Boron Glycinate":0.0124,"CaAKG":0.0082,"Ashwagandha KSM66":0.0017,"Calcium L-5- Methyltetrahydrofolate (L-5-MTHF-Ca)":0.0204,"Cocoa Powder (Non-Alkalised) 8+% Flavanols":0.02,"Red Yeast Rice (2% Monacolin K)":0.0168,"Creatine Monohydrate":0.0513,"Ginger":0.0036,"Glucosamine Sulfate KCI":0.0548,"Grape Seed Extract 90% polyphenols":0.0009,"Broccoli Extract (glucoraphanin 10%)":0.0306,"Glycine":0.0325,"Theanine":0.0295,"Lactobacillus Acidophilus":0.0715,"Lithium orotate":0.0075,"Pomegranate Juice Extract (50% Polyphenols)":0.0681,"Potassium Iodate":0.0149,"Rhodiola 3% Rosavins / Salidroside 1%":0.0315,"Selenium":0.0229,"Glutathione reduced":0.0451,"Lutein":0.0051,"Luteolin":0.0042,"Cinnamon powder (ceylon) organic":0.0088,"Sodium Hyaluronate":0.0029,"Spermidine":0.0385,"Vitamin B1 (Thiamine HCl)":0.0017,"Vitamin B12 (Methylcobalamin)":0.0523,"Vitamin B2 (Riboflavin-5-Phosphate)":0.0289,"Vitamin B3 (Niacinamide)":0.0232,"Vitamin B5 (Calcium-D-Pantothenate)":0.0123,"Vitamin B6 (Pyridoxal-5- Phosphate)":0.0065,"Vitamin B7 (D-Biotin)":0.0045,"Vitamin C (Ascorbic Acid)":0.0072,"Vitamin D Veg D3":0.0167,"Vitamin E (d-alpha tocopherol)":0.0412,"Vitamin K1":0.0606,"Vitamin K2 MK-7 MCT Oil":0.0004,"Vitamin K2 MK-4 MCT Oil":0.0333,"Sunflower lecithin non-GMO":0.0403,"Phosphatidylcholine":0.0212,"Choline":0.0503,"Lycopene":0.0413,"Lysine":0.0043,"Taurine":0.0226,"Glucoraphanin":0.0117,"Ubiquinol":0.0022,"Zinc Citrate":0.0056,"Fiber":0.0018,"Blueberries":0.0489,"Macadamia nuts":0.0236,"Walnuts":0.0381,"Omega 3":0.0234,"Omega 6":0.0332,"Calcium":0.0575,"EVOO polyphenols":0.0008,"Oleic acid":0.0335,"Protein (plant)":0.0025,"Copper":0.0091,"Caffeine":0.0246,"Magnesium Citrate":0.0424,"Manganese Citrate":0.0531,"Curcuminoids":0.0257,"Fisetin (smoketree extract)":0.0318,"Garlic extract 12:1 odorless":0.0348,"Genistein (Japonica extract)":0.0134,"Milled Golden Flaxseed":0.0358,"SDG lignan":0.0492,"Phosphatidylinositol":0.0063,"Phosphatidylethanolamine":0.0418}],"vo2_max":19.511}
