{"personal_data":[{"age":76,"gender":"F","name":"Graves Bergstrom"}],"fitness_data":[{"Backwards Sled, 2 min":1,"Posture exercises":5,"Tricep extensions":2,"Face pulls":1,"Butterfly":1,"Band pull apart (back muscles)":3,"Back extensions (on a hyperextension)":2,"Obliques (each side, on a hyperextension)":1,"StretchesKneeling shin_Kneeling shin_":1,"StretchesHip flexor_Hip flexor_":5,"StretchesCouch_Couch_":2,"Leg raises (for abdomen)":1,"Seated calf raises":2,"Poliquin step ups":1,"Slant board squats":2,"ATG Split squats":4,"Nordics":1,"Reverse Nordics":3,"Tibialis raises,":1,"IsoTib ankle rotations":2,"Pull ups":0,"Chin ups":3,"10 min HIIT":2}],"supplement_vars":[{"N-Acetyl-L-Cysteine (NAC)":0.0176,"N-Acetyl-L-Cysteine (NAC) 2":0.0195,"Nicotinamide Riboside Chloride (NR)":0.0076,"Zeaxanthin":0.0125,"Phosphorus":0.0146,"Astaxanthin (Natural)":0.0108,"Boron Glycinate":0.0104,"CaAKG":0.0125,"Ashwagandha KSM66":0.0045,"Calcium L-5- Methyltetrahydrofolate (L-5-MTHF-Ca)":0.044,"Cocoa Powder (Non-Alkalised) 8+% Flavanols":0.0075,"Red Yeast Rice (2% Monacolin K)":0.0282,"Creatine Monohydrate":0.0096,"Ginger":0.0447,"Glucosamine Sulfate KCI":0.0648,"Grape Seed Extract 90% polyphenols":0.0104,"Broccoli Extract (glucoraphanin 10%)":0.0106,"Glycine":0.0164,"Theanine":0.0205,"Lactobacillus Acidophilus":0.0873,"Lithium orotate":0.0023,"Pomegranate Juice Extract (50% Polyphenols)":0.0599,"Potassium Iodate":0.0311,"Rhodiola 3% Rosavins / Salidroside 1%":0.0253,"Selenium":0.0387,"Glutathione reduced":0.0112,"Lutein":0.0161,"Luteolin":0.0016,"Cinnamon powder (ceylon) organic":0.0133,"Sodium Hyaluronate":0.0012,"Spermidine":0.0332,"Vitamin B1 (Thiamine HCl)":0.0139,"Vitamin B12 (Methylcobalamin)":0.0442,"Vitamin B2 (Riboflavin-5-Phosphate)":0.058,"Vitamin B3 (Niacinamide)":0.0314,"Vitamin B5 (Calcium-D-Pantothenate)":0.001,"Vitamin B6 (Pyridoxal-5- Phosphate)":0.0112,"Vitamin B7 (D-Biotin)":0.0174,"Vitamin C (Ascorbic Acid)":0.003,"Vitamin D Veg D3":0.0128,"Vitamin E (d-alpha tocopherol)":0.0201,"Vitamin K1":0.0294,"Vitamin K2 MK-7 MCT Oil":0.0052,"Vitamin K2 MK-4 MCT Oil":0.0311,"Sunflower lecithin non-GMO":0.0094,"Phosphatidylcholine":0.0162,"Choline":0.0225,"Lycopene":0.0604,"Lysine":0.0091,"Taurine":0.0133,"Glucoraphanin":0.0086,"Ubiquinol":0.0116,"Zinc Citrate":0.0247,"Fiber":0.0001,"Blueberries":0.0148,"Macadamia nuts":0.0517,"Walnuts":0.0154,"Omega 3":0.0292,"Omega 6":0.032,"Calcium":0.0316,"EVOO polyphenols":0.0064,"Oleic acid":0.0308,"Protein (plant)":0.0046,"Copper":0.0108,"Caffeine":0.0015,"Magnesium Citrate":0.0324,"Manganese Citrate":0.096,"Curcuminoids":0.005,"Fisetin (smoketree extract)":0.0307,"Garlic extract 12:1 odorless":0.0158,"Genistein (Japonica extract)":0.0127,"Milled Golden Flaxseed":0.0001,"SDG lignan":0.0318,"Phosphatidylinositol":0.0152,"Phosphatidylethanolamine":0.0394}],"vo2_max":19.014}
