{"personal_data":[{"age":51,"gender":"M","name":"Asher Pfannerstill V"}],"fitness_data":[{"Backwards Sled, 2 min":2,"Posture exercises":4,"Tricep extensions":1,"Face pulls":1,"Butterfly":1,"Band pull apart (back muscles)":1,"Back extensions (on a hyperextension)":4,"Obliques (each side, on a hyperextension)":1,"StretchesKneeling shin_Kneeling shin_":2,"StretchesHip flexor_Hip flexor_":0,"StretchesCouch_Couch_":0,"Leg raises (for abdomen)":1,"Seated calf raises":4,"Poliquin step ups":1,"Slant board squats":1,"ATG Split squats":1,"Nordics":3,"Reverse Nordics":2,"Tibialis raises,":1,"IsoTib ankle rotations":1,"Pull ups":3,"Chin ups":2,"10 min HIIT":1}],"supplement_vars":[{"N-Acetyl-L-Cysteine (NAC)":0.0095,"N-Acetyl-L-Cysteine (NAC) 2":0.0081,"Nicotinamide Riboside Chloride (NR)":0.0007,"Zeaxanthin":0.0138,"Phosphorus":0.0358,"Astaxanthin (Natural)":0.0135,"Boron Glycinate":0.0007,"CaAKG":0.0067,"Ashwagandha KSM66":0.0031,"Calcium L-5- Methyltetrahydrofolate (L-5-MTHF-Ca)":0.0222,"Cocoa Powder (Non-Alkalised) 8+% Flavanols":0.0088,"Red Yeast Rice (2% Monacolin K)":0.0256,"Creatine Monohydrate":0.0011,"Ginger":0.0722,"Glucosamine Sulfate KCI":0.0421,"Grape Seed Extract 90% polyphenols":0.0048,"Broccoli Extract (glucoraphanin 10%)":0.0113,"Glycine":0.0313,"Theanine":0.0576,"Lactobacillus Acidophilus":0.0776,"Lithium orotate":0.0013,"Pomegranate Juice Extract (50% Polyphenols)":0.0355,"Potassium Iodate":0.0096,"Rhodiola 3% Rosavins / Salidroside 1%":0.0143,"Selenium":0.0141,"Glutathione reduced":0.0249,"Lutein":0.0197,"Luteolin":0.007,"Cinnamon powder (ceylon) organic":0.0082,"Sodium Hyaluronate":0.0099,"Spermidine":0.0787,"Vitamin B1 (Thiamine HCl)":0.0033,"Vitamin B12 (Methylcobalamin)":0.0499,"Vitamin B2 (Riboflavin-5-Phosphate)":0.0383,"Vitamin B3 (Niacinamide)":0.0166,"Vitamin B5 (Calcium-D-Pantothenate)":0.0118,"Vitamin B6 (Pyridoxal-5- Phosphate)":0.022,"Vitamin B7 (D-Biotin)":0.0294,"Vitamin C (Ascorbic Acid)":0.0011,"Vitamin D Veg D3":0.0289,"Vitamin E (d-alpha tocopherol)":0.0399,"Vitamin K1":0.0349,"Vitamin K2 MK-7 MCT Oil":0.0172,"Vitamin K2 MK-4 MCT Oil":0.0271,"Sunflower lecithin non-GMO":0.0441,"Phosphatidylcholine":0.0198,"Choline":0.0576,"Lycopene":0.05,"Lysine":0.009,"Taurine":0.0288,"Glucoraphanin":0.0243,"Ubiquinol":0.0017,"Zinc Citrate":0.0235,"Fiber":0.0028,"Blueberries":0.0544,"Macadamia nuts":0.0019,"Walnuts":0.065,"Omega 3":0.0344,"Omega 6":0.0427,"Calcium":0.0451,"EVOO polyphenols":0.0044,"Oleic acid":0.0268,"Protein (plant)":0.0017,"Copper":0.0237,"Caffeine":0.0635,"Magnesium Citrate":0.0467,"Manganese Citrate":0.0992,"Curcuminoids":0.0082,"Fisetin (smoketree extract)":0.01,"Garlic extract 12:1 odorless":0.0012,"Genistein (Japonica extract)":0.0198,"Milled Golden Flaxseed":0.0235,"SDG lignan":0.0217,"Phosphatidylinositol":0.0188,"Phosphatidylethanolamine":0.0238}],"vo2_max":25.6359}
