{"personal_data":[{"age":48,"gender":"M"}],"fitness_data":[{"Backwards Sled, 2 min":4,"Posture exercises":1,"Tricep extensions":1,"Face pulls":3,"Butterfly":1,"Band pull apart (back muscles)":3,"Back extensions (on a hyperextension)":3,"Obliques (each side, on a hyperextension)":1,"StretchesKneeling shin_Kneeling shin_":3,"StretchesHip flexor_Hip flexor_":2,"StretchesCouch_Couch_":3,"Leg raises (for abdomen)":4,"Seated calf raises":4,"Poliquin step ups":0,"Slant board squats":5,"ATG Split squats":6,"Nordics":6,"Reverse Nordics":3,"Tibialis raises,":4,"IsoTib ankle rotations":4,"Pull ups":1,"Chin ups":1,"10 min HIIT":3}],"supplement_vars":[{"N-Acetyl-L-Cysteine (NAC)":0.0095,"N-Acetyl-L-Cysteine (NAC) 2":0.0188,"Nicotinamide Riboside Chloride (NR)":0.0098,"Zeaxanthin":0.0006,"Phosphorus":0.0117,"Astaxanthin (Natural)":0.0111,"Boron Glycinate":0.0134,"CaAKG":0.0014,"Ashwagandha KSM66":0.0081,"Calcium L-5- Methyltetrahydrofolate (L-5-MTHF-Ca)":0.0287,"Cocoa Powder (Non-Alkalised) 8+% Flavanols":0.0018,"Red Yeast Rice (2% Monacolin K)":0.0117,"Creatine Monohydrate":0.057,"Ginger":0.0144,"Glucosamine Sulfate KCI":0.0528,"Grape Seed Extract 90% polyphenols":0.0008,"Broccoli Extract (glucoraphanin 10%)":0.0184,"Glycine":0.0087,"Theanine":0.0324,"Lactobacillus Acidophilus":0.0619,"Lithium orotate":0.0058,"Pomegranate Juice Extract (50% Polyphenols)":0.025,"Potassium Iodate":0.0023,"Rhodiola 3% Rosavins / Salidroside 1%":0.0324,"Selenium":0.0005,"Glutathione reduced":0.015,"Lutein":0.0123,"Luteolin":0.0075,"Cinnamon powder (ceylon) organic":0.0138,"Sodium Hyaluronate":0.0018,"Spermidine":0.0618,"Vitamin B1 (Thiamine HCl)":0.0116,"Vitamin B12 (Methylcobalamin)":0.0207,"Vitamin B2 (Riboflavin-5-Phosphate)":0.068,"Vitamin B3 (Niacinamide)":0.0523,"Vitamin B5 (Calcium-D-Pantothenate)":0.0175,"Vitamin B6 (Pyridoxal-5- Phosphate)":0.0101,"Vitamin B7 (D-Biotin)":0.0204,"Vitamin C (Ascorbic Acid)":0.0107,"Vitamin D Veg D3":0.0032,"Vitamin E (d-alpha tocopherol)":0.028,"Vitamin K1":0.0181,"Vitamin K2 MK-7 MCT Oil":0.0228,"Vitamin K2 MK-4 MCT Oil":0.0069,"Sunflower lecithin non-GMO":0.0176,"Phosphatidylcholine":0.0198,"Choline":0.0444,"Lycopene":0.0295,"Lysine":0.0129,"Taurine":0.0044,"Glucoraphanin":0.0094,"Ubiquinol":0.0003,"Zinc Citrate":0.0136,"Fiber":0.0026,"Blueberries":0.0611,"Macadamia nuts":0.0717,"Walnuts":0.0543,"Omega 3":0.001,"Omega 6":0.0201,"Calcium":0.0078,"EVOO polyphenols":0.002,"Oleic acid":0.0235,"Protein (plant)":0.0022,"Copper":0.0189,"Caffeine":0.0249,"Magnesium Citrate":0.0135,"Manganese Citrate":0.0966,"Curcuminoids":0.0414,"Fisetin (smoketree extract)":0.0084,"Garlic extract 12:1 odorless":0.0217,"Genistein (Japonica extract)":0.0111,"Milled Golden Flaxseed":0.0351,"SDG lignan":0.0172,"Phosphatidylinositol":0.0041,"Phosphatidylethanolamine":0.006}],"vo2_max":29.0875}
