{"personal_data":[{"age":30,"gender":"M","name":"Irven Crona III"}],"fitness_data":[{"Backwards Sled, 2 min":0,"Posture exercises":4,"Tricep extensions":3,"Face pulls":2,"Butterfly":1,"Band pull apart (back muscles)":5,"Back extensions (on a hyperextension)":3,"Obliques (each side, on a hyperextension)":4,"StretchesKneeling shin_Kneeling shin_":1,"StretchesHip flexor_Hip flexor_":1,"StretchesCouch_Couch_":0,"Leg raises (for abdomen)":3,"Seated calf raises":1,"Poliquin step ups":1,"Slant board squats":0,"ATG Split squats":1,"Nordics":4,"Reverse Nordics":2,"Tibialis raises,":5,"IsoTib ankle rotations":4,"Pull ups":1,"Chin ups":4,"10 min HIIT":0}],"supplement_vars":[{"N-Acetyl-L-Cysteine (NAC)":0.0074,"N-Acetyl-L-Cysteine (NAC) 2":0.0174,"Nicotinamide Riboside Chloride (NR)":0.0111,"Zeaxanthin":0.013,"Phosphorus":0.0295,"Astaxanthin (Natural)":0.0003,"Boron Glycinate":0.0278,"CaAKG":0.0061,"Ashwagandha KSM66":0.001,"Calcium L-5- Methyltetrahydrofolate (L-5-MTHF-Ca)":0.013,"Cocoa Powder (Non-Alkalised) 8+% Flavanols":0.0229,"Red Yeast Rice (2% Monacolin K)":0.007,"Creatine Monohydrate":0.0104,"Ginger":0.0861,"Glucosamine Sulfate KCI":0.0375,"Grape Seed Extract 90% polyphenols":0.011,"Broccoli Extract (glucoraphanin 10%)":0.0297,"Glycine":0.0194,"Theanine":0.0556,"Lactobacillus Acidophilus":0.0421,"Lithium orotate":0.0067,"Pomegranate Juice Extract (50% Polyphenols)":0.0272,"Potassium Iodate":0.025,"Rhodiola 3% Rosavins / Salidroside 1%":0.0225,"Selenium":0.0132,"Glutathione reduced":0.0045,"Lutein":0.0217,"Luteolin":0.002,"Cinnamon powder (ceylon) organic":0.0227,"Sodium Hyaluronate":0.0044,"Spermidine":0.064,"Vitamin B1 (Thiamine HCl)":0.0038,"Vitamin B12 (Methylcobalamin)":0.0851,"Vitamin B2 (Riboflavin-5-Phosphate)":0.059,"Vitamin B3 (Niacinamide)":0.0604,"Vitamin B5 (Calcium-D-Pantothenate)":0.0187,"Vitamin B6 (Pyridoxal-5- Phosphate)":0.0293,"Vitamin B7 (D-Biotin)":0.0274,"Vitamin C (Ascorbic Acid)":0.0056,"Vitamin D Veg D3":0.0029,"Vitamin E (d-alpha tocopherol)":0.033,"Vitamin K1":0.0483,"Vitamin K2 MK-7 MCT Oil":0.0206,"Vitamin K2 MK-4 MCT Oil":0.0273,"Sunflower lecithin non-GMO":0.0027,"Phosphatidylcholine":0.0108,"Choline":0.0308,"Lycopene":0.0719,"Lysine":0.0062,"Taurine":0.0158,"Glucoraphanin":0.0153,"Ubiquinol":0.0027,"Zinc Citrate":0.0264,"Fiber":0.0004,"Blueberries":0.0147,"Macadamia nuts":0.0765,"Walnuts":0.0692,"Omega 3":0.0373,"Omega 6":0.0179,"Calcium":0.0047,"EVOO polyphenols":0.0058,"Oleic acid":0.0288,"Protein (plant)":0.0015,"Copper":0.0202,"Caffeine":0.0434,"Magnesium Citrate":0.0313,"Manganese Citrate":0.0476,"Curcuminoids":0.026,"Fisetin (smoketree extract)":0.0223,"Garlic extract 12:1 odorless":0.0387,"Genistein (Japonica extract)":0.0002,"Milled Golden Flaxseed":0.0296,"SDG lignan":0.0175,"Phosphatidylinositol":0.0019,"Phosphatidylethanolamine":0.042}],"vo2_max":34.0881}
