{"personal_data":[{"age":70,"gender":"F"}],"fitness_data":[{"Backwards Sled, 2 min":5,"Posture exercises":5,"Tricep extensions":4,"Face pulls":4,"Butterfly":4,"Band pull apart (back muscles)":2,"Back extensions (on a hyperextension)":2,"Obliques (each side, on a hyperextension)":2,"StretchesKneeling shin_Kneeling shin_":3,"StretchesHip flexor_Hip flexor_":6,"StretchesCouch_Couch_":1,"Leg raises (for abdomen)":3,"Seated calf raises":1,"Poliquin step ups":0,"Slant board squats":2,"ATG Split squats":1,"Nordics":4,"Reverse Nordics":0,"Tibialis raises,":3,"IsoTib ankle rotations":1,"Pull ups":2,"Chin ups":3,"10 min HIIT":3}],"supplement_vars":[{"N-Acetyl-L-Cysteine (NAC)":0.0043,"N-Acetyl-L-Cysteine (NAC) 2":0.0117,"Nicotinamide Riboside Chloride (NR)":0.0113,"Zeaxanthin":0.007,"Phosphorus":0.0335,"Astaxanthin (Natural)":0.0091,"Boron Glycinate":0.0234,"CaAKG":0.0092,"Ashwagandha KSM66":0.0029,"Calcium L-5- Methyltetrahydrofolate (L-5-MTHF-Ca)":0.0235,"Cocoa Powder (Non-Alkalised) 8+% Flavanols":0.0141,"Red Yeast Rice (2% Monacolin K)":0.0043,"Creatine Monohydrate":0.0269,"Ginger":0.061,"Glucosamine Sulfate KCI":0.0635,"Grape Seed Extract 90% polyphenols":0.0102,"Broccoli Extract (glucoraphanin 10%)":0.0332,"Glycine":0.0149,"Theanine":0.012,"Lactobacillus Acidophilus":0.0883,"Lithium orotate":0.0089,"Pomegranate Juice Extract (50% Polyphenols)":0.0453,"Potassium Iodate":0.0436,"Rhodiola 3% Rosavins / Salidroside 1%":0.0589,"Selenium":0.0045,"Glutathione reduced":0.0301,"Lutein":0.0006,"Luteolin":0.0012,"Cinnamon powder (ceylon) organic":0.0105,"Sodium Hyaluronate":0.0061,"Spermidine":0.08,"Vitamin B1 (Thiamine HCl)":0.0091,"Vitamin B12 (Methylcobalamin)":0.0241,"Vitamin B2 (Riboflavin-5-Phosphate)":0.024,"Vitamin B3 (Niacinamide)":0.0429,"Vitamin B5 (Calcium-D-Pantothenate)":0.0181,"Vitamin B6 (Pyridoxal-5- Phosphate)":0.0225,"Vitamin B7 (D-Biotin)":0.007,"Vitamin C (Ascorbic Acid)":0.0129,"Vitamin D Veg D3":0.0004,"Vitamin E (d-alpha tocopherol)":0.0316,"Vitamin K1":0.0199,"Vitamin K2 MK-7 MCT Oil":0.0265,"Vitamin K2 MK-4 MCT Oil":0.0308,"Sunflower lecithin non-GMO":0.0242,"Phosphatidylcholine":0.0348,"Choline":0.0129,"Lycopene":0.0447,"Lysine":0.0091,"Taurine":0.0406,"Glucoraphanin":0.0315,"Ubiquinol":0.0037,"Zinc Citrate":0.0172,"Fiber":0.0023,"Blueberries":0.0483,"Macadamia nuts":0.0517,"Walnuts":0.0182,"Omega 3":0.0238,"Omega 6":0.0166,"Calcium":0.0386,"EVOO polyphenols":0.0022,"Oleic acid":0.0304,"Protein (plant)":0.0023,"Copper":0.017,"Caffeine":0.0348,"Magnesium Citrate":0.0588,"Manganese Citrate":0.0373,"Curcuminoids":0.0083,"Fisetin (smoketree extract)":0.0328,"Garlic extract 12:1 odorless":0.008,"Genistein (Japonica extract)":0.0068,"Milled Golden Flaxseed":0.0083,"SDG lignan":0.0218,"Phosphatidylinositol":0.0208,"Phosphatidylethanolamine":0.006}],"vo2_max":20.376}
