{"personal_data":[{"age":44,"gender":"M","name":"Arabella Lynch"}],"fitness_data":[{"Backwards Sled, 2 min":5,"Posture exercises":2,"Tricep extensions":3,"Face pulls":1,"Butterfly":2,"Band pull apart (back muscles)":1,"Back extensions (on a hyperextension)":1,"Obliques (each side, on a hyperextension)":1,"StretchesKneeling shin_Kneeling shin_":4,"StretchesHip flexor_Hip flexor_":5,"StretchesCouch_Couch_":3,"Leg raises (for abdomen)":1,"Seated calf raises":3,"Poliquin step ups":3,"Slant board squats":5,"ATG Split squats":6,"Nordics":6,"Reverse Nordics":4,"Tibialis raises,":3,"IsoTib ankle rotations":4,"Pull ups":4,"Chin ups":3,"10 min HIIT":1}],"supplement_vars":[{"N-Acetyl-L-Cysteine (NAC)":0.0032,"N-Acetyl-L-Cysteine (NAC) 2":0.0066,"Nicotinamide Riboside Chloride (NR)":0.0009,"Zeaxanthin":0.0118,"Phosphorus":0.0151,"Astaxanthin (Natural)":0.0008,"Boron Glycinate":0.0239,"CaAKG":0.011,"Ashwagandha KSM66":0.0009,"Calcium L-5- Methyltetrahydrofolate (L-5-MTHF-Ca)":0.0528,"Cocoa Powder (Non-Alkalised) 8+% Flavanols":0.0154,"Red Yeast Rice (2% Monacolin K)":0.0051,"Creatine Monohydrate":0.0576,"Ginger":0.0736,"Glucosamine Sulfate KCI":0.0206,"Grape Seed Extract 90% polyphenols":0.0021,"Broccoli Extract (glucoraphanin 10%)":0.0178,"Glycine":0.0226,"Theanine":0.0494,"Lactobacillus Acidophilus":0.0142,"Lithium orotate":0.0053,"Pomegranate Juice Extract (50% Polyphenols)":0.0148,"Potassium Iodate":0.0069,"Rhodiola 3% Rosavins / Salidroside 1%":0.0475,"Selenium":0.0371,"Glutathione reduced":0.018,"Lutein":0.0096,"Luteolin":0.0027,"Cinnamon powder (ceylon) organic":0.0132,"Sodium Hyaluronate":0.0029,"Spermidine":0.0235,"Vitamin B1 (Thiamine HCl)":0.0112,"Vitamin B12 (Methylcobalamin)":0.0672,"Vitamin B2 (Riboflavin-5-Phosphate)":0.0475,"Vitamin B3 (Niacinamide)":0.0195,"Vitamin B5 (Calcium-D-Pantothenate)":0.0113,"Vitamin B6 (Pyridoxal-5- Phosphate)":0.0068,"Vitamin B7 (D-Biotin)":0.0029,"Vitamin C (Ascorbic Acid)":0.0128,"Vitamin D Veg D3":0.0017,"Vitamin E (d-alpha tocopherol)":0.0422,"Vitamin K1":0.0483,"Vitamin K2 MK-7 MCT Oil":0.0073,"Vitamin K2 MK-4 MCT Oil":0.035,"Sunflower lecithin non-GMO":0.0145,"Phosphatidylcholine":0.0003,"Choline":0.0338,"Lycopene":0.0211,"Lysine":0.0077,"Taurine":0.0176,"Glucoraphanin":0.0294,"Ubiquinol":0.0058,"Zinc Citrate":0.0291,"Fiber":0.0024,"Blueberries":0.0471,"Macadamia nuts":0.0522,"Walnuts":0.0283,"Omega 3":0.0313,"Omega 6":0.0527,"Calcium":0.0591,"EVOO polyphenols":0.0061,"Oleic acid":0.0071,"Protein (plant)":0.0016,"Copper":0.0108,"Caffeine":0.0472,"Magnesium Citrate":0.0019,"Manganese Citrate":0.0939,"Curcuminoids":0.016,"Fisetin (smoketree extract)":0.0314,"Garlic extract 12:1 odorless":0.0259,"Genistein (Japonica extract)":0.0144,"Milled Golden Flaxseed":0.0262,"SDG lignan":0.0426,"Phosphatidylinositol":0.0183,"Phosphatidylethanolamine":0.0224}],"vo2_max":28.6194}
