{"personal_data":[{"age":47,"gender":"F","name":"Cannie Nikolaus PhD"}],"fitness_data":[{"Backwards Sled, 2 min":5,"Posture exercises":3,"Tricep extensions":3,"Face pulls":1,"Butterfly":0,"Band pull apart (back muscles)":2,"Back extensions (on a hyperextension)":2,"Obliques (each side, on a hyperextension)":2,"StretchesKneeling shin_Kneeling shin_":1,"StretchesHip flexor_Hip flexor_":4,"StretchesCouch_Couch_":0,"Leg raises (for abdomen)":2,"Seated calf raises":2,"Poliquin step ups":3,"Slant board squats":6,"ATG Split squats":2,"Nordics":2,"Reverse Nordics":2,"Tibialis raises,":3,"IsoTib ankle rotations":3,"Pull ups":4,"Chin ups":2,"10 min HIIT":3}],"supplement_vars":[{"N-Acetyl-L-Cysteine (NAC)":0.0035,"N-Acetyl-L-Cysteine (NAC) 2":0.0016,"Nicotinamide Riboside Chloride (NR)":0.0188,"Zeaxanthin":0.0041,"Phosphorus":0.0071,"Astaxanthin (Natural)":0.0116,"Boron Glycinate":0.0098,"CaAKG":0.0109,"Ashwagandha KSM66":0.0006,"Calcium L-5- Methyltetrahydrofolate (L-5-MTHF-Ca)":0.0158,"Cocoa Powder (Non-Alkalised) 8+% Flavanols":0.0228,"Red Yeast Rice (2% Monacolin K)":0.0112,"Creatine Monohydrate":0.0031,"Ginger":0.0466,"Glucosamine Sulfate KCI":0.0672,"Grape Seed Extract 90% polyphenols":0.0126,"Broccoli Extract (glucoraphanin 10%)":0.0143,"Glycine":0.0308,"Theanine":0.0359,"Lactobacillus Acidophilus":0.0283,"Lithium orotate":0.0085,"Pomegranate Juice Extract (50% Polyphenols)":0.0687,"Potassium Iodate":0.0271,"Rhodiola 3% Rosavins / Salidroside 1%":0.0495,"Selenium":0.0101,"Glutathione reduced":0.0343,"Lutein":0.0107,"Luteolin":0.0093,"Cinnamon powder (ceylon) organic":0.0153,"Sodium Hyaluronate":0.0009,"Spermidine":0.0332,"Vitamin B1 (Thiamine HCl)":0.0149,"Vitamin B12 (Methylcobalamin)":0.0736,"Vitamin B2 (Riboflavin-5-Phosphate)":0.0318,"Vitamin B3 (Niacinamide)":0.0409,"Vitamin B5 (Calcium-D-Pantothenate)":0.0198,"Vitamin B6 (Pyridoxal-5- Phosphate)":0.0437,"Vitamin B7 (D-Biotin)":0.0141,"Vitamin C (Ascorbic Acid)":0.0081,"Vitamin D Veg D3":0.0289,"Vitamin E (d-alpha tocopherol)":0.0214,"Vitamin K1":0.0361,"Vitamin K2 MK-7 MCT Oil":0.0177,"Vitamin K2 MK-4 MCT Oil":0.027,"Sunflower lecithin non-GMO":0.0197,"Phosphatidylcholine":0.019,"Choline":0.0582,"Lycopene":0.0165,"Lysine":0.0098,"Taurine":0.0359,"Glucoraphanin":0.0178,"Ubiquinol":0.0058,"Zinc Citrate":0.0231,"Fiber":0.0032,"Blueberries":0.012,"Macadamia nuts":0.053,"Walnuts":0.0484,"Omega 3":0.0037,"Omega 6":0.0093,"Calcium":0.0414,"EVOO polyphenols":0.0031,"Oleic acid":0.0348,"Protein (plant)":0.0017,"Copper":0.0049,"Caffeine":0.0067,"Magnesium Citrate":0.0031,"Manganese Citrate":0.0727,"Curcuminoids":0.0495,"Fisetin (smoketree extract)":0.0296,"Garlic extract 12:1 odorless":0.0296,"Genistein (Japonica extract)":0.013,"Milled Golden Flaxseed":0.0151,"SDG lignan":0.02,"Phosphatidylinositol":0.0054,"Phosphatidylethanolamine":0.008}],"vo2_max":31.1345}
