{"personal_data":[{"age":22,"gender":"M","name":"Evalena Ondricka-Spinka"}],"fitness_data":[{"Backwards Sled, 2 min":2,"Posture exercises":1,"Tricep extensions":0,"Face pulls":1,"Butterfly":3,"Band pull apart (back muscles)":0,"Back extensions (on a hyperextension)":1,"Obliques (each side, on a hyperextension)":1,"StretchesKneeling shin_Kneeling shin_":3,"StretchesHip flexor_Hip flexor_":2,"StretchesCouch_Couch_":2,"Leg raises (for abdomen)":4,"Seated calf raises":3,"Poliquin step ups":2,"Slant board squats":0,"ATG Split squats":4,"Nordics":6,"Reverse Nordics":2,"Tibialis raises,":2,"IsoTib ankle rotations":4,"Pull ups":3,"Chin ups":3,"10 min HIIT":0}],"supplement_vars":[{"N-Acetyl-L-Cysteine (NAC)":0.0014,"N-Acetyl-L-Cysteine (NAC) 2":0.0049,"Nicotinamide Riboside Chloride (NR)":0.0115,"Zeaxanthin":0,"Phosphorus":0.0032,"Astaxanthin (Natural)":0.0172,"Boron Glycinate":0.0244,"CaAKG":0.013,"Ashwagandha KSM66":0.0041,"Calcium L-5- Methyltetrahydrofolate (L-5-MTHF-Ca)":0.051,"Cocoa Powder (Non-Alkalised) 8+% Flavanols":0.0073,"Red Yeast Rice (2% Monacolin K)":0.0199,"Creatine Monohydrate":0.0685,"Ginger":0.0323,"Glucosamine Sulfate KCI":0.0435,"Grape Seed Extract 90% polyphenols":0.0014,"Broccoli Extract (glucoraphanin 10%)":0.0171,"Glycine":0.003,"Theanine":0.0056,"Lactobacillus Acidophilus":0.0261,"Lithium orotate":0.0055,"Pomegranate Juice Extract (50% Polyphenols)":0.0204,"Potassium Iodate":0.0455,"Rhodiola 3% Rosavins / Salidroside 1%":0.0492,"Selenium":0.0172,"Glutathione reduced":0.0481,"Lutein":0.007,"Luteolin":0.0093,"Cinnamon powder (ceylon) organic":0.0113,"Sodium Hyaluronate":0.0074,"Spermidine":0.0837,"Vitamin B1 (Thiamine HCl)":0.0149,"Vitamin B12 (Methylcobalamin)":0.0041,"Vitamin B2 (Riboflavin-5-Phosphate)":0.0288,"Vitamin B3 (Niacinamide)":0.0127,"Vitamin B5 (Calcium-D-Pantothenate)":0.0199,"Vitamin B6 (Pyridoxal-5- Phosphate)":0.0023,"Vitamin B7 (D-Biotin)":0.0125,"Vitamin C (Ascorbic Acid)":0.0081,"Vitamin D Veg D3":0.021,"Vitamin E (d-alpha tocopherol)":0.0443,"Vitamin K1":0.0371,"Vitamin K2 MK-7 MCT Oil":0.019,"Vitamin K2 MK-4 MCT Oil":0.0356,"Sunflower lecithin non-GMO":0.0226,"Phosphatidylcholine":0.0136,"Choline":0.0464,"Lycopene":0.0245,"Lysine":0.0018,"Taurine":0.0437,"Glucoraphanin":0.0251,"Ubiquinol":0.0039,"Zinc Citrate":0.0213,"Fiber":0.0025,"Blueberries":0.0404,"Macadamia nuts":0.0547,"Walnuts":0.0665,"Omega 3":0.0316,"Omega 6":0.0532,"Calcium":0.0308,"EVOO polyphenols":0.002,"Oleic acid":0.0329,"Protein (plant)":0.0038,"Copper":0.0108,"Caffeine":0.0022,"Magnesium Citrate":0.0001,"Manganese Citrate":0.0719,"Curcuminoids":0.0416,"Fisetin (smoketree extract)":0.0223,"Garlic extract 12:1 odorless":0.0024,"Genistein (Japonica extract)":0.0009,"Milled Golden Flaxseed":0.0086,"SDG lignan":0.0441,"Phosphatidylinositol":0.0166,"Phosphatidylethanolamine":0.0084}],"vo2_max":34.9644}
