{"personal_data":[{"age":47,"gender":"F","name":"Kelby Stark-Mueller"}],"fitness_data":[{"Backwards Sled, 2 min":2,"Posture exercises":4,"Tricep extensions":3,"Face pulls":5,"Butterfly":5,"Band pull apart (back muscles)":3,"Back extensions (on a hyperextension)":3,"Obliques (each side, on a hyperextension)":3,"StretchesKneeling shin_Kneeling shin_":1,"StretchesHip flexor_Hip flexor_":0,"StretchesCouch_Couch_":3,"Leg raises (for abdomen)":5,"Seated calf raises":2,"Poliquin step ups":0,"Slant board squats":4,"ATG Split squats":3,"Nordics":5,"Reverse Nordics":3,"Tibialis raises,":4,"IsoTib ankle rotations":1,"Pull ups":3,"Chin ups":4,"10 min HIIT":4}],"supplement_vars":[{"N-Acetyl-L-Cysteine (NAC)":0.0005,"N-Acetyl-L-Cysteine (NAC) 2":0.0098,"Nicotinamide Riboside Chloride (NR)":0.005,"Zeaxanthin":0.0061,"Phosphorus":0.0381,"Astaxanthin (Natural)":0.0178,"Boron Glycinate":0.0356,"CaAKG":0.0066,"Ashwagandha KSM66":0.0072,"Calcium L-5- Methyltetrahydrofolate (L-5-MTHF-Ca)":0.0252,"Cocoa Powder (Non-Alkalised) 8+% Flavanols":0.0059,"Red Yeast Rice (2% Monacolin K)":0.0241,"Creatine Monohydrate":0.0398,"Ginger":0.0664,"Glucosamine Sulfate KCI":0.0452,"Grape Seed Extract 90% polyphenols":0.0038,"Broccoli Extract (glucoraphanin 10%)":0.0248,"Glycine":0.0308,"Theanine":0.0117,"Lactobacillus Acidophilus":0.0846,"Lithium orotate":0.005,"Pomegranate Juice Extract (50% Polyphenols)":0.0576,"Potassium Iodate":0.0292,"Rhodiola 3% Rosavins / Salidroside 1%":0.02,"Selenium":0.0326,"Glutathione reduced":0.0372,"Lutein":0.0025,"Luteolin":0.0029,"Cinnamon powder (ceylon) organic":0.0255,"Sodium Hyaluronate":0.0093,"Spermidine":0.0647,"Vitamin B1 (Thiamine HCl)":0.0129,"Vitamin B12 (Methylcobalamin)":0.0454,"Vitamin B2 (Riboflavin-5-Phosphate)":0.0299,"Vitamin B3 (Niacinamide)":0.0504,"Vitamin B5 (Calcium-D-Pantothenate)":0.0135,"Vitamin B6 (Pyridoxal-5- Phosphate)":0.0236,"Vitamin B7 (D-Biotin)":0.0203,"Vitamin C (Ascorbic Acid)":0.0117,"Vitamin D Veg D3":0.0335,"Vitamin E (d-alpha tocopherol)":0.0376,"Vitamin K1":0.0188,"Vitamin K2 MK-7 MCT Oil":0.0046,"Vitamin K2 MK-4 MCT Oil":0.0155,"Sunflower lecithin non-GMO":0.0154,"Phosphatidylcholine":0.0237,"Choline":0.0547,"Lycopene":0.0643,"Lysine":0.0003,"Taurine":0.0458,"Glucoraphanin":0.0148,"Ubiquinol":0.0118,"Zinc Citrate":0.0175,"Fiber":0.0048,"Blueberries":0.0444,"Macadamia nuts":0.0606,"Walnuts":0.0504,"Omega 3":0.0001,"Omega 6":0.0461,"Calcium":0.0346,"EVOO polyphenols":0.0005,"Oleic acid":0.0102,"Protein (plant)":0.0024,"Copper":0.0222,"Caffeine":0.0108,"Magnesium Citrate":0.0421,"Manganese Citrate":0.0734,"Curcuminoids":0.0003,"Fisetin (smoketree extract)":0.0333,"Garlic extract 12:1 odorless":0.0333,"Genistein (Japonica extract)":0.0092,"Milled Golden Flaxseed":0.0339,"SDG lignan":0.0549,"Phosphatidylinositol":0.002,"Phosphatidylethanolamine":0.0132}],"vo2_max":31.0752}
