{"personal_data":[{"age":70,"gender":"M","name":"Miss Yolonda Haag"}],"fitness_data":[{"Backwards Sled, 2 min":4,"Posture exercises":4,"Tricep extensions":2,"Face pulls":0,"Butterfly":1,"Band pull apart (back muscles)":1,"Back extensions (on a hyperextension)":0,"Obliques (each side, on a hyperextension)":1,"StretchesKneeling shin_Kneeling shin_":5,"StretchesHip flexor_Hip flexor_":3,"StretchesCouch_Couch_":2,"Leg raises (for abdomen)":4,"Seated calf raises":1,"Poliquin step ups":3,"Slant board squats":4,"ATG Split squats":4,"Nordics":1,"Reverse Nordics":4,"Tibialis raises,":0,"IsoTib ankle rotations":1,"Pull ups":2,"Chin ups":3,"10 min HIIT":4}],"supplement_vars":[{"N-Acetyl-L-Cysteine (NAC)":0.0098,"N-Acetyl-L-Cysteine (NAC) 2":0.0044,"Nicotinamide Riboside Chloride (NR)":0.0159,"Zeaxanthin":0.0089,"Phosphorus":0.039,"Astaxanthin (Natural)":0.0189,"Boron Glycinate":0.0281,"CaAKG":0.0113,"Ashwagandha KSM66":0.0051,"Calcium L-5- Methyltetrahydrofolate (L-5-MTHF-Ca)":0.0574,"Cocoa Powder (Non-Alkalised) 8+% Flavanols":0.0057,"Red Yeast Rice (2% Monacolin K)":0.0188,"Creatine Monohydrate":0.0394,"Ginger":0.0641,"Glucosamine Sulfate KCI":0.0231,"Grape Seed Extract 90% polyphenols":0.0077,"Broccoli Extract (glucoraphanin 10%)":0.0054,"Glycine":0.0313,"Theanine":0.0003,"Lactobacillus Acidophilus":0.0531,"Lithium orotate":0.0044,"Pomegranate Juice Extract (50% Polyphenols)":0.0595,"Potassium Iodate":0.0058,"Rhodiola 3% Rosavins / Salidroside 1%":0.0282,"Selenium":0.0379,"Glutathione reduced":0.0175,"Lutein":0.0191,"Luteolin":0.0095,"Cinnamon powder (ceylon) organic":0.0064,"Sodium Hyaluronate":0.0022,"Spermidine":0.0422,"Vitamin B1 (Thiamine HCl)":0.0164,"Vitamin B12 (Methylcobalamin)":0.0845,"Vitamin B2 (Riboflavin-5-Phosphate)":0.0186,"Vitamin B3 (Niacinamide)":0.0096,"Vitamin B5 (Calcium-D-Pantothenate)":0.0186,"Vitamin B6 (Pyridoxal-5- Phosphate)":0.0418,"Vitamin B7 (D-Biotin)":0.0107,"Vitamin C (Ascorbic Acid)":0.0059,"Vitamin D Veg D3":0.0462,"Vitamin E (d-alpha tocopherol)":0.0072,"Vitamin K1":0.0559,"Vitamin K2 MK-7 MCT Oil":0.0239,"Vitamin K2 MK-4 MCT Oil":0.0105,"Sunflower lecithin non-GMO":0.0148,"Phosphatidylcholine":0.0253,"Choline":0.0361,"Lycopene":0.0278,"Lysine":0.0074,"Taurine":0.0382,"Glucoraphanin":0.0041,"Ubiquinol":0.0024,"Zinc Citrate":0.007,"Fiber":0.0028,"Blueberries":0.082,"Macadamia nuts":0.0661,"Walnuts":0.0655,"Omega 3":0.0178,"Omega 6":0.0339,"Calcium":0.0126,"EVOO polyphenols":0.0045,"Oleic acid":0.0158,"Protein (plant)":0,"Copper":0.014,"Caffeine":0.0024,"Magnesium Citrate":0.0041,"Manganese Citrate":0.0985,"Curcuminoids":0.0149,"Fisetin (smoketree extract)":0.0348,"Garlic extract 12:1 odorless":0.0055,"Genistein (Japonica extract)":0.0194,"Milled Golden Flaxseed":0.0195,"SDG lignan":0.0021,"Phosphatidylinositol":0.01,"Phosphatidylethanolamine":0.0501}],"vo2_max":18.3248}
