{"personal_data":[{"age":48,"gender":"F","name":"Paisley Schmidt"}],"fitness_data":[{"Backwards Sled, 2 min":4,"Posture exercises":1,"Tricep extensions":4,"Face pulls":2,"Butterfly":1,"Band pull apart (back muscles)":5,"Back extensions (on a hyperextension)":1,"Obliques (each side, on a hyperextension)":2,"StretchesKneeling shin_Kneeling shin_":2,"StretchesHip flexor_Hip flexor_":3,"StretchesCouch_Couch_":0,"Leg raises (for abdomen)":4,"Seated calf raises":2,"Poliquin step ups":1,"Slant board squats":5,"ATG Split squats":1,"Nordics":0,"Reverse Nordics":3,"Tibialis raises,":4,"IsoTib ankle rotations":6,"Pull ups":2,"Chin ups":3,"10 min HIIT":3}],"supplement_vars":[{"N-Acetyl-L-Cysteine (NAC)":0.0008,"N-Acetyl-L-Cysteine (NAC) 2":0.0007,"Nicotinamide Riboside Chloride (NR)":0.016,"Zeaxanthin":0.0102,"Phosphorus":0.0312,"Astaxanthin (Natural)":0.0101,"Boron Glycinate":0.0127,"CaAKG":0.0031,"Ashwagandha KSM66":0.0019,"Calcium L-5- Methyltetrahydrofolate (L-5-MTHF-Ca)":0.0555,"Cocoa Powder (Non-Alkalised) 8+% Flavanols":0.011,"Red Yeast Rice (2% Monacolin K)":0.0123,"Creatine Monohydrate":0.0346,"Ginger":0.0677,"Glucosamine Sulfate KCI":0.0502,"Grape Seed Extract 90% polyphenols":0.0078,"Broccoli Extract (glucoraphanin 10%)":0.0123,"Glycine":0.0142,"Theanine":0.0134,"Lactobacillus Acidophilus":0.0186,"Lithium orotate":0.0012,"Pomegranate Juice Extract (50% Polyphenols)":0.0207,"Potassium Iodate":0.0208,"Rhodiola 3% Rosavins / Salidroside 1%":0.0451,"Selenium":0.0098,"Glutathione reduced":0.0223,"Lutein":0.0178,"Luteolin":0.0021,"Cinnamon powder (ceylon) organic":0.0029,"Sodium Hyaluronate":0.0055,"Spermidine":0.0479,"Vitamin B1 (Thiamine HCl)":0.0086,"Vitamin B12 (Methylcobalamin)":0.0439,"Vitamin B2 (Riboflavin-5-Phosphate)":0.0515,"Vitamin B3 (Niacinamide)":0.0313,"Vitamin B5 (Calcium-D-Pantothenate)":0.0121,"Vitamin B6 (Pyridoxal-5- Phosphate)":0.04,"Vitamin B7 (D-Biotin)":0.021,"Vitamin C (Ascorbic Acid)":0.0016,"Vitamin D Veg D3":0.0345,"Vitamin E (d-alpha tocopherol)":0.0396,"Vitamin K1":0.0331,"Vitamin K2 MK-7 MCT Oil":0.0068,"Vitamin K2 MK-4 MCT Oil":0.0155,"Sunflower lecithin non-GMO":0.0193,"Phosphatidylcholine":0.0251,"Choline":0.0166,"Lycopene":0.0409,"Lysine":0.0106,"Taurine":0.0348,"Glucoraphanin":0.0116,"Ubiquinol":0.0054,"Zinc Citrate":0.0039,"Fiber":0.0059,"Blueberries":0.0374,"Macadamia nuts":0.056,"Walnuts":0.0151,"Omega 3":0.0312,"Omega 6":0.0668,"Calcium":0.0307,"EVOO polyphenols":0.0022,"Oleic acid":0.0205,"Protein (plant)":0.0024,"Copper":0.0116,"Caffeine":0.0077,"Magnesium Citrate":0.0215,"Manganese Citrate":0.0378,"Curcuminoids":0.0029,"Fisetin (smoketree extract)":0.0017,"Garlic extract 12:1 odorless":0.0358,"Genistein (Japonica extract)":0.0063,"Milled Golden Flaxseed":0.0164,"SDG lignan":0.0344,"Phosphatidylinositol":0.0212,"Phosphatidylethanolamine":0.0442}],"vo2_max":29.9786}
