{"personal_data":[{"age":45,"gender":"F","name":"Adonis DuBuque IV"}],"fitness_data":[{"Backwards Sled, 2 min":2,"Posture exercises":3,"Tricep extensions":3,"Face pulls":4,"Butterfly":2,"Band pull apart (back muscles)":2,"Back extensions (on a hyperextension)":2,"Obliques (each side, on a hyperextension)":3,"StretchesKneeling shin_Kneeling shin_":2,"StretchesHip flexor_Hip flexor_":4,"StretchesCouch_Couch_":3,"Leg raises (for abdomen)":0,"Seated calf raises":3,"Poliquin step ups":2,"Slant board squats":6,"ATG Split squats":3,"Nordics":2,"Reverse Nordics":1,"Tibialis raises,":0,"IsoTib ankle rotations":4,"Pull ups":1,"Chin ups":3,"10 min HIIT":1}],"supplement_vars":[{"N-Acetyl-L-Cysteine (NAC)":0.0154,"N-Acetyl-L-Cysteine (NAC) 2":0.0147,"Nicotinamide Riboside Chloride (NR)":0.0142,"Zeaxanthin":0.0138,"Phosphorus":0.0292,"Astaxanthin (Natural)":0.0125,"Boron Glycinate":0.0018,"CaAKG":0.0017,"Ashwagandha KSM66":0.0049,"Calcium L-5- Methyltetrahydrofolate (L-5-MTHF-Ca)":0.0092,"Cocoa Powder (Non-Alkalised) 8+% Flavanols":0.0216,"Red Yeast Rice (2% Monacolin K)":0.027,"Creatine Monohydrate":0.0216,"Ginger":0.0242,"Glucosamine Sulfate KCI":0.0071,"Grape Seed Extract 90% polyphenols":0.0099,"Broccoli Extract (glucoraphanin 10%)":0.0132,"Glycine":0.0224,"Theanine":0.0535,"Lactobacillus Acidophilus":0.0349,"Lithium orotate":0.0081,"Pomegranate Juice Extract (50% Polyphenols)":0.025,"Potassium Iodate":0.0104,"Rhodiola 3% Rosavins / Salidroside 1%":0.0358,"Selenium":0.0148,"Glutathione reduced":0.0011,"Lutein":0.0099,"Luteolin":0.004,"Cinnamon powder (ceylon) organic":0.015,"Sodium Hyaluronate":0.0077,"Spermidine":0.084,"Vitamin B1 (Thiamine HCl)":0.0128,"Vitamin B12 (Methylcobalamin)":0.0844,"Vitamin B2 (Riboflavin-5-Phosphate)":0.068,"Vitamin B3 (Niacinamide)":0.0295,"Vitamin B5 (Calcium-D-Pantothenate)":0.0092,"Vitamin B6 (Pyridoxal-5- Phosphate)":0.0483,"Vitamin B7 (D-Biotin)":0.013,"Vitamin C (Ascorbic Acid)":0.0073,"Vitamin D Veg D3":0.0248,"Vitamin E (d-alpha tocopherol)":0.0417,"Vitamin K1":0.0065,"Vitamin K2 MK-7 MCT Oil":0.0151,"Vitamin K2 MK-4 MCT Oil":0.0288,"Sunflower lecithin non-GMO":0.0119,"Phosphatidylcholine":0.0278,"Choline":0.045,"Lycopene":0.0604,"Lysine":0.0028,"Taurine":0.0015,"Glucoraphanin":0.0001,"Ubiquinol":0.0039,"Zinc Citrate":0.0158,"Fiber":0.0015,"Blueberries":0.0191,"Macadamia nuts":0.0519,"Walnuts":0.0322,"Omega 3":0.0236,"Omega 6":0.0414,"Calcium":0.0455,"EVOO polyphenols":0.0065,"Oleic acid":0.0247,"Protein (plant)":0,"Copper":0.0094,"Caffeine":0.046,"Magnesium Citrate":0.0018,"Manganese Citrate":0.0945,"Curcuminoids":0.0478,"Fisetin (smoketree extract)":0.0319,"Garlic extract 12:1 odorless":0.0147,"Genistein (Japonica extract)":0.0011,"Milled Golden Flaxseed":0.0175,"SDG lignan":0.0095,"Phosphatidylinositol":0.0033,"Phosphatidylethanolamine":0.0379}],"vo2_max":27.4533}
