{"personal_data":[{"age":23,"gender":"F","name":"Dr. Dionte Frami"}],"fitness_data":[{"Backwards Sled, 2 min":3,"Posture exercises":3,"Tricep extensions":4,"Face pulls":1,"Butterfly":2,"Band pull apart (back muscles)":6,"Back extensions (on a hyperextension)":0,"Obliques (each side, on a hyperextension)":2,"StretchesKneeling shin_Kneeling shin_":2,"StretchesHip flexor_Hip flexor_":5,"StretchesCouch_Couch_":0,"Leg raises (for abdomen)":0,"Seated calf raises":0,"Poliquin step ups":3,"Slant board squats":4,"ATG Split squats":3,"Nordics":4,"Reverse Nordics":4,"Tibialis raises,":3,"IsoTib ankle rotations":1,"Pull ups":1,"Chin ups":0,"10 min HIIT":1}],"supplement_vars":[{"N-Acetyl-L-Cysteine (NAC)":0.0191,"N-Acetyl-L-Cysteine (NAC) 2":0.0188,"Nicotinamide Riboside Chloride (NR)":0.0044,"Zeaxanthin":0.0014,"Phosphorus":0.0305,"Astaxanthin (Natural)":0.0057,"Boron Glycinate":0.0367,"CaAKG":0.0079,"Ashwagandha KSM66":0.0017,"Calcium L-5- Methyltetrahydrofolate (L-5-MTHF-Ca)":0.0307,"Cocoa Powder (Non-Alkalised) 8+% Flavanols":0.0149,"Red Yeast Rice (2% Monacolin K)":0.027,"Creatine Monohydrate":0.0388,"Ginger":0.0157,"Glucosamine Sulfate KCI":0.0536,"Grape Seed Extract 90% polyphenols":0.0131,"Broccoli Extract (glucoraphanin 10%)":0.0032,"Glycine":0.0035,"Theanine":0.0246,"Lactobacillus Acidophilus":0.0254,"Lithium orotate":0.0026,"Pomegranate Juice Extract (50% Polyphenols)":0.0626,"Potassium Iodate":0.0339,"Rhodiola 3% Rosavins / Salidroside 1%":0.0606,"Selenium":0.0173,"Glutathione reduced":0.0167,"Lutein":0.0162,"Luteolin":0.0049,"Cinnamon powder (ceylon) organic":0.0127,"Sodium Hyaluronate":0.0103,"Spermidine":0.0184,"Vitamin B1 (Thiamine HCl)":0.0137,"Vitamin B12 (Methylcobalamin)":0.0519,"Vitamin B2 (Riboflavin-5-Phosphate)":0.0106,"Vitamin B3 (Niacinamide)":0.068,"Vitamin B5 (Calcium-D-Pantothenate)":0.006,"Vitamin B6 (Pyridoxal-5- Phosphate)":0.0039,"Vitamin B7 (D-Biotin)":0.0069,"Vitamin C (Ascorbic Acid)":0.0052,"Vitamin D Veg D3":0.0134,"Vitamin E (d-alpha tocopherol)":0.0445,"Vitamin K1":0.0356,"Vitamin K2 MK-7 MCT Oil":0.0288,"Vitamin K2 MK-4 MCT Oil":0.0009,"Sunflower lecithin non-GMO":0.0313,"Phosphatidylcholine":0.0229,"Choline":0.052,"Lycopene":0.0437,"Lysine":0.0028,"Taurine":0.006,"Glucoraphanin":0.0033,"Ubiquinol":0.0002,"Zinc Citrate":0.0236,"Fiber":0.0033,"Blueberries":0.0213,"Macadamia nuts":0.089,"Walnuts":0.0037,"Omega 3":0.0069,"Omega 6":0.0476,"Calcium":0.0147,"EVOO polyphenols":0.001,"Oleic acid":0.0047,"Protein (plant)":0.0026,"Copper":0.011,"Caffeine":0.0211,"Magnesium Citrate":0.0453,"Manganese Citrate":0.0386,"Curcuminoids":0.0372,"Fisetin (smoketree extract)":0.0282,"Garlic extract 12:1 odorless":0.0443,"Genistein (Japonica extract)":0.0036,"Milled Golden Flaxseed":0.0076,"SDG lignan":0.0022,"Phosphatidylinositol":0.0256,"Phosphatidylethanolamine":0.0231}],"vo2_max":35.0161}
