{"personal_data":[{"age":48,"gender":"F"}],"fitness_data":[{"Backwards Sled, 2 min":3,"Posture exercises":4,"Tricep extensions":4,"Face pulls":4,"Butterfly":3,"Band pull apart (back muscles)":5,"Back extensions (on a hyperextension)":1,"Obliques (each side, on a hyperextension)":1,"StretchesKneeling shin_Kneeling shin_":1,"StretchesHip flexor_Hip flexor_":6,"StretchesCouch_Couch_":0,"Leg raises (for abdomen)":2,"Seated calf raises":2,"Poliquin step ups":4,"Slant board squats":3,"ATG Split squats":2,"Nordics":0,"Reverse Nordics":2,"Tibialis raises,":2,"IsoTib ankle rotations":2,"Pull ups":2,"Chin ups":3,"10 min HIIT":3}],"supplement_vars":[{"N-Acetyl-L-Cysteine (NAC)":0.0108,"N-Acetyl-L-Cysteine (NAC) 2":0.0113,"Nicotinamide Riboside Chloride (NR)":0.0066,"Zeaxanthin":0.0126,"Phosphorus":0.0088,"Astaxanthin (Natural)":0.0008,"Boron Glycinate":0.0468,"CaAKG":0.0123,"Ashwagandha KSM66":0.0045,"Calcium L-5- Methyltetrahydrofolate (L-5-MTHF-Ca)":0.0556,"Cocoa Powder (Non-Alkalised) 8+% Flavanols":0.0108,"Red Yeast Rice (2% Monacolin K)":0.0283,"Creatine Monohydrate":0.0529,"Ginger":0.0818,"Glucosamine Sulfate KCI":0.0131,"Grape Seed Extract 90% polyphenols":0.0051,"Broccoli Extract (glucoraphanin 10%)":0.006,"Glycine":0.0086,"Theanine":0.0214,"Lactobacillus Acidophilus":0.0618,"Lithium orotate":0.0017,"Pomegranate Juice Extract (50% Polyphenols)":0.027,"Potassium Iodate":0.036,"Rhodiola 3% Rosavins / Salidroside 1%":0.0341,"Selenium":0.018,"Glutathione reduced":0.0535,"Lutein":0.0061,"Luteolin":0.0092,"Cinnamon powder (ceylon) organic":0.0258,"Sodium Hyaluronate":0.0027,"Spermidine":0.086,"Vitamin B1 (Thiamine HCl)":0.0019,"Vitamin B12 (Methylcobalamin)":0.0254,"Vitamin B2 (Riboflavin-5-Phosphate)":0.0475,"Vitamin B3 (Niacinamide)":0.0613,"Vitamin B5 (Calcium-D-Pantothenate)":0.0156,"Vitamin B6 (Pyridoxal-5- Phosphate)":0.0459,"Vitamin B7 (D-Biotin)":0.0134,"Vitamin C (Ascorbic Acid)":0.0042,"Vitamin D Veg D3":0.0391,"Vitamin E (d-alpha tocopherol)":0.0037,"Vitamin K1":0.068,"Vitamin K2 MK-7 MCT Oil":0.02,"Vitamin K2 MK-4 MCT Oil":0.0255,"Sunflower lecithin non-GMO":0.0108,"Phosphatidylcholine":0.0131,"Choline":0.0503,"Lycopene":0.0148,"Lysine":0.0109,"Taurine":0.0162,"Glucoraphanin":0.0347,"Ubiquinol":0.0112,"Zinc Citrate":0.0224,"Fiber":0.0032,"Blueberries":0.0618,"Macadamia nuts":0.0875,"Walnuts":0.0208,"Omega 3":0.0387,"Omega 6":0.0604,"Calcium":0.0404,"EVOO polyphenols":0.0047,"Oleic acid":0.0007,"Protein (plant)":0.0028,"Copper":0.021,"Caffeine":0.026,"Magnesium Citrate":0.0322,"Manganese Citrate":0.0488,"Curcuminoids":0.0191,"Fisetin (smoketree extract)":0.0334,"Garlic extract 12:1 odorless":0.0204,"Genistein (Japonica extract)":0.0174,"Milled Golden Flaxseed":0.0362,"SDG lignan":0.0019,"Phosphatidylinositol":0.025,"Phosphatidylethanolamine":0.0051}],"vo2_max":31.6363}
