{"personal_data":[{"age":33,"gender":"M","name":"Dwayne Leuschke"}],"fitness_data":[{"Backwards Sled, 2 min":5,"Posture exercises":1,"Tricep extensions":3,"Face pulls":2,"Butterfly":3,"Band pull apart (back muscles)":6,"Back extensions (on a hyperextension)":3,"Obliques (each side, on a hyperextension)":1,"StretchesKneeling shin_Kneeling shin_":3,"StretchesHip flexor_Hip flexor_":1,"StretchesCouch_Couch_":2,"Leg raises (for abdomen)":4,"Seated calf raises":1,"Poliquin step ups":1,"Slant board squats":7,"ATG Split squats":3,"Nordics":1,"Reverse Nordics":3,"Tibialis raises,":2,"IsoTib ankle rotations":1,"Pull ups":2,"Chin ups":2,"10 min HIIT":1}],"supplement_vars":[{"N-Acetyl-L-Cysteine (NAC)":0.0085,"N-Acetyl-L-Cysteine (NAC) 2":0.007,"Nicotinamide Riboside Chloride (NR)":0.0189,"Zeaxanthin":0.0026,"Phosphorus":0.0284,"Astaxanthin (Natural)":0.0147,"Boron Glycinate":0.0115,"CaAKG":0.0063,"Ashwagandha KSM66":0.0078,"Calcium L-5- Methyltetrahydrofolate (L-5-MTHF-Ca)":0.0244,"Cocoa Powder (Non-Alkalised) 8+% Flavanols":0.0169,"Red Yeast Rice (2% Monacolin K)":0.0112,"Creatine Monohydrate":0.038,"Ginger":0.0415,"Glucosamine Sulfate KCI":0.062,"Grape Seed Extract 90% polyphenols":0.0039,"Broccoli Extract (glucoraphanin 10%)":0.0232,"Glycine":0.0004,"Theanine":0.0196,"Lactobacillus Acidophilus":0.0828,"Lithium orotate":0.0065,"Pomegranate Juice Extract (50% Polyphenols)":0.0073,"Potassium Iodate":0.0017,"Rhodiola 3% Rosavins / Salidroside 1%":0.0348,"Selenium":0.0027,"Glutathione reduced":0.0112,"Lutein":0.0039,"Luteolin":0.009,"Cinnamon powder (ceylon) organic":0.0179,"Sodium Hyaluronate":0.0058,"Spermidine":0.044,"Vitamin B1 (Thiamine HCl)":0.0025,"Vitamin B12 (Methylcobalamin)":0.0787,"Vitamin B2 (Riboflavin-5-Phosphate)":0.0626,"Vitamin B3 (Niacinamide)":0.0205,"Vitamin B5 (Calcium-D-Pantothenate)":0.0182,"Vitamin B6 (Pyridoxal-5- Phosphate)":0.0224,"Vitamin B7 (D-Biotin)":0.0124,"Vitamin C (Ascorbic Acid)":0.0078,"Vitamin D Veg D3":0.0001,"Vitamin E (d-alpha tocopherol)":0.0116,"Vitamin K1":0.0588,"Vitamin K2 MK-7 MCT Oil":0.0167,"Vitamin K2 MK-4 MCT Oil":0.0332,"Sunflower lecithin non-GMO":0.0287,"Phosphatidylcholine":0.0313,"Choline":0.0076,"Lycopene":0.0656,"Lysine":0.0068,"Taurine":0.0451,"Glucoraphanin":0.0283,"Ubiquinol":0.0059,"Zinc Citrate":0.0197,"Fiber":0.003,"Blueberries":0.0473,"Macadamia nuts":0.0682,"Walnuts":0.0127,"Omega 3":0.0221,"Omega 6":0.0499,"Calcium":0.022,"EVOO polyphenols":0.0028,"Oleic acid":0.0113,"Protein (plant)":0.0031,"Copper":0.0047,"Caffeine":0.0058,"Magnesium Citrate":0.0447,"Manganese Citrate":0.0227,"Curcuminoids":0.018,"Fisetin (smoketree extract)":0.016,"Garlic extract 12:1 odorless":0.0027,"Genistein (Japonica extract)":0.0092,"Milled Golden Flaxseed":0.0248,"SDG lignan":0.0492,"Phosphatidylinositol":0.004,"Phosphatidylethanolamine":0.0348}],"vo2_max":35.1456}
