{"personal_data":[{"age":34,"gender":"M","name":"Yusuf Adams"}],"fitness_data":[{"Backwards Sled, 2 min":4,"Posture exercises":2,"Tricep extensions":3,"Face pulls":3,"Butterfly":1,"Band pull apart (back muscles)":2,"Back extensions (on a hyperextension)":2,"Obliques (each side, on a hyperextension)":3,"StretchesKneeling shin_Kneeling shin_":4,"StretchesHip flexor_Hip flexor_":5,"StretchesCouch_Couch_":1,"Leg raises (for abdomen)":3,"Seated calf raises":1,"Poliquin step ups":2,"Slant board squats":3,"ATG Split squats":1,"Nordics":5,"Reverse Nordics":4,"Tibialis raises,":1,"IsoTib ankle rotations":5,"Pull ups":1,"Chin ups":0,"10 min HIIT":1}],"supplement_vars":[{"N-Acetyl-L-Cysteine (NAC)":0.0074,"N-Acetyl-L-Cysteine (NAC) 2":0.0039,"Nicotinamide Riboside Chloride (NR)":0.0011,"Zeaxanthin":0.0102,"Phosphorus":0.02,"Astaxanthin (Natural)":0.0102,"Boron Glycinate":0.001,"CaAKG":0.0079,"Ashwagandha KSM66":0.0052,"Calcium L-5- Methyltetrahydrofolate (L-5-MTHF-Ca)":0.0414,"Cocoa Powder (Non-Alkalised) 8+% Flavanols":0.0044,"Red Yeast Rice (2% Monacolin K)":0,"Creatine Monohydrate":0.0387,"Ginger":0.0442,"Glucosamine Sulfate KCI":0.0653,"Grape Seed Extract 90% polyphenols":0.0063,"Broccoli Extract (glucoraphanin 10%)":0.0143,"Glycine":0.0211,"Theanine":0.0348,"Lactobacillus Acidophilus":0.0751,"Lithium orotate":0.0063,"Pomegranate Juice Extract (50% Polyphenols)":0.0417,"Potassium Iodate":0.0177,"Rhodiola 3% Rosavins / Salidroside 1%":0.0461,"Selenium":0.0309,"Glutathione reduced":0.0213,"Lutein":0.0143,"Luteolin":0.0071,"Cinnamon powder (ceylon) organic":0.0078,"Sodium Hyaluronate":0.0095,"Spermidine":0.0627,"Vitamin B1 (Thiamine HCl)":0.0147,"Vitamin B12 (Methylcobalamin)":0.0537,"Vitamin B2 (Riboflavin-5-Phosphate)":0.0294,"Vitamin B3 (Niacinamide)":0.0238,"Vitamin B5 (Calcium-D-Pantothenate)":0.0085,"Vitamin B6 (Pyridoxal-5- Phosphate)":0.0232,"Vitamin B7 (D-Biotin)":0.0062,"Vitamin C (Ascorbic Acid)":0.0073,"Vitamin D Veg D3":0.0066,"Vitamin E (d-alpha tocopherol)":0.0451,"Vitamin K1":0.0091,"Vitamin K2 MK-7 MCT Oil":0.0355,"Vitamin K2 MK-4 MCT Oil":0.0276,"Sunflower lecithin non-GMO":0.027,"Phosphatidylcholine":0.016,"Choline":0.0586,"Lycopene":0.0543,"Lysine":0.0022,"Taurine":0.0067,"Glucoraphanin":0.0118,"Ubiquinol":0.0101,"Zinc Citrate":0.0284,"Fiber":0.0054,"Blueberries":0.0685,"Macadamia nuts":0.0791,"Walnuts":0.0705,"Omega 3":0.0333,"Omega 6":0.0329,"Calcium":0.0014,"EVOO polyphenols":0.0052,"Oleic acid":0.0344,"Protein (plant)":0.0001,"Copper":0.0049,"Caffeine":0.0631,"Magnesium Citrate":0.0456,"Manganese Citrate":0.01,"Curcuminoids":0.0017,"Fisetin (smoketree extract)":0.0362,"Garlic extract 12:1 odorless":0.0008,"Genistein (Japonica extract)":0.0123,"Milled Golden Flaxseed":0.0289,"SDG lignan":0.0216,"Phosphatidylinositol":0.0178,"Phosphatidylethanolamine":0.0165}],"vo2_max":29.9409}
