{"personal_data":[{"age":39,"gender":"F","name":"Erica Howe"}],"fitness_data":[{"Backwards Sled, 2 min":1,"Posture exercises":0,"Tricep extensions":4,"Face pulls":2,"Butterfly":1,"Band pull apart (back muscles)":1,"Back extensions (on a hyperextension)":2,"Obliques (each side, on a hyperextension)":2,"StretchesKneeling shin_Kneeling shin_":1,"StretchesHip flexor_Hip flexor_":2,"StretchesCouch_Couch_":2,"Leg raises (for abdomen)":4,"Seated calf raises":1,"Poliquin step ups":1,"Slant board squats":3,"ATG Split squats":5,"Nordics":4,"Reverse Nordics":2,"Tibialis raises,":4,"IsoTib ankle rotations":5,"Pull ups":2,"Chin ups":3,"10 min HIIT":2}],"supplement_vars":[{"N-Acetyl-L-Cysteine (NAC)":0.0004,"N-Acetyl-L-Cysteine (NAC) 2":0.018,"Nicotinamide Riboside Chloride (NR)":0.0104,"Zeaxanthin":0.0091,"Phosphorus":0.0117,"Astaxanthin (Natural)":0.0182,"Boron Glycinate":0.0432,"CaAKG":0.007,"Ashwagandha KSM66":0.0083,"Calcium L-5- Methyltetrahydrofolate (L-5-MTHF-Ca)":0.0085,"Cocoa Powder (Non-Alkalised) 8+% Flavanols":0.0037,"Red Yeast Rice (2% Monacolin K)":0.0053,"Creatine Monohydrate":0.0108,"Ginger":0.0474,"Glucosamine Sulfate KCI":0.0444,"Grape Seed Extract 90% polyphenols":0.0125,"Broccoli Extract (glucoraphanin 10%)":0.0202,"Glycine":0.024,"Theanine":0.0082,"Lactobacillus Acidophilus":0.0206,"Lithium orotate":0.0069,"Pomegranate Juice Extract (50% Polyphenols)":0.0476,"Potassium Iodate":0.0079,"Rhodiola 3% Rosavins / Salidroside 1%":0.0067,"Selenium":0.0236,"Glutathione reduced":0.0106,"Lutein":0.0219,"Luteolin":0.0002,"Cinnamon powder (ceylon) organic":0.016,"Sodium Hyaluronate":0.002,"Spermidine":0.0868,"Vitamin B1 (Thiamine HCl)":0.0034,"Vitamin B12 (Methylcobalamin)":0.0698,"Vitamin B2 (Riboflavin-5-Phosphate)":0.0311,"Vitamin B3 (Niacinamide)":0.0023,"Vitamin B5 (Calcium-D-Pantothenate)":0.006,"Vitamin B6 (Pyridoxal-5- Phosphate)":0.0477,"Vitamin B7 (D-Biotin)":0.0301,"Vitamin C (Ascorbic Acid)":0.0034,"Vitamin D Veg D3":0.0164,"Vitamin E (d-alpha tocopherol)":0.0434,"Vitamin K1":0.0286,"Vitamin K2 MK-7 MCT Oil":0.0019,"Vitamin K2 MK-4 MCT Oil":0.0261,"Sunflower lecithin non-GMO":0.0221,"Phosphatidylcholine":0.0074,"Choline":0.01,"Lycopene":0.0038,"Lysine":0.005,"Taurine":0.0269,"Glucoraphanin":0.0213,"Ubiquinol":0.0098,"Zinc Citrate":0.0273,"Fiber":0.0003,"Blueberries":0.0627,"Macadamia nuts":0.0071,"Walnuts":0.0451,"Omega 3":0.0231,"Omega 6":0.0356,"Calcium":0.0695,"EVOO polyphenols":0.0068,"Oleic acid":0.0299,"Protein (plant)":0.0007,"Copper":0.0128,"Caffeine":0.024,"Magnesium Citrate":0.0104,"Manganese Citrate":0.0127,"Curcuminoids":0.0253,"Fisetin (smoketree extract)":0.001,"Garlic extract 12:1 odorless":0.0113,"Genistein (Japonica extract)":0.014,"Milled Golden Flaxseed":0.021,"SDG lignan":0.0094,"Phosphatidylinositol":0.0167,"Phosphatidylethanolamine":0.0168}],"vo2_max":33.3671}
