{"personal_data":[{"age":46,"gender":"F","name":"Buddie Jacobs Jr."}],"fitness_data":[{"Backwards Sled, 2 min":1,"Posture exercises":2,"Tricep extensions":1,"Face pulls":3,"Butterfly":1,"Band pull apart (back muscles)":5,"Back extensions (on a hyperextension)":0,"Obliques (each side, on a hyperextension)":3,"StretchesKneeling shin_Kneeling shin_":4,"StretchesHip flexor_Hip flexor_":0,"StretchesCouch_Couch_":2,"Leg raises (for abdomen)":3,"Seated calf raises":3,"Poliquin step ups":2,"Slant board squats":1,"ATG Split squats":6,"Nordics":5,"Reverse Nordics":2,"Tibialis raises,":2,"IsoTib ankle rotations":5,"Pull ups":4,"Chin ups":3,"10 min HIIT":1}],"supplement_vars":[{"N-Acetyl-L-Cysteine (NAC)":0.0199,"N-Acetyl-L-Cysteine (NAC) 2":0.02,"Nicotinamide Riboside Chloride (NR)":0.003,"Zeaxanthin":0.0106,"Phosphorus":0.0247,"Astaxanthin (Natural)":0.0125,"Boron Glycinate":0.0138,"CaAKG":0.0094,"Ashwagandha KSM66":0.0001,"Calcium L-5- Methyltetrahydrofolate (L-5-MTHF-Ca)":0.0091,"Cocoa Powder (Non-Alkalised) 8+% Flavanols":0.0019,"Red Yeast Rice (2% Monacolin K)":0.0138,"Creatine Monohydrate":0.0565,"Ginger":0.0105,"Glucosamine Sulfate KCI":0.0571,"Grape Seed Extract 90% polyphenols":0.0124,"Broccoli Extract (glucoraphanin 10%)":0.0146,"Glycine":0.0148,"Theanine":0.0021,"Lactobacillus Acidophilus":0.0045,"Lithium orotate":0.0077,"Pomegranate Juice Extract (50% Polyphenols)":0.026,"Potassium Iodate":0.0378,"Rhodiola 3% Rosavins / Salidroside 1%":0.0276,"Selenium":0.0386,"Glutathione reduced":0.0135,"Lutein":0.0179,"Luteolin":0.0058,"Cinnamon powder (ceylon) organic":0.0185,"Sodium Hyaluronate":0.0032,"Spermidine":0.0035,"Vitamin B1 (Thiamine HCl)":0.0143,"Vitamin B12 (Methylcobalamin)":0.0768,"Vitamin B2 (Riboflavin-5-Phosphate)":0.009,"Vitamin B3 (Niacinamide)":0.0437,"Vitamin B5 (Calcium-D-Pantothenate)":0.01,"Vitamin B6 (Pyridoxal-5- Phosphate)":0.0284,"Vitamin B7 (D-Biotin)":0.0284,"Vitamin C (Ascorbic Acid)":0.0037,"Vitamin D Veg D3":0.0382,"Vitamin E (d-alpha tocopherol)":0.0363,"Vitamin K1":0.0065,"Vitamin K2 MK-7 MCT Oil":0.0269,"Vitamin K2 MK-4 MCT Oil":0.0112,"Sunflower lecithin non-GMO":0.0437,"Phosphatidylcholine":0.0136,"Choline":0.0497,"Lycopene":0.0109,"Lysine":0.0124,"Taurine":0.0205,"Glucoraphanin":0.01,"Ubiquinol":0.0027,"Zinc Citrate":0.0104,"Fiber":0.006,"Blueberries":0.0561,"Macadamia nuts":0.0557,"Walnuts":0.0372,"Omega 3":0.0447,"Omega 6":0.019,"Calcium":0.0112,"EVOO polyphenols":0.0013,"Oleic acid":0.0273,"Protein (plant)":0.0042,"Copper":0.0134,"Caffeine":0.0174,"Magnesium Citrate":0.0606,"Manganese Citrate":0.026,"Curcuminoids":0.0499,"Fisetin (smoketree extract)":0.0326,"Garlic extract 12:1 odorless":0.0157,"Genistein (Japonica extract)":0.0098,"Milled Golden Flaxseed":0.007,"SDG lignan":0.0407,"Phosphatidylinositol":0.0175,"Phosphatidylethanolamine":0.042}],"vo2_max":30.0698}
