{"personal_data":[{"age":70,"gender":"M","name":"Bertie Schiller"}],"fitness_data":[{"Backwards Sled, 2 min":1,"Posture exercises":0,"Tricep extensions":3,"Face pulls":2,"Butterfly":5,"Band pull apart (back muscles)":2,"Back extensions (on a hyperextension)":3,"Obliques (each side, on a hyperextension)":0,"StretchesKneeling shin_Kneeling shin_":1,"StretchesHip flexor_Hip flexor_":3,"StretchesCouch_Couch_":1,"Leg raises (for abdomen)":4,"Seated calf raises":3,"Poliquin step ups":1,"Slant board squats":4,"ATG Split squats":3,"Nordics":0,"Reverse Nordics":1,"Tibialis raises,":3,"IsoTib ankle rotations":5,"Pull ups":4,"Chin ups":3,"10 min HIIT":3}],"supplement_vars":[{"N-Acetyl-L-Cysteine (NAC)":0.0011,"N-Acetyl-L-Cysteine (NAC) 2":0.0143,"Nicotinamide Riboside Chloride (NR)":0.003,"Zeaxanthin":0.0061,"Phosphorus":0.0128,"Astaxanthin (Natural)":0.0052,"Boron Glycinate":0.0017,"CaAKG":0.0083,"Ashwagandha KSM66":0.0018,"Calcium L-5- Methyltetrahydrofolate (L-5-MTHF-Ca)":0.0238,"Cocoa Powder (Non-Alkalised) 8+% Flavanols":0.0003,"Red Yeast Rice (2% Monacolin K)":0.0128,"Creatine Monohydrate":0.0405,"Ginger":0.0836,"Glucosamine Sulfate KCI":0.065,"Grape Seed Extract 90% polyphenols":0.0033,"Broccoli Extract (glucoraphanin 10%)":0.021,"Glycine":0.0242,"Theanine":0.0473,"Lactobacillus Acidophilus":0.0899,"Lithium orotate":0.0029,"Pomegranate Juice Extract (50% Polyphenols)":0.035,"Potassium Iodate":0.03,"Rhodiola 3% Rosavins / Salidroside 1%":0.0045,"Selenium":0.0109,"Glutathione reduced":0.0445,"Lutein":0.0067,"Luteolin":0.0081,"Cinnamon powder (ceylon) organic":0.0096,"Sodium Hyaluronate":0.0087,"Spermidine":0.035,"Vitamin B1 (Thiamine HCl)":0.0134,"Vitamin B12 (Methylcobalamin)":0.0485,"Vitamin B2 (Riboflavin-5-Phosphate)":0.0178,"Vitamin B3 (Niacinamide)":0.048,"Vitamin B5 (Calcium-D-Pantothenate)":0.0207,"Vitamin B6 (Pyridoxal-5- Phosphate)":0.0102,"Vitamin B7 (D-Biotin)":0.0048,"Vitamin C (Ascorbic Acid)":7.4883e-06,"Vitamin D Veg D3":0.0129,"Vitamin E (d-alpha tocopherol)":0.0391,"Vitamin K1":0.0418,"Vitamin K2 MK-7 MCT Oil":0.0332,"Vitamin K2 MK-4 MCT Oil":0.0148,"Sunflower lecithin non-GMO":0.0358,"Phosphatidylcholine":0.0136,"Choline":0.0531,"Lycopene":0.0223,"Lysine":0.0097,"Taurine":0.0101,"Glucoraphanin":0.0065,"Ubiquinol":0.01,"Zinc Citrate":0.009,"Fiber":0.0056,"Blueberries":0.0728,"Macadamia nuts":0.0036,"Walnuts":0.0613,"Omega 3":0.046,"Omega 6":0.0168,"Calcium":0.0415,"EVOO polyphenols":0.0057,"Oleic acid":0.0321,"Protein (plant)":0.002,"Copper":0.0173,"Caffeine":0.0513,"Magnesium Citrate":0.0054,"Manganese Citrate":0.0357,"Curcuminoids":0.0022,"Fisetin (smoketree extract)":0.0302,"Garlic extract 12:1 odorless":0.0139,"Genistein (Japonica extract)":0.0115,"Milled Golden Flaxseed":0.0086,"SDG lignan":0.0114,"Phosphatidylinositol":0.0119,"Phosphatidylethanolamine":0.0328}],"vo2_max":16.3358}
