{"personal_data":[{"age":38,"gender":"M","name":"Manila Strosin"}],"fitness_data":[{"Backwards Sled, 2 min":2,"Posture exercises":3,"Tricep extensions":3,"Face pulls":3,"Butterfly":1,"Band pull apart (back muscles)":6,"Back extensions (on a hyperextension)":0,"Obliques (each side, on a hyperextension)":0,"StretchesKneeling shin_Kneeling shin_":2,"StretchesHip flexor_Hip flexor_":1,"StretchesCouch_Couch_":1,"Leg raises (for abdomen)":0,"Seated calf raises":2,"Poliquin step ups":1,"Slant board squats":5,"ATG Split squats":4,"Nordics":2,"Reverse Nordics":2,"Tibialis raises,":3,"IsoTib ankle rotations":1,"Pull ups":2,"Chin ups":4,"10 min HIIT":4}],"supplement_vars":[{"N-Acetyl-L-Cysteine (NAC)":0.0146,"N-Acetyl-L-Cysteine (NAC) 2":0.0045,"Nicotinamide Riboside Chloride (NR)":0.0013,"Zeaxanthin":0.0008,"Phosphorus":0.0185,"Astaxanthin (Natural)":0.0169,"Boron Glycinate":0.0235,"CaAKG":0.0123,"Ashwagandha KSM66":0.0032,"Calcium L-5- Methyltetrahydrofolate (L-5-MTHF-Ca)":0.0573,"Cocoa Powder (Non-Alkalised) 8+% Flavanols":0.0064,"Red Yeast Rice (2% Monacolin K)":0.0136,"Creatine Monohydrate":0.028,"Ginger":0.057,"Glucosamine Sulfate KCI":0.0224,"Grape Seed Extract 90% polyphenols":0.0113,"Broccoli Extract (glucoraphanin 10%)":0.0088,"Glycine":0.0227,"Theanine":0.0563,"Lactobacillus Acidophilus":0.0521,"Lithium orotate":0.0071,"Pomegranate Juice Extract (50% Polyphenols)":0.0195,"Potassium Iodate":0.0354,"Rhodiola 3% Rosavins / Salidroside 1%":0.0504,"Selenium":0.0101,"Glutathione reduced":0.0519,"Lutein":0.0183,"Luteolin":0.0092,"Cinnamon powder (ceylon) organic":0.009,"Sodium Hyaluronate":0.0099,"Spermidine":0.0702,"Vitamin B1 (Thiamine HCl)":0.0057,"Vitamin B12 (Methylcobalamin)":0.0708,"Vitamin B2 (Riboflavin-5-Phosphate)":0.0036,"Vitamin B3 (Niacinamide)":0.0426,"Vitamin B5 (Calcium-D-Pantothenate)":0.0008,"Vitamin B6 (Pyridoxal-5- Phosphate)":0.0023,"Vitamin B7 (D-Biotin)":0.007,"Vitamin C (Ascorbic Acid)":0.0037,"Vitamin D Veg D3":0.0023,"Vitamin E (d-alpha tocopherol)":0.0412,"Vitamin K1":0.0102,"Vitamin K2 MK-7 MCT Oil":0.0244,"Vitamin K2 MK-4 MCT Oil":0.0011,"Sunflower lecithin non-GMO":0.0131,"Phosphatidylcholine":0.0223,"Choline":0.0513,"Lycopene":0.0654,"Lysine":0.0032,"Taurine":0.0335,"Glucoraphanin":0.0012,"Ubiquinol":0.0135,"Zinc Citrate":0.0067,"Fiber":0.0009,"Blueberries":0.0563,"Macadamia nuts":0.0135,"Walnuts":0.0133,"Omega 3":0.0118,"Omega 6":0.021,"Calcium":0.002,"EVOO polyphenols":0.0026,"Oleic acid":0.0221,"Protein (plant)":0.0026,"Copper":0.0047,"Caffeine":0.0555,"Magnesium Citrate":0.0289,"Manganese Citrate":0.038,"Curcuminoids":0.0473,"Fisetin (smoketree extract)":0.0366,"Garlic extract 12:1 odorless":0.0086,"Genistein (Japonica extract)":0.0158,"Milled Golden Flaxseed":0.0202,"SDG lignan":0.0192,"Phosphatidylinositol":0.0048,"Phosphatidylethanolamine":0.0169}],"vo2_max":30.8776}
