{"personal_data":[{"age":43,"gender":"M","name":"Mireya Krajcik-Adams"}],"fitness_data":[{"Backwards Sled, 2 min":0,"Posture exercises":2,"Tricep extensions":4,"Face pulls":4,"Butterfly":4,"Band pull apart (back muscles)":3,"Back extensions (on a hyperextension)":4,"Obliques (each side, on a hyperextension)":2,"StretchesKneeling shin_Kneeling shin_":0,"StretchesHip flexor_Hip flexor_":0,"StretchesCouch_Couch_":1,"Leg raises (for abdomen)":2,"Seated calf raises":1,"Poliquin step ups":2,"Slant board squats":3,"ATG Split squats":0,"Nordics":2,"Reverse Nordics":2,"Tibialis raises,":1,"IsoTib ankle rotations":6,"Pull ups":2,"Chin ups":4,"10 min HIIT":4}],"supplement_vars":[{"N-Acetyl-L-Cysteine (NAC)":0.0116,"N-Acetyl-L-Cysteine (NAC) 2":0.0041,"Nicotinamide Riboside Chloride (NR)":0.0109,"Zeaxanthin":0.0049,"Phosphorus":0.0408,"Astaxanthin (Natural)":0.0006,"Boron Glycinate":0.0041,"CaAKG":0.0098,"Ashwagandha KSM66":0.0026,"Calcium L-5- Methyltetrahydrofolate (L-5-MTHF-Ca)":0.0488,"Cocoa Powder (Non-Alkalised) 8+% Flavanols":0.0183,"Red Yeast Rice (2% Monacolin K)":0.0246,"Creatine Monohydrate":0.0069,"Ginger":0.0484,"Glucosamine Sulfate KCI":0.0727,"Grape Seed Extract 90% polyphenols":0.0103,"Broccoli Extract (glucoraphanin 10%)":0.0098,"Glycine":0.0163,"Theanine":0.0526,"Lactobacillus Acidophilus":0.0374,"Lithium orotate":0.0016,"Pomegranate Juice Extract (50% Polyphenols)":0.0238,"Potassium Iodate":0.0149,"Rhodiola 3% Rosavins / Salidroside 1%":0.0273,"Selenium":0.0089,"Glutathione reduced":0.0579,"Lutein":0.0128,"Luteolin":0.0007,"Cinnamon powder (ceylon) organic":0.0095,"Sodium Hyaluronate":0.0003,"Spermidine":0.0702,"Vitamin B1 (Thiamine HCl)":0.0083,"Vitamin B12 (Methylcobalamin)":0.0547,"Vitamin B2 (Riboflavin-5-Phosphate)":0.0036,"Vitamin B3 (Niacinamide)":0.0175,"Vitamin B5 (Calcium-D-Pantothenate)":0.0086,"Vitamin B6 (Pyridoxal-5- Phosphate)":0.0022,"Vitamin B7 (D-Biotin)":0.0191,"Vitamin C (Ascorbic Acid)":0.01,"Vitamin D Veg D3":0.0392,"Vitamin E (d-alpha tocopherol)":0.0239,"Vitamin K1":0.0604,"Vitamin K2 MK-7 MCT Oil":0.0038,"Vitamin K2 MK-4 MCT Oil":0.022,"Sunflower lecithin non-GMO":0.022,"Phosphatidylcholine":0.0092,"Choline":0.0499,"Lycopene":0.0307,"Lysine":0.0015,"Taurine":0.0248,"Glucoraphanin":0.0101,"Ubiquinol":0.0085,"Zinc Citrate":0.002,"Fiber":0.0059,"Blueberries":0.0273,"Macadamia nuts":0.093,"Walnuts":0.0284,"Omega 3":0.0233,"Omega 6":0.0185,"Calcium":0.0116,"EVOO polyphenols":0.0061,"Oleic acid":0.0222,"Protein (plant)":0.004,"Copper":0.009,"Caffeine":0.0252,"Magnesium Citrate":0.0085,"Manganese Citrate":0.0102,"Curcuminoids":0.0496,"Fisetin (smoketree extract)":0.0285,"Garlic extract 12:1 odorless":0.0439,"Genistein (Japonica extract)":0.0018,"Milled Golden Flaxseed":0.0334,"SDG lignan":0.0094,"Phosphatidylinositol":0.0095,"Phosphatidylethanolamine":0.015}],"vo2_max":30.0859}
