{"personal_data":[{"age":64,"gender":"F","name":"Miss Kiya Rice MD"}],"fitness_data":[{"Backwards Sled, 2 min":4,"Posture exercises":5,"Tricep extensions":0,"Face pulls":3,"Butterfly":4,"Band pull apart (back muscles)":3,"Back extensions (on a hyperextension)":1,"Obliques (each side, on a hyperextension)":2,"StretchesKneeling shin_Kneeling shin_":4,"StretchesHip flexor_Hip flexor_":2,"StretchesCouch_Couch_":3,"Leg raises (for abdomen)":0,"Seated calf raises":4,"Poliquin step ups":3,"Slant board squats":2,"ATG Split squats":0,"Nordics":2,"Reverse Nordics":4,"Tibialis raises,":5,"IsoTib ankle rotations":4,"Pull ups":0,"Chin ups":1,"10 min HIIT":2}],"supplement_vars":[{"N-Acetyl-L-Cysteine (NAC)":0.0164,"N-Acetyl-L-Cysteine (NAC) 2":0.016,"Nicotinamide Riboside Chloride (NR)":0.0161,"Zeaxanthin":0.0063,"Phosphorus":0.0388,"Astaxanthin (Natural)":0.0189,"Boron Glycinate":0.0242,"CaAKG":0.0073,"Ashwagandha KSM66":0.005,"Calcium L-5- Methyltetrahydrofolate (L-5-MTHF-Ca)":0.0027,"Cocoa Powder (Non-Alkalised) 8+% Flavanols":0.0176,"Red Yeast Rice (2% Monacolin K)":0.0317,"Creatine Monohydrate":0.0309,"Ginger":0.0502,"Glucosamine Sulfate KCI":0.0521,"Grape Seed Extract 90% polyphenols":0.0125,"Broccoli Extract (glucoraphanin 10%)":0.0267,"Glycine":0.0237,"Theanine":0.0035,"Lactobacillus Acidophilus":0.0054,"Lithium orotate":0.0066,"Pomegranate Juice Extract (50% Polyphenols)":0.0569,"Potassium Iodate":0.0083,"Rhodiola 3% Rosavins / Salidroside 1%":0.0079,"Selenium":0.0308,"Glutathione reduced":0.0436,"Lutein":0.0241,"Luteolin":0.0073,"Cinnamon powder (ceylon) organic":0.0206,"Sodium Hyaluronate":0.0036,"Spermidine":0.0739,"Vitamin B1 (Thiamine HCl)":0.0125,"Vitamin B12 (Methylcobalamin)":0.0729,"Vitamin B2 (Riboflavin-5-Phosphate)":0.0321,"Vitamin B3 (Niacinamide)":0.0384,"Vitamin B5 (Calcium-D-Pantothenate)":0.0017,"Vitamin B6 (Pyridoxal-5- Phosphate)":0.0255,"Vitamin B7 (D-Biotin)":0.0177,"Vitamin C (Ascorbic Acid)":0.0072,"Vitamin D Veg D3":0.0352,"Vitamin E (d-alpha tocopherol)":0.0092,"Vitamin K1":0.0296,"Vitamin K2 MK-7 MCT Oil":0.0338,"Vitamin K2 MK-4 MCT Oil":0.0161,"Sunflower lecithin non-GMO":0.0171,"Phosphatidylcholine":0.0107,"Choline":0.0222,"Lycopene":0.0564,"Lysine":0.007,"Taurine":0.0081,"Glucoraphanin":0.0296,"Ubiquinol":0.0077,"Zinc Citrate":0.0155,"Fiber":0.001,"Blueberries":0.081,"Macadamia nuts":0.0348,"Walnuts":0.0544,"Omega 3":0.0165,"Omega 6":0.0134,"Calcium":0.0285,"EVOO polyphenols":0.0011,"Oleic acid":0.0297,"Protein (plant)":0.0017,"Copper":0.0104,"Caffeine":0.0469,"Magnesium Citrate":0.0012,"Manganese Citrate":0.0401,"Curcuminoids":0.0165,"Fisetin (smoketree extract)":0.004,"Garlic extract 12:1 odorless":0.0213,"Genistein (Japonica extract)":0.0189,"Milled Golden Flaxseed":0.0017,"SDG lignan":0.0293,"Phosphatidylinositol":0.0167,"Phosphatidylethanolamine":0.0276}],"vo2_max":25.1}
