{"personal_data":[{"age":27,"gender":"M"}],"fitness_data":[{"Backwards Sled, 2 min":2,"Posture exercises":3,"Tricep extensions":3,"Face pulls":4,"Butterfly":3,"Band pull apart (back muscles)":4,"Back extensions (on a hyperextension)":0,"Obliques (each side, on a hyperextension)":1,"StretchesKneeling shin_Kneeling shin_":2,"StretchesHip flexor_Hip flexor_":5,"StretchesCouch_Couch_":3,"Leg raises (for abdomen)":2,"Seated calf raises":1,"Poliquin step ups":2,"Slant board squats":6,"ATG Split squats":4,"Nordics":1,"Reverse Nordics":4,"Tibialis raises,":3,"IsoTib ankle rotations":4,"Pull ups":2,"Chin ups":1,"10 min HIIT":4}],"supplement_vars":[{"N-Acetyl-L-Cysteine (NAC)":0.0142,"N-Acetyl-L-Cysteine (NAC) 2":0.0166,"Nicotinamide Riboside Chloride (NR)":0.0153,"Zeaxanthin":0.013,"Phosphorus":0.0023,"Astaxanthin (Natural)":0.0154,"Boron Glycinate":0.0156,"CaAKG":0.0021,"Ashwagandha KSM66":0.0041,"Calcium L-5- Methyltetrahydrofolate (L-5-MTHF-Ca)":0.0023,"Cocoa Powder (Non-Alkalised) 8+% Flavanols":0.0155,"Red Yeast Rice (2% Monacolin K)":0.0084,"Creatine Monohydrate":0.0255,"Ginger":0.0733,"Glucosamine Sulfate KCI":0.0566,"Grape Seed Extract 90% polyphenols":0.0078,"Broccoli Extract (glucoraphanin 10%)":0.0131,"Glycine":0.0074,"Theanine":0.0037,"Lactobacillus Acidophilus":0.0661,"Lithium orotate":0.0008,"Pomegranate Juice Extract (50% Polyphenols)":0.0228,"Potassium Iodate":0.0116,"Rhodiola 3% Rosavins / Salidroside 1%":0.0093,"Selenium":0.0072,"Glutathione reduced":0.0097,"Lutein":0.0075,"Luteolin":0.0084,"Cinnamon powder (ceylon) organic":0.004,"Sodium Hyaluronate":0.0052,"Spermidine":0.0587,"Vitamin B1 (Thiamine HCl)":0.0129,"Vitamin B12 (Methylcobalamin)":0.0475,"Vitamin B2 (Riboflavin-5-Phosphate)":0.0001,"Vitamin B3 (Niacinamide)":0.0021,"Vitamin B5 (Calcium-D-Pantothenate)":0.0137,"Vitamin B6 (Pyridoxal-5- Phosphate)":0.0428,"Vitamin B7 (D-Biotin)":0.0265,"Vitamin C (Ascorbic Acid)":0.0067,"Vitamin D Veg D3":0.0152,"Vitamin E (d-alpha tocopherol)":0.0261,"Vitamin K1":0.0535,"Vitamin K2 MK-7 MCT Oil":0.0179,"Vitamin K2 MK-4 MCT Oil":0.0254,"Sunflower lecithin non-GMO":0.0113,"Phosphatidylcholine":0.0149,"Choline":0.0518,"Lycopene":0.0609,"Lysine":0.0128,"Taurine":0.0319,"Glucoraphanin":0.0096,"Ubiquinol":0.001,"Zinc Citrate":0.026,"Fiber":0.0021,"Blueberries":0.0411,"Macadamia nuts":0.0145,"Walnuts":0.0404,"Omega 3":0.0089,"Omega 6":0.0602,"Calcium":0.0641,"EVOO polyphenols":0.0062,"Oleic acid":0.0043,"Protein (plant)":0.0045,"Copper":0.0169,"Caffeine":0.0069,"Magnesium Citrate":0.0469,"Manganese Citrate":0.0663,"Curcuminoids":0.0414,"Fisetin (smoketree extract)":0.0265,"Garlic extract 12:1 odorless":0.0234,"Genistein (Japonica extract)":0.0127,"Milled Golden Flaxseed":0.0329,"SDG lignan":0.023,"Phosphatidylinositol":0.014,"Phosphatidylethanolamine":0.0035}],"vo2_max":35.3355}
