{"personal_data":[{"age":39,"gender":"M","name":"Mrs. Bethany Schroeder PhD"}],"fitness_data":[{"Backwards Sled, 2 min":0,"Posture exercises":2,"Tricep extensions":0,"Face pulls":4,"Butterfly":5,"Band pull apart (back muscles)":5,"Back extensions (on a hyperextension)":2,"Obliques (each side, on a hyperextension)":4,"StretchesKneeling shin_Kneeling shin_":3,"StretchesHip flexor_Hip flexor_":0,"StretchesCouch_Couch_":2,"Leg raises (for abdomen)":1,"Seated calf raises":3,"Poliquin step ups":1,"Slant board squats":6,"ATG Split squats":5,"Nordics":3,"Reverse Nordics":4,"Tibialis raises,":4,"IsoTib ankle rotations":3,"Pull ups":3,"Chin ups":2,"10 min HIIT":3}],"supplement_vars":[{"N-Acetyl-L-Cysteine (NAC)":0.0055,"N-Acetyl-L-Cysteine (NAC) 2":0.0061,"Nicotinamide Riboside Chloride (NR)":0.0026,"Zeaxanthin":0.0114,"Phosphorus":0.042,"Astaxanthin (Natural)":0.0143,"Boron Glycinate":0.0315,"CaAKG":0.0099,"Ashwagandha KSM66":0.0001,"Calcium L-5- Methyltetrahydrofolate (L-5-MTHF-Ca)":0.0619,"Cocoa Powder (Non-Alkalised) 8+% Flavanols":0.0009,"Red Yeast Rice (2% Monacolin K)":0.002,"Creatine Monohydrate":0.0437,"Ginger":0.0051,"Glucosamine Sulfate KCI":0.0055,"Grape Seed Extract 90% polyphenols":0.0007,"Broccoli Extract (glucoraphanin 10%)":0.0287,"Glycine":0.0159,"Theanine":0.0368,"Lactobacillus Acidophilus":0.0504,"Lithium orotate":0.0084,"Pomegranate Juice Extract (50% Polyphenols)":0.0204,"Potassium Iodate":0.0054,"Rhodiola 3% Rosavins / Salidroside 1%":0.025,"Selenium":0.0072,"Glutathione reduced":0.0504,"Lutein":0.0243,"Luteolin":0.0088,"Cinnamon powder (ceylon) organic":0.0084,"Sodium Hyaluronate":0.0041,"Spermidine":0.0836,"Vitamin B1 (Thiamine HCl)":0.0008,"Vitamin B12 (Methylcobalamin)":0.0029,"Vitamin B2 (Riboflavin-5-Phosphate)":0.0253,"Vitamin B3 (Niacinamide)":0.0422,"Vitamin B5 (Calcium-D-Pantothenate)":0.0049,"Vitamin B6 (Pyridoxal-5- Phosphate)":0.0108,"Vitamin B7 (D-Biotin)":0.0015,"Vitamin C (Ascorbic Acid)":0.0077,"Vitamin D Veg D3":0.0414,"Vitamin E (d-alpha tocopherol)":0.0166,"Vitamin K1":0.0318,"Vitamin K2 MK-7 MCT Oil":0.0227,"Vitamin K2 MK-4 MCT Oil":0.0055,"Sunflower lecithin non-GMO":0.04,"Phosphatidylcholine":0.0005,"Choline":0.0366,"Lycopene":0.0607,"Lysine":0.0096,"Taurine":0.0104,"Glucoraphanin":0.029,"Ubiquinol":0.0058,"Zinc Citrate":0.0216,"Fiber":0.0029,"Blueberries":0.0805,"Macadamia nuts":0.0473,"Walnuts":0.027,"Omega 3":0.0378,"Omega 6":0.0648,"Calcium":0.0055,"EVOO polyphenols":0.0034,"Oleic acid":0.0353,"Protein (plant)":0.0027,"Copper":0.0115,"Caffeine":0.0378,"Magnesium Citrate":0.0043,"Manganese Citrate":0.0307,"Curcuminoids":0.0015,"Fisetin (smoketree extract)":0.0166,"Garlic extract 12:1 odorless":0.0332,"Genistein (Japonica extract)":0.0167,"Milled Golden Flaxseed":0.0312,"SDG lignan":0.0146,"Phosphatidylinositol":0.0005,"Phosphatidylethanolamine":0.018}],"vo2_max":33.6046}
