{"personal_data":[{"age":57,"gender":"F","name":"Avis Jerde"}],"fitness_data":[{"Backwards Sled, 2 min":2,"Posture exercises":3,"Tricep extensions":2,"Face pulls":4,"Butterfly":1,"Band pull apart (back muscles)":5,"Back extensions (on a hyperextension)":3,"Obliques (each side, on a hyperextension)":4,"StretchesKneeling shin_Kneeling shin_":1,"StretchesHip flexor_Hip flexor_":5,"StretchesCouch_Couch_":3,"Leg raises (for abdomen)":1,"Seated calf raises":2,"Poliquin step ups":2,"Slant board squats":4,"ATG Split squats":3,"Nordics":5,"Reverse Nordics":3,"Tibialis raises,":2,"IsoTib ankle rotations":1,"Pull ups":0,"Chin ups":1,"10 min HIIT":0}],"supplement_vars":[{"N-Acetyl-L-Cysteine (NAC)":0.0079,"N-Acetyl-L-Cysteine (NAC) 2":0.0184,"Nicotinamide Riboside Chloride (NR)":0.0159,"Zeaxanthin":0.0003,"Phosphorus":0.0255,"Astaxanthin (Natural)":0.0153,"Boron Glycinate":0.0202,"CaAKG":0.0042,"Ashwagandha KSM66":0.0034,"Calcium L-5- Methyltetrahydrofolate (L-5-MTHF-Ca)":0.0288,"Cocoa Powder (Non-Alkalised) 8+% Flavanols":0.0056,"Red Yeast Rice (2% Monacolin K)":0.0299,"Creatine Monohydrate":0.0137,"Ginger":0.0593,"Glucosamine Sulfate KCI":0.028,"Grape Seed Extract 90% polyphenols":0.0025,"Broccoli Extract (glucoraphanin 10%)":0.031,"Glycine":0.0202,"Theanine":0.0443,"Lactobacillus Acidophilus":0.0119,"Lithium orotate":0.0068,"Pomegranate Juice Extract (50% Polyphenols)":0.04,"Potassium Iodate":0.0445,"Rhodiola 3% Rosavins / Salidroside 1%":0.0391,"Selenium":0.0394,"Glutathione reduced":0.0201,"Lutein":0.0191,"Luteolin":0.0045,"Cinnamon powder (ceylon) organic":0.0143,"Sodium Hyaluronate":0.0083,"Spermidine":0.0296,"Vitamin B1 (Thiamine HCl)":0.0152,"Vitamin B12 (Methylcobalamin)":0.0696,"Vitamin B2 (Riboflavin-5-Phosphate)":0.0309,"Vitamin B3 (Niacinamide)":0.0667,"Vitamin B5 (Calcium-D-Pantothenate)":0.0182,"Vitamin B6 (Pyridoxal-5- Phosphate)":0.0289,"Vitamin B7 (D-Biotin)":0.0261,"Vitamin C (Ascorbic Acid)":0.0035,"Vitamin D Veg D3":0.0246,"Vitamin E (d-alpha tocopherol)":0.0082,"Vitamin K1":0.0575,"Vitamin K2 MK-7 MCT Oil":0.0293,"Vitamin K2 MK-4 MCT Oil":0.0233,"Sunflower lecithin non-GMO":0.0425,"Phosphatidylcholine":0.0206,"Choline":0.0345,"Lycopene":0.0626,"Lysine":0.0009,"Taurine":0.0224,"Glucoraphanin":0.022,"Ubiquinol":0.0054,"Zinc Citrate":0.0221,"Fiber":0.001,"Blueberries":0.031,"Macadamia nuts":0.0882,"Walnuts":0.0358,"Omega 3":0.0054,"Omega 6":0.0138,"Calcium":0.02,"EVOO polyphenols":0.002,"Oleic acid":0.0146,"Protein (plant)":0.0031,"Copper":0.0118,"Caffeine":0.0293,"Magnesium Citrate":0.0202,"Manganese Citrate":0.0193,"Curcuminoids":0.006,"Fisetin (smoketree extract)":0.0237,"Garlic extract 12:1 odorless":0.0253,"Genistein (Japonica extract)":0.0057,"Milled Golden Flaxseed":0.0055,"SDG lignan":0.0292,"Phosphatidylinositol":0.0112,"Phosphatidylethanolamine":0.0498}],"vo2_max":28.9324}
