{"personal_data":[{"age":41,"gender":"M","name":"Iesha Graham"}],"fitness_data":[{"Backwards Sled, 2 min":0,"Posture exercises":3,"Tricep extensions":3,"Face pulls":5,"Butterfly":1,"Band pull apart (back muscles)":5,"Back extensions (on a hyperextension)":2,"Obliques (each side, on a hyperextension)":2,"StretchesKneeling shin_Kneeling shin_":0,"StretchesHip flexor_Hip flexor_":3,"StretchesCouch_Couch_":2,"Leg raises (for abdomen)":0,"Seated calf raises":2,"Poliquin step ups":1,"Slant board squats":6,"ATG Split squats":1,"Nordics":2,"Reverse Nordics":0,"Tibialis raises,":1,"IsoTib ankle rotations":4,"Pull ups":3,"Chin ups":2,"10 min HIIT":3}],"supplement_vars":[{"N-Acetyl-L-Cysteine (NAC)":0.0044,"N-Acetyl-L-Cysteine (NAC) 2":0.002,"Nicotinamide Riboside Chloride (NR)":0.0009,"Zeaxanthin":0.0122,"Phosphorus":0.0372,"Astaxanthin (Natural)":0.0037,"Boron Glycinate":0.0205,"CaAKG":0.0066,"Ashwagandha KSM66":0.0018,"Calcium L-5- Methyltetrahydrofolate (L-5-MTHF-Ca)":0.0403,"Cocoa Powder (Non-Alkalised) 8+% Flavanols":0.006,"Red Yeast Rice (2% Monacolin K)":0.0299,"Creatine Monohydrate":0.0222,"Ginger":0.0208,"Glucosamine Sulfate KCI":0.0763,"Grape Seed Extract 90% polyphenols":0.0045,"Broccoli Extract (glucoraphanin 10%)":0.0324,"Glycine":0.0236,"Theanine":0.0176,"Lactobacillus Acidophilus":0.0387,"Lithium orotate":0.0008,"Pomegranate Juice Extract (50% Polyphenols)":0.061,"Potassium Iodate":0.016,"Rhodiola 3% Rosavins / Salidroside 1%":0.0366,"Selenium":0.0196,"Glutathione reduced":0.0412,"Lutein":0.0235,"Luteolin":0.0085,"Cinnamon powder (ceylon) organic":0.0121,"Sodium Hyaluronate":0.0008,"Spermidine":0.0037,"Vitamin B1 (Thiamine HCl)":0.0053,"Vitamin B12 (Methylcobalamin)":0.0322,"Vitamin B2 (Riboflavin-5-Phosphate)":0.0141,"Vitamin B3 (Niacinamide)":0.0456,"Vitamin B5 (Calcium-D-Pantothenate)":0.0034,"Vitamin B6 (Pyridoxal-5- Phosphate)":0.0142,"Vitamin B7 (D-Biotin)":0.0267,"Vitamin C (Ascorbic Acid)":0.0014,"Vitamin D Veg D3":0.0079,"Vitamin E (d-alpha tocopherol)":0.0084,"Vitamin K1":0.0464,"Vitamin K2 MK-7 MCT Oil":0.0041,"Vitamin K2 MK-4 MCT Oil":0.0262,"Sunflower lecithin non-GMO":0.0021,"Phosphatidylcholine":0.0142,"Choline":0.0506,"Lycopene":0.0477,"Lysine":0.0127,"Taurine":0.0096,"Glucoraphanin":0.0218,"Ubiquinol":0.0099,"Zinc Citrate":0.0307,"Fiber":0,"Blueberries":0.0301,"Macadamia nuts":0.0029,"Walnuts":0.0537,"Omega 3":0.0156,"Omega 6":0.0405,"Calcium":0.0338,"EVOO polyphenols":0.0052,"Oleic acid":0.0046,"Protein (plant)":0.0032,"Copper":0.0233,"Caffeine":0.0582,"Magnesium Citrate":0.0002,"Manganese Citrate":0.0427,"Curcuminoids":0.0348,"Fisetin (smoketree extract)":0.0019,"Garlic extract 12:1 odorless":0.0396,"Genistein (Japonica extract)":0.0188,"Milled Golden Flaxseed":0.0278,"SDG lignan":0.0127,"Phosphatidylinositol":0.0254,"Phosphatidylethanolamine":0.0052}],"vo2_max":29.3861}
