{"personal_data":[{"age":21,"gender":"F","name":"Isidor Howell"}],"fitness_data":[{"Backwards Sled, 2 min":2,"Posture exercises":1,"Tricep extensions":2,"Face pulls":2,"Butterfly":0,"Band pull apart (back muscles)":3,"Back extensions (on a hyperextension)":3,"Obliques (each side, on a hyperextension)":3,"StretchesKneeling shin_Kneeling shin_":4,"StretchesHip flexor_Hip flexor_":1,"StretchesCouch_Couch_":0,"Leg raises (for abdomen)":3,"Seated calf raises":4,"Poliquin step ups":1,"Slant board squats":2,"ATG Split squats":3,"Nordics":0,"Reverse Nordics":1,"Tibialis raises,":0,"IsoTib ankle rotations":2,"Pull ups":3,"Chin ups":2,"10 min HIIT":2}],"supplement_vars":[{"N-Acetyl-L-Cysteine (NAC)":0.0004,"N-Acetyl-L-Cysteine (NAC) 2":0.0013,"Nicotinamide Riboside Chloride (NR)":0.0157,"Zeaxanthin":0.001,"Phosphorus":0.0053,"Astaxanthin (Natural)":0.0203,"Boron Glycinate":0.0452,"CaAKG":0.0054,"Ashwagandha KSM66":0.0001,"Calcium L-5- Methyltetrahydrofolate (L-5-MTHF-Ca)":0.0523,"Cocoa Powder (Non-Alkalised) 8+% Flavanols":0.0157,"Red Yeast Rice (2% Monacolin K)":0.0003,"Creatine Monohydrate":0.0241,"Ginger":0.0116,"Glucosamine Sulfate KCI":0.0609,"Grape Seed Extract 90% polyphenols":0.0101,"Broccoli Extract (glucoraphanin 10%)":0.0309,"Glycine":0.0163,"Theanine":0.0309,"Lactobacillus Acidophilus":0.0195,"Lithium orotate":0.0078,"Pomegranate Juice Extract (50% Polyphenols)":0.0254,"Potassium Iodate":0.0291,"Rhodiola 3% Rosavins / Salidroside 1%":0.0494,"Selenium":0.0192,"Glutathione reduced":0.0461,"Lutein":0.0242,"Luteolin":0.0019,"Cinnamon powder (ceylon) organic":0.0094,"Sodium Hyaluronate":0.0044,"Spermidine":0.0686,"Vitamin B1 (Thiamine HCl)":0.0111,"Vitamin B12 (Methylcobalamin)":0.0139,"Vitamin B2 (Riboflavin-5-Phosphate)":0.0175,"Vitamin B3 (Niacinamide)":0.0184,"Vitamin B5 (Calcium-D-Pantothenate)":0.0116,"Vitamin B6 (Pyridoxal-5- Phosphate)":0.0467,"Vitamin B7 (D-Biotin)":0.0346,"Vitamin C (Ascorbic Acid)":0.0028,"Vitamin D Veg D3":0.0018,"Vitamin E (d-alpha tocopherol)":0.0383,"Vitamin K1":0.0335,"Vitamin K2 MK-7 MCT Oil":0.0116,"Vitamin K2 MK-4 MCT Oil":0.0177,"Sunflower lecithin non-GMO":0.0338,"Phosphatidylcholine":0.0004,"Choline":0.0588,"Lycopene":0.0143,"Lysine":0.0037,"Taurine":0.0007,"Glucoraphanin":0.0189,"Ubiquinol":0.0092,"Zinc Citrate":0.0313,"Fiber":0.0012,"Blueberries":0.049,"Macadamia nuts":0.0858,"Walnuts":0.0291,"Omega 3":0.006,"Omega 6":0.0067,"Calcium":0.0217,"EVOO polyphenols":0.0014,"Oleic acid":0.011,"Protein (plant)":0.0048,"Copper":0.0193,"Caffeine":0.0433,"Magnesium Citrate":0.0194,"Manganese Citrate":0.0359,"Curcuminoids":0.0368,"Fisetin (smoketree extract)":0.0256,"Garlic extract 12:1 odorless":0.0008,"Genistein (Japonica extract)":0.0156,"Milled Golden Flaxseed":0.0089,"SDG lignan":0.0272,"Phosphatidylinositol":0.0108,"Phosphatidylethanolamine":0.005}],"vo2_max":38.148}
