{"personal_data":[{"age":24,"gender":"M","name":"Shaquita Greenfelder"}],"fitness_data":[{"Backwards Sled, 2 min":4,"Posture exercises":4,"Tricep extensions":0,"Face pulls":1,"Butterfly":2,"Band pull apart (back muscles)":3,"Back extensions (on a hyperextension)":2,"Obliques (each side, on a hyperextension)":1,"StretchesKneeling shin_Kneeling shin_":4,"StretchesHip flexor_Hip flexor_":4,"StretchesCouch_Couch_":2,"Leg raises (for abdomen)":4,"Seated calf raises":3,"Poliquin step ups":2,"Slant board squats":2,"ATG Split squats":3,"Nordics":2,"Reverse Nordics":1,"Tibialis raises,":5,"IsoTib ankle rotations":0,"Pull ups":3,"Chin ups":4,"10 min HIIT":3}],"supplement_vars":[{"N-Acetyl-L-Cysteine (NAC)":0.018,"N-Acetyl-L-Cysteine (NAC) 2":0.0198,"Nicotinamide Riboside Chloride (NR)":0.0048,"Zeaxanthin":0.0058,"Phosphorus":0.0012,"Astaxanthin (Natural)":0.0184,"Boron Glycinate":0.0162,"CaAKG":0.006,"Ashwagandha KSM66":0.0033,"Calcium L-5- Methyltetrahydrofolate (L-5-MTHF-Ca)":0.0012,"Cocoa Powder (Non-Alkalised) 8+% Flavanols":0.0076,"Red Yeast Rice (2% Monacolin K)":0.0217,"Creatine Monohydrate":0.0622,"Ginger":0.0805,"Glucosamine Sulfate KCI":0.0574,"Grape Seed Extract 90% polyphenols":0.0102,"Broccoli Extract (glucoraphanin 10%)":0.002,"Glycine":0.0067,"Theanine":0.0239,"Lactobacillus Acidophilus":0.0595,"Lithium orotate":0.003,"Pomegranate Juice Extract (50% Polyphenols)":0.0629,"Potassium Iodate":0.0239,"Rhodiola 3% Rosavins / Salidroside 1%":0.0275,"Selenium":0.036,"Glutathione reduced":0.0081,"Lutein":0.0223,"Luteolin":0.0039,"Cinnamon powder (ceylon) organic":0.0083,"Sodium Hyaluronate":0.0081,"Spermidine":0.0105,"Vitamin B1 (Thiamine HCl)":0.0087,"Vitamin B12 (Methylcobalamin)":0.0827,"Vitamin B2 (Riboflavin-5-Phosphate)":0.0187,"Vitamin B3 (Niacinamide)":0.0612,"Vitamin B5 (Calcium-D-Pantothenate)":0.0201,"Vitamin B6 (Pyridoxal-5- Phosphate)":0.0342,"Vitamin B7 (D-Biotin)":0.0165,"Vitamin C (Ascorbic Acid)":0.0026,"Vitamin D Veg D3":0.045,"Vitamin E (d-alpha tocopherol)":0.0457,"Vitamin K1":0.0449,"Vitamin K2 MK-7 MCT Oil":0.0263,"Vitamin K2 MK-4 MCT Oil":0.0353,"Sunflower lecithin non-GMO":0.0125,"Phosphatidylcholine":0.0336,"Choline":0.0518,"Lycopene":0.0175,"Lysine":0.0039,"Taurine":0.0059,"Glucoraphanin":0.0243,"Ubiquinol":0.0108,"Zinc Citrate":0.0296,"Fiber":0.0033,"Blueberries":0.0002,"Macadamia nuts":0.0837,"Walnuts":0.0601,"Omega 3":0.0033,"Omega 6":0.0612,"Calcium":0.0389,"EVOO polyphenols":0.0007,"Oleic acid":0.0285,"Protein (plant)":0.0047,"Copper":0.0223,"Caffeine":0.0046,"Magnesium Citrate":0.0323,"Manganese Citrate":0.0823,"Curcuminoids":0.0235,"Fisetin (smoketree extract)":0.0136,"Garlic extract 12:1 odorless":0.0139,"Genistein (Japonica extract)":0.0124,"Milled Golden Flaxseed":0.0304,"SDG lignan":0.0519,"Phosphatidylinositol":0.0005,"Phosphatidylethanolamine":0.0352}],"vo2_max":37.2332}
