{"personal_data":[{"age":66,"gender":"M","name":"Margarita Huels"}],"fitness_data":[{"Backwards Sled, 2 min":3,"Posture exercises":5,"Tricep extensions":1,"Face pulls":3,"Butterfly":0,"Band pull apart (back muscles)":0,"Back extensions (on a hyperextension)":1,"Obliques (each side, on a hyperextension)":4,"StretchesKneeling shin_Kneeling shin_":4,"StretchesHip flexor_Hip flexor_":4,"StretchesCouch_Couch_":3,"Leg raises (for abdomen)":3,"Seated calf raises":1,"Poliquin step ups":1,"Slant board squats":2,"ATG Split squats":1,"Nordics":3,"Reverse Nordics":1,"Tibialis raises,":3,"IsoTib ankle rotations":3,"Pull ups":1,"Chin ups":1,"10 min HIIT":0}],"supplement_vars":[{"N-Acetyl-L-Cysteine (NAC)":0.0161,"N-Acetyl-L-Cysteine (NAC) 2":0.0055,"Nicotinamide Riboside Chloride (NR)":0.0145,"Zeaxanthin":0.0095,"Phosphorus":0.0204,"Astaxanthin (Natural)":0.0145,"Boron Glycinate":0.0447,"CaAKG":0.005,"Ashwagandha KSM66":0.0075,"Calcium L-5- Methyltetrahydrofolate (L-5-MTHF-Ca)":0.0501,"Cocoa Powder (Non-Alkalised) 8+% Flavanols":0.0144,"Red Yeast Rice (2% Monacolin K)":0.006,"Creatine Monohydrate":0.021,"Ginger":0.0062,"Glucosamine Sulfate KCI":0.0388,"Grape Seed Extract 90% polyphenols":0.0052,"Broccoli Extract (glucoraphanin 10%)":0.0236,"Glycine":0.0073,"Theanine":0.0443,"Lactobacillus Acidophilus":0.0004,"Lithium orotate":0.0035,"Pomegranate Juice Extract (50% Polyphenols)":0.068,"Potassium Iodate":0.0034,"Rhodiola 3% Rosavins / Salidroside 1%":0.0547,"Selenium":0.0305,"Glutathione reduced":0.0266,"Lutein":0.0004,"Luteolin":0.0058,"Cinnamon powder (ceylon) organic":0.0187,"Sodium Hyaluronate":0.0021,"Spermidine":0.0185,"Vitamin B1 (Thiamine HCl)":0.0003,"Vitamin B12 (Methylcobalamin)":0.0635,"Vitamin B2 (Riboflavin-5-Phosphate)":0.0483,"Vitamin B3 (Niacinamide)":0.0454,"Vitamin B5 (Calcium-D-Pantothenate)":0.0186,"Vitamin B6 (Pyridoxal-5- Phosphate)":0.0468,"Vitamin B7 (D-Biotin)":0.0252,"Vitamin C (Ascorbic Acid)":0.0054,"Vitamin D Veg D3":0.0044,"Vitamin E (d-alpha tocopherol)":0.0382,"Vitamin K1":0.0641,"Vitamin K2 MK-7 MCT Oil":0.0005,"Vitamin K2 MK-4 MCT Oil":0.0172,"Sunflower lecithin non-GMO":0.033,"Phosphatidylcholine":0.0154,"Choline":0.0033,"Lycopene":0.0757,"Lysine":0.0007,"Taurine":0.0268,"Glucoraphanin":0.0255,"Ubiquinol":0.0074,"Zinc Citrate":0.0162,"Fiber":0.005,"Blueberries":0.0028,"Macadamia nuts":0.0279,"Walnuts":0.0286,"Omega 3":0.0299,"Omega 6":0.0019,"Calcium":0.0126,"EVOO polyphenols":0.0018,"Oleic acid":0.0204,"Protein (plant)":0.0047,"Copper":0.0107,"Caffeine":0.0207,"Magnesium Citrate":0.0142,"Manganese Citrate":0.0475,"Curcuminoids":0.0272,"Fisetin (smoketree extract)":0.0272,"Garlic extract 12:1 odorless":0.0429,"Genistein (Japonica extract)":0.0169,"Milled Golden Flaxseed":0.0047,"SDG lignan":0.0358,"Phosphatidylinositol":0.0144,"Phosphatidylethanolamine":0.0271}],"vo2_max":24.9825}
