{"personal_data":[{"age":26,"gender":"F","name":"Franklin Little"}],"fitness_data":[{"Backwards Sled, 2 min":5,"Posture exercises":2,"Tricep extensions":3,"Face pulls":4,"Butterfly":3,"Band pull apart (back muscles)":4,"Back extensions (on a hyperextension)":2,"Obliques (each side, on a hyperextension)":3,"StretchesKneeling shin_Kneeling shin_":2,"StretchesHip flexor_Hip flexor_":5,"StretchesCouch_Couch_":0,"Leg raises (for abdomen)":4,"Seated calf raises":3,"Poliquin step ups":2,"Slant board squats":4,"ATG Split squats":3,"Nordics":2,"Reverse Nordics":2,"Tibialis raises,":5,"IsoTib ankle rotations":0,"Pull ups":2,"Chin ups":3,"10 min HIIT":3}],"supplement_vars":[{"N-Acetyl-L-Cysteine (NAC)":0.0164,"N-Acetyl-L-Cysteine (NAC) 2":0.0031,"Nicotinamide Riboside Chloride (NR)":0.008,"Zeaxanthin":0.0092,"Phosphorus":0.0376,"Astaxanthin (Natural)":0.0085,"Boron Glycinate":0.0096,"CaAKG":0.0098,"Ashwagandha KSM66":0.0001,"Calcium L-5- Methyltetrahydrofolate (L-5-MTHF-Ca)":0.0103,"Cocoa Powder (Non-Alkalised) 8+% Flavanols":0.0136,"Red Yeast Rice (2% Monacolin K)":0.0036,"Creatine Monohydrate":0.0469,"Ginger":0.0271,"Glucosamine Sulfate KCI":0.0007,"Grape Seed Extract 90% polyphenols":0.0135,"Broccoli Extract (glucoraphanin 10%)":0.0286,"Glycine":0.0148,"Theanine":0.06,"Lactobacillus Acidophilus":0.0869,"Lithium orotate":0,"Pomegranate Juice Extract (50% Polyphenols)":0.0373,"Potassium Iodate":0.0242,"Rhodiola 3% Rosavins / Salidroside 1%":0.0147,"Selenium":0.0192,"Glutathione reduced":0.0038,"Lutein":0.0248,"Luteolin":0.0007,"Cinnamon powder (ceylon) organic":0.0214,"Sodium Hyaluronate":0.0099,"Spermidine":0.0352,"Vitamin B1 (Thiamine HCl)":0.0077,"Vitamin B12 (Methylcobalamin)":0.0254,"Vitamin B2 (Riboflavin-5-Phosphate)":0.0401,"Vitamin B3 (Niacinamide)":0.0025,"Vitamin B5 (Calcium-D-Pantothenate)":0.0099,"Vitamin B6 (Pyridoxal-5- Phosphate)":0.0027,"Vitamin B7 (D-Biotin)":0.0116,"Vitamin C (Ascorbic Acid)":0.0026,"Vitamin D Veg D3":0.0121,"Vitamin E (d-alpha tocopherol)":0.002,"Vitamin K1":0.0609,"Vitamin K2 MK-7 MCT Oil":0.0322,"Vitamin K2 MK-4 MCT Oil":0.0222,"Sunflower lecithin non-GMO":0.0301,"Phosphatidylcholine":0.0054,"Choline":0.0111,"Lycopene":0.0613,"Lysine":0.0114,"Taurine":0.043,"Glucoraphanin":0.0197,"Ubiquinol":0.012,"Zinc Citrate":0.0139,"Fiber":0.0024,"Blueberries":0.0697,"Macadamia nuts":0.0712,"Walnuts":0.0151,"Omega 3":0.0405,"Omega 6":0.046,"Calcium":0.0673,"EVOO polyphenols":0.0044,"Oleic acid":0.0248,"Protein (plant)":0.0002,"Copper":0.0113,"Caffeine":0.0302,"Magnesium Citrate":0.0042,"Manganese Citrate":0.076,"Curcuminoids":0.0367,"Fisetin (smoketree extract)":0.0042,"Garlic extract 12:1 odorless":0.017,"Genistein (Japonica extract)":0.0171,"Milled Golden Flaxseed":0.0163,"SDG lignan":0.0437,"Phosphatidylinositol":0.0076,"Phosphatidylethanolamine":0.026}],"vo2_max":35.2179}
