{"personal_data":[{"age":42,"gender":"F","name":"Duff Macejkovic"}],"fitness_data":[{"Backwards Sled, 2 min":1,"Posture exercises":4,"Tricep extensions":3,"Face pulls":2,"Butterfly":5,"Band pull apart (back muscles)":4,"Back extensions (on a hyperextension)":2,"Obliques (each side, on a hyperextension)":1,"StretchesKneeling shin_Kneeling shin_":1,"StretchesHip flexor_Hip flexor_":3,"StretchesCouch_Couch_":0,"Leg raises (for abdomen)":2,"Seated calf raises":4,"Poliquin step ups":1,"Slant board squats":0,"ATG Split squats":5,"Nordics":2,"Reverse Nordics":3,"Tibialis raises,":4,"IsoTib ankle rotations":1,"Pull ups":1,"Chin ups":3,"10 min HIIT":4}],"supplement_vars":[{"N-Acetyl-L-Cysteine (NAC)":0.0008,"N-Acetyl-L-Cysteine (NAC) 2":0.0146,"Nicotinamide Riboside Chloride (NR)":0.0118,"Zeaxanthin":0.0125,"Phosphorus":0.0015,"Astaxanthin (Natural)":0.0141,"Boron Glycinate":0.04,"CaAKG":0.0122,"Ashwagandha KSM66":0.0033,"Calcium L-5- Methyltetrahydrofolate (L-5-MTHF-Ca)":0.0135,"Cocoa Powder (Non-Alkalised) 8+% Flavanols":0.0118,"Red Yeast Rice (2% Monacolin K)":0.0186,"Creatine Monohydrate":0.0352,"Ginger":0.0029,"Glucosamine Sulfate KCI":0.019,"Grape Seed Extract 90% polyphenols":0.0135,"Broccoli Extract (glucoraphanin 10%)":0.003,"Glycine":0.0015,"Theanine":0.0346,"Lactobacillus Acidophilus":0.0158,"Lithium orotate":0.0055,"Pomegranate Juice Extract (50% Polyphenols)":0.02,"Potassium Iodate":0.0057,"Rhodiola 3% Rosavins / Salidroside 1%":0.0607,"Selenium":0.0319,"Glutathione reduced":0.0132,"Lutein":0.006,"Luteolin":0.0088,"Cinnamon powder (ceylon) organic":0.0085,"Sodium Hyaluronate":0.0078,"Spermidine":0.0772,"Vitamin B1 (Thiamine HCl)":0.0098,"Vitamin B12 (Methylcobalamin)":0.0486,"Vitamin B2 (Riboflavin-5-Phosphate)":0.0522,"Vitamin B3 (Niacinamide)":0.0254,"Vitamin B5 (Calcium-D-Pantothenate)":0.0095,"Vitamin B6 (Pyridoxal-5- Phosphate)":0.0072,"Vitamin B7 (D-Biotin)":0.0328,"Vitamin C (Ascorbic Acid)":0.0128,"Vitamin D Veg D3":0.0433,"Vitamin E (d-alpha tocopherol)":0.0359,"Vitamin K1":0.0309,"Vitamin K2 MK-7 MCT Oil":0.0308,"Vitamin K2 MK-4 MCT Oil":0.0162,"Sunflower lecithin non-GMO":0.0443,"Phosphatidylcholine":0.0044,"Choline":0.0539,"Lycopene":0.008,"Lysine":0.0012,"Taurine":0.0352,"Glucoraphanin":0.0098,"Ubiquinol":0.0056,"Zinc Citrate":0.0221,"Fiber":0.0032,"Blueberries":0.0474,"Macadamia nuts":0.024,"Walnuts":0.0542,"Omega 3":0.05,"Omega 6":0.029,"Calcium":0.0314,"EVOO polyphenols":0.0007,"Oleic acid":0.0119,"Protein (plant)":0.0041,"Copper":0.0135,"Caffeine":0.018,"Magnesium Citrate":0.0099,"Manganese Citrate":0.0005,"Curcuminoids":0.009,"Fisetin (smoketree extract)":0.021,"Garlic extract 12:1 odorless":0.0243,"Genistein (Japonica extract)":0.0034,"Milled Golden Flaxseed":0.016,"SDG lignan":0.0006,"Phosphatidylinositol":0.0162,"Phosphatidylethanolamine":0.0004}],"vo2_max":31.1448}
