{"personal_data":[{"age":25,"gender":"M","name":"Jacob Larson"}],"fitness_data":[{"Backwards Sled, 2 min":2,"Posture exercises":3,"Tricep extensions":1,"Face pulls":2,"Butterfly":3,"Band pull apart (back muscles)":3,"Back extensions (on a hyperextension)":3,"Obliques (each side, on a hyperextension)":2,"StretchesKneeling shin_Kneeling shin_":4,"StretchesHip flexor_Hip flexor_":4,"StretchesCouch_Couch_":2,"Leg raises (for abdomen)":1,"Seated calf raises":4,"Poliquin step ups":2,"Slant board squats":1,"ATG Split squats":0,"Nordics":5,"Reverse Nordics":2,"Tibialis raises,":2,"IsoTib ankle rotations":0,"Pull ups":2,"Chin ups":4,"10 min HIIT":3}],"supplement_vars":[{"N-Acetyl-L-Cysteine (NAC)":0.0013,"N-Acetyl-L-Cysteine (NAC) 2":0.0124,"Nicotinamide Riboside Chloride (NR)":0.0083,"Zeaxanthin":0.0093,"Phosphorus":0.0368,"Astaxanthin (Natural)":0.0235,"Boron Glycinate":0.0062,"CaAKG":0.0051,"Ashwagandha KSM66":0.0028,"Calcium L-5- Methyltetrahydrofolate (L-5-MTHF-Ca)":0.0683,"Cocoa Powder (Non-Alkalised) 8+% Flavanols":0.0184,"Red Yeast Rice (2% Monacolin K)":0.0103,"Creatine Monohydrate":0.0101,"Ginger":0.0219,"Glucosamine Sulfate KCI":0.0761,"Grape Seed Extract 90% polyphenols":0.0027,"Broccoli Extract (glucoraphanin 10%)":0.0109,"Glycine":0.0062,"Theanine":0.0588,"Lactobacillus Acidophilus":0.0864,"Lithium orotate":0.0096,"Pomegranate Juice Extract (50% Polyphenols)":0.0479,"Potassium Iodate":0.0245,"Rhodiola 3% Rosavins / Salidroside 1%":0.0108,"Selenium":0.0186,"Glutathione reduced":0.0575,"Lutein":0.0107,"Luteolin":0.0083,"Cinnamon powder (ceylon) organic":0.0078,"Sodium Hyaluronate":0.0102,"Spermidine":0.07,"Vitamin B1 (Thiamine HCl)":0.002,"Vitamin B12 (Methylcobalamin)":0.0221,"Vitamin B2 (Riboflavin-5-Phosphate)":0.007,"Vitamin B3 (Niacinamide)":0.0259,"Vitamin B5 (Calcium-D-Pantothenate)":0.0144,"Vitamin B6 (Pyridoxal-5- Phosphate)":0.0028,"Vitamin B7 (D-Biotin)":0.0202,"Vitamin C (Ascorbic Acid)":0.0088,"Vitamin D Veg D3":0.03,"Vitamin E (d-alpha tocopherol)":0.0132,"Vitamin K1":0.0639,"Vitamin K2 MK-7 MCT Oil":0.0101,"Vitamin K2 MK-4 MCT Oil":0.009,"Sunflower lecithin non-GMO":0.0007,"Phosphatidylcholine":0.0006,"Choline":0.0573,"Lycopene":0.0193,"Lysine":0.0055,"Taurine":0.0125,"Glucoraphanin":0.0081,"Ubiquinol":0.0108,"Zinc Citrate":0.0299,"Fiber":0.005,"Blueberries":0.045,"Macadamia nuts":0.0119,"Walnuts":0.0617,"Omega 3":0.0442,"Omega 6":0.0646,"Calcium":0.0231,"EVOO polyphenols":0.0024,"Oleic acid":0.0209,"Protein (plant)":0.0023,"Copper":0.0185,"Caffeine":0.0376,"Magnesium Citrate":0.0247,"Manganese Citrate":0.0509,"Curcuminoids":0.0475,"Fisetin (smoketree extract)":0.0123,"Garlic extract 12:1 odorless":0.0229,"Genistein (Japonica extract)":0.0063,"Milled Golden Flaxseed":0.0025,"SDG lignan":0.0449,"Phosphatidylinositol":0.0112,"Phosphatidylethanolamine":0.0221}],"vo2_max":32.8686}
