{"personal_data":[{"age":56,"gender":"M","name":"Terell McLaughlin"}],"fitness_data":[{"Backwards Sled, 2 min":4,"Posture exercises":0,"Tricep extensions":0,"Face pulls":1,"Butterfly":1,"Band pull apart (back muscles)":3,"Back extensions (on a hyperextension)":0,"Obliques (each side, on a hyperextension)":3,"StretchesKneeling shin_Kneeling shin_":5,"StretchesHip flexor_Hip flexor_":2,"StretchesCouch_Couch_":3,"Leg raises (for abdomen)":0,"Seated calf raises":2,"Poliquin step ups":2,"Slant board squats":6,"ATG Split squats":3,"Nordics":5,"Reverse Nordics":0,"Tibialis raises,":4,"IsoTib ankle rotations":4,"Pull ups":0,"Chin ups":2,"10 min HIIT":1}],"supplement_vars":[{"N-Acetyl-L-Cysteine (NAC)":0.0087,"N-Acetyl-L-Cysteine (NAC) 2":0.01,"Nicotinamide Riboside Chloride (NR)":0.0076,"Zeaxanthin":0.0005,"Phosphorus":0.0189,"Astaxanthin (Natural)":0.0176,"Boron Glycinate":0.018,"CaAKG":0.0109,"Ashwagandha KSM66":0.0055,"Calcium L-5- Methyltetrahydrofolate (L-5-MTHF-Ca)":0.0666,"Cocoa Powder (Non-Alkalised) 8+% Flavanols":0.014,"Red Yeast Rice (2% Monacolin K)":0.0066,"Creatine Monohydrate":0.0651,"Ginger":0.0429,"Glucosamine Sulfate KCI":0.0743,"Grape Seed Extract 90% polyphenols":0.0072,"Broccoli Extract (glucoraphanin 10%)":0.0247,"Glycine":0.0261,"Theanine":0.0214,"Lactobacillus Acidophilus":0.0483,"Lithium orotate":0.0039,"Pomegranate Juice Extract (50% Polyphenols)":0.0252,"Potassium Iodate":0.0316,"Rhodiola 3% Rosavins / Salidroside 1%":0.0581,"Selenium":0.0021,"Glutathione reduced":0.0503,"Lutein":0.0235,"Luteolin":0.0088,"Cinnamon powder (ceylon) organic":0.0259,"Sodium Hyaluronate":0.0028,"Spermidine":0.0714,"Vitamin B1 (Thiamine HCl)":0.0164,"Vitamin B12 (Methylcobalamin)":0.0837,"Vitamin B2 (Riboflavin-5-Phosphate)":0.024,"Vitamin B3 (Niacinamide)":0.0143,"Vitamin B5 (Calcium-D-Pantothenate)":0.013,"Vitamin B6 (Pyridoxal-5- Phosphate)":0.0193,"Vitamin B7 (D-Biotin)":0.0075,"Vitamin C (Ascorbic Acid)":0.007,"Vitamin D Veg D3":0.0359,"Vitamin E (d-alpha tocopherol)":0.0162,"Vitamin K1":0.0567,"Vitamin K2 MK-7 MCT Oil":0.019,"Vitamin K2 MK-4 MCT Oil":0.0329,"Sunflower lecithin non-GMO":0.0218,"Phosphatidylcholine":0.0233,"Choline":0.0034,"Lycopene":0.0364,"Lysine":0.0117,"Taurine":0.008,"Glucoraphanin":0.0183,"Ubiquinol":0.0099,"Zinc Citrate":0.0167,"Fiber":0.0039,"Blueberries":0.0757,"Macadamia nuts":0.043,"Walnuts":0.0513,"Omega 3":0.0185,"Omega 6":0.0165,"Calcium":0.0412,"EVOO polyphenols":0.001,"Oleic acid":0.0348,"Protein (plant)":0.0047,"Copper":0.0027,"Caffeine":0.0006,"Magnesium Citrate":0.0467,"Manganese Citrate":0.0872,"Curcuminoids":0.0077,"Fisetin (smoketree extract)":0.0042,"Garlic extract 12:1 odorless":0.018,"Genistein (Japonica extract)":0.0016,"Milled Golden Flaxseed":0.0344,"SDG lignan":0.0498,"Phosphatidylinositol":0.0145,"Phosphatidylethanolamine":0.0007}],"vo2_max":27.9021}
