{"personal_data":[{"age":46,"gender":"F","name":"Alfred Lynch"}],"fitness_data":[{"Backwards Sled, 2 min":0,"Posture exercises":2,"Tricep extensions":0,"Face pulls":4,"Butterfly":2,"Band pull apart (back muscles)":4,"Back extensions (on a hyperextension)":0,"Obliques (each side, on a hyperextension)":1,"StretchesKneeling shin_Kneeling shin_":4,"StretchesHip flexor_Hip flexor_":2,"StretchesCouch_Couch_":0,"Leg raises (for abdomen)":0,"Seated calf raises":1,"Poliquin step ups":3,"Slant board squats":6,"ATG Split squats":3,"Nordics":5,"Reverse Nordics":1,"Tibialis raises,":3,"IsoTib ankle rotations":2,"Pull ups":1,"Chin ups":1,"10 min HIIT":4}],"supplement_vars":[{"N-Acetyl-L-Cysteine (NAC)":0.0085,"N-Acetyl-L-Cysteine (NAC) 2":0.0087,"Nicotinamide Riboside Chloride (NR)":0.0014,"Zeaxanthin":0.0069,"Phosphorus":0.0119,"Astaxanthin (Natural)":0.0001,"Boron Glycinate":0.0212,"CaAKG":0.0037,"Ashwagandha KSM66":0.0066,"Calcium L-5- Methyltetrahydrofolate (L-5-MTHF-Ca)":0.0082,"Cocoa Powder (Non-Alkalised) 8+% Flavanols":0.0179,"Red Yeast Rice (2% Monacolin K)":0.0175,"Creatine Monohydrate":0.0497,"Ginger":0.0695,"Glucosamine Sulfate KCI":0.0412,"Grape Seed Extract 90% polyphenols":0.0137,"Broccoli Extract (glucoraphanin 10%)":0.0318,"Glycine":0.0216,"Theanine":0.0128,"Lactobacillus Acidophilus":0.048,"Lithium orotate":0.0009,"Pomegranate Juice Extract (50% Polyphenols)":0.0534,"Potassium Iodate":0.0123,"Rhodiola 3% Rosavins / Salidroside 1%":0.0021,"Selenium":0.0139,"Glutathione reduced":0.0346,"Lutein":0.0133,"Luteolin":0.006,"Cinnamon powder (ceylon) organic":0.0028,"Sodium Hyaluronate":0.0001,"Spermidine":0.0735,"Vitamin B1 (Thiamine HCl)":0.0059,"Vitamin B12 (Methylcobalamin)":0.0363,"Vitamin B2 (Riboflavin-5-Phosphate)":0.0649,"Vitamin B3 (Niacinamide)":0.0403,"Vitamin B5 (Calcium-D-Pantothenate)":0.0183,"Vitamin B6 (Pyridoxal-5- Phosphate)":0.0479,"Vitamin B7 (D-Biotin)":0.0015,"Vitamin C (Ascorbic Acid)":0.0007,"Vitamin D Veg D3":0.0316,"Vitamin E (d-alpha tocopherol)":0.0377,"Vitamin K1":0.0311,"Vitamin K2 MK-7 MCT Oil":0.0127,"Vitamin K2 MK-4 MCT Oil":0.0032,"Sunflower lecithin non-GMO":0.0134,"Phosphatidylcholine":0.0333,"Choline":0.0369,"Lycopene":0.0716,"Lysine":0.0104,"Taurine":0.0364,"Glucoraphanin":0.0176,"Ubiquinol":0.0074,"Zinc Citrate":0.0274,"Fiber":0.0004,"Blueberries":0.0594,"Macadamia nuts":0.0132,"Walnuts":0.0295,"Omega 3":0.0105,"Omega 6":0.0216,"Calcium":0.014,"EVOO polyphenols":0.0018,"Oleic acid":0.0313,"Protein (plant)":0.0025,"Copper":0.0025,"Caffeine":0.013,"Magnesium Citrate":0.0088,"Manganese Citrate":0.0744,"Curcuminoids":0.0152,"Fisetin (smoketree extract)":0.0009,"Garlic extract 12:1 odorless":0.0353,"Genistein (Japonica extract)":0.0055,"Milled Golden Flaxseed":0.0034,"SDG lignan":0.0554,"Phosphatidylinositol":0.0069,"Phosphatidylethanolamine":0.044}],"vo2_max":29.3898}
