{"personal_data":[{"age":23,"gender":"M","name":"Devin Sanford"}],"fitness_data":[{"Backwards Sled, 2 min":3,"Posture exercises":2,"Tricep extensions":3,"Face pulls":3,"Butterfly":3,"Band pull apart (back muscles)":6,"Back extensions (on a hyperextension)":3,"Obliques (each side, on a hyperextension)":2,"StretchesKneeling shin_Kneeling shin_":3,"StretchesHip flexor_Hip flexor_":4,"StretchesCouch_Couch_":1,"Leg raises (for abdomen)":4,"Seated calf raises":3,"Poliquin step ups":3,"Slant board squats":5,"ATG Split squats":2,"Nordics":5,"Reverse Nordics":0,"Tibialis raises,":3,"IsoTib ankle rotations":1,"Pull ups":3,"Chin ups":1,"10 min HIIT":2}],"supplement_vars":[{"N-Acetyl-L-Cysteine (NAC)":0.0109,"N-Acetyl-L-Cysteine (NAC) 2":0.0061,"Nicotinamide Riboside Chloride (NR)":0.0006,"Zeaxanthin":0.0082,"Phosphorus":0.0053,"Astaxanthin (Natural)":0.0172,"Boron Glycinate":0.0027,"CaAKG":0.0018,"Ashwagandha KSM66":0.0001,"Calcium L-5- Methyltetrahydrofolate (L-5-MTHF-Ca)":0.0165,"Cocoa Powder (Non-Alkalised) 8+% Flavanols":0.01,"Red Yeast Rice (2% Monacolin K)":0.0256,"Creatine Monohydrate":0.0051,"Ginger":0.069,"Glucosamine Sulfate KCI":0.0439,"Grape Seed Extract 90% polyphenols":0.0088,"Broccoli Extract (glucoraphanin 10%)":0.0162,"Glycine":0.0156,"Theanine":0.0079,"Lactobacillus Acidophilus":0.0486,"Lithium orotate":0.0081,"Pomegranate Juice Extract (50% Polyphenols)":0.0069,"Potassium Iodate":0.0383,"Rhodiola 3% Rosavins / Salidroside 1%":0.0584,"Selenium":0.0204,"Glutathione reduced":0.0117,"Lutein":0.0088,"Luteolin":0.0022,"Cinnamon powder (ceylon) organic":0.0033,"Sodium Hyaluronate":0.0088,"Spermidine":0.0265,"Vitamin B1 (Thiamine HCl)":0.0119,"Vitamin B12 (Methylcobalamin)":0.0852,"Vitamin B2 (Riboflavin-5-Phosphate)":0.0055,"Vitamin B3 (Niacinamide)":0.0624,"Vitamin B5 (Calcium-D-Pantothenate)":0.0118,"Vitamin B6 (Pyridoxal-5- Phosphate)":0.0345,"Vitamin B7 (D-Biotin)":0.0133,"Vitamin C (Ascorbic Acid)":0.0073,"Vitamin D Veg D3":0.0475,"Vitamin E (d-alpha tocopherol)":0.0057,"Vitamin K1":0.0474,"Vitamin K2 MK-7 MCT Oil":0.0022,"Vitamin K2 MK-4 MCT Oil":0.0018,"Sunflower lecithin non-GMO":0.0281,"Phosphatidylcholine":0.005,"Choline":0.0577,"Lycopene":0.075,"Lysine":0.0045,"Taurine":0.0072,"Glucoraphanin":0.0011,"Ubiquinol":0.0051,"Zinc Citrate":0.0025,"Fiber":0.0041,"Blueberries":0.0048,"Macadamia nuts":0.0459,"Walnuts":0.0728,"Omega 3":0.0272,"Omega 6":0.0503,"Calcium":0.0687,"EVOO polyphenols":0.0061,"Oleic acid":0.0281,"Protein (plant)":0.0018,"Copper":0.0116,"Caffeine":0.0459,"Magnesium Citrate":0.0031,"Manganese Citrate":0.0386,"Curcuminoids":0.0191,"Fisetin (smoketree extract)":0.0265,"Garlic extract 12:1 odorless":0.0231,"Genistein (Japonica extract)":0.0068,"Milled Golden Flaxseed":0.0271,"SDG lignan":0.0187,"Phosphatidylinositol":0.0108,"Phosphatidylethanolamine":0.014}],"vo2_max":31.8489}
