{"personal_data":[{"age":30,"gender":"M","name":"Mr. Yaakov Dickens"}],"fitness_data":[{"Backwards Sled, 2 min":3,"Posture exercises":5,"Tricep extensions":1,"Face pulls":4,"Butterfly":5,"Band pull apart (back muscles)":2,"Back extensions (on a hyperextension)":1,"Obliques (each side, on a hyperextension)":1,"StretchesKneeling shin_Kneeling shin_":3,"StretchesHip flexor_Hip flexor_":5,"StretchesCouch_Couch_":0,"Leg raises (for abdomen)":5,"Seated calf raises":1,"Poliquin step ups":2,"Slant board squats":0,"ATG Split squats":0,"Nordics":2,"Reverse Nordics":4,"Tibialis raises,":2,"IsoTib ankle rotations":2,"Pull ups":3,"Chin ups":1,"10 min HIIT":3}],"supplement_vars":[{"N-Acetyl-L-Cysteine (NAC)":0.012,"N-Acetyl-L-Cysteine (NAC) 2":0.0137,"Nicotinamide Riboside Chloride (NR)":0.0125,"Zeaxanthin":0.0021,"Phosphorus":0.0296,"Astaxanthin (Natural)":0.0047,"Boron Glycinate":0.0067,"CaAKG":0.0052,"Ashwagandha KSM66":0.0049,"Calcium L-5- Methyltetrahydrofolate (L-5-MTHF-Ca)":0.0009,"Cocoa Powder (Non-Alkalised) 8+% Flavanols":0.0191,"Red Yeast Rice (2% Monacolin K)":0.0286,"Creatine Monohydrate":0.005,"Ginger":0.02,"Glucosamine Sulfate KCI":0.0617,"Grape Seed Extract 90% polyphenols":0.0069,"Broccoli Extract (glucoraphanin 10%)":0.034,"Glycine":0.0198,"Theanine":0.0159,"Lactobacillus Acidophilus":0.0014,"Lithium orotate":0.009,"Pomegranate Juice Extract (50% Polyphenols)":0.0396,"Potassium Iodate":0.0216,"Rhodiola 3% Rosavins / Salidroside 1%":0.015,"Selenium":0.0109,"Glutathione reduced":0.0357,"Lutein":0.0165,"Luteolin":0.0085,"Cinnamon powder (ceylon) organic":0.0013,"Sodium Hyaluronate":0.008,"Spermidine":0.0579,"Vitamin B1 (Thiamine HCl)":0.009,"Vitamin B12 (Methylcobalamin)":0.0529,"Vitamin B2 (Riboflavin-5-Phosphate)":0.0179,"Vitamin B3 (Niacinamide)":0.0512,"Vitamin B5 (Calcium-D-Pantothenate)":0.0099,"Vitamin B6 (Pyridoxal-5- Phosphate)":0.0415,"Vitamin B7 (D-Biotin)":0.0028,"Vitamin C (Ascorbic Acid)":0.003,"Vitamin D Veg D3":0.0256,"Vitamin E (d-alpha tocopherol)":0.0221,"Vitamin K1":0.0271,"Vitamin K2 MK-7 MCT Oil":0.0083,"Vitamin K2 MK-4 MCT Oil":0.0131,"Sunflower lecithin non-GMO":0.0269,"Phosphatidylcholine":0.0144,"Choline":0.0009,"Lycopene":0.0354,"Lysine":0.005,"Taurine":0.0209,"Glucoraphanin":0.0067,"Ubiquinol":0.0018,"Zinc Citrate":0.0264,"Fiber":0.0002,"Blueberries":0.0527,"Macadamia nuts":0.0128,"Walnuts":0.0528,"Omega 3":0.03,"Omega 6":0.0019,"Calcium":0.0616,"EVOO polyphenols":0.0004,"Oleic acid":0.0218,"Protein (plant)":0.0003,"Copper":0.0184,"Caffeine":0.041,"Magnesium Citrate":0.038,"Manganese Citrate":0.0784,"Curcuminoids":0.0177,"Fisetin (smoketree extract)":0.0169,"Garlic extract 12:1 odorless":0.0401,"Genistein (Japonica extract)":0.0182,"Milled Golden Flaxseed":0.019,"SDG lignan":0.0132,"Phosphatidylinositol":0.0073,"Phosphatidylethanolamine":0.0375}],"vo2_max":29.3798}
