{"personal_data":[{"age":38,"gender":"F"}],"fitness_data":[{"Backwards Sled, 2 min":3,"Posture exercises":1,"Tricep extensions":2,"Face pulls":1,"Butterfly":3,"Band pull apart (back muscles)":1,"Back extensions (on a hyperextension)":2,"Obliques (each side, on a hyperextension)":2,"StretchesKneeling shin_Kneeling shin_":2,"StretchesHip flexor_Hip flexor_":1,"StretchesCouch_Couch_":1,"Leg raises (for abdomen)":2,"Seated calf raises":4,"Poliquin step ups":3,"Slant board squats":6,"ATG Split squats":6,"Nordics":2,"Reverse Nordics":1,"Tibialis raises,":2,"IsoTib ankle rotations":1,"Pull ups":0,"Chin ups":2,"10 min HIIT":1}],"supplement_vars":[{"N-Acetyl-L-Cysteine (NAC)":0,"N-Acetyl-L-Cysteine (NAC) 2":0.0009,"Nicotinamide Riboside Chloride (NR)":0.0006,"Zeaxanthin":0.0051,"Phosphorus":0.0373,"Astaxanthin (Natural)":0.0198,"Boron Glycinate":0.0244,"CaAKG":0.0049,"Ashwagandha KSM66":0.0084,"Calcium L-5- Methyltetrahydrofolate (L-5-MTHF-Ca)":0.0656,"Cocoa Powder (Non-Alkalised) 8+% Flavanols":0.012,"Red Yeast Rice (2% Monacolin K)":0.0333,"Creatine Monohydrate":0.0308,"Ginger":0.0268,"Glucosamine Sulfate KCI":0.0486,"Grape Seed Extract 90% polyphenols":0.0007,"Broccoli Extract (glucoraphanin 10%)":0.0303,"Glycine":0.0253,"Theanine":0.0331,"Lactobacillus Acidophilus":0.085,"Lithium orotate":0.0041,"Pomegranate Juice Extract (50% Polyphenols)":0.0261,"Potassium Iodate":0.035,"Rhodiola 3% Rosavins / Salidroside 1%":0.0598,"Selenium":0.0151,"Glutathione reduced":0.0088,"Lutein":0.009,"Luteolin":0.0001,"Cinnamon powder (ceylon) organic":0.0255,"Sodium Hyaluronate":0.0025,"Spermidine":0.0826,"Vitamin B1 (Thiamine HCl)":0.0009,"Vitamin B12 (Methylcobalamin)":0.0783,"Vitamin B2 (Riboflavin-5-Phosphate)":0.0188,"Vitamin B3 (Niacinamide)":0.0624,"Vitamin B5 (Calcium-D-Pantothenate)":0.0014,"Vitamin B6 (Pyridoxal-5- Phosphate)":0.0087,"Vitamin B7 (D-Biotin)":0.0148,"Vitamin C (Ascorbic Acid)":0.0038,"Vitamin D Veg D3":0.0244,"Vitamin E (d-alpha tocopherol)":0.0285,"Vitamin K1":0.0073,"Vitamin K2 MK-7 MCT Oil":0.01,"Vitamin K2 MK-4 MCT Oil":0.0022,"Sunflower lecithin non-GMO":0.0174,"Phosphatidylcholine":0.0037,"Choline":0.0472,"Lycopene":0.0452,"Lysine":0.0051,"Taurine":0.0343,"Glucoraphanin":0.0151,"Ubiquinol":0.004,"Zinc Citrate":0.0226,"Fiber":0.0014,"Blueberries":0.0702,"Macadamia nuts":0.083,"Walnuts":0.0498,"Omega 3":0.0243,"Omega 6":0.0621,"Calcium":0.0533,"EVOO polyphenols":0.0047,"Oleic acid":0.0138,"Protein (plant)":0.0046,"Copper":0.0111,"Caffeine":0.0172,"Magnesium Citrate":0.0146,"Manganese Citrate":0.0486,"Curcuminoids":0.047,"Fisetin (smoketree extract)":0.0315,"Garlic extract 12:1 odorless":0.0311,"Genistein (Japonica extract)":0.0045,"Milled Golden Flaxseed":0.0234,"SDG lignan":0.0434,"Phosphatidylinositol":0.0134,"Phosphatidylethanolamine":0.0436}],"vo2_max":32.9079}
