{"personal_data":[{"age":22,"gender":"F","name":"Dayle Stroman"}],"fitness_data":[{"Backwards Sled, 2 min":4,"Posture exercises":2,"Tricep extensions":2,"Face pulls":2,"Butterfly":1,"Band pull apart (back muscles)":3,"Back extensions (on a hyperextension)":4,"Obliques (each side, on a hyperextension)":2,"StretchesKneeling shin_Kneeling shin_":0,"StretchesHip flexor_Hip flexor_":4,"StretchesCouch_Couch_":2,"Leg raises (for abdomen)":2,"Seated calf raises":3,"Poliquin step ups":1,"Slant board squats":0,"ATG Split squats":3,"Nordics":5,"Reverse Nordics":3,"Tibialis raises,":4,"IsoTib ankle rotations":5,"Pull ups":2,"Chin ups":0,"10 min HIIT":0}],"supplement_vars":[{"N-Acetyl-L-Cysteine (NAC)":0.0024,"N-Acetyl-L-Cysteine (NAC) 2":0.0074,"Nicotinamide Riboside Chloride (NR)":0.0037,"Zeaxanthin":0.0065,"Phosphorus":0.0344,"Astaxanthin (Natural)":0.0127,"Boron Glycinate":0.0423,"CaAKG":0.0078,"Ashwagandha KSM66":0.0087,"Calcium L-5- Methyltetrahydrofolate (L-5-MTHF-Ca)":0.0049,"Cocoa Powder (Non-Alkalised) 8+% Flavanols":0.0081,"Red Yeast Rice (2% Monacolin K)":0.0261,"Creatine Monohydrate":0.0693,"Ginger":0.0652,"Glucosamine Sulfate KCI":0.055,"Grape Seed Extract 90% polyphenols":0.01,"Broccoli Extract (glucoraphanin 10%)":0.0187,"Glycine":0.0061,"Theanine":0.0039,"Lactobacillus Acidophilus":0.0269,"Lithium orotate":0.0031,"Pomegranate Juice Extract (50% Polyphenols)":0.0324,"Potassium Iodate":0.0393,"Rhodiola 3% Rosavins / Salidroside 1%":0.0268,"Selenium":0.02,"Glutathione reduced":0.0175,"Lutein":0.0215,"Luteolin":0.0087,"Cinnamon powder (ceylon) organic":0.0066,"Sodium Hyaluronate":0.003,"Spermidine":0.0639,"Vitamin B1 (Thiamine HCl)":0.0162,"Vitamin B12 (Methylcobalamin)":0.079,"Vitamin B2 (Riboflavin-5-Phosphate)":0.0093,"Vitamin B3 (Niacinamide)":0.0049,"Vitamin B5 (Calcium-D-Pantothenate)":0.0079,"Vitamin B6 (Pyridoxal-5- Phosphate)":0.0288,"Vitamin B7 (D-Biotin)":0.0313,"Vitamin C (Ascorbic Acid)":0.0094,"Vitamin D Veg D3":0.0196,"Vitamin E (d-alpha tocopherol)":0.0028,"Vitamin K1":0.0669,"Vitamin K2 MK-7 MCT Oil":0.0106,"Vitamin K2 MK-4 MCT Oil":0.0031,"Sunflower lecithin non-GMO":0.0055,"Phosphatidylcholine":0.0047,"Choline":0.0002,"Lycopene":0.0736,"Lysine":0.0104,"Taurine":0.0023,"Glucoraphanin":0.03,"Ubiquinol":0.0138,"Zinc Citrate":0.015,"Fiber":0.002,"Blueberries":0.0391,"Macadamia nuts":0.0769,"Walnuts":0.0137,"Omega 3":0.0006,"Omega 6":0.0339,"Calcium":0.0197,"EVOO polyphenols":0.0043,"Oleic acid":0.0104,"Protein (plant)":0.001,"Copper":0.0111,"Caffeine":0.02,"Magnesium Citrate":0.014,"Manganese Citrate":0.0112,"Curcuminoids":0.0329,"Fisetin (smoketree extract)":0.0364,"Garlic extract 12:1 odorless":0.0078,"Genistein (Japonica extract)":0.0085,"Milled Golden Flaxseed":0.0199,"SDG lignan":0.0326,"Phosphatidylinositol":0.0178,"Phosphatidylethanolamine":0.0195}],"vo2_max":35.8251}
