{"personal_data":[{"age":59,"gender":"F","name":"Summer Padberg"}],"fitness_data":[{"Backwards Sled, 2 min":5,"Posture exercises":0,"Tricep extensions":4,"Face pulls":3,"Butterfly":2,"Band pull apart (back muscles)":1,"Back extensions (on a hyperextension)":4,"Obliques (each side, on a hyperextension)":2,"StretchesKneeling shin_Kneeling shin_":5,"StretchesHip flexor_Hip flexor_":3,"StretchesCouch_Couch_":1,"Leg raises (for abdomen)":2,"Seated calf raises":1,"Poliquin step ups":2,"Slant board squats":3,"ATG Split squats":4,"Nordics":6,"Reverse Nordics":2,"Tibialis raises,":4,"IsoTib ankle rotations":5,"Pull ups":2,"Chin ups":1,"10 min HIIT":3}],"supplement_vars":[{"N-Acetyl-L-Cysteine (NAC)":0.0032,"N-Acetyl-L-Cysteine (NAC) 2":0.0113,"Nicotinamide Riboside Chloride (NR)":0.0142,"Zeaxanthin":0.0018,"Phosphorus":0.0091,"Astaxanthin (Natural)":0.0145,"Boron Glycinate":0.0269,"CaAKG":0.0043,"Ashwagandha KSM66":0.0073,"Calcium L-5- Methyltetrahydrofolate (L-5-MTHF-Ca)":0.0037,"Cocoa Powder (Non-Alkalised) 8+% Flavanols":0.0147,"Red Yeast Rice (2% Monacolin K)":0.0161,"Creatine Monohydrate":0.0056,"Ginger":0.0257,"Glucosamine Sulfate KCI":0.0469,"Grape Seed Extract 90% polyphenols":0.0115,"Broccoli Extract (glucoraphanin 10%)":0.0093,"Glycine":0.0002,"Theanine":0.017,"Lactobacillus Acidophilus":0.0557,"Lithium orotate":0.0093,"Pomegranate Juice Extract (50% Polyphenols)":0.0646,"Potassium Iodate":0.0286,"Rhodiola 3% Rosavins / Salidroside 1%":0.0239,"Selenium":0.0274,"Glutathione reduced":0.0141,"Lutein":0.0117,"Luteolin":0.0021,"Cinnamon powder (ceylon) organic":0.0228,"Sodium Hyaluronate":0.0102,"Spermidine":0.0672,"Vitamin B1 (Thiamine HCl)":0.0132,"Vitamin B12 (Methylcobalamin)":0.0471,"Vitamin B2 (Riboflavin-5-Phosphate)":0.0378,"Vitamin B3 (Niacinamide)":0.0316,"Vitamin B5 (Calcium-D-Pantothenate)":0.0082,"Vitamin B6 (Pyridoxal-5- Phosphate)":0.0327,"Vitamin B7 (D-Biotin)":0.0152,"Vitamin C (Ascorbic Acid)":0.0091,"Vitamin D Veg D3":0.0156,"Vitamin E (d-alpha tocopherol)":0.0222,"Vitamin K1":0.0162,"Vitamin K2 MK-7 MCT Oil":0.022,"Vitamin K2 MK-4 MCT Oil":0.0228,"Sunflower lecithin non-GMO":0.0447,"Phosphatidylcholine":0.0232,"Choline":0.0195,"Lycopene":0.0527,"Lysine":0.0039,"Taurine":0.0451,"Glucoraphanin":0.0211,"Ubiquinol":0.003,"Zinc Citrate":0.0048,"Fiber":0.0007,"Blueberries":0.0811,"Macadamia nuts":0.0476,"Walnuts":0.0226,"Omega 3":0.0044,"Omega 6":0.067,"Calcium":0.0108,"EVOO polyphenols":0.0045,"Oleic acid":0.0316,"Protein (plant)":0.0007,"Copper":0,"Caffeine":0.0603,"Magnesium Citrate":0.0166,"Manganese Citrate":0.0621,"Curcuminoids":0.0234,"Fisetin (smoketree extract)":0.0228,"Garlic extract 12:1 odorless":0.0024,"Genistein (Japonica extract)":0.0124,"Milled Golden Flaxseed":0.0347,"SDG lignan":0.0349,"Phosphatidylinositol":0.0259,"Phosphatidylethanolamine":0.0209}],"vo2_max":28.0354}
