{"personal_data":[{"age":31,"gender":"F","name":"Amya Shields"}],"fitness_data":[{"Backwards Sled, 2 min":1,"Posture exercises":1,"Tricep extensions":2,"Face pulls":2,"Butterfly":5,"Band pull apart (back muscles)":3,"Back extensions (on a hyperextension)":2,"Obliques (each side, on a hyperextension)":2,"StretchesKneeling shin_Kneeling shin_":2,"StretchesHip flexor_Hip flexor_":2,"StretchesCouch_Couch_":1,"Leg raises (for abdomen)":1,"Seated calf raises":2,"Poliquin step ups":2,"Slant board squats":4,"ATG Split squats":6,"Nordics":4,"Reverse Nordics":1,"Tibialis raises,":0,"IsoTib ankle rotations":3,"Pull ups":4,"Chin ups":3,"10 min HIIT":3}],"supplement_vars":[{"N-Acetyl-L-Cysteine (NAC)":0.0197,"N-Acetyl-L-Cysteine (NAC) 2":0.012,"Nicotinamide Riboside Chloride (NR)":0.014,"Zeaxanthin":0.0038,"Phosphorus":0.0061,"Astaxanthin (Natural)":0.0232,"Boron Glycinate":0.0105,"CaAKG":0.0033,"Ashwagandha KSM66":0.0048,"Calcium L-5- Methyltetrahydrofolate (L-5-MTHF-Ca)":0.0422,"Cocoa Powder (Non-Alkalised) 8+% Flavanols":0.0204,"Red Yeast Rice (2% Monacolin K)":0.0113,"Creatine Monohydrate":0.0502,"Ginger":0.0203,"Glucosamine Sulfate KCI":0.0019,"Grape Seed Extract 90% polyphenols":0.0138,"Broccoli Extract (glucoraphanin 10%)":0.0271,"Glycine":0.0056,"Theanine":0.0024,"Lactobacillus Acidophilus":0.0393,"Lithium orotate":0.008,"Pomegranate Juice Extract (50% Polyphenols)":0.0131,"Potassium Iodate":0.0038,"Rhodiola 3% Rosavins / Salidroside 1%":0.0147,"Selenium":0.0281,"Glutathione reduced":0.0479,"Lutein":0.0012,"Luteolin":0.0024,"Cinnamon powder (ceylon) organic":0.0172,"Sodium Hyaluronate":0.0078,"Spermidine":0.0379,"Vitamin B1 (Thiamine HCl)":0.0142,"Vitamin B12 (Methylcobalamin)":0.0044,"Vitamin B2 (Riboflavin-5-Phosphate)":0.057,"Vitamin B3 (Niacinamide)":0.0526,"Vitamin B5 (Calcium-D-Pantothenate)":0.0143,"Vitamin B6 (Pyridoxal-5- Phosphate)":0.0227,"Vitamin B7 (D-Biotin)":0.0056,"Vitamin C (Ascorbic Acid)":0.0018,"Vitamin D Veg D3":0.0217,"Vitamin E (d-alpha tocopherol)":0.0339,"Vitamin K1":0.042,"Vitamin K2 MK-7 MCT Oil":0.0055,"Vitamin K2 MK-4 MCT Oil":0.0104,"Sunflower lecithin non-GMO":0.0305,"Phosphatidylcholine":0.0055,"Choline":0.0287,"Lycopene":0.0185,"Lysine":0.0099,"Taurine":0.0287,"Glucoraphanin":0.0158,"Ubiquinol":0.0035,"Zinc Citrate":0.0164,"Fiber":0.0047,"Blueberries":0.0272,"Macadamia nuts":0.076,"Walnuts":0.0386,"Omega 3":0.0448,"Omega 6":0.0357,"Calcium":0.0689,"EVOO polyphenols":0.0005,"Oleic acid":0.0002,"Protein (plant)":0.0003,"Copper":0.0019,"Caffeine":0.0204,"Magnesium Citrate":0.006,"Manganese Citrate":0.0102,"Curcuminoids":0.0526,"Fisetin (smoketree extract)":0.0368,"Garlic extract 12:1 odorless":0.0305,"Genistein (Japonica extract)":0.0209,"Milled Golden Flaxseed":0.0288,"SDG lignan":0.0243,"Phosphatidylinositol":0.0178,"Phosphatidylethanolamine":0.0437}],"vo2_max":32.0892}
