{"personal_data":[{"age":79,"gender":"M","name":"Ferdinand Rogahn"}],"fitness_data":[{"Backwards Sled, 2 min":5,"Posture exercises":4,"Tricep extensions":2,"Face pulls":1,"Butterfly":4,"Band pull apart (back muscles)":5,"Back extensions (on a hyperextension)":4,"Obliques (each side, on a hyperextension)":3,"StretchesKneeling shin_Kneeling shin_":3,"StretchesHip flexor_Hip flexor_":5,"StretchesCouch_Couch_":2,"Leg raises (for abdomen)":5,"Seated calf raises":1,"Poliquin step ups":1,"Slant board squats":6,"ATG Split squats":5,"Nordics":2,"Reverse Nordics":3,"Tibialis raises,":2,"IsoTib ankle rotations":2,"Pull ups":2,"Chin ups":1,"10 min HIIT":1}],"supplement_vars":[{"N-Acetyl-L-Cysteine (NAC)":0.0035,"N-Acetyl-L-Cysteine (NAC) 2":0.0124,"Nicotinamide Riboside Chloride (NR)":0.0113,"Zeaxanthin":0.0106,"Phosphorus":0.0358,"Astaxanthin (Natural)":0.0216,"Boron Glycinate":0.0298,"CaAKG":0.0076,"Ashwagandha KSM66":0.0089,"Calcium L-5- Methyltetrahydrofolate (L-5-MTHF-Ca)":0.0596,"Cocoa Powder (Non-Alkalised) 8+% Flavanols":0.008,"Red Yeast Rice (2% Monacolin K)":0.012,"Creatine Monohydrate":0.0113,"Ginger":0.0857,"Glucosamine Sulfate KCI":0.0261,"Grape Seed Extract 90% polyphenols":0.0107,"Broccoli Extract (glucoraphanin 10%)":0.0323,"Glycine":0.0193,"Theanine":0.058,"Lactobacillus Acidophilus":0.0317,"Lithium orotate":0.0075,"Pomegranate Juice Extract (50% Polyphenols)":0.0014,"Potassium Iodate":0.0119,"Rhodiola 3% Rosavins / Salidroside 1%":0.028,"Selenium":0.0117,"Glutathione reduced":0.023,"Lutein":0.02,"Luteolin":0.0068,"Cinnamon powder (ceylon) organic":0.0171,"Sodium Hyaluronate":0.0062,"Spermidine":0.077,"Vitamin B1 (Thiamine HCl)":0.0141,"Vitamin B12 (Methylcobalamin)":0.0692,"Vitamin B2 (Riboflavin-5-Phosphate)":0.0687,"Vitamin B3 (Niacinamide)":0.0434,"Vitamin B5 (Calcium-D-Pantothenate)":0.0043,"Vitamin B6 (Pyridoxal-5- Phosphate)":0.0049,"Vitamin B7 (D-Biotin)":0.011,"Vitamin C (Ascorbic Acid)":0.0033,"Vitamin D Veg D3":0.025,"Vitamin E (d-alpha tocopherol)":0.0205,"Vitamin K1":0.0358,"Vitamin K2 MK-7 MCT Oil":0.0066,"Vitamin K2 MK-4 MCT Oil":0.0345,"Sunflower lecithin non-GMO":0.0132,"Phosphatidylcholine":0.0151,"Choline":0.058,"Lycopene":0.0753,"Lysine":0.0037,"Taurine":0.0091,"Glucoraphanin":0.0006,"Ubiquinol":0.0004,"Zinc Citrate":0.001,"Fiber":0.0044,"Blueberries":0.0094,"Macadamia nuts":0.0144,"Walnuts":0.0051,"Omega 3":0.0351,"Omega 6":0.0354,"Calcium":0.0251,"EVOO polyphenols":0.0061,"Oleic acid":0.0251,"Protein (plant)":0.0043,"Copper":0.0228,"Caffeine":0.0282,"Magnesium Citrate":0.0467,"Manganese Citrate":0.0619,"Curcuminoids":0.0151,"Fisetin (smoketree extract)":0.0242,"Garlic extract 12:1 odorless":0.006,"Genistein (Japonica extract)":0.0041,"Milled Golden Flaxseed":0.0248,"SDG lignan":0.0464,"Phosphatidylinositol":0.0096,"Phosphatidylethanolamine":0.0028}],"vo2_max":19.5979}
