{"personal_data":[{"age":68,"gender":"M","name":"Dr. Delbert Fisher"}],"fitness_data":[{"Backwards Sled, 2 min":2,"Posture exercises":0,"Tricep extensions":4,"Face pulls":4,"Butterfly":3,"Band pull apart (back muscles)":2,"Back extensions (on a hyperextension)":0,"Obliques (each side, on a hyperextension)":0,"StretchesKneeling shin_Kneeling shin_":4,"StretchesHip flexor_Hip flexor_":5,"StretchesCouch_Couch_":0,"Leg raises (for abdomen)":3,"Seated calf raises":1,"Poliquin step ups":3,"Slant board squats":5,"ATG Split squats":5,"Nordics":5,"Reverse Nordics":1,"Tibialis raises,":1,"IsoTib ankle rotations":4,"Pull ups":1,"Chin ups":1,"10 min HIIT":2}],"supplement_vars":[{"N-Acetyl-L-Cysteine (NAC)":0.012,"N-Acetyl-L-Cysteine (NAC) 2":0.003,"Nicotinamide Riboside Chloride (NR)":0.0053,"Zeaxanthin":0.0107,"Phosphorus":0.0059,"Astaxanthin (Natural)":0.0193,"Boron Glycinate":0.0337,"CaAKG":0.004,"Ashwagandha KSM66":0.0059,"Calcium L-5- Methyltetrahydrofolate (L-5-MTHF-Ca)":0.0349,"Cocoa Powder (Non-Alkalised) 8+% Flavanols":0.007,"Red Yeast Rice (2% Monacolin K)":0.0174,"Creatine Monohydrate":0.0465,"Ginger":0.0313,"Glucosamine Sulfate KCI":0.0679,"Grape Seed Extract 90% polyphenols":0.0115,"Broccoli Extract (glucoraphanin 10%)":0.0102,"Glycine":0.0303,"Theanine":0.006,"Lactobacillus Acidophilus":0.029,"Lithium orotate":0.0028,"Pomegranate Juice Extract (50% Polyphenols)":0.0667,"Potassium Iodate":0.0307,"Rhodiola 3% Rosavins / Salidroside 1%":0.0366,"Selenium":0.0372,"Glutathione reduced":0.0065,"Lutein":0.006,"Luteolin":0.0054,"Cinnamon powder (ceylon) organic":0.0154,"Sodium Hyaluronate":0.0046,"Spermidine":0.0593,"Vitamin B1 (Thiamine HCl)":0.011,"Vitamin B12 (Methylcobalamin)":0.0118,"Vitamin B2 (Riboflavin-5-Phosphate)":0.0237,"Vitamin B3 (Niacinamide)":0.0662,"Vitamin B5 (Calcium-D-Pantothenate)":0.0017,"Vitamin B6 (Pyridoxal-5- Phosphate)":0.0286,"Vitamin B7 (D-Biotin)":0.0179,"Vitamin C (Ascorbic Acid)":0.0103,"Vitamin D Veg D3":0.0143,"Vitamin E (d-alpha tocopherol)":0.0137,"Vitamin K1":0.0074,"Vitamin K2 MK-7 MCT Oil":0.0007,"Vitamin K2 MK-4 MCT Oil":0.0038,"Sunflower lecithin non-GMO":0.041,"Phosphatidylcholine":0.0249,"Choline":0.0354,"Lycopene":0.043,"Lysine":0.0038,"Taurine":0.0357,"Glucoraphanin":0.0107,"Ubiquinol":0.0118,"Zinc Citrate":0.0078,"Fiber":0.0008,"Blueberries":0.0174,"Macadamia nuts":0.0737,"Walnuts":0.0675,"Omega 3":0.0481,"Omega 6":0.0422,"Calcium":0.0191,"EVOO polyphenols":0.0051,"Oleic acid":0.0132,"Protein (plant)":0.0038,"Copper":0.0148,"Caffeine":0.0304,"Magnesium Citrate":0.0079,"Manganese Citrate":0.0172,"Curcuminoids":0.0429,"Fisetin (smoketree extract)":0.0051,"Garlic extract 12:1 odorless":0.0153,"Genistein (Japonica extract)":0.011,"Milled Golden Flaxseed":0.0124,"SDG lignan":0.0581,"Phosphatidylinositol":0.0211,"Phosphatidylethanolamine":0.0411}],"vo2_max":21.3912}
