{"personal_data":[{"age":48,"gender":"M","name":"Mrs. Marni Wiegand"}],"fitness_data":[{"Backwards Sled, 2 min":1,"Posture exercises":3,"Tricep extensions":4,"Face pulls":1,"Butterfly":1,"Band pull apart (back muscles)":0,"Back extensions (on a hyperextension)":3,"Obliques (each side, on a hyperextension)":2,"StretchesKneeling shin_Kneeling shin_":0,"StretchesHip flexor_Hip flexor_":2,"StretchesCouch_Couch_":2,"Leg raises (for abdomen)":1,"Seated calf raises":1,"Poliquin step ups":0,"Slant board squats":4,"ATG Split squats":3,"Nordics":6,"Reverse Nordics":2,"Tibialis raises,":0,"IsoTib ankle rotations":4,"Pull ups":0,"Chin ups":2,"10 min HIIT":1}],"supplement_vars":[{"N-Acetyl-L-Cysteine (NAC)":0.0003,"N-Acetyl-L-Cysteine (NAC) 2":0.0071,"Nicotinamide Riboside Chloride (NR)":0.0036,"Zeaxanthin":0.0036,"Phosphorus":0.0167,"Astaxanthin (Natural)":0.02,"Boron Glycinate":0.0273,"CaAKG":0.0026,"Ashwagandha KSM66":0.0041,"Calcium L-5- Methyltetrahydrofolate (L-5-MTHF-Ca)":0.0137,"Cocoa Powder (Non-Alkalised) 8+% Flavanols":0.011,"Red Yeast Rice (2% Monacolin K)":0.0197,"Creatine Monohydrate":0.0102,"Ginger":0.0252,"Glucosamine Sulfate KCI":0.0416,"Grape Seed Extract 90% polyphenols":0.01,"Broccoli Extract (glucoraphanin 10%)":0.0178,"Glycine":0.0237,"Theanine":0.0362,"Lactobacillus Acidophilus":0.0429,"Lithium orotate":0.003,"Pomegranate Juice Extract (50% Polyphenols)":0.0662,"Potassium Iodate":0.0334,"Rhodiola 3% Rosavins / Salidroside 1%":0.0181,"Selenium":0.0394,"Glutathione reduced":0.0202,"Lutein":0.0079,"Luteolin":0.0046,"Cinnamon powder (ceylon) organic":0.0078,"Sodium Hyaluronate":0.0007,"Spermidine":0.0652,"Vitamin B1 (Thiamine HCl)":0.004,"Vitamin B12 (Methylcobalamin)":0.0459,"Vitamin B2 (Riboflavin-5-Phosphate)":0.028,"Vitamin B3 (Niacinamide)":0.0503,"Vitamin B5 (Calcium-D-Pantothenate)":0.0103,"Vitamin B6 (Pyridoxal-5- Phosphate)":0.0371,"Vitamin B7 (D-Biotin)":0.0179,"Vitamin C (Ascorbic Acid)":0.007,"Vitamin D Veg D3":0.0436,"Vitamin E (d-alpha tocopherol)":0.0211,"Vitamin K1":0.0522,"Vitamin K2 MK-7 MCT Oil":0.0045,"Vitamin K2 MK-4 MCT Oil":0.0093,"Sunflower lecithin non-GMO":0.0406,"Phosphatidylcholine":0.0077,"Choline":0.0545,"Lycopene":0.0333,"Lysine":0.0055,"Taurine":0.0372,"Glucoraphanin":0.0238,"Ubiquinol":0.0007,"Zinc Citrate":0.022,"Fiber":0.0032,"Blueberries":0.0647,"Macadamia nuts":0.0362,"Walnuts":0.0724,"Omega 3":0.0195,"Omega 6":0.0136,"Calcium":0.0008,"EVOO polyphenols":0.0046,"Oleic acid":0.0013,"Protein (plant)":0.0014,"Copper":0.0229,"Caffeine":0.0156,"Magnesium Citrate":0.0554,"Manganese Citrate":0.0126,"Curcuminoids":0.0164,"Fisetin (smoketree extract)":0.0151,"Garlic extract 12:1 odorless":0.001,"Genistein (Japonica extract)":0.0073,"Milled Golden Flaxseed":0.022,"SDG lignan":0.0324,"Phosphatidylinositol":0.019,"Phosphatidylethanolamine":0.0446}],"vo2_max":29.3038}
