{"personal_data":[{"age":61,"gender":"M","name":"Alesia Douglas"}],"fitness_data":[{"Backwards Sled, 2 min":3,"Posture exercises":5,"Tricep extensions":2,"Face pulls":4,"Butterfly":6,"Band pull apart (back muscles)":3,"Back extensions (on a hyperextension)":2,"Obliques (each side, on a hyperextension)":2,"StretchesKneeling shin_Kneeling shin_":3,"StretchesHip flexor_Hip flexor_":5,"StretchesCouch_Couch_":2,"Leg raises (for abdomen)":5,"Seated calf raises":0,"Poliquin step ups":2,"Slant board squats":6,"ATG Split squats":4,"Nordics":3,"Reverse Nordics":2,"Tibialis raises,":1,"IsoTib ankle rotations":4,"Pull ups":1,"Chin ups":0,"10 min HIIT":3}],"supplement_vars":[{"N-Acetyl-L-Cysteine (NAC)":0.0098,"N-Acetyl-L-Cysteine (NAC) 2":0.0207,"Nicotinamide Riboside Chloride (NR)":0.0132,"Zeaxanthin":0.0061,"Phosphorus":0.0189,"Astaxanthin (Natural)":0.0177,"Boron Glycinate":0.0417,"CaAKG":0.0047,"Ashwagandha KSM66":0.0084,"Calcium L-5- Methyltetrahydrofolate (L-5-MTHF-Ca)":0.0676,"Cocoa Powder (Non-Alkalised) 8+% Flavanols":0.0146,"Red Yeast Rice (2% Monacolin K)":0.0072,"Creatine Monohydrate":0.0094,"Ginger":0.0621,"Glucosamine Sulfate KCI":0.0484,"Grape Seed Extract 90% polyphenols":0.0039,"Broccoli Extract (glucoraphanin 10%)":0.01,"Glycine":0.0185,"Theanine":0.0585,"Lactobacillus Acidophilus":0.0054,"Lithium orotate":0.0043,"Pomegranate Juice Extract (50% Polyphenols)":0.0647,"Potassium Iodate":0.0189,"Rhodiola 3% Rosavins / Salidroside 1%":0.0067,"Selenium":0.0126,"Glutathione reduced":0.0354,"Lutein":0.0196,"Luteolin":0.0018,"Cinnamon powder (ceylon) organic":0.0072,"Sodium Hyaluronate":0.0019,"Spermidine":0.039,"Vitamin B1 (Thiamine HCl)":0.0102,"Vitamin B12 (Methylcobalamin)":0.0672,"Vitamin B2 (Riboflavin-5-Phosphate)":0.0499,"Vitamin B3 (Niacinamide)":0.0355,"Vitamin B5 (Calcium-D-Pantothenate)":0.0181,"Vitamin B6 (Pyridoxal-5- Phosphate)":0.014,"Vitamin B7 (D-Biotin)":0.0183,"Vitamin C (Ascorbic Acid)":0.0063,"Vitamin D Veg D3":0.0243,"Vitamin E (d-alpha tocopherol)":0.0397,"Vitamin K1":0.0438,"Vitamin K2 MK-7 MCT Oil":0.0057,"Vitamin K2 MK-4 MCT Oil":0.0256,"Sunflower lecithin non-GMO":0.0061,"Phosphatidylcholine":0.0153,"Choline":0.0524,"Lycopene":0.0072,"Lysine":0.0037,"Taurine":0.0094,"Glucoraphanin":0.0253,"Ubiquinol":0.0097,"Zinc Citrate":0.0173,"Fiber":0.0009,"Blueberries":0.0246,"Macadamia nuts":0.0541,"Walnuts":0.0497,"Omega 3":0.0186,"Omega 6":0.0305,"Calcium":0.0218,"EVOO polyphenols":0.0058,"Oleic acid":0.0304,"Protein (plant)":0.0001,"Copper":0.0143,"Caffeine":0.0374,"Magnesium Citrate":0.0129,"Manganese Citrate":0.082,"Curcuminoids":0.0213,"Fisetin (smoketree extract)":0.0282,"Garlic extract 12:1 odorless":0.029,"Genistein (Japonica extract)":0.0102,"Milled Golden Flaxseed":0.02,"SDG lignan":0.0431,"Phosphatidylinositol":0.0079,"Phosphatidylethanolamine":0.0095}],"vo2_max":23.033}
