{"personal_data":[{"age":30,"gender":"F","name":"Kesha Fisher"}],"fitness_data":[{"Backwards Sled, 2 min":4,"Posture exercises":1,"Tricep extensions":4,"Face pulls":4,"Butterfly":6,"Band pull apart (back muscles)":0,"Back extensions (on a hyperextension)":2,"Obliques (each side, on a hyperextension)":4,"StretchesKneeling shin_Kneeling shin_":2,"StretchesHip flexor_Hip flexor_":3,"StretchesCouch_Couch_":1,"Leg raises (for abdomen)":1,"Seated calf raises":4,"Poliquin step ups":2,"Slant board squats":2,"ATG Split squats":4,"Nordics":3,"Reverse Nordics":1,"Tibialis raises,":1,"IsoTib ankle rotations":1,"Pull ups":1,"Chin ups":4,"10 min HIIT":0}],"supplement_vars":[{"N-Acetyl-L-Cysteine (NAC)":0.0114,"N-Acetyl-L-Cysteine (NAC) 2":0.0133,"Nicotinamide Riboside Chloride (NR)":0.0124,"Zeaxanthin":0.0051,"Phosphorus":0.012,"Astaxanthin (Natural)":0.0036,"Boron Glycinate":0.041,"CaAKG":0.0084,"Ashwagandha KSM66":0.0011,"Calcium L-5- Methyltetrahydrofolate (L-5-MTHF-Ca)":0.0206,"Cocoa Powder (Non-Alkalised) 8+% Flavanols":0.0074,"Red Yeast Rice (2% Monacolin K)":0.0228,"Creatine Monohydrate":0.0611,"Ginger":0.0257,"Glucosamine Sulfate KCI":0.0568,"Grape Seed Extract 90% polyphenols":0.0082,"Broccoli Extract (glucoraphanin 10%)":0.008,"Glycine":0.0208,"Theanine":0.0181,"Lactobacillus Acidophilus":0.0874,"Lithium orotate":0.0057,"Pomegranate Juice Extract (50% Polyphenols)":0.0047,"Potassium Iodate":0.0318,"Rhodiola 3% Rosavins / Salidroside 1%":0.0596,"Selenium":0.0059,"Glutathione reduced":0.0562,"Lutein":0.0126,"Luteolin":0.0043,"Cinnamon powder (ceylon) organic":0.0198,"Sodium Hyaluronate":0.0032,"Spermidine":0.0547,"Vitamin B1 (Thiamine HCl)":0.0021,"Vitamin B12 (Methylcobalamin)":0.0191,"Vitamin B2 (Riboflavin-5-Phosphate)":0.0318,"Vitamin B3 (Niacinamide)":0.0454,"Vitamin B5 (Calcium-D-Pantothenate)":0.0212,"Vitamin B6 (Pyridoxal-5- Phosphate)":0.0302,"Vitamin B7 (D-Biotin)":0.0155,"Vitamin C (Ascorbic Acid)":0.0012,"Vitamin D Veg D3":0.0439,"Vitamin E (d-alpha tocopherol)":0.0053,"Vitamin K1":0.0289,"Vitamin K2 MK-7 MCT Oil":0.0116,"Vitamin K2 MK-4 MCT Oil":0.0346,"Sunflower lecithin non-GMO":0.0033,"Phosphatidylcholine":0.0078,"Choline":0.0404,"Lycopene":0.003,"Lysine":0.0056,"Taurine":0.0397,"Glucoraphanin":0.0188,"Ubiquinol":0.004,"Zinc Citrate":0.0112,"Fiber":0.001,"Blueberries":0.0073,"Macadamia nuts":0.0223,"Walnuts":0.0273,"Omega 3":0.0315,"Omega 6":0.0135,"Calcium":0.0622,"EVOO polyphenols":0.0045,"Oleic acid":0.037,"Protein (plant)":0.0032,"Copper":0.0198,"Caffeine":0.0297,"Magnesium Citrate":0.0066,"Manganese Citrate":0.0675,"Curcuminoids":0.0047,"Fisetin (smoketree extract)":0.0112,"Garlic extract 12:1 odorless":0.007,"Genistein (Japonica extract)":0.0133,"Milled Golden Flaxseed":0.024,"SDG lignan":0.0216,"Phosphatidylinositol":0.0058,"Phosphatidylethanolamine":0.0119}],"vo2_max":35.1524}
