{"personal_data":[{"age":27,"gender":"M","name":"Ruby Kovacek"}],"fitness_data":[{"Backwards Sled, 2 min":4,"Posture exercises":1,"Tricep extensions":1,"Face pulls":5,"Butterfly":2,"Band pull apart (back muscles)":5,"Back extensions (on a hyperextension)":2,"Obliques (each side, on a hyperextension)":3,"StretchesKneeling shin_Kneeling shin_":3,"StretchesHip flexor_Hip flexor_":6,"StretchesCouch_Couch_":3,"Leg raises (for abdomen)":2,"Seated calf raises":1,"Poliquin step ups":1,"Slant board squats":1,"ATG Split squats":2,"Nordics":4,"Reverse Nordics":2,"Tibialis raises,":3,"IsoTib ankle rotations":5,"Pull ups":1,"Chin ups":0,"10 min HIIT":1}],"supplement_vars":[{"N-Acetyl-L-Cysteine (NAC)":0.0198,"N-Acetyl-L-Cysteine (NAC) 2":0.0022,"Nicotinamide Riboside Chloride (NR)":0.0041,"Zeaxanthin":0.0002,"Phosphorus":0.0044,"Astaxanthin (Natural)":0.0129,"Boron Glycinate":0.0169,"CaAKG":0.0118,"Ashwagandha KSM66":0.0074,"Calcium L-5- Methyltetrahydrofolate (L-5-MTHF-Ca)":0.0495,"Cocoa Powder (Non-Alkalised) 8+% Flavanols":0.0186,"Red Yeast Rice (2% Monacolin K)":0.0253,"Creatine Monohydrate":0.0569,"Ginger":0.0773,"Glucosamine Sulfate KCI":0.0384,"Grape Seed Extract 90% polyphenols":0.0072,"Broccoli Extract (glucoraphanin 10%)":0.007,"Glycine":0.0132,"Theanine":0.057,"Lactobacillus Acidophilus":0.0481,"Lithium orotate":0.0013,"Pomegranate Juice Extract (50% Polyphenols)":0.0241,"Potassium Iodate":0.0123,"Rhodiola 3% Rosavins / Salidroside 1%":0.0582,"Selenium":0.0049,"Glutathione reduced":0.0281,"Lutein":0.0157,"Luteolin":0.0092,"Cinnamon powder (ceylon) organic":0.0204,"Sodium Hyaluronate":0.0031,"Spermidine":0.0346,"Vitamin B1 (Thiamine HCl)":0.0107,"Vitamin B12 (Methylcobalamin)":0.0312,"Vitamin B2 (Riboflavin-5-Phosphate)":0.0575,"Vitamin B3 (Niacinamide)":0.0504,"Vitamin B5 (Calcium-D-Pantothenate)":0.0063,"Vitamin B6 (Pyridoxal-5- Phosphate)":0.0117,"Vitamin B7 (D-Biotin)":0.032,"Vitamin C (Ascorbic Acid)":0.0047,"Vitamin D Veg D3":0.0327,"Vitamin E (d-alpha tocopherol)":0.0379,"Vitamin K1":0.0439,"Vitamin K2 MK-7 MCT Oil":0.0112,"Vitamin K2 MK-4 MCT Oil":0.0343,"Sunflower lecithin non-GMO":0.0425,"Phosphatidylcholine":0.0003,"Choline":0.0177,"Lycopene":0.0484,"Lysine":0.0009,"Taurine":0.023,"Glucoraphanin":0.0319,"Ubiquinol":0.0083,"Zinc Citrate":0.0025,"Fiber":0.0028,"Blueberries":0.043,"Macadamia nuts":0.0805,"Walnuts":0.0632,"Omega 3":0.0067,"Omega 6":0.0017,"Calcium":0.0592,"EVOO polyphenols":0.0056,"Oleic acid":0.0079,"Protein (plant)":0.0016,"Copper":0.0134,"Caffeine":0.02,"Magnesium Citrate":0.0496,"Manganese Citrate":0.0997,"Curcuminoids":0.0302,"Fisetin (smoketree extract)":0.0327,"Garlic extract 12:1 odorless":0.0305,"Genistein (Japonica extract)":0.0174,"Milled Golden Flaxseed":0.0032,"SDG lignan":0.0352,"Phosphatidylinositol":0.014,"Phosphatidylethanolamine":0.0432}],"vo2_max":36.55}
