{"personal_data":[{"age":70,"gender":"F","name":"Margy Bashirian"}],"fitness_data":[{"Backwards Sled, 2 min":1,"Posture exercises":3,"Tricep extensions":2,"Face pulls":3,"Butterfly":2,"Band pull apart (back muscles)":2,"Back extensions (on a hyperextension)":1,"Obliques (each side, on a hyperextension)":1,"StretchesKneeling shin_Kneeling shin_":1,"StretchesHip flexor_Hip flexor_":0,"StretchesCouch_Couch_":1,"Leg raises (for abdomen)":5,"Seated calf raises":1,"Poliquin step ups":3,"Slant board squats":7,"ATG Split squats":4,"Nordics":3,"Reverse Nordics":1,"Tibialis raises,":5,"IsoTib ankle rotations":0,"Pull ups":2,"Chin ups":2,"10 min HIIT":0}],"supplement_vars":[{"N-Acetyl-L-Cysteine (NAC)":0.0132,"N-Acetyl-L-Cysteine (NAC) 2":0.0172,"Nicotinamide Riboside Chloride (NR)":0.0148,"Zeaxanthin":0.0103,"Phosphorus":0.0196,"Astaxanthin (Natural)":0.0192,"Boron Glycinate":0.0378,"CaAKG":0.0098,"Ashwagandha KSM66":0.0088,"Calcium L-5- Methyltetrahydrofolate (L-5-MTHF-Ca)":0.0442,"Cocoa Powder (Non-Alkalised) 8+% Flavanols":0.0061,"Red Yeast Rice (2% Monacolin K)":0.02,"Creatine Monohydrate":0.0531,"Ginger":0.0153,"Glucosamine Sulfate KCI":0.0332,"Grape Seed Extract 90% polyphenols":0.0018,"Broccoli Extract (glucoraphanin 10%)":0.0082,"Glycine":0.0136,"Theanine":0.0075,"Lactobacillus Acidophilus":0.0565,"Lithium orotate":0.0081,"Pomegranate Juice Extract (50% Polyphenols)":0.0019,"Potassium Iodate":0.0099,"Rhodiola 3% Rosavins / Salidroside 1%":0.0577,"Selenium":0.0188,"Glutathione reduced":0.0526,"Lutein":0.0228,"Luteolin":0.0023,"Cinnamon powder (ceylon) organic":0.0161,"Sodium Hyaluronate":0.0088,"Spermidine":0.0799,"Vitamin B1 (Thiamine HCl)":0.009,"Vitamin B12 (Methylcobalamin)":0.0644,"Vitamin B2 (Riboflavin-5-Phosphate)":0.012,"Vitamin B3 (Niacinamide)":0.0382,"Vitamin B5 (Calcium-D-Pantothenate)":0.0167,"Vitamin B6 (Pyridoxal-5- Phosphate)":0.036,"Vitamin B7 (D-Biotin)":0.0121,"Vitamin C (Ascorbic Acid)":0.0002,"Vitamin D Veg D3":0.0337,"Vitamin E (d-alpha tocopherol)":0.0081,"Vitamin K1":0.0439,"Vitamin K2 MK-7 MCT Oil":0.0209,"Vitamin K2 MK-4 MCT Oil":0.0354,"Sunflower lecithin non-GMO":0.0403,"Phosphatidylcholine":0.0105,"Choline":0.0511,"Lycopene":0.0245,"Lysine":0.0054,"Taurine":0.0312,"Glucoraphanin":0.0049,"Ubiquinol":0.0011,"Zinc Citrate":0.0287,"Fiber":0.0059,"Blueberries":0.0256,"Macadamia nuts":0.0468,"Walnuts":0.0506,"Omega 3":0.0049,"Omega 6":0.039,"Calcium":0.0591,"EVOO polyphenols":0.0037,"Oleic acid":0.0179,"Protein (plant)":0.0001,"Copper":0.0048,"Caffeine":0.0255,"Magnesium Citrate":0.0243,"Manganese Citrate":0.0422,"Curcuminoids":0.0442,"Fisetin (smoketree extract)":0.0148,"Garlic extract 12:1 odorless":0.0073,"Genistein (Japonica extract)":0.007,"Milled Golden Flaxseed":0.0073,"SDG lignan":0.0554,"Phosphatidylinositol":0.0201,"Phosphatidylethanolamine":0.0347}],"vo2_max":20.0327}
