{"personal_data":[{"age":33,"gender":"F","name":"Garnet Fisher"}],"fitness_data":[{"Backwards Sled, 2 min":0,"Posture exercises":4,"Tricep extensions":2,"Face pulls":2,"Butterfly":3,"Band pull apart (back muscles)":3,"Back extensions (on a hyperextension)":3,"Obliques (each side, on a hyperextension)":1,"StretchesKneeling shin_Kneeling shin_":4,"StretchesHip flexor_Hip flexor_":1,"StretchesCouch_Couch_":1,"Leg raises (for abdomen)":3,"Seated calf raises":3,"Poliquin step ups":1,"Slant board squats":6,"ATG Split squats":3,"Nordics":3,"Reverse Nordics":2,"Tibialis raises,":5,"IsoTib ankle rotations":1,"Pull ups":4,"Chin ups":2,"10 min HIIT":0}],"supplement_vars":[{"N-Acetyl-L-Cysteine (NAC)":0.0176,"N-Acetyl-L-Cysteine (NAC) 2":0.0071,"Nicotinamide Riboside Chloride (NR)":0.0042,"Zeaxanthin":0.0116,"Phosphorus":0.0104,"Astaxanthin (Natural)":0,"Boron Glycinate":0.0312,"CaAKG":0.0076,"Ashwagandha KSM66":0.0015,"Calcium L-5- Methyltetrahydrofolate (L-5-MTHF-Ca)":0.0152,"Cocoa Powder (Non-Alkalised) 8+% Flavanols":0.007,"Red Yeast Rice (2% Monacolin K)":0.0305,"Creatine Monohydrate":0.0488,"Ginger":0.0682,"Glucosamine Sulfate KCI":0.0677,"Grape Seed Extract 90% polyphenols":0.0074,"Broccoli Extract (glucoraphanin 10%)":0.0267,"Glycine":0.0269,"Theanine":0.0469,"Lactobacillus Acidophilus":0.075,"Lithium orotate":0.0051,"Pomegranate Juice Extract (50% Polyphenols)":0.0169,"Potassium Iodate":0.0202,"Rhodiola 3% Rosavins / Salidroside 1%":0.0605,"Selenium":0.0106,"Glutathione reduced":0.0392,"Lutein":0.0204,"Luteolin":0.008,"Cinnamon powder (ceylon) organic":0.014,"Sodium Hyaluronate":0.0036,"Spermidine":0.0859,"Vitamin B1 (Thiamine HCl)":0.0031,"Vitamin B12 (Methylcobalamin)":0.0422,"Vitamin B2 (Riboflavin-5-Phosphate)":0.003,"Vitamin B3 (Niacinamide)":0.0492,"Vitamin B5 (Calcium-D-Pantothenate)":0.0149,"Vitamin B6 (Pyridoxal-5- Phosphate)":0.0114,"Vitamin B7 (D-Biotin)":0.0335,"Vitamin C (Ascorbic Acid)":0.0107,"Vitamin D Veg D3":0.0018,"Vitamin E (d-alpha tocopherol)":0.0175,"Vitamin K1":0.061,"Vitamin K2 MK-7 MCT Oil":0.0147,"Vitamin K2 MK-4 MCT Oil":0.0103,"Sunflower lecithin non-GMO":0.0383,"Phosphatidylcholine":0.0267,"Choline":0.0459,"Lycopene":0.0503,"Lysine":0.0006,"Taurine":0.0151,"Glucoraphanin":0.021,"Ubiquinol":0.0094,"Zinc Citrate":0.0317,"Fiber":0.0024,"Blueberries":0.0381,"Macadamia nuts":0.0887,"Walnuts":0.0542,"Omega 3":0.0089,"Omega 6":0.0342,"Calcium":0.0406,"EVOO polyphenols":0.0017,"Oleic acid":0.016,"Protein (plant)":0.0019,"Copper":0.0111,"Caffeine":0.0512,"Magnesium Citrate":0.0435,"Manganese Citrate":0.0418,"Curcuminoids":0.0065,"Fisetin (smoketree extract)":0.0088,"Garlic extract 12:1 odorless":0.011,"Genistein (Japonica extract)":0.0053,"Milled Golden Flaxseed":0.0321,"SDG lignan":0.0252,"Phosphatidylinositol":0.0124,"Phosphatidylethanolamine":0.0243}],"vo2_max":36.2375}
