{"personal_data":[{"age":42,"gender":"F","name":"Jazlene Schneider"}],"fitness_data":[{"Backwards Sled, 2 min":0,"Posture exercises":4,"Tricep extensions":4,"Face pulls":0,"Butterfly":5,"Band pull apart (back muscles)":1,"Back extensions (on a hyperextension)":3,"Obliques (each side, on a hyperextension)":3,"StretchesKneeling shin_Kneeling shin_":2,"StretchesHip flexor_Hip flexor_":4,"StretchesCouch_Couch_":1,"Leg raises (for abdomen)":1,"Seated calf raises":1,"Poliquin step ups":4,"Slant board squats":4,"ATG Split squats":6,"Nordics":5,"Reverse Nordics":1,"Tibialis raises,":3,"IsoTib ankle rotations":1,"Pull ups":1,"Chin ups":1,"10 min HIIT":0}],"supplement_vars":[{"N-Acetyl-L-Cysteine (NAC)":0.0152,"N-Acetyl-L-Cysteine (NAC) 2":0.0209,"Nicotinamide Riboside Chloride (NR)":0.01,"Zeaxanthin":0.0135,"Phosphorus":0.0323,"Astaxanthin (Natural)":0.0101,"Boron Glycinate":0.0164,"CaAKG":0.0022,"Ashwagandha KSM66":0.0056,"Calcium L-5- Methyltetrahydrofolate (L-5-MTHF-Ca)":0.0244,"Cocoa Powder (Non-Alkalised) 8+% Flavanols":0.0092,"Red Yeast Rice (2% Monacolin K)":0.0036,"Creatine Monohydrate":0.0152,"Ginger":0.0077,"Glucosamine Sulfate KCI":0.0306,"Grape Seed Extract 90% polyphenols":0.012,"Broccoli Extract (glucoraphanin 10%)":0.0064,"Glycine":0.0172,"Theanine":0.0584,"Lactobacillus Acidophilus":0.0668,"Lithium orotate":0.0066,"Pomegranate Juice Extract (50% Polyphenols)":0.0668,"Potassium Iodate":0.0197,"Rhodiola 3% Rosavins / Salidroside 1%":0.0004,"Selenium":0.0344,"Glutathione reduced":0.0112,"Lutein":0.014,"Luteolin":0.0071,"Cinnamon powder (ceylon) organic":0.0151,"Sodium Hyaluronate":0.0073,"Spermidine":0.0652,"Vitamin B1 (Thiamine HCl)":0.0039,"Vitamin B12 (Methylcobalamin)":0.0779,"Vitamin B2 (Riboflavin-5-Phosphate)":0.034,"Vitamin B3 (Niacinamide)":0.0401,"Vitamin B5 (Calcium-D-Pantothenate)":0.0192,"Vitamin B6 (Pyridoxal-5- Phosphate)":0.0257,"Vitamin B7 (D-Biotin)":0.0157,"Vitamin C (Ascorbic Acid)":0.0007,"Vitamin D Veg D3":0.0262,"Vitamin E (d-alpha tocopherol)":0.0018,"Vitamin K1":0.0245,"Vitamin K2 MK-7 MCT Oil":0.0316,"Vitamin K2 MK-4 MCT Oil":0.0316,"Sunflower lecithin non-GMO":0.04,"Phosphatidylcholine":0.0202,"Choline":0.0383,"Lycopene":0.0505,"Lysine":0.0113,"Taurine":0.0117,"Glucoraphanin":0.0223,"Ubiquinol":0.0028,"Zinc Citrate":0.0137,"Fiber":0.0034,"Blueberries":0.0374,"Macadamia nuts":0.0216,"Walnuts":0.0491,"Omega 3":0.0363,"Omega 6":0.0544,"Calcium":0.0685,"EVOO polyphenols":0.0043,"Oleic acid":0.0289,"Protein (plant)":0.0044,"Copper":0.0106,"Caffeine":0.0581,"Magnesium Citrate":0.0528,"Manganese Citrate":0.0977,"Curcuminoids":0.0518,"Fisetin (smoketree extract)":0.0015,"Garlic extract 12:1 odorless":0.0288,"Genistein (Japonica extract)":0.0111,"Milled Golden Flaxseed":0.0187,"SDG lignan":0.0443,"Phosphatidylinositol":0.0136,"Phosphatidylethanolamine":0.0504}],"vo2_max":32.2944}
