{"personal_data":[{"age":35,"gender":"F","name":"Karol Jakubowski"}],"fitness_data":[{"Backwards Sled, 2 min":4,"Posture exercises":5,"Tricep extensions":1,"Face pulls":5,"Butterfly":1,"Band pull apart (back muscles)":6,"Back extensions (on a hyperextension)":4,"Obliques (each side, on a hyperextension)":1,"StretchesKneeling shin_Kneeling shin_":3,"StretchesHip flexor_Hip flexor_":5,"StretchesCouch_Couch_":1,"Leg raises (for abdomen)":1,"Seated calf raises":2,"Poliquin step ups":0,"Slant board squats":2,"ATG Split squats":2,"Nordics":1,"Reverse Nordics":1,"Tibialis raises,":3,"IsoTib ankle rotations":1,"Pull ups":3,"Chin ups":4,"10 min HIIT":2}],"supplement_vars":[{"N-Acetyl-L-Cysteine (NAC)":0.0072,"N-Acetyl-L-Cysteine (NAC) 2":0.02,"Nicotinamide Riboside Chloride (NR)":0.0133,"Zeaxanthin":0.0058,"Phosphorus":0.0277,"Astaxanthin (Natural)":0.0115,"Boron Glycinate":0.0242,"CaAKG":0.0126,"Ashwagandha KSM66":0.0049,"Calcium L-5- Methyltetrahydrofolate (L-5-MTHF-Ca)":0.0116,"Cocoa Powder (Non-Alkalised) 8+% Flavanols":0.0156,"Red Yeast Rice (2% Monacolin K)":0.0135,"Creatine Monohydrate":0.0273,"Ginger":0.0038,"Glucosamine Sulfate KCI":0.0293,"Grape Seed Extract 90% polyphenols":0.0093,"Broccoli Extract (glucoraphanin 10%)":0.0139,"Glycine":0.0101,"Theanine":0.0524,"Lactobacillus Acidophilus":0.0307,"Lithium orotate":0.0095,"Pomegranate Juice Extract (50% Polyphenols)":0.0641,"Potassium Iodate":0.0451,"Rhodiola 3% Rosavins / Salidroside 1%":0.0302,"Selenium":0.0189,"Glutathione reduced":0.044,"Lutein":0.0079,"Luteolin":0.0063,"Cinnamon powder (ceylon) organic":0.0124,"Sodium Hyaluronate":0.0082,"Spermidine":0.0365,"Vitamin B1 (Thiamine HCl)":0.0034,"Vitamin B12 (Methylcobalamin)":0.0492,"Vitamin B2 (Riboflavin-5-Phosphate)":0.0014,"Vitamin B3 (Niacinamide)":0.0613,"Vitamin B5 (Calcium-D-Pantothenate)":0.0082,"Vitamin B6 (Pyridoxal-5- Phosphate)":0.0153,"Vitamin B7 (D-Biotin)":0.0089,"Vitamin C (Ascorbic Acid)":0.0023,"Vitamin D Veg D3":0.0086,"Vitamin E (d-alpha tocopherol)":0.0262,"Vitamin K1":0.0525,"Vitamin K2 MK-7 MCT Oil":0.0008,"Vitamin K2 MK-4 MCT Oil":0.0036,"Sunflower lecithin non-GMO":0.0258,"Phosphatidylcholine":0.0327,"Choline":0.0335,"Lycopene":0.0299,"Lysine":0.0123,"Taurine":0.0008,"Glucoraphanin":0.0116,"Ubiquinol":0.0052,"Zinc Citrate":0.016,"Fiber":0.0005,"Blueberries":0.073,"Macadamia nuts":0.0891,"Walnuts":0.0018,"Omega 3":0.0089,"Omega 6":0.0189,"Calcium":0.0623,"EVOO polyphenols":0.0024,"Oleic acid":0.0243,"Protein (plant)":0.0028,"Copper":0.0124,"Caffeine":0.0236,"Magnesium Citrate":0.0374,"Manganese Citrate":0.034,"Curcuminoids":0.0156,"Fisetin (smoketree extract)":0.0033,"Garlic extract 12:1 odorless":0.015,"Genistein (Japonica extract)":0.0218,"Milled Golden Flaxseed":0.0089,"SDG lignan":0.0046,"Phosphatidylinositol":0.0214,"Phosphatidylethanolamine":0.0415}],"vo2_max":35.0792}
