{"personal_data":[{"age":65,"gender":"M","name":"Britt Paucek"}],"fitness_data":[{"Backwards Sled, 2 min":5,"Posture exercises":3,"Tricep extensions":3,"Face pulls":4,"Butterfly":1,"Band pull apart (back muscles)":3,"Back extensions (on a hyperextension)":4,"Obliques (each side, on a hyperextension)":4,"StretchesKneeling shin_Kneeling shin_":3,"StretchesHip flexor_Hip flexor_":3,"StretchesCouch_Couch_":1,"Leg raises (for abdomen)":4,"Seated calf raises":4,"Poliquin step ups":1,"Slant board squats":6,"ATG Split squats":2,"Nordics":5,"Reverse Nordics":2,"Tibialis raises,":4,"IsoTib ankle rotations":3,"Pull ups":0,"Chin ups":3,"10 min HIIT":1}],"supplement_vars":[{"N-Acetyl-L-Cysteine (NAC)":0.0183,"N-Acetyl-L-Cysteine (NAC) 2":0.0146,"Nicotinamide Riboside Chloride (NR)":0.0134,"Zeaxanthin":0.004,"Phosphorus":0.0397,"Astaxanthin (Natural)":0.0008,"Boron Glycinate":0.0158,"CaAKG":0.0022,"Ashwagandha KSM66":0.0014,"Calcium L-5- Methyltetrahydrofolate (L-5-MTHF-Ca)":0.0254,"Cocoa Powder (Non-Alkalised) 8+% Flavanols":0.009,"Red Yeast Rice (2% Monacolin K)":0.018,"Creatine Monohydrate":0.0029,"Ginger":0.0536,"Glucosamine Sulfate KCI":0.0072,"Grape Seed Extract 90% polyphenols":0.0065,"Broccoli Extract (glucoraphanin 10%)":0.0289,"Glycine":0.0104,"Theanine":0.0353,"Lactobacillus Acidophilus":0.0285,"Lithium orotate":0.0047,"Pomegranate Juice Extract (50% Polyphenols)":0.0128,"Potassium Iodate":0.0069,"Rhodiola 3% Rosavins / Salidroside 1%":0.0277,"Selenium":0.0057,"Glutathione reduced":0.0493,"Lutein":0.0057,"Luteolin":0.0051,"Cinnamon powder (ceylon) organic":0.025,"Sodium Hyaluronate":0.0107,"Spermidine":0.0683,"Vitamin B1 (Thiamine HCl)":0.0125,"Vitamin B12 (Methylcobalamin)":0.0446,"Vitamin B2 (Riboflavin-5-Phosphate)":0.0281,"Vitamin B3 (Niacinamide)":0.0027,"Vitamin B5 (Calcium-D-Pantothenate)":0.0179,"Vitamin B6 (Pyridoxal-5- Phosphate)":0.0442,"Vitamin B7 (D-Biotin)":0.0346,"Vitamin C (Ascorbic Acid)":0.0023,"Vitamin D Veg D3":0.0049,"Vitamin E (d-alpha tocopherol)":0.0064,"Vitamin K1":0.0187,"Vitamin K2 MK-7 MCT Oil":0.0328,"Vitamin K2 MK-4 MCT Oil":0.0023,"Sunflower lecithin non-GMO":0.0021,"Phosphatidylcholine":0.0238,"Choline":0.0557,"Lycopene":0.0039,"Lysine":0.0052,"Taurine":0.0028,"Glucoraphanin":0.0205,"Ubiquinol":0.0124,"Zinc Citrate":0.0061,"Fiber":0.0033,"Blueberries":0.069,"Macadamia nuts":0.0487,"Walnuts":0.0619,"Omega 3":0.0091,"Omega 6":0.0097,"Calcium":0.0001,"EVOO polyphenols":0.0057,"Oleic acid":0.0206,"Protein (plant)":0.0035,"Copper":0.0221,"Caffeine":0.0618,"Magnesium Citrate":0.0422,"Manganese Citrate":0.0802,"Curcuminoids":0.0108,"Fisetin (smoketree extract)":0.0084,"Garlic extract 12:1 odorless":0.0405,"Genistein (Japonica extract)":0.0216,"Milled Golden Flaxseed":0.01,"SDG lignan":0.0566,"Phosphatidylinositol":0.0124,"Phosphatidylethanolamine":0.0107}],"vo2_max":25.532}
