{"personal_data":[{"age":62,"gender":"F","name":"Willene McLaughlin"}],"fitness_data":[{"Backwards Sled, 2 min":2,"Posture exercises":1,"Tricep extensions":3,"Face pulls":3,"Butterfly":6,"Band pull apart (back muscles)":2,"Back extensions (on a hyperextension)":0,"Obliques (each side, on a hyperextension)":3,"StretchesKneeling shin_Kneeling shin_":3,"StretchesHip flexor_Hip flexor_":5,"StretchesCouch_Couch_":1,"Leg raises (for abdomen)":5,"Seated calf raises":3,"Poliquin step ups":3,"Slant board squats":2,"ATG Split squats":4,"Nordics":3,"Reverse Nordics":3,"Tibialis raises,":2,"IsoTib ankle rotations":2,"Pull ups":2,"Chin ups":3,"10 min HIIT":2}],"supplement_vars":[{"N-Acetyl-L-Cysteine (NAC)":0.0177,"N-Acetyl-L-Cysteine (NAC) 2":0.0152,"Nicotinamide Riboside Chloride (NR)":0.0012,"Zeaxanthin":0.0007,"Phosphorus":0.0117,"Astaxanthin (Natural)":0.0064,"Boron Glycinate":0.0422,"CaAKG":0.0124,"Ashwagandha KSM66":0.0085,"Calcium L-5- Methyltetrahydrofolate (L-5-MTHF-Ca)":0.018,"Cocoa Powder (Non-Alkalised) 8+% Flavanols":0.0187,"Red Yeast Rice (2% Monacolin K)":0.0039,"Creatine Monohydrate":0.0603,"Ginger":0.0344,"Glucosamine Sulfate KCI":0.0028,"Grape Seed Extract 90% polyphenols":0.0025,"Broccoli Extract (glucoraphanin 10%)":0.0003,"Glycine":0.0059,"Theanine":0.0524,"Lactobacillus Acidophilus":0.0865,"Lithium orotate":0.0061,"Pomegranate Juice Extract (50% Polyphenols)":0.068,"Potassium Iodate":0.0325,"Rhodiola 3% Rosavins / Salidroside 1%":0.0589,"Selenium":0.0308,"Glutathione reduced":0.0039,"Lutein":0.0053,"Luteolin":0.0009,"Cinnamon powder (ceylon) organic":0.0026,"Sodium Hyaluronate":0.003,"Spermidine":0.0392,"Vitamin B1 (Thiamine HCl)":0.0014,"Vitamin B12 (Methylcobalamin)":0.0828,"Vitamin B2 (Riboflavin-5-Phosphate)":0.0364,"Vitamin B3 (Niacinamide)":0.03,"Vitamin B5 (Calcium-D-Pantothenate)":0.0021,"Vitamin B6 (Pyridoxal-5- Phosphate)":0.0169,"Vitamin B7 (D-Biotin)":0.0073,"Vitamin C (Ascorbic Acid)":0.0127,"Vitamin D Veg D3":0.0417,"Vitamin E (d-alpha tocopherol)":0.0306,"Vitamin K1":0.0362,"Vitamin K2 MK-7 MCT Oil":0.0263,"Vitamin K2 MK-4 MCT Oil":0.0078,"Sunflower lecithin non-GMO":0.0111,"Phosphatidylcholine":0.0158,"Choline":0.0164,"Lycopene":0.0455,"Lysine":0.0123,"Taurine":0.0119,"Glucoraphanin":0.0188,"Ubiquinol":0.0061,"Zinc Citrate":0.0269,"Fiber":0.0049,"Blueberries":0.0221,"Macadamia nuts":0.0946,"Walnuts":0.0274,"Omega 3":0.014,"Omega 6":0.0614,"Calcium":0.0574,"EVOO polyphenols":0.0061,"Oleic acid":0.0135,"Protein (plant)":0.0046,"Copper":0.0236,"Caffeine":0.0073,"Magnesium Citrate":0.0138,"Manganese Citrate":0.071,"Curcuminoids":0.0369,"Fisetin (smoketree extract)":0.0309,"Garlic extract 12:1 odorless":0.0164,"Genistein (Japonica extract)":0.006,"Milled Golden Flaxseed":0.0131,"SDG lignan":0.0468,"Phosphatidylinositol":0.0115,"Phosphatidylethanolamine":0.0481}],"vo2_max":22.08}
