{"personal_data":[{"age":40,"gender":"M","name":"Dr. Clayton Gislason II"}],"fitness_data":[{"Backwards Sled, 2 min":0,"Posture exercises":4,"Tricep extensions":3,"Face pulls":3,"Butterfly":2,"Band pull apart (back muscles)":3,"Back extensions (on a hyperextension)":1,"Obliques (each side, on a hyperextension)":1,"StretchesKneeling shin_Kneeling shin_":2,"StretchesHip flexor_Hip flexor_":5,"StretchesCouch_Couch_":2,"Leg raises (for abdomen)":2,"Seated calf raises":2,"Poliquin step ups":1,"Slant board squats":1,"ATG Split squats":2,"Nordics":6,"Reverse Nordics":1,"Tibialis raises,":1,"IsoTib ankle rotations":3,"Pull ups":1,"Chin ups":4,"10 min HIIT":3}],"supplement_vars":[{"N-Acetyl-L-Cysteine (NAC)":0.0147,"N-Acetyl-L-Cysteine (NAC) 2":0.0101,"Nicotinamide Riboside Chloride (NR)":0.0121,"Zeaxanthin":0.0054,"Phosphorus":0.0124,"Astaxanthin (Natural)":0.0061,"Boron Glycinate":0.0301,"CaAKG":0.0007,"Ashwagandha KSM66":0.0079,"Calcium L-5- Methyltetrahydrofolate (L-5-MTHF-Ca)":0.018,"Cocoa Powder (Non-Alkalised) 8+% Flavanols":0.0123,"Red Yeast Rice (2% Monacolin K)":0.0153,"Creatine Monohydrate":0.065,"Ginger":0.056,"Glucosamine Sulfate KCI":0.0301,"Grape Seed Extract 90% polyphenols":0.0092,"Broccoli Extract (glucoraphanin 10%)":0.0083,"Glycine":0.0023,"Theanine":0.0316,"Lactobacillus Acidophilus":0.0594,"Lithium orotate":0.0021,"Pomegranate Juice Extract (50% Polyphenols)":0.0382,"Potassium Iodate":0.0156,"Rhodiola 3% Rosavins / Salidroside 1%":0.0381,"Selenium":0.0073,"Glutathione reduced":0.0256,"Lutein":0.0219,"Luteolin":0.0076,"Cinnamon powder (ceylon) organic":0.0133,"Sodium Hyaluronate":0.0054,"Spermidine":0.0808,"Vitamin B1 (Thiamine HCl)":0.0063,"Vitamin B12 (Methylcobalamin)":0.0357,"Vitamin B2 (Riboflavin-5-Phosphate)":0.0261,"Vitamin B3 (Niacinamide)":0.0582,"Vitamin B5 (Calcium-D-Pantothenate)":0.0202,"Vitamin B6 (Pyridoxal-5- Phosphate)":0.0346,"Vitamin B7 (D-Biotin)":0.0101,"Vitamin C (Ascorbic Acid)":0.0096,"Vitamin D Veg D3":0.0473,"Vitamin E (d-alpha tocopherol)":0.0356,"Vitamin K1":0.0141,"Vitamin K2 MK-7 MCT Oil":0.0062,"Vitamin K2 MK-4 MCT Oil":0.0109,"Sunflower lecithin non-GMO":0.0396,"Phosphatidylcholine":0.0176,"Choline":0.0343,"Lycopene":0.0714,"Lysine":0.0085,"Taurine":0.0268,"Glucoraphanin":0.008,"Ubiquinol":0.0137,"Zinc Citrate":0.0063,"Fiber":0.0037,"Blueberries":0.0112,"Macadamia nuts":0.0426,"Walnuts":0.073,"Omega 3":0.0311,"Omega 6":0.0623,"Calcium":0.0615,"EVOO polyphenols":0.0055,"Oleic acid":0.0188,"Protein (plant)":0.0047,"Copper":0.0202,"Caffeine":0.0251,"Magnesium Citrate":0.0206,"Manganese Citrate":0.0871,"Curcuminoids":0.0254,"Fisetin (smoketree extract)":0.0136,"Garlic extract 12:1 odorless":0.007,"Genistein (Japonica extract)":0.0105,"Milled Golden Flaxseed":0.0271,"SDG lignan":0.0484,"Phosphatidylinositol":0.019,"Phosphatidylethanolamine":0.0396}],"vo2_max":28.8927}
