{"personal_data":[{"age":62,"gender":"M","name":"Diamond Abbott"}],"fitness_data":[{"Backwards Sled, 2 min":1,"Posture exercises":3,"Tricep extensions":1,"Face pulls":2,"Butterfly":1,"Band pull apart (back muscles)":1,"Back extensions (on a hyperextension)":1,"Obliques (each side, on a hyperextension)":1,"StretchesKneeling shin_Kneeling shin_":3,"StretchesHip flexor_Hip flexor_":5,"StretchesCouch_Couch_":0,"Leg raises (for abdomen)":3,"Seated calf raises":3,"Poliquin step ups":2,"Slant board squats":6,"ATG Split squats":0,"Nordics":6,"Reverse Nordics":0,"Tibialis raises,":0,"IsoTib ankle rotations":0,"Pull ups":1,"Chin ups":3,"10 min HIIT":2}],"supplement_vars":[{"N-Acetyl-L-Cysteine (NAC)":0.0037,"N-Acetyl-L-Cysteine (NAC) 2":0.0111,"Nicotinamide Riboside Chloride (NR)":0.0095,"Zeaxanthin":0.0077,"Phosphorus":0.018,"Astaxanthin (Natural)":0.0223,"Boron Glycinate":0.0202,"CaAKG":0.0026,"Ashwagandha KSM66":0.0071,"Calcium L-5- Methyltetrahydrofolate (L-5-MTHF-Ca)":0.0654,"Cocoa Powder (Non-Alkalised) 8+% Flavanols":0.0068,"Red Yeast Rice (2% Monacolin K)":0.0047,"Creatine Monohydrate":0.0685,"Ginger":0.0818,"Glucosamine Sulfate KCI":0.0097,"Grape Seed Extract 90% polyphenols":0.0039,"Broccoli Extract (glucoraphanin 10%)":0.0078,"Glycine":0.0112,"Theanine":0.0382,"Lactobacillus Acidophilus":0.0086,"Lithium orotate":0.0026,"Pomegranate Juice Extract (50% Polyphenols)":0.0517,"Potassium Iodate":0.0278,"Rhodiola 3% Rosavins / Salidroside 1%":0.0064,"Selenium":0.0059,"Glutathione reduced":0.0532,"Lutein":0.0246,"Luteolin":0.0038,"Cinnamon powder (ceylon) organic":0.0202,"Sodium Hyaluronate":0.0046,"Spermidine":0.0638,"Vitamin B1 (Thiamine HCl)":0.0077,"Vitamin B12 (Methylcobalamin)":0.0438,"Vitamin B2 (Riboflavin-5-Phosphate)":0.0536,"Vitamin B3 (Niacinamide)":0.0159,"Vitamin B5 (Calcium-D-Pantothenate)":0.0129,"Vitamin B6 (Pyridoxal-5- Phosphate)":0.0462,"Vitamin B7 (D-Biotin)":0.0279,"Vitamin C (Ascorbic Acid)":0.0116,"Vitamin D Veg D3":0.0443,"Vitamin E (d-alpha tocopherol)":0.0169,"Vitamin K1":0.0381,"Vitamin K2 MK-7 MCT Oil":0.0202,"Vitamin K2 MK-4 MCT Oil":0.0098,"Sunflower lecithin non-GMO":0.0223,"Phosphatidylcholine":0.0084,"Choline":0.0385,"Lycopene":0.0208,"Lysine":0.0004,"Taurine":0.0311,"Glucoraphanin":0.0019,"Ubiquinol":0.0066,"Zinc Citrate":0.0211,"Fiber":0.0011,"Blueberries":0.0158,"Macadamia nuts":0.0732,"Walnuts":0.0728,"Omega 3":0.0479,"Omega 6":0.0674,"Calcium":0.0184,"EVOO polyphenols":0.0001,"Oleic acid":0.0005,"Protein (plant)":0.0001,"Copper":0.0208,"Caffeine":0.0042,"Magnesium Citrate":0.0045,"Manganese Citrate":0.0442,"Curcuminoids":0.0051,"Fisetin (smoketree extract)":0.0243,"Garlic extract 12:1 odorless":0.0001,"Genistein (Japonica extract)":0.0072,"Milled Golden Flaxseed":0.0083,"SDG lignan":0.0377,"Phosphatidylinositol":0.0084,"Phosphatidylethanolamine":0.0222}],"vo2_max":19.8537}
