{"personal_data":[{"age":56,"gender":"F","name":"Kayden Barton"}],"fitness_data":[{"Backwards Sled, 2 min":2,"Posture exercises":2,"Tricep extensions":1,"Face pulls":3,"Butterfly":4,"Band pull apart (back muscles)":5,"Back extensions (on a hyperextension)":2,"Obliques (each side, on a hyperextension)":0,"StretchesKneeling shin_Kneeling shin_":4,"StretchesHip flexor_Hip flexor_":3,"StretchesCouch_Couch_":1,"Leg raises (for abdomen)":4,"Seated calf raises":3,"Poliquin step ups":3,"Slant board squats":1,"ATG Split squats":6,"Nordics":1,"Reverse Nordics":2,"Tibialis raises,":4,"IsoTib ankle rotations":5,"Pull ups":1,"Chin ups":0,"10 min HIIT":4}],"supplement_vars":[{"N-Acetyl-L-Cysteine (NAC)":0.0081,"N-Acetyl-L-Cysteine (NAC) 2":0.0177,"Nicotinamide Riboside Chloride (NR)":0.011,"Zeaxanthin":0.0073,"Phosphorus":0.0308,"Astaxanthin (Natural)":0.0158,"Boron Glycinate":0.036,"CaAKG":0.0059,"Ashwagandha KSM66":0.0043,"Calcium L-5- Methyltetrahydrofolate (L-5-MTHF-Ca)":0,"Cocoa Powder (Non-Alkalised) 8+% Flavanols":0.0065,"Red Yeast Rice (2% Monacolin K)":0.0136,"Creatine Monohydrate":0.049,"Ginger":0.0737,"Glucosamine Sulfate KCI":0.0203,"Grape Seed Extract 90% polyphenols":0.0031,"Broccoli Extract (glucoraphanin 10%)":0.0119,"Glycine":0.0138,"Theanine":0.0122,"Lactobacillus Acidophilus":0.0531,"Lithium orotate":0.0054,"Pomegranate Juice Extract (50% Polyphenols)":0.0122,"Potassium Iodate":0.0093,"Rhodiola 3% Rosavins / Salidroside 1%":0.0115,"Selenium":0.0124,"Glutathione reduced":0.0538,"Lutein":0.0057,"Luteolin":0.0096,"Cinnamon powder (ceylon) organic":0.0017,"Sodium Hyaluronate":0.0104,"Spermidine":0.0113,"Vitamin B1 (Thiamine HCl)":0.0115,"Vitamin B12 (Methylcobalamin)":0.0449,"Vitamin B2 (Riboflavin-5-Phosphate)":0.0223,"Vitamin B3 (Niacinamide)":0.0495,"Vitamin B5 (Calcium-D-Pantothenate)":0.0025,"Vitamin B6 (Pyridoxal-5- Phosphate)":0.0184,"Vitamin B7 (D-Biotin)":0.0247,"Vitamin C (Ascorbic Acid)":0.0051,"Vitamin D Veg D3":0.0341,"Vitamin E (d-alpha tocopherol)":0.027,"Vitamin K1":0.0038,"Vitamin K2 MK-7 MCT Oil":0.0254,"Vitamin K2 MK-4 MCT Oil":0.0133,"Sunflower lecithin non-GMO":0.0344,"Phosphatidylcholine":0.0345,"Choline":0.0483,"Lycopene":0.0057,"Lysine":0.0087,"Taurine":0.0309,"Glucoraphanin":0.0332,"Ubiquinol":0.0095,"Zinc Citrate":0.0215,"Fiber":0.0033,"Blueberries":0.0539,"Macadamia nuts":0.053,"Walnuts":0.0184,"Omega 3":0.0243,"Omega 6":0.0418,"Calcium":0.0175,"EVOO polyphenols":0.0004,"Oleic acid":0.0248,"Protein (plant)":0.0044,"Copper":0.0122,"Caffeine":0.0457,"Magnesium Citrate":0.0501,"Manganese Citrate":0.092,"Curcuminoids":0.0297,"Fisetin (smoketree extract)":0.0277,"Garlic extract 12:1 odorless":0.0292,"Genistein (Japonica extract)":0.0114,"Milled Golden Flaxseed":0.0253,"SDG lignan":0.0093,"Phosphatidylinositol":0.0235,"Phosphatidylethanolamine":0.0352}],"vo2_max":29.0995}
