{"personal_data":[{"age":74,"gender":"F","name":"Westin Rogahn DVM"}],"fitness_data":[{"Backwards Sled, 2 min":4,"Posture exercises":2,"Tricep extensions":1,"Face pulls":3,"Butterfly":3,"Band pull apart (back muscles)":5,"Back extensions (on a hyperextension)":3,"Obliques (each side, on a hyperextension)":2,"StretchesKneeling shin_Kneeling shin_":1,"StretchesHip flexor_Hip flexor_":2,"StretchesCouch_Couch_":2,"Leg raises (for abdomen)":2,"Seated calf raises":1,"Poliquin step ups":3,"Slant board squats":7,"ATG Split squats":6,"Nordics":4,"Reverse Nordics":1,"Tibialis raises,":2,"IsoTib ankle rotations":2,"Pull ups":1,"Chin ups":4,"10 min HIIT":4}],"supplement_vars":[{"N-Acetyl-L-Cysteine (NAC)":0.0119,"N-Acetyl-L-Cysteine (NAC) 2":0.0026,"Nicotinamide Riboside Chloride (NR)":0.0039,"Zeaxanthin":0.0036,"Phosphorus":0.02,"Astaxanthin (Natural)":0.0056,"Boron Glycinate":0.0294,"CaAKG":0.0037,"Ashwagandha KSM66":0.0042,"Calcium L-5- Methyltetrahydrofolate (L-5-MTHF-Ca)":0.0461,"Cocoa Powder (Non-Alkalised) 8+% Flavanols":0.0151,"Red Yeast Rice (2% Monacolin K)":0.0046,"Creatine Monohydrate":0.0424,"Ginger":0.0343,"Glucosamine Sulfate KCI":0.0764,"Grape Seed Extract 90% polyphenols":0.0071,"Broccoli Extract (glucoraphanin 10%)":0.0027,"Glycine":0.032,"Theanine":0.0219,"Lactobacillus Acidophilus":0.0896,"Lithium orotate":0.0052,"Pomegranate Juice Extract (50% Polyphenols)":0.0245,"Potassium Iodate":0.0157,"Rhodiola 3% Rosavins / Salidroside 1%":0.0009,"Selenium":0.0345,"Glutathione reduced":0.0132,"Lutein":0.0111,"Luteolin":0.0088,"Cinnamon powder (ceylon) organic":0.0115,"Sodium Hyaluronate":0.0069,"Spermidine":0.0842,"Vitamin B1 (Thiamine HCl)":0.0018,"Vitamin B12 (Methylcobalamin)":0.0222,"Vitamin B2 (Riboflavin-5-Phosphate)":0.0665,"Vitamin B3 (Niacinamide)":0.0471,"Vitamin B5 (Calcium-D-Pantothenate)":0.0216,"Vitamin B6 (Pyridoxal-5- Phosphate)":0.0288,"Vitamin B7 (D-Biotin)":0.0234,"Vitamin C (Ascorbic Acid)":0.0111,"Vitamin D Veg D3":0.0477,"Vitamin E (d-alpha tocopherol)":0.0158,"Vitamin K1":0.0576,"Vitamin K2 MK-7 MCT Oil":0.0108,"Vitamin K2 MK-4 MCT Oil":0.0062,"Sunflower lecithin non-GMO":0.0282,"Phosphatidylcholine":0.0052,"Choline":0.0535,"Lycopene":0.019,"Lysine":0.0037,"Taurine":0.0401,"Glucoraphanin":0.0134,"Ubiquinol":0.0092,"Zinc Citrate":0.0064,"Fiber":0.002,"Blueberries":0.078,"Macadamia nuts":0.0799,"Walnuts":0.007,"Omega 3":0.0043,"Omega 6":0.0327,"Calcium":0.0376,"EVOO polyphenols":0.0021,"Oleic acid":0.0347,"Protein (plant)":0.001,"Copper":0.0138,"Caffeine":0.0613,"Magnesium Citrate":0.0169,"Manganese Citrate":0.0017,"Curcuminoids":0.0186,"Fisetin (smoketree extract)":0.0361,"Garlic extract 12:1 odorless":0.0026,"Genistein (Japonica extract)":0.0005,"Milled Golden Flaxseed":0.0329,"SDG lignan":0.0276,"Phosphatidylinositol":0.0249,"Phosphatidylethanolamine":0.0423}],"vo2_max":18.8249}
