{"personal_data":[{"age":31,"gender":"F","name":"Ms. Cher Fritsch PhD"}],"fitness_data":[{"Backwards Sled, 2 min":1,"Posture exercises":1,"Tricep extensions":4,"Face pulls":2,"Butterfly":1,"Band pull apart (back muscles)":1,"Back extensions (on a hyperextension)":0,"Obliques (each side, on a hyperextension)":2,"StretchesKneeling shin_Kneeling shin_":2,"StretchesHip flexor_Hip flexor_":5,"StretchesCouch_Couch_":3,"Leg raises (for abdomen)":4,"Seated calf raises":2,"Poliquin step ups":0,"Slant board squats":1,"ATG Split squats":4,"Nordics":4,"Reverse Nordics":4,"Tibialis raises,":0,"IsoTib ankle rotations":4,"Pull ups":3,"Chin ups":2,"10 min HIIT":4}],"supplement_vars":[{"N-Acetyl-L-Cysteine (NAC)":0.0085,"N-Acetyl-L-Cysteine (NAC) 2":0.01,"Nicotinamide Riboside Chloride (NR)":0.0115,"Zeaxanthin":0.0073,"Phosphorus":0.0004,"Astaxanthin (Natural)":0.0137,"Boron Glycinate":0.03,"CaAKG":0.0013,"Ashwagandha KSM66":0.0089,"Calcium L-5- Methyltetrahydrofolate (L-5-MTHF-Ca)":0.0352,"Cocoa Powder (Non-Alkalised) 8+% Flavanols":0.0136,"Red Yeast Rice (2% Monacolin K)":0.0298,"Creatine Monohydrate":0.0542,"Ginger":0.029,"Glucosamine Sulfate KCI":0.0063,"Grape Seed Extract 90% polyphenols":0.0096,"Broccoli Extract (glucoraphanin 10%)":0.001,"Glycine":0.015,"Theanine":0.039,"Lactobacillus Acidophilus":0.0719,"Lithium orotate":0.0091,"Pomegranate Juice Extract (50% Polyphenols)":0.0223,"Potassium Iodate":0.0099,"Rhodiola 3% Rosavins / Salidroside 1%":0.0342,"Selenium":0.0386,"Glutathione reduced":0.0498,"Lutein":0.012,"Luteolin":0.0078,"Cinnamon powder (ceylon) organic":0.0144,"Sodium Hyaluronate":0.0002,"Spermidine":0.0539,"Vitamin B1 (Thiamine HCl)":0.0138,"Vitamin B12 (Methylcobalamin)":0.0529,"Vitamin B2 (Riboflavin-5-Phosphate)":0.0416,"Vitamin B3 (Niacinamide)":0.0119,"Vitamin B5 (Calcium-D-Pantothenate)":0.0117,"Vitamin B6 (Pyridoxal-5- Phosphate)":0.0248,"Vitamin B7 (D-Biotin)":0.0222,"Vitamin C (Ascorbic Acid)":0.0086,"Vitamin D Veg D3":0.0334,"Vitamin E (d-alpha tocopherol)":0.0297,"Vitamin K1":0.0246,"Vitamin K2 MK-7 MCT Oil":0.0314,"Vitamin K2 MK-4 MCT Oil":0.0224,"Sunflower lecithin non-GMO":0.0069,"Phosphatidylcholine":0.0333,"Choline":0.0376,"Lycopene":0.0208,"Lysine":0.0117,"Taurine":0.0266,"Glucoraphanin":0.0346,"Ubiquinol":0.0001,"Zinc Citrate":0.0139,"Fiber":0.002,"Blueberries":0.0722,"Macadamia nuts":0.0285,"Walnuts":0.0259,"Omega 3":0.0458,"Omega 6":0.012,"Calcium":0.0727,"EVOO polyphenols":0.0051,"Oleic acid":0.0263,"Protein (plant)":0.0025,"Copper":0.0185,"Caffeine":0.0387,"Magnesium Citrate":0.0011,"Manganese Citrate":0.0984,"Curcuminoids":0.0324,"Fisetin (smoketree extract)":0.0025,"Garlic extract 12:1 odorless":0.0399,"Genistein (Japonica extract)":0.0099,"Milled Golden Flaxseed":0.0213,"SDG lignan":0.0262,"Phosphatidylinositol":0.0212,"Phosphatidylethanolamine":0.0065}],"vo2_max":33.6316}
