{"personal_data":[{"age":40,"gender":"M","name":"Yadiel Jaskolski DDS"}],"fitness_data":[{"Backwards Sled, 2 min":4,"Posture exercises":3,"Tricep extensions":1,"Face pulls":1,"Butterfly":3,"Band pull apart (back muscles)":1,"Back extensions (on a hyperextension)":2,"Obliques (each side, on a hyperextension)":2,"StretchesKneeling shin_Kneeling shin_":3,"StretchesHip flexor_Hip flexor_":2,"StretchesCouch_Couch_":1,"Leg raises (for abdomen)":2,"Seated calf raises":0,"Poliquin step ups":4,"Slant board squats":2,"ATG Split squats":5,"Nordics":4,"Reverse Nordics":2,"Tibialis raises,":3,"IsoTib ankle rotations":4,"Pull ups":1,"Chin ups":1,"10 min HIIT":4}],"supplement_vars":[{"N-Acetyl-L-Cysteine (NAC)":0.0124,"N-Acetyl-L-Cysteine (NAC) 2":0.0007,"Nicotinamide Riboside Chloride (NR)":0.0175,"Zeaxanthin":0.0039,"Phosphorus":0.0256,"Astaxanthin (Natural)":0.0197,"Boron Glycinate":0.029,"CaAKG":0.0028,"Ashwagandha KSM66":0.0024,"Calcium L-5- Methyltetrahydrofolate (L-5-MTHF-Ca)":0.055,"Cocoa Powder (Non-Alkalised) 8+% Flavanols":0.0073,"Red Yeast Rice (2% Monacolin K)":0.0328,"Creatine Monohydrate":0.0013,"Ginger":0.0727,"Glucosamine Sulfate KCI":0.075,"Grape Seed Extract 90% polyphenols":0.0108,"Broccoli Extract (glucoraphanin 10%)":0.0128,"Glycine":0.02,"Theanine":0.0428,"Lactobacillus Acidophilus":0.0677,"Lithium orotate":0.0058,"Pomegranate Juice Extract (50% Polyphenols)":0.0352,"Potassium Iodate":0.0075,"Rhodiola 3% Rosavins / Salidroside 1%":0.0219,"Selenium":0.0143,"Glutathione reduced":0.0238,"Lutein":0.0143,"Luteolin":0.0069,"Cinnamon powder (ceylon) organic":0.0007,"Sodium Hyaluronate":0.0069,"Spermidine":0.0157,"Vitamin B1 (Thiamine HCl)":0.0146,"Vitamin B12 (Methylcobalamin)":0.0865,"Vitamin B2 (Riboflavin-5-Phosphate)":0.0585,"Vitamin B3 (Niacinamide)":0.0628,"Vitamin B5 (Calcium-D-Pantothenate)":0.0008,"Vitamin B6 (Pyridoxal-5- Phosphate)":0.0146,"Vitamin B7 (D-Biotin)":0.0283,"Vitamin C (Ascorbic Acid)":0.0061,"Vitamin D Veg D3":0.0149,"Vitamin E (d-alpha tocopherol)":0.0235,"Vitamin K1":0.0318,"Vitamin K2 MK-7 MCT Oil":0.0161,"Vitamin K2 MK-4 MCT Oil":0.027,"Sunflower lecithin non-GMO":0.0143,"Phosphatidylcholine":0.0004,"Choline":0.0533,"Lycopene":0.0114,"Lysine":0.0025,"Taurine":0.0033,"Glucoraphanin":0.021,"Ubiquinol":0.0036,"Zinc Citrate":0.0098,"Fiber":0.0031,"Blueberries":0.0592,"Macadamia nuts":0.0574,"Walnuts":0.0424,"Omega 3":0.0082,"Omega 6":0.0329,"Calcium":0.0046,"EVOO polyphenols":0.0067,"Oleic acid":0.0084,"Protein (plant)":0.0019,"Copper":0.0166,"Caffeine":0.0078,"Magnesium Citrate":0.0242,"Manganese Citrate":0.0878,"Curcuminoids":0.0189,"Fisetin (smoketree extract)":0.0364,"Garlic extract 12:1 odorless":0.028,"Genistein (Japonica extract)":0.0138,"Milled Golden Flaxseed":0.0263,"SDG lignan":0.0489,"Phosphatidylinositol":0.0249,"Phosphatidylethanolamine":0.0162}],"vo2_max":30.5885}
