{"personal_data":[{"age":67,"gender":"M","name":"Tim Kilback"}],"fitness_data":[{"Backwards Sled, 2 min":5,"Posture exercises":4,"Tricep extensions":4,"Face pulls":2,"Butterfly":6,"Band pull apart (back muscles)":5,"Back extensions (on a hyperextension)":0,"Obliques (each side, on a hyperextension)":1,"StretchesKneeling shin_Kneeling shin_":5,"StretchesHip flexor_Hip flexor_":3,"StretchesCouch_Couch_":1,"Leg raises (for abdomen)":3,"Seated calf raises":3,"Poliquin step ups":4,"Slant board squats":6,"ATG Split squats":3,"Nordics":1,"Reverse Nordics":1,"Tibialis raises,":1,"IsoTib ankle rotations":2,"Pull ups":0,"Chin ups":1,"10 min HIIT":3}],"supplement_vars":[{"N-Acetyl-L-Cysteine (NAC)":0.0178,"N-Acetyl-L-Cysteine (NAC) 2":0,"Nicotinamide Riboside Chloride (NR)":0.0172,"Zeaxanthin":0.0109,"Phosphorus":0.0083,"Astaxanthin (Natural)":0.0074,"Boron Glycinate":0.029,"CaAKG":0.0003,"Ashwagandha KSM66":0.0059,"Calcium L-5- Methyltetrahydrofolate (L-5-MTHF-Ca)":0.016,"Cocoa Powder (Non-Alkalised) 8+% Flavanols":0.0177,"Red Yeast Rice (2% Monacolin K)":0.0293,"Creatine Monohydrate":0.0646,"Ginger":0.018,"Glucosamine Sulfate KCI":0.0335,"Grape Seed Extract 90% polyphenols":0.005,"Broccoli Extract (glucoraphanin 10%)":0.0241,"Glycine":0.0248,"Theanine":0.0452,"Lactobacillus Acidophilus":0.07,"Lithium orotate":0.008,"Pomegranate Juice Extract (50% Polyphenols)":0.0066,"Potassium Iodate":0.0015,"Rhodiola 3% Rosavins / Salidroside 1%":0.0467,"Selenium":0.0024,"Glutathione reduced":0.0292,"Lutein":0.0099,"Luteolin":0.0093,"Cinnamon powder (ceylon) organic":0.0054,"Sodium Hyaluronate":0.0089,"Spermidine":0.0419,"Vitamin B1 (Thiamine HCl)":0.0018,"Vitamin B12 (Methylcobalamin)":0.0758,"Vitamin B2 (Riboflavin-5-Phosphate)":0.0404,"Vitamin B3 (Niacinamide)":0.0148,"Vitamin B5 (Calcium-D-Pantothenate)":0.0069,"Vitamin B6 (Pyridoxal-5- Phosphate)":0.0199,"Vitamin B7 (D-Biotin)":0.0178,"Vitamin C (Ascorbic Acid)":0.001,"Vitamin D Veg D3":0.043,"Vitamin E (d-alpha tocopherol)":0.0406,"Vitamin K1":0.0139,"Vitamin K2 MK-7 MCT Oil":0.0163,"Vitamin K2 MK-4 MCT Oil":0.0222,"Sunflower lecithin non-GMO":0.0181,"Phosphatidylcholine":0.0191,"Choline":0.0116,"Lycopene":0.0319,"Lysine":0.0078,"Taurine":0.0344,"Glucoraphanin":0.0044,"Ubiquinol":0.0026,"Zinc Citrate":0.0229,"Fiber":0.0041,"Blueberries":0.0356,"Macadamia nuts":0.0203,"Walnuts":0.0135,"Omega 3":0.0289,"Omega 6":0.064,"Calcium":0.0089,"EVOO polyphenols":0.0017,"Oleic acid":0.02,"Protein (plant)":0.0031,"Copper":0.0078,"Caffeine":0.0239,"Magnesium Citrate":0.0007,"Manganese Citrate":0.0505,"Curcuminoids":0.0036,"Fisetin (smoketree extract)":0.0098,"Garlic extract 12:1 odorless":0.0318,"Genistein (Japonica extract)":0.0012,"Milled Golden Flaxseed":0.0128,"SDG lignan":0.0159,"Phosphatidylinositol":0.0013,"Phosphatidylethanolamine":0.0445}],"vo2_max":23.2338}
