{"personal_data":[{"age":51,"gender":"M"}],"fitness_data":[{"Backwards Sled, 2 min":1,"Posture exercises":0,"Tricep extensions":1,"Face pulls":2,"Butterfly":5,"Band pull apart (back muscles)":5,"Back extensions (on a hyperextension)":3,"Obliques (each side, on a hyperextension)":1,"StretchesKneeling shin_Kneeling shin_":4,"StretchesHip flexor_Hip flexor_":4,"StretchesCouch_Couch_":2,"Leg raises (for abdomen)":0,"Seated calf raises":3,"Poliquin step ups":1,"Slant board squats":0,"ATG Split squats":5,"Nordics":3,"Reverse Nordics":1,"Tibialis raises,":0,"IsoTib ankle rotations":3,"Pull ups":3,"Chin ups":2,"10 min HIIT":1}],"supplement_vars":[{"N-Acetyl-L-Cysteine (NAC)":0.0128,"N-Acetyl-L-Cysteine (NAC) 2":0.0208,"Nicotinamide Riboside Chloride (NR)":0.018,"Zeaxanthin":0.0017,"Phosphorus":0.002,"Astaxanthin (Natural)":0.0082,"Boron Glycinate":0.0204,"CaAKG":0.0124,"Ashwagandha KSM66":0.0076,"Calcium L-5- Methyltetrahydrofolate (L-5-MTHF-Ca)":0.032,"Cocoa Powder (Non-Alkalised) 8+% Flavanols":0.0021,"Red Yeast Rice (2% Monacolin K)":0.0069,"Creatine Monohydrate":0.0574,"Ginger":0.0318,"Glucosamine Sulfate KCI":0.0383,"Grape Seed Extract 90% polyphenols":0.0082,"Broccoli Extract (glucoraphanin 10%)":0.0024,"Glycine":0.0118,"Theanine":0.0537,"Lactobacillus Acidophilus":0.0492,"Lithium orotate":0.0094,"Pomegranate Juice Extract (50% Polyphenols)":0.0337,"Potassium Iodate":0.0264,"Rhodiola 3% Rosavins / Salidroside 1%":0.0477,"Selenium":0.0074,"Glutathione reduced":0.0523,"Lutein":0.0033,"Luteolin":0.002,"Cinnamon powder (ceylon) organic":0.0005,"Sodium Hyaluronate":0.0107,"Spermidine":0.054,"Vitamin B1 (Thiamine HCl)":0.0104,"Vitamin B12 (Methylcobalamin)":0.0419,"Vitamin B2 (Riboflavin-5-Phosphate)":0.0476,"Vitamin B3 (Niacinamide)":0.0068,"Vitamin B5 (Calcium-D-Pantothenate)":0.0171,"Vitamin B6 (Pyridoxal-5- Phosphate)":0.0275,"Vitamin B7 (D-Biotin)":0.0228,"Vitamin C (Ascorbic Acid)":0.0056,"Vitamin D Veg D3":0.0455,"Vitamin E (d-alpha tocopherol)":0.0387,"Vitamin K1":0.0269,"Vitamin K2 MK-7 MCT Oil":0.0034,"Vitamin K2 MK-4 MCT Oil":0.009,"Sunflower lecithin non-GMO":0.0233,"Phosphatidylcholine":0.0332,"Choline":0.0085,"Lycopene":0.0564,"Lysine":0.0086,"Taurine":0.0253,"Glucoraphanin":0.0078,"Ubiquinol":0.0112,"Zinc Citrate":0.0218,"Fiber":0.002,"Blueberries":0.0099,"Macadamia nuts":0.0254,"Walnuts":0.0498,"Omega 3":0.0339,"Omega 6":0.0385,"Calcium":0.0531,"EVOO polyphenols":0.0024,"Oleic acid":0.0184,"Protein (plant)":0.0023,"Copper":0.0172,"Caffeine":0.0377,"Magnesium Citrate":0.0017,"Manganese Citrate":0.0574,"Curcuminoids":0.0051,"Fisetin (smoketree extract)":0.0187,"Garlic extract 12:1 odorless":0.0176,"Genistein (Japonica extract)":0.0103,"Milled Golden Flaxseed":0.0337,"SDG lignan":0.0466,"Phosphatidylinositol":0.0226,"Phosphatidylethanolamine":0.0474}],"vo2_max":26.6772}
