{"personal_data":[{"age":55,"gender":"F","name":"Leta Reichert"}],"fitness_data":[{"Backwards Sled, 2 min":2,"Posture exercises":5,"Tricep extensions":4,"Face pulls":2,"Butterfly":2,"Band pull apart (back muscles)":1,"Back extensions (on a hyperextension)":4,"Obliques (each side, on a hyperextension)":1,"StretchesKneeling shin_Kneeling shin_":2,"StretchesHip flexor_Hip flexor_":5,"StretchesCouch_Couch_":0,"Leg raises (for abdomen)":5,"Seated calf raises":1,"Poliquin step ups":2,"Slant board squats":1,"ATG Split squats":3,"Nordics":1,"Reverse Nordics":0,"Tibialis raises,":0,"IsoTib ankle rotations":3,"Pull ups":3,"Chin ups":1,"10 min HIIT":1}],"supplement_vars":[{"N-Acetyl-L-Cysteine (NAC)":0.0199,"N-Acetyl-L-Cysteine (NAC) 2":0.0174,"Nicotinamide Riboside Chloride (NR)":0.0046,"Zeaxanthin":0.0076,"Phosphorus":0.0177,"Astaxanthin (Natural)":0.0163,"Boron Glycinate":0.0003,"CaAKG":0.0018,"Ashwagandha KSM66":0.0086,"Calcium L-5- Methyltetrahydrofolate (L-5-MTHF-Ca)":0.0317,"Cocoa Powder (Non-Alkalised) 8+% Flavanols":0.0142,"Red Yeast Rice (2% Monacolin K)":0.0152,"Creatine Monohydrate":0.0662,"Ginger":0.0784,"Glucosamine Sulfate KCI":0.0283,"Grape Seed Extract 90% polyphenols":0.0067,"Broccoli Extract (glucoraphanin 10%)":0.0251,"Glycine":0.0052,"Theanine":0.0045,"Lactobacillus Acidophilus":0.0673,"Lithium orotate":0.0078,"Pomegranate Juice Extract (50% Polyphenols)":0.065,"Potassium Iodate":0.003,"Rhodiola 3% Rosavins / Salidroside 1%":0.0065,"Selenium":0.028,"Glutathione reduced":0.0385,"Lutein":0.0059,"Luteolin":0.0096,"Cinnamon powder (ceylon) organic":0.0036,"Sodium Hyaluronate":0.0006,"Spermidine":0.0073,"Vitamin B1 (Thiamine HCl)":0.0113,"Vitamin B12 (Methylcobalamin)":0.0743,"Vitamin B2 (Riboflavin-5-Phosphate)":0.0242,"Vitamin B3 (Niacinamide)":0.0624,"Vitamin B5 (Calcium-D-Pantothenate)":0.0047,"Vitamin B6 (Pyridoxal-5- Phosphate)":0.0016,"Vitamin B7 (D-Biotin)":0.0092,"Vitamin C (Ascorbic Acid)":0.0103,"Vitamin D Veg D3":0.0305,"Vitamin E (d-alpha tocopherol)":0.0034,"Vitamin K1":0.0621,"Vitamin K2 MK-7 MCT Oil":0.011,"Vitamin K2 MK-4 MCT Oil":0.0285,"Sunflower lecithin non-GMO":0.0348,"Phosphatidylcholine":0.0222,"Choline":0.0175,"Lycopene":0.0116,"Lysine":0.0012,"Taurine":0.0416,"Glucoraphanin":0.0164,"Ubiquinol":0.0064,"Zinc Citrate":0.0128,"Fiber":0.0014,"Blueberries":0.0135,"Macadamia nuts":0.0146,"Walnuts":0.0667,"Omega 3":0.0006,"Omega 6":0.0108,"Calcium":0.0657,"EVOO polyphenols":0.0024,"Oleic acid":0.014,"Protein (plant)":0.0016,"Copper":0.0082,"Caffeine":0.0084,"Magnesium Citrate":0.0022,"Manganese Citrate":0.0115,"Curcuminoids":0.0104,"Fisetin (smoketree extract)":0.0261,"Garlic extract 12:1 odorless":0.035,"Genistein (Japonica extract)":0.0182,"Milled Golden Flaxseed":0.0237,"SDG lignan":0.0185,"Phosphatidylinositol":0.0035,"Phosphatidylethanolamine":0.0074}],"vo2_max":25.0456}
