{"personal_data":[{"age":38,"gender":"F","name":"Mr. Dario Schultz"}],"fitness_data":[{"Backwards Sled, 2 min":1,"Posture exercises":3,"Tricep extensions":3,"Face pulls":1,"Butterfly":4,"Band pull apart (back muscles)":5,"Back extensions (on a hyperextension)":2,"Obliques (each side, on a hyperextension)":4,"StretchesKneeling shin_Kneeling shin_":4,"StretchesHip flexor_Hip flexor_":4,"StretchesCouch_Couch_":2,"Leg raises (for abdomen)":5,"Seated calf raises":0,"Poliquin step ups":4,"Slant board squats":3,"ATG Split squats":5,"Nordics":3,"Reverse Nordics":2,"Tibialis raises,":4,"IsoTib ankle rotations":0,"Pull ups":2,"Chin ups":1,"10 min HIIT":1}],"supplement_vars":[{"N-Acetyl-L-Cysteine (NAC)":0.0119,"N-Acetyl-L-Cysteine (NAC) 2":0.0096,"Nicotinamide Riboside Chloride (NR)":0.0142,"Zeaxanthin":0.008,"Phosphorus":0.0408,"Astaxanthin (Natural)":0.0123,"Boron Glycinate":0.0436,"CaAKG":0.0113,"Ashwagandha KSM66":0,"Calcium L-5- Methyltetrahydrofolate (L-5-MTHF-Ca)":0.0137,"Cocoa Powder (Non-Alkalised) 8+% Flavanols":0.0189,"Red Yeast Rice (2% Monacolin K)":0.0232,"Creatine Monohydrate":0.0356,"Ginger":0.0659,"Glucosamine Sulfate KCI":0.0579,"Grape Seed Extract 90% polyphenols":0.0005,"Broccoli Extract (glucoraphanin 10%)":0.0121,"Glycine":0.0151,"Theanine":0.0305,"Lactobacillus Acidophilus":0.0519,"Lithium orotate":0.0024,"Pomegranate Juice Extract (50% Polyphenols)":0.0261,"Potassium Iodate":0.0253,"Rhodiola 3% Rosavins / Salidroside 1%":0.0315,"Selenium":0.0258,"Glutathione reduced":0.028,"Lutein":0.0142,"Luteolin":0.005,"Cinnamon powder (ceylon) organic":0.0105,"Sodium Hyaluronate":0.0051,"Spermidine":0.054,"Vitamin B1 (Thiamine HCl)":0.0002,"Vitamin B12 (Methylcobalamin)":0.0282,"Vitamin B2 (Riboflavin-5-Phosphate)":0.0301,"Vitamin B3 (Niacinamide)":0.0288,"Vitamin B5 (Calcium-D-Pantothenate)":0.0047,"Vitamin B6 (Pyridoxal-5- Phosphate)":0.0484,"Vitamin B7 (D-Biotin)":0.029,"Vitamin C (Ascorbic Acid)":0.007,"Vitamin D Veg D3":0.0378,"Vitamin E (d-alpha tocopherol)":0.0328,"Vitamin K1":0.0574,"Vitamin K2 MK-7 MCT Oil":0.0005,"Vitamin K2 MK-4 MCT Oil":0.0314,"Sunflower lecithin non-GMO":0.0197,"Phosphatidylcholine":0.026,"Choline":0.0019,"Lycopene":0.0485,"Lysine":0.008,"Taurine":0.0007,"Glucoraphanin":0.0196,"Ubiquinol":0.0122,"Zinc Citrate":0.0242,"Fiber":0.0001,"Blueberries":0.0569,"Macadamia nuts":0.0255,"Walnuts":0.0683,"Omega 3":0.0145,"Omega 6":0.0223,"Calcium":0.0409,"EVOO polyphenols":0.0054,"Oleic acid":0.0189,"Protein (plant)":0.0017,"Copper":0.0198,"Caffeine":0.0545,"Magnesium Citrate":0.0181,"Manganese Citrate":0.0993,"Curcuminoids":0.0294,"Fisetin (smoketree extract)":0.0196,"Garlic extract 12:1 odorless":0.0285,"Genistein (Japonica extract)":0.0183,"Milled Golden Flaxseed":0.0248,"SDG lignan":0.021,"Phosphatidylinositol":0.0155,"Phosphatidylethanolamine":0.0194}],"vo2_max":35.7319}
