{"personal_data":[{"age":79,"gender":"M","name":"Kieran Durgan"}],"fitness_data":[{"Backwards Sled, 2 min":3,"Posture exercises":2,"Tricep extensions":3,"Face pulls":4,"Butterfly":1,"Band pull apart (back muscles)":5,"Back extensions (on a hyperextension)":4,"Obliques (each side, on a hyperextension)":3,"StretchesKneeling shin_Kneeling shin_":3,"StretchesHip flexor_Hip flexor_":1,"StretchesCouch_Couch_":0,"Leg raises (for abdomen)":2,"Seated calf raises":4,"Poliquin step ups":1,"Slant board squats":1,"ATG Split squats":1,"Nordics":2,"Reverse Nordics":2,"Tibialis raises,":0,"IsoTib ankle rotations":5,"Pull ups":0,"Chin ups":3,"10 min HIIT":3}],"supplement_vars":[{"N-Acetyl-L-Cysteine (NAC)":0.0074,"N-Acetyl-L-Cysteine (NAC) 2":0.0155,"Nicotinamide Riboside Chloride (NR)":0.0029,"Zeaxanthin":0.0061,"Phosphorus":0.0317,"Astaxanthin (Natural)":0.0012,"Boron Glycinate":0.0231,"CaAKG":0.0048,"Ashwagandha KSM66":0.0072,"Calcium L-5- Methyltetrahydrofolate (L-5-MTHF-Ca)":0.0427,"Cocoa Powder (Non-Alkalised) 8+% Flavanols":0.0128,"Red Yeast Rice (2% Monacolin K)":0.0092,"Creatine Monohydrate":0.0086,"Ginger":0.048,"Glucosamine Sulfate KCI":0.0536,"Grape Seed Extract 90% polyphenols":0.0094,"Broccoli Extract (glucoraphanin 10%)":0.0009,"Glycine":0.0001,"Theanine":0.0139,"Lactobacillus Acidophilus":0.0861,"Lithium orotate":0.0059,"Pomegranate Juice Extract (50% Polyphenols)":0.0588,"Potassium Iodate":0.0161,"Rhodiola 3% Rosavins / Salidroside 1%":0.0151,"Selenium":0.018,"Glutathione reduced":0.0468,"Lutein":0.0164,"Luteolin":0.0051,"Cinnamon powder (ceylon) organic":0.0154,"Sodium Hyaluronate":0.0007,"Spermidine":0.0532,"Vitamin B1 (Thiamine HCl)":0.0129,"Vitamin B12 (Methylcobalamin)":0.0794,"Vitamin B2 (Riboflavin-5-Phosphate)":0.0688,"Vitamin B3 (Niacinamide)":0.0547,"Vitamin B5 (Calcium-D-Pantothenate)":0.0101,"Vitamin B6 (Pyridoxal-5- Phosphate)":0.0215,"Vitamin B7 (D-Biotin)":0.0272,"Vitamin C (Ascorbic Acid)":0.0066,"Vitamin D Veg D3":0.0306,"Vitamin E (d-alpha tocopherol)":0.0112,"Vitamin K1":0.0669,"Vitamin K2 MK-7 MCT Oil":0.0276,"Vitamin K2 MK-4 MCT Oil":0.037,"Sunflower lecithin non-GMO":0.0199,"Phosphatidylcholine":0.0236,"Choline":0.0532,"Lycopene":0.0724,"Lysine":0.0048,"Taurine":0.018,"Glucoraphanin":0.017,"Ubiquinol":0.0104,"Zinc Citrate":0.0171,"Fiber":0.0032,"Blueberries":0.0432,"Macadamia nuts":0.0877,"Walnuts":0.0333,"Omega 3":0.0461,"Omega 6":0.0354,"Calcium":0.0006,"EVOO polyphenols":0.0064,"Oleic acid":0.0081,"Protein (plant)":0.004,"Copper":0.005,"Caffeine":0.0638,"Magnesium Citrate":0.0478,"Manganese Citrate":0.029,"Curcuminoids":0.0186,"Fisetin (smoketree extract)":0.0225,"Garlic extract 12:1 odorless":0.032,"Genistein (Japonica extract)":0.0146,"Milled Golden Flaxseed":0.02,"SDG lignan":0.0113,"Phosphatidylinositol":0.0256,"Phosphatidylethanolamine":0.0168}],"vo2_max":19.7996}
