{"personal_data":[{"age":63,"gender":"F","name":"Kenan Schultz MD"}],"fitness_data":[{"Backwards Sled, 2 min":1,"Posture exercises":1,"Tricep extensions":1,"Face pulls":4,"Butterfly":3,"Band pull apart (back muscles)":1,"Back extensions (on a hyperextension)":3,"Obliques (each side, on a hyperextension)":1,"StretchesKneeling shin_Kneeling shin_":2,"StretchesHip flexor_Hip flexor_":5,"StretchesCouch_Couch_":2,"Leg raises (for abdomen)":5,"Seated calf raises":2,"Poliquin step ups":0,"Slant board squats":3,"ATG Split squats":5,"Nordics":4,"Reverse Nordics":4,"Tibialis raises,":3,"IsoTib ankle rotations":2,"Pull ups":4,"Chin ups":3,"10 min HIIT":2}],"supplement_vars":[{"N-Acetyl-L-Cysteine (NAC)":0.014,"N-Acetyl-L-Cysteine (NAC) 2":0.0029,"Nicotinamide Riboside Chloride (NR)":0.0119,"Zeaxanthin":0.005,"Phosphorus":0.0368,"Astaxanthin (Natural)":0.0165,"Boron Glycinate":0.0107,"CaAKG":0.0081,"Ashwagandha KSM66":0.0061,"Calcium L-5- Methyltetrahydrofolate (L-5-MTHF-Ca)":0.0601,"Cocoa Powder (Non-Alkalised) 8+% Flavanols":0.0084,"Red Yeast Rice (2% Monacolin K)":0.0084,"Creatine Monohydrate":0.0548,"Ginger":0.0243,"Glucosamine Sulfate KCI":0.0387,"Grape Seed Extract 90% polyphenols":0.0078,"Broccoli Extract (glucoraphanin 10%)":0.0181,"Glycine":0.0107,"Theanine":0.0108,"Lactobacillus Acidophilus":0.0544,"Lithium orotate":0.0077,"Pomegranate Juice Extract (50% Polyphenols)":0.0297,"Potassium Iodate":0.0203,"Rhodiola 3% Rosavins / Salidroside 1%":0.001,"Selenium":0.0243,"Glutathione reduced":0.0104,"Lutein":0.0076,"Luteolin":0.01,"Cinnamon powder (ceylon) organic":0.0167,"Sodium Hyaluronate":0.0082,"Spermidine":0.0265,"Vitamin B1 (Thiamine HCl)":0.0092,"Vitamin B12 (Methylcobalamin)":0.0691,"Vitamin B2 (Riboflavin-5-Phosphate)":0.0067,"Vitamin B3 (Niacinamide)":0.0262,"Vitamin B5 (Calcium-D-Pantothenate)":0.0135,"Vitamin B6 (Pyridoxal-5- Phosphate)":0.0427,"Vitamin B7 (D-Biotin)":0.0088,"Vitamin C (Ascorbic Acid)":0.0075,"Vitamin D Veg D3":0.0295,"Vitamin E (d-alpha tocopherol)":0.0431,"Vitamin K1":0.043,"Vitamin K2 MK-7 MCT Oil":0.0063,"Vitamin K2 MK-4 MCT Oil":0.0017,"Sunflower lecithin non-GMO":0.0002,"Phosphatidylcholine":0.025,"Choline":0.0344,"Lycopene":0.0539,"Lysine":0.01,"Taurine":0.0095,"Glucoraphanin":0.0108,"Ubiquinol":0.0092,"Zinc Citrate":0.0163,"Fiber":0.0045,"Blueberries":0.0201,"Macadamia nuts":0.0809,"Walnuts":0.0301,"Omega 3":0.0484,"Omega 6":0.0417,"Calcium":0.0711,"EVOO polyphenols":0.0041,"Oleic acid":0.0162,"Protein (plant)":0.0048,"Copper":0.008,"Caffeine":0.0018,"Magnesium Citrate":0.0358,"Manganese Citrate":0.0598,"Curcuminoids":0.007,"Fisetin (smoketree extract)":0.0119,"Garlic extract 12:1 odorless":0.015,"Genistein (Japonica extract)":0.0038,"Milled Golden Flaxseed":0.0005,"SDG lignan":0.0295,"Phosphatidylinositol":0.0234,"Phosphatidylethanolamine":0.0113}],"vo2_max":21.2769}
