{"personal_data":[{"age":50,"gender":"F","name":"Miss Izabelle Reichel DVM"}],"fitness_data":[{"Backwards Sled, 2 min":0,"Posture exercises":1,"Tricep extensions":3,"Face pulls":0,"Butterfly":2,"Band pull apart (back muscles)":2,"Back extensions (on a hyperextension)":1,"Obliques (each side, on a hyperextension)":4,"StretchesKneeling shin_Kneeling shin_":4,"StretchesHip flexor_Hip flexor_":1,"StretchesCouch_Couch_":0,"Leg raises (for abdomen)":3,"Seated calf raises":3,"Poliquin step ups":1,"Slant board squats":7,"ATG Split squats":1,"Nordics":5,"Reverse Nordics":2,"Tibialis raises,":5,"IsoTib ankle rotations":4,"Pull ups":3,"Chin ups":4,"10 min HIIT":3}],"supplement_vars":[{"N-Acetyl-L-Cysteine (NAC)":0.0107,"N-Acetyl-L-Cysteine (NAC) 2":0.0061,"Nicotinamide Riboside Chloride (NR)":0.0001,"Zeaxanthin":0.0027,"Phosphorus":0.0208,"Astaxanthin (Natural)":0.0179,"Boron Glycinate":0.0127,"CaAKG":0.0117,"Ashwagandha KSM66":0.0054,"Calcium L-5- Methyltetrahydrofolate (L-5-MTHF-Ca)":0.0618,"Cocoa Powder (Non-Alkalised) 8+% Flavanols":0.0123,"Red Yeast Rice (2% Monacolin K)":0.0292,"Creatine Monohydrate":0.0419,"Ginger":0.0849,"Glucosamine Sulfate KCI":0.0153,"Grape Seed Extract 90% polyphenols":0.0037,"Broccoli Extract (glucoraphanin 10%)":0.0116,"Glycine":0.0225,"Theanine":0.0542,"Lactobacillus Acidophilus":0.0711,"Lithium orotate":0.0097,"Pomegranate Juice Extract (50% Polyphenols)":0.0045,"Potassium Iodate":0.0259,"Rhodiola 3% Rosavins / Salidroside 1%":0.0514,"Selenium":0.0217,"Glutathione reduced":0.0123,"Lutein":0.0231,"Luteolin":0.0015,"Cinnamon powder (ceylon) organic":0.0205,"Sodium Hyaluronate":0.0045,"Spermidine":0.049,"Vitamin B1 (Thiamine HCl)":0.0003,"Vitamin B12 (Methylcobalamin)":0.0178,"Vitamin B2 (Riboflavin-5-Phosphate)":0.0085,"Vitamin B3 (Niacinamide)":0.0366,"Vitamin B5 (Calcium-D-Pantothenate)":0.022,"Vitamin B6 (Pyridoxal-5- Phosphate)":0.0439,"Vitamin B7 (D-Biotin)":0.0059,"Vitamin C (Ascorbic Acid)":0.0042,"Vitamin D Veg D3":0.0307,"Vitamin E (d-alpha tocopherol)":0.0285,"Vitamin K1":0.0305,"Vitamin K2 MK-7 MCT Oil":0.0114,"Vitamin K2 MK-4 MCT Oil":0.0281,"Sunflower lecithin non-GMO":0.0231,"Phosphatidylcholine":0.0039,"Choline":0.0581,"Lycopene":0.0747,"Lysine":0.0092,"Taurine":0.0241,"Glucoraphanin":0.009,"Ubiquinol":0.0022,"Zinc Citrate":0.0265,"Fiber":0.0038,"Blueberries":0.0738,"Macadamia nuts":0.0129,"Walnuts":0.0188,"Omega 3":0.0055,"Omega 6":0.0606,"Calcium":0.0531,"EVOO polyphenols":0.0013,"Oleic acid":0.0199,"Protein (plant)":0.0012,"Copper":0.0078,"Caffeine":0.0145,"Magnesium Citrate":0.0518,"Manganese Citrate":0.0092,"Curcuminoids":0.0174,"Fisetin (smoketree extract)":0.0091,"Garlic extract 12:1 odorless":0.0293,"Genistein (Japonica extract)":0.0118,"Milled Golden Flaxseed":0.0073,"SDG lignan":0.0401,"Phosphatidylinositol":0.0098,"Phosphatidylethanolamine":0.0052}],"vo2_max":25.7282}
