{"personal_data":[{"age":34,"gender":"F","name":"Classie Ondricka"}],"fitness_data":[{"Backwards Sled, 2 min":0,"Posture exercises":1,"Tricep extensions":4,"Face pulls":4,"Butterfly":6,"Band pull apart (back muscles)":6,"Back extensions (on a hyperextension)":2,"Obliques (each side, on a hyperextension)":3,"StretchesKneeling shin_Kneeling shin_":4,"StretchesHip flexor_Hip flexor_":5,"StretchesCouch_Couch_":1,"Leg raises (for abdomen)":0,"Seated calf raises":3,"Poliquin step ups":2,"Slant board squats":3,"ATG Split squats":3,"Nordics":4,"Reverse Nordics":1,"Tibialis raises,":4,"IsoTib ankle rotations":0,"Pull ups":1,"Chin ups":0,"10 min HIIT":3}],"supplement_vars":[{"N-Acetyl-L-Cysteine (NAC)":0.0137,"N-Acetyl-L-Cysteine (NAC) 2":0.004,"Nicotinamide Riboside Chloride (NR)":0.0141,"Zeaxanthin":0.008,"Phosphorus":0.0073,"Astaxanthin (Natural)":0.0177,"Boron Glycinate":0.0136,"CaAKG":0.0067,"Ashwagandha KSM66":0.0056,"Calcium L-5- Methyltetrahydrofolate (L-5-MTHF-Ca)":0.0539,"Cocoa Powder (Non-Alkalised) 8+% Flavanols":0.0052,"Red Yeast Rice (2% Monacolin K)":0.0117,"Creatine Monohydrate":0.0417,"Ginger":0.0351,"Glucosamine Sulfate KCI":0.0307,"Grape Seed Extract 90% polyphenols":0.0021,"Broccoli Extract (glucoraphanin 10%)":0.0315,"Glycine":0.0162,"Theanine":0.0394,"Lactobacillus Acidophilus":0.0373,"Lithium orotate":0.0085,"Pomegranate Juice Extract (50% Polyphenols)":0.002,"Potassium Iodate":0.0362,"Rhodiola 3% Rosavins / Salidroside 1%":0.0226,"Selenium":0.0268,"Glutathione reduced":0.0018,"Lutein":0.0033,"Luteolin":0.0093,"Cinnamon powder (ceylon) organic":0.0068,"Sodium Hyaluronate":0.0016,"Spermidine":0.0164,"Vitamin B1 (Thiamine HCl)":0.0122,"Vitamin B12 (Methylcobalamin)":0.0492,"Vitamin B2 (Riboflavin-5-Phosphate)":0.0211,"Vitamin B3 (Niacinamide)":0.0632,"Vitamin B5 (Calcium-D-Pantothenate)":0.012,"Vitamin B6 (Pyridoxal-5- Phosphate)":0.0114,"Vitamin B7 (D-Biotin)":0.0173,"Vitamin C (Ascorbic Acid)":0.0115,"Vitamin D Veg D3":0.0418,"Vitamin E (d-alpha tocopherol)":0.0377,"Vitamin K1":0.0325,"Vitamin K2 MK-7 MCT Oil":0.0023,"Vitamin K2 MK-4 MCT Oil":0.0162,"Sunflower lecithin non-GMO":0.0348,"Phosphatidylcholine":0.0184,"Choline":0.0364,"Lycopene":0.0081,"Lysine":0.0073,"Taurine":0.0392,"Glucoraphanin":0.0124,"Ubiquinol":0.006,"Zinc Citrate":0.0124,"Fiber":0.0028,"Blueberries":0.0504,"Macadamia nuts":0.0586,"Walnuts":0.0367,"Omega 3":0.0383,"Omega 6":0.0434,"Calcium":0.0374,"EVOO polyphenols":0.0038,"Oleic acid":0.0225,"Protein (plant)":0.0028,"Copper":0.0157,"Caffeine":0.0114,"Magnesium Citrate":0.0013,"Manganese Citrate":0.0261,"Curcuminoids":0.0317,"Fisetin (smoketree extract)":0.0188,"Garlic extract 12:1 odorless":0.007,"Genistein (Japonica extract)":0.019,"Milled Golden Flaxseed":0.0138,"SDG lignan":0.0585,"Phosphatidylinositol":0.009,"Phosphatidylethanolamine":0.0321}],"vo2_max":31.8843}
