{"personal_data":[{"age":38,"gender":"F","name":"Ms. Tamatha Greenfelder"}],"fitness_data":[{"Backwards Sled, 2 min":1,"Posture exercises":2,"Tricep extensions":2,"Face pulls":0,"Butterfly":2,"Band pull apart (back muscles)":3,"Back extensions (on a hyperextension)":4,"Obliques (each side, on a hyperextension)":1,"StretchesKneeling shin_Kneeling shin_":2,"StretchesHip flexor_Hip flexor_":6,"StretchesCouch_Couch_":1,"Leg raises (for abdomen)":3,"Seated calf raises":3,"Poliquin step ups":4,"Slant board squats":1,"ATG Split squats":6,"Nordics":3,"Reverse Nordics":2,"Tibialis raises,":2,"IsoTib ankle rotations":2,"Pull ups":0,"Chin ups":0,"10 min HIIT":3}],"supplement_vars":[{"N-Acetyl-L-Cysteine (NAC)":0.0011,"N-Acetyl-L-Cysteine (NAC) 2":0.0082,"Nicotinamide Riboside Chloride (NR)":0.01,"Zeaxanthin":0.0139,"Phosphorus":0.0274,"Astaxanthin (Natural)":0.0216,"Boron Glycinate":0.0159,"CaAKG":0.0068,"Ashwagandha KSM66":0.0071,"Calcium L-5- Methyltetrahydrofolate (L-5-MTHF-Ca)":0.0113,"Cocoa Powder (Non-Alkalised) 8+% Flavanols":0.0035,"Red Yeast Rice (2% Monacolin K)":0.0181,"Creatine Monohydrate":0.0241,"Ginger":0.0796,"Glucosamine Sulfate KCI":0.0625,"Grape Seed Extract 90% polyphenols":0.0083,"Broccoli Extract (glucoraphanin 10%)":0.0089,"Glycine":0.0224,"Theanine":0.0516,"Lactobacillus Acidophilus":0.0651,"Lithium orotate":0.0067,"Pomegranate Juice Extract (50% Polyphenols)":0.0241,"Potassium Iodate":0.0367,"Rhodiola 3% Rosavins / Salidroside 1%":0.008,"Selenium":0.0384,"Glutathione reduced":0.0293,"Lutein":0.003,"Luteolin":0.0032,"Cinnamon powder (ceylon) organic":0.0185,"Sodium Hyaluronate":7.891e-06,"Spermidine":0.0454,"Vitamin B1 (Thiamine HCl)":0.0092,"Vitamin B12 (Methylcobalamin)":0.0459,"Vitamin B2 (Riboflavin-5-Phosphate)":0.0355,"Vitamin B3 (Niacinamide)":0.0669,"Vitamin B5 (Calcium-D-Pantothenate)":0.0108,"Vitamin B6 (Pyridoxal-5- Phosphate)":0.0233,"Vitamin B7 (D-Biotin)":0.0084,"Vitamin C (Ascorbic Acid)":0.0114,"Vitamin D Veg D3":0.0193,"Vitamin E (d-alpha tocopherol)":0.0353,"Vitamin K1":0.0473,"Vitamin K2 MK-7 MCT Oil":0.0177,"Vitamin K2 MK-4 MCT Oil":0.01,"Sunflower lecithin non-GMO":0.0083,"Phosphatidylcholine":0.0163,"Choline":0.0417,"Lycopene":0.0479,"Lysine":0.0063,"Taurine":0.0091,"Glucoraphanin":0.0338,"Ubiquinol":0.0068,"Zinc Citrate":0.0072,"Fiber":0.0052,"Blueberries":0.0777,"Macadamia nuts":0.0928,"Walnuts":0.0725,"Omega 3":0.0324,"Omega 6":0.0011,"Calcium":0.0671,"EVOO polyphenols":0.0062,"Oleic acid":0.012,"Protein (plant)":0.0011,"Copper":0.0208,"Caffeine":0.0014,"Magnesium Citrate":0.0455,"Manganese Citrate":0.025,"Curcuminoids":0.021,"Fisetin (smoketree extract)":0.0208,"Garlic extract 12:1 odorless":0.0398,"Genistein (Japonica extract)":0.0153,"Milled Golden Flaxseed":0.0206,"SDG lignan":0.0073,"Phosphatidylinositol":0.0117,"Phosphatidylethanolamine":0.0058}],"vo2_max":32.6779}
