{"personal_data":[{"age":32,"gender":"F","name":"Octavia Abshire"}],"fitness_data":[{"Backwards Sled, 2 min":1,"Posture exercises":1,"Tricep extensions":4,"Face pulls":5,"Butterfly":3,"Band pull apart (back muscles)":6,"Back extensions (on a hyperextension)":3,"Obliques (each side, on a hyperextension)":1,"StretchesKneeling shin_Kneeling shin_":0,"StretchesHip flexor_Hip flexor_":4,"StretchesCouch_Couch_":2,"Leg raises (for abdomen)":2,"Seated calf raises":2,"Poliquin step ups":2,"Slant board squats":1,"ATG Split squats":1,"Nordics":3,"Reverse Nordics":3,"Tibialis raises,":4,"IsoTib ankle rotations":4,"Pull ups":0,"Chin ups":0,"10 min HIIT":4}],"supplement_vars":[{"N-Acetyl-L-Cysteine (NAC)":0.0079,"N-Acetyl-L-Cysteine (NAC) 2":0.0005,"Nicotinamide Riboside Chloride (NR)":0.0067,"Zeaxanthin":0.0023,"Phosphorus":0.0098,"Astaxanthin (Natural)":0.0016,"Boron Glycinate":0.0101,"CaAKG":0.0088,"Ashwagandha KSM66":0.0005,"Calcium L-5- Methyltetrahydrofolate (L-5-MTHF-Ca)":0.0649,"Cocoa Powder (Non-Alkalised) 8+% Flavanols":0.0072,"Red Yeast Rice (2% Monacolin K)":0.0097,"Creatine Monohydrate":0.0054,"Ginger":0.0852,"Glucosamine Sulfate KCI":0.0476,"Grape Seed Extract 90% polyphenols":0.0028,"Broccoli Extract (glucoraphanin 10%)":0.031,"Glycine":0.0197,"Theanine":0.0413,"Lactobacillus Acidophilus":0.0641,"Lithium orotate":0.0006,"Pomegranate Juice Extract (50% Polyphenols)":0.0313,"Potassium Iodate":0.0039,"Rhodiola 3% Rosavins / Salidroside 1%":0.0301,"Selenium":0.0154,"Glutathione reduced":0.0458,"Lutein":0.0096,"Luteolin":0.0036,"Cinnamon powder (ceylon) organic":0.0107,"Sodium Hyaluronate":0.0089,"Spermidine":0.0901,"Vitamin B1 (Thiamine HCl)":0.0016,"Vitamin B12 (Methylcobalamin)":0.0291,"Vitamin B2 (Riboflavin-5-Phosphate)":0.0378,"Vitamin B3 (Niacinamide)":0.014,"Vitamin B5 (Calcium-D-Pantothenate)":0.0175,"Vitamin B6 (Pyridoxal-5- Phosphate)":0.0068,"Vitamin B7 (D-Biotin)":0.0002,"Vitamin C (Ascorbic Acid)":0.0004,"Vitamin D Veg D3":0.0129,"Vitamin E (d-alpha tocopherol)":0.0177,"Vitamin K1":0.0539,"Vitamin K2 MK-7 MCT Oil":0.0346,"Vitamin K2 MK-4 MCT Oil":0.0366,"Sunflower lecithin non-GMO":0.0383,"Phosphatidylcholine":0.0141,"Choline":0.0203,"Lycopene":0.0177,"Lysine":0.0062,"Taurine":0.005,"Glucoraphanin":0.0194,"Ubiquinol":0.0042,"Zinc Citrate":0.0134,"Fiber":0.0039,"Blueberries":0.0412,"Macadamia nuts":0.0015,"Walnuts":0.0181,"Omega 3":0.0269,"Omega 6":0.0444,"Calcium":0.0224,"EVOO polyphenols":0.0025,"Oleic acid":0.0172,"Protein (plant)":0.0028,"Copper":0.0236,"Caffeine":0.0621,"Magnesium Citrate":0.0132,"Manganese Citrate":0.097,"Curcuminoids":0.0484,"Fisetin (smoketree extract)":0.0266,"Garlic extract 12:1 odorless":0.0249,"Genistein (Japonica extract)":0.0101,"Milled Golden Flaxseed":0.0162,"SDG lignan":0.0466,"Phosphatidylinositol":0.0015,"Phosphatidylethanolamine":0.0237}],"vo2_max":31.7673}
