{"personal_data":[{"age":24,"gender":"F"}],"fitness_data":[{"Backwards Sled, 2 min":1,"Posture exercises":4,"Tricep extensions":2,"Face pulls":2,"Butterfly":3,"Band pull apart (back muscles)":1,"Back extensions (on a hyperextension)":2,"Obliques (each side, on a hyperextension)":3,"StretchesKneeling shin_Kneeling shin_":3,"StretchesHip flexor_Hip flexor_":1,"StretchesCouch_Couch_":2,"Leg raises (for abdomen)":1,"Seated calf raises":3,"Poliquin step ups":1,"Slant board squats":4,"ATG Split squats":0,"Nordics":4,"Reverse Nordics":1,"Tibialis raises,":1,"IsoTib ankle rotations":2,"Pull ups":2,"Chin ups":1,"10 min HIIT":1}],"supplement_vars":[{"N-Acetyl-L-Cysteine (NAC)":0.0044,"N-Acetyl-L-Cysteine (NAC) 2":0.016,"Nicotinamide Riboside Chloride (NR)":0.0162,"Zeaxanthin":0.005,"Phosphorus":0.0407,"Astaxanthin (Natural)":0.0103,"Boron Glycinate":0.0035,"CaAKG":0.0025,"Ashwagandha KSM66":0.0081,"Calcium L-5- Methyltetrahydrofolate (L-5-MTHF-Ca)":0.0233,"Cocoa Powder (Non-Alkalised) 8+% Flavanols":0.0052,"Red Yeast Rice (2% Monacolin K)":0.027,"Creatine Monohydrate":0.0297,"Ginger":0.0515,"Glucosamine Sulfate KCI":0.04,"Grape Seed Extract 90% polyphenols":0.007,"Broccoli Extract (glucoraphanin 10%)":0.025,"Glycine":0.0102,"Theanine":0.0445,"Lactobacillus Acidophilus":0.0642,"Lithium orotate":0.0022,"Pomegranate Juice Extract (50% Polyphenols)":0.0052,"Potassium Iodate":0.0067,"Rhodiola 3% Rosavins / Salidroside 1%":0.0278,"Selenium":0.0119,"Glutathione reduced":0.0203,"Lutein":0.0227,"Luteolin":0.0027,"Cinnamon powder (ceylon) organic":0.0142,"Sodium Hyaluronate":0.0043,"Spermidine":0.0613,"Vitamin B1 (Thiamine HCl)":0.0012,"Vitamin B12 (Methylcobalamin)":0.0802,"Vitamin B2 (Riboflavin-5-Phosphate)":0.0087,"Vitamin B3 (Niacinamide)":0.008,"Vitamin B5 (Calcium-D-Pantothenate)":0.0065,"Vitamin B6 (Pyridoxal-5- Phosphate)":0.0361,"Vitamin B7 (D-Biotin)":0.0114,"Vitamin C (Ascorbic Acid)":0.0095,"Vitamin D Veg D3":0.0391,"Vitamin E (d-alpha tocopherol)":0.0085,"Vitamin K1":0.0392,"Vitamin K2 MK-7 MCT Oil":0.0149,"Vitamin K2 MK-4 MCT Oil":0.0353,"Sunflower lecithin non-GMO":0.0336,"Phosphatidylcholine":0.0116,"Choline":0.0191,"Lycopene":0.0735,"Lysine":0.005,"Taurine":0.014,"Glucoraphanin":0.0051,"Ubiquinol":0.0062,"Zinc Citrate":0.0228,"Fiber":0.005,"Blueberries":0.0003,"Macadamia nuts":0.0599,"Walnuts":0.0425,"Omega 3":0.0157,"Omega 6":0.0049,"Calcium":0.0601,"EVOO polyphenols":0.0037,"Oleic acid":0.033,"Protein (plant)":0.0036,"Copper":0.001,"Caffeine":0.0026,"Magnesium Citrate":0.0065,"Manganese Citrate":0.0182,"Curcuminoids":0.0208,"Fisetin (smoketree extract)":0.0193,"Garlic extract 12:1 odorless":0.0226,"Genistein (Japonica extract)":0.0049,"Milled Golden Flaxseed":0.0121,"SDG lignan":0.0425,"Phosphatidylinositol":0.0189,"Phosphatidylethanolamine":0.0304}],"vo2_max":34.1324}
