{"personal_data":[{"age":45,"gender":"F","name":"Dr. Pablo Hirthe"}],"fitness_data":[{"Backwards Sled, 2 min":4,"Posture exercises":3,"Tricep extensions":2,"Face pulls":4,"Butterfly":2,"Band pull apart (back muscles)":3,"Back extensions (on a hyperextension)":2,"Obliques (each side, on a hyperextension)":3,"StretchesKneeling shin_Kneeling shin_":0,"StretchesHip flexor_Hip flexor_":4,"StretchesCouch_Couch_":2,"Leg raises (for abdomen)":4,"Seated calf raises":0,"Poliquin step ups":1,"Slant board squats":3,"ATG Split squats":2,"Nordics":1,"Reverse Nordics":0,"Tibialis raises,":1,"IsoTib ankle rotations":2,"Pull ups":4,"Chin ups":2,"10 min HIIT":4}],"supplement_vars":[{"N-Acetyl-L-Cysteine (NAC)":0.0009,"N-Acetyl-L-Cysteine (NAC) 2":0.0079,"Nicotinamide Riboside Chloride (NR)":0.0172,"Zeaxanthin":0.0029,"Phosphorus":0.0344,"Astaxanthin (Natural)":0.0103,"Boron Glycinate":0.045,"CaAKG":0.0028,"Ashwagandha KSM66":0.0015,"Calcium L-5- Methyltetrahydrofolate (L-5-MTHF-Ca)":0.0264,"Cocoa Powder (Non-Alkalised) 8+% Flavanols":0.009,"Red Yeast Rice (2% Monacolin K)":0.0057,"Creatine Monohydrate":0.0257,"Ginger":0.0583,"Glucosamine Sulfate KCI":0.0442,"Grape Seed Extract 90% polyphenols":0.0038,"Broccoli Extract (glucoraphanin 10%)":0.0171,"Glycine":0.0131,"Theanine":0.0145,"Lactobacillus Acidophilus":0.0019,"Lithium orotate":0.0013,"Pomegranate Juice Extract (50% Polyphenols)":0.0636,"Potassium Iodate":0.0174,"Rhodiola 3% Rosavins / Salidroside 1%":0.0355,"Selenium":0.0063,"Glutathione reduced":0.0561,"Lutein":0.0126,"Luteolin":0.0042,"Cinnamon powder (ceylon) organic":0.0005,"Sodium Hyaluronate":0,"Spermidine":0.0255,"Vitamin B1 (Thiamine HCl)":0.0124,"Vitamin B12 (Methylcobalamin)":0.0494,"Vitamin B2 (Riboflavin-5-Phosphate)":0.0173,"Vitamin B3 (Niacinamide)":0.0469,"Vitamin B5 (Calcium-D-Pantothenate)":0.0141,"Vitamin B6 (Pyridoxal-5- Phosphate)":0.0023,"Vitamin B7 (D-Biotin)":0.034,"Vitamin C (Ascorbic Acid)":0.0104,"Vitamin D Veg D3":0.0026,"Vitamin E (d-alpha tocopherol)":0.0077,"Vitamin K1":0.027,"Vitamin K2 MK-7 MCT Oil":0.0071,"Vitamin K2 MK-4 MCT Oil":0.0294,"Sunflower lecithin non-GMO":0.0302,"Phosphatidylcholine":0.0131,"Choline":0.0603,"Lycopene":0.0544,"Lysine":0.001,"Taurine":0.0273,"Glucoraphanin":0.0192,"Ubiquinol":0.0117,"Zinc Citrate":0.0171,"Fiber":0.0046,"Blueberries":0.0498,"Macadamia nuts":0.0654,"Walnuts":0.0622,"Omega 3":0.0407,"Omega 6":0.0608,"Calcium":0.0722,"EVOO polyphenols":0.0036,"Oleic acid":0.0111,"Protein (plant)":0.0023,"Copper":0.0077,"Caffeine":0.0126,"Magnesium Citrate":0.0134,"Manganese Citrate":0.0556,"Curcuminoids":0.0525,"Fisetin (smoketree extract)":0.0296,"Garlic extract 12:1 odorless":0.0145,"Genistein (Japonica extract)":0.0076,"Milled Golden Flaxseed":0.0303,"SDG lignan":0.0219,"Phosphatidylinositol":0.02,"Phosphatidylethanolamine":0.0262}],"vo2_max":32.5093}
