{"personal_data":[{"age":48,"gender":"F","name":"Jaheim Wolff"}],"fitness_data":[{"Backwards Sled, 2 min":4,"Posture exercises":1,"Tricep extensions":0,"Face pulls":1,"Butterfly":6,"Band pull apart (back muscles)":1,"Back extensions (on a hyperextension)":3,"Obliques (each side, on a hyperextension)":3,"StretchesKneeling shin_Kneeling shin_":2,"StretchesHip flexor_Hip flexor_":3,"StretchesCouch_Couch_":2,"Leg raises (for abdomen)":4,"Seated calf raises":3,"Poliquin step ups":0,"Slant board squats":3,"ATG Split squats":4,"Nordics":0,"Reverse Nordics":0,"Tibialis raises,":1,"IsoTib ankle rotations":5,"Pull ups":2,"Chin ups":3,"10 min HIIT":1}],"supplement_vars":[{"N-Acetyl-L-Cysteine (NAC)":0.0034,"N-Acetyl-L-Cysteine (NAC) 2":0.0036,"Nicotinamide Riboside Chloride (NR)":0.0134,"Zeaxanthin":0.0048,"Phosphorus":0.0387,"Astaxanthin (Natural)":0.0217,"Boron Glycinate":0.0094,"CaAKG":0.011,"Ashwagandha KSM66":0.0022,"Calcium L-5- Methyltetrahydrofolate (L-5-MTHF-Ca)":0.0312,"Cocoa Powder (Non-Alkalised) 8+% Flavanols":0.0095,"Red Yeast Rice (2% Monacolin K)":0.0243,"Creatine Monohydrate":0.0616,"Ginger":0.0565,"Glucosamine Sulfate KCI":0.0693,"Grape Seed Extract 90% polyphenols":0.0015,"Broccoli Extract (glucoraphanin 10%)":0.0169,"Glycine":0.0262,"Theanine":0.0321,"Lactobacillus Acidophilus":0.0412,"Lithium orotate":0.0071,"Pomegranate Juice Extract (50% Polyphenols)":0.0251,"Potassium Iodate":0.0116,"Rhodiola 3% Rosavins / Salidroside 1%":0.0134,"Selenium":0.0404,"Glutathione reduced":0.008,"Lutein":0.0163,"Luteolin":0.0049,"Cinnamon powder (ceylon) organic":0.0231,"Sodium Hyaluronate":0.0084,"Spermidine":0.065,"Vitamin B1 (Thiamine HCl)":0.0034,"Vitamin B12 (Methylcobalamin)":0.0107,"Vitamin B2 (Riboflavin-5-Phosphate)":0.013,"Vitamin B3 (Niacinamide)":0.0485,"Vitamin B5 (Calcium-D-Pantothenate)":0.0176,"Vitamin B6 (Pyridoxal-5- Phosphate)":0.0001,"Vitamin B7 (D-Biotin)":0.015,"Vitamin C (Ascorbic Acid)":0.0047,"Vitamin D Veg D3":0.0039,"Vitamin E (d-alpha tocopherol)":0.0422,"Vitamin K1":0.0015,"Vitamin K2 MK-7 MCT Oil":0.027,"Vitamin K2 MK-4 MCT Oil":0.0365,"Sunflower lecithin non-GMO":0.0332,"Phosphatidylcholine":0.0028,"Choline":0.0221,"Lycopene":0.0305,"Lysine":0.0054,"Taurine":0.0024,"Glucoraphanin":0.0164,"Ubiquinol":0.0082,"Zinc Citrate":0.0295,"Fiber":0.0026,"Blueberries":0.0734,"Macadamia nuts":0.0317,"Walnuts":0.038,"Omega 3":0.0075,"Omega 6":0.0027,"Calcium":0.0547,"EVOO polyphenols":0.0031,"Oleic acid":0.0038,"Protein (plant)":0.002,"Copper":0.0006,"Caffeine":0.064,"Magnesium Citrate":0.0033,"Manganese Citrate":0.0059,"Curcuminoids":0.04,"Fisetin (smoketree extract)":0.0362,"Garlic extract 12:1 odorless":0.0131,"Genistein (Japonica extract)":0.0214,"Milled Golden Flaxseed":0.0338,"SDG lignan":0.0185,"Phosphatidylinositol":0.0046,"Phosphatidylethanolamine":0.0272}],"vo2_max":29.3161}
