{"personal_data":[{"age":28,"gender":"M","name":"Leatha Mante-Flatley"}],"fitness_data":[{"Backwards Sled, 2 min":3,"Posture exercises":1,"Tricep extensions":3,"Face pulls":0,"Butterfly":4,"Band pull apart (back muscles)":3,"Back extensions (on a hyperextension)":2,"Obliques (each side, on a hyperextension)":0,"StretchesKneeling shin_Kneeling shin_":2,"StretchesHip flexor_Hip flexor_":0,"StretchesCouch_Couch_":3,"Leg raises (for abdomen)":3,"Seated calf raises":3,"Poliquin step ups":1,"Slant board squats":6,"ATG Split squats":0,"Nordics":5,"Reverse Nordics":4,"Tibialis raises,":2,"IsoTib ankle rotations":2,"Pull ups":3,"Chin ups":2,"10 min HIIT":4}],"supplement_vars":[{"N-Acetyl-L-Cysteine (NAC)":0.0119,"N-Acetyl-L-Cysteine (NAC) 2":0.0137,"Nicotinamide Riboside Chloride (NR)":0.0116,"Zeaxanthin":0.0068,"Phosphorus":0.0049,"Astaxanthin (Natural)":0.0217,"Boron Glycinate":0.0105,"CaAKG":0.0107,"Ashwagandha KSM66":0.0014,"Calcium L-5- Methyltetrahydrofolate (L-5-MTHF-Ca)":0.0101,"Cocoa Powder (Non-Alkalised) 8+% Flavanols":0.0058,"Red Yeast Rice (2% Monacolin K)":0.0254,"Creatine Monohydrate":0.026,"Ginger":0.0689,"Glucosamine Sulfate KCI":0.0383,"Grape Seed Extract 90% polyphenols":0.0114,"Broccoli Extract (glucoraphanin 10%)":0.033,"Glycine":0.0112,"Theanine":0.0286,"Lactobacillus Acidophilus":0.0763,"Lithium orotate":0.0009,"Pomegranate Juice Extract (50% Polyphenols)":0.0132,"Potassium Iodate":0.0305,"Rhodiola 3% Rosavins / Salidroside 1%":0.0372,"Selenium":0.0009,"Glutathione reduced":0.0438,"Lutein":0.0128,"Luteolin":0.0075,"Cinnamon powder (ceylon) organic":0.0107,"Sodium Hyaluronate":0.0053,"Spermidine":0.063,"Vitamin B1 (Thiamine HCl)":0.011,"Vitamin B12 (Methylcobalamin)":0.0597,"Vitamin B2 (Riboflavin-5-Phosphate)":0.0104,"Vitamin B3 (Niacinamide)":0.0393,"Vitamin B5 (Calcium-D-Pantothenate)":0.0181,"Vitamin B6 (Pyridoxal-5- Phosphate)":0.0312,"Vitamin B7 (D-Biotin)":0.0242,"Vitamin C (Ascorbic Acid)":0.0064,"Vitamin D Veg D3":0.0352,"Vitamin E (d-alpha tocopherol)":0.0062,"Vitamin K1":0.0507,"Vitamin K2 MK-7 MCT Oil":0.0105,"Vitamin K2 MK-4 MCT Oil":0.0262,"Sunflower lecithin non-GMO":0.0304,"Phosphatidylcholine":0.0029,"Choline":0.0584,"Lycopene":0.0732,"Lysine":0.0003,"Taurine":0.0402,"Glucoraphanin":0.0317,"Ubiquinol":0.0018,"Zinc Citrate":0.0158,"Fiber":0.0014,"Blueberries":0.0525,"Macadamia nuts":0.0792,"Walnuts":0.0611,"Omega 3":0.0059,"Omega 6":0.0164,"Calcium":0.0451,"EVOO polyphenols":0.0058,"Oleic acid":0.0232,"Protein (plant)":0.0042,"Copper":0.021,"Caffeine":0.0346,"Magnesium Citrate":0.0454,"Manganese Citrate":0.0359,"Curcuminoids":0.018,"Fisetin (smoketree extract)":0.0149,"Garlic extract 12:1 odorless":0.0441,"Genistein (Japonica extract)":0.0128,"Milled Golden Flaxseed":0.0302,"SDG lignan":0.0384,"Phosphatidylinositol":0.0051,"Phosphatidylethanolamine":0.0534}],"vo2_max":37.2781}
