{"personal_data":[{"age":76,"gender":"F","name":"Irene Mitchell"}],"fitness_data":[{"Backwards Sled, 2 min":1,"Posture exercises":2,"Tricep extensions":3,"Face pulls":4,"Butterfly":1,"Band pull apart (back muscles)":2,"Back extensions (on a hyperextension)":0,"Obliques (each side, on a hyperextension)":3,"StretchesKneeling shin_Kneeling shin_":5,"StretchesHip flexor_Hip flexor_":1,"StretchesCouch_Couch_":1,"Leg raises (for abdomen)":2,"Seated calf raises":1,"Poliquin step ups":0,"Slant board squats":5,"ATG Split squats":5,"Nordics":5,"Reverse Nordics":1,"Tibialis raises,":1,"IsoTib ankle rotations":5,"Pull ups":2,"Chin ups":4,"10 min HIIT":0}],"supplement_vars":[{"N-Acetyl-L-Cysteine (NAC)":0.0199,"N-Acetyl-L-Cysteine (NAC) 2":0.0139,"Nicotinamide Riboside Chloride (NR)":0.0032,"Zeaxanthin":0.012,"Phosphorus":0.0067,"Astaxanthin (Natural)":0.0212,"Boron Glycinate":0.0076,"CaAKG":0.0073,"Ashwagandha KSM66":0.0002,"Calcium L-5- Methyltetrahydrofolate (L-5-MTHF-Ca)":0.0352,"Cocoa Powder (Non-Alkalised) 8+% Flavanols":0.0066,"Red Yeast Rice (2% Monacolin K)":0.0089,"Creatine Monohydrate":0.0535,"Ginger":0.0482,"Glucosamine Sulfate KCI":0.0102,"Grape Seed Extract 90% polyphenols":0.0105,"Broccoli Extract (glucoraphanin 10%)":0.0055,"Glycine":0.0293,"Theanine":0.0584,"Lactobacillus Acidophilus":0.0175,"Lithium orotate":0.0054,"Pomegranate Juice Extract (50% Polyphenols)":0.023,"Potassium Iodate":0.0268,"Rhodiola 3% Rosavins / Salidroside 1%":0.0136,"Selenium":0.0019,"Glutathione reduced":0.0526,"Lutein":0.0172,"Luteolin":0.0023,"Cinnamon powder (ceylon) organic":0.0242,"Sodium Hyaluronate":0.009,"Spermidine":0.0456,"Vitamin B1 (Thiamine HCl)":0.0035,"Vitamin B12 (Methylcobalamin)":0.067,"Vitamin B2 (Riboflavin-5-Phosphate)":0.0342,"Vitamin B3 (Niacinamide)":0.0238,"Vitamin B5 (Calcium-D-Pantothenate)":0.0142,"Vitamin B6 (Pyridoxal-5- Phosphate)":0.0461,"Vitamin B7 (D-Biotin)":0.0106,"Vitamin C (Ascorbic Acid)":0.0011,"Vitamin D Veg D3":0.0053,"Vitamin E (d-alpha tocopherol)":0.008,"Vitamin K1":0.0657,"Vitamin K2 MK-7 MCT Oil":0.0339,"Vitamin K2 MK-4 MCT Oil":0.0135,"Sunflower lecithin non-GMO":0.0101,"Phosphatidylcholine":0.0324,"Choline":0.0507,"Lycopene":0.0679,"Lysine":0.0122,"Taurine":0.0001,"Glucoraphanin":0.0136,"Ubiquinol":0.0129,"Zinc Citrate":0.0207,"Fiber":0.0031,"Blueberries":0.0709,"Macadamia nuts":0.0586,"Walnuts":0.0022,"Omega 3":0.0041,"Omega 6":0.0142,"Calcium":0.0181,"EVOO polyphenols":0.0052,"Oleic acid":0.0222,"Protein (plant)":0.0037,"Copper":0.0044,"Caffeine":0.0597,"Magnesium Citrate":0.0534,"Manganese Citrate":0.0957,"Curcuminoids":0.0075,"Fisetin (smoketree extract)":0.0016,"Garlic extract 12:1 odorless":0.0163,"Genistein (Japonica extract)":0.0049,"Milled Golden Flaxseed":0.008,"SDG lignan":0.0079,"Phosphatidylinositol":0.0152,"Phosphatidylethanolamine":0.0255}],"vo2_max":19.053}
