{"personal_data":[{"age":44,"gender":"F","name":"Roselyn Prosacco"}],"fitness_data":[{"Backwards Sled, 2 min":0,"Posture exercises":2,"Tricep extensions":2,"Face pulls":0,"Butterfly":2,"Band pull apart (back muscles)":5,"Back extensions (on a hyperextension)":1,"Obliques (each side, on a hyperextension)":2,"StretchesKneeling shin_Kneeling shin_":4,"StretchesHip flexor_Hip flexor_":5,"StretchesCouch_Couch_":2,"Leg raises (for abdomen)":1,"Seated calf raises":2,"Poliquin step ups":3,"Slant board squats":0,"ATG Split squats":2,"Nordics":1,"Reverse Nordics":0,"Tibialis raises,":1,"IsoTib ankle rotations":4,"Pull ups":1,"Chin ups":4,"10 min HIIT":3}],"supplement_vars":[{"N-Acetyl-L-Cysteine (NAC)":0.0157,"N-Acetyl-L-Cysteine (NAC) 2":0.0162,"Nicotinamide Riboside Chloride (NR)":0.0104,"Zeaxanthin":0.0003,"Phosphorus":0.0406,"Astaxanthin (Natural)":0.0095,"Boron Glycinate":0.0353,"CaAKG":0,"Ashwagandha KSM66":0.0013,"Calcium L-5- Methyltetrahydrofolate (L-5-MTHF-Ca)":0.0403,"Cocoa Powder (Non-Alkalised) 8+% Flavanols":0.0113,"Red Yeast Rice (2% Monacolin K)":0.0193,"Creatine Monohydrate":0.0478,"Ginger":0.0304,"Glucosamine Sulfate KCI":0.0002,"Grape Seed Extract 90% polyphenols":0.012,"Broccoli Extract (glucoraphanin 10%)":0.0239,"Glycine":0.0165,"Theanine":0.0412,"Lactobacillus Acidophilus":0.0291,"Lithium orotate":0.0004,"Pomegranate Juice Extract (50% Polyphenols)":0.0403,"Potassium Iodate":0.0379,"Rhodiola 3% Rosavins / Salidroside 1%":0.0198,"Selenium":0.0139,"Glutathione reduced":0.0301,"Lutein":0.0077,"Luteolin":0.0059,"Cinnamon powder (ceylon) organic":0.0119,"Sodium Hyaluronate":0.0023,"Spermidine":0.0622,"Vitamin B1 (Thiamine HCl)":0.0154,"Vitamin B12 (Methylcobalamin)":0.0353,"Vitamin B2 (Riboflavin-5-Phosphate)":0.0002,"Vitamin B3 (Niacinamide)":0.0419,"Vitamin B5 (Calcium-D-Pantothenate)":0.0031,"Vitamin B6 (Pyridoxal-5- Phosphate)":0.011,"Vitamin B7 (D-Biotin)":0.0145,"Vitamin C (Ascorbic Acid)":0.0005,"Vitamin D Veg D3":0.0128,"Vitamin E (d-alpha tocopherol)":0.0466,"Vitamin K1":0.0428,"Vitamin K2 MK-7 MCT Oil":0.0196,"Vitamin K2 MK-4 MCT Oil":0.0074,"Sunflower lecithin non-GMO":0.035,"Phosphatidylcholine":0.0263,"Choline":0.03,"Lycopene":0.0643,"Lysine":0.0017,"Taurine":0.0029,"Glucoraphanin":0.0184,"Ubiquinol":0.0005,"Zinc Citrate":0.0114,"Fiber":0.0019,"Blueberries":0.0401,"Macadamia nuts":0.0593,"Walnuts":0.0122,"Omega 3":0.0287,"Omega 6":0.0284,"Calcium":0.0513,"EVOO polyphenols":0.0044,"Oleic acid":0.0153,"Protein (plant)":0.002,"Copper":0,"Caffeine":0.0486,"Magnesium Citrate":0.0206,"Manganese Citrate":0.0888,"Curcuminoids":0.0002,"Fisetin (smoketree extract)":0.0364,"Garlic extract 12:1 odorless":0.0396,"Genistein (Japonica extract)":0.0095,"Milled Golden Flaxseed":0.0037,"SDG lignan":0.0295,"Phosphatidylinositol":1.6438e-06,"Phosphatidylethanolamine":0.0019}],"vo2_max":27.8801}
