{"personal_data":[{"age":41,"gender":"F"}],"fitness_data":[{"Backwards Sled, 2 min":2,"Posture exercises":3,"Tricep extensions":3,"Face pulls":5,"Butterfly":2,"Band pull apart (back muscles)":5,"Back extensions (on a hyperextension)":1,"Obliques (each side, on a hyperextension)":0,"StretchesKneeling shin_Kneeling shin_":0,"StretchesHip flexor_Hip flexor_":4,"StretchesCouch_Couch_":3,"Leg raises (for abdomen)":5,"Seated calf raises":4,"Poliquin step ups":2,"Slant board squats":3,"ATG Split squats":0,"Nordics":2,"Reverse Nordics":1,"Tibialis raises,":3,"IsoTib ankle rotations":4,"Pull ups":2,"Chin ups":1,"10 min HIIT":0}],"supplement_vars":[{"N-Acetyl-L-Cysteine (NAC)":0.0087,"N-Acetyl-L-Cysteine (NAC) 2":0.0001,"Nicotinamide Riboside Chloride (NR)":0.003,"Zeaxanthin":0.0061,"Phosphorus":0.0023,"Astaxanthin (Natural)":0.0145,"Boron Glycinate":0.0123,"CaAKG":0.0117,"Ashwagandha KSM66":0.009,"Calcium L-5- Methyltetrahydrofolate (L-5-MTHF-Ca)":0.0685,"Cocoa Powder (Non-Alkalised) 8+% Flavanols":0.0215,"Red Yeast Rice (2% Monacolin K)":0.0109,"Creatine Monohydrate":0.037,"Ginger":0.0265,"Glucosamine Sulfate KCI":0.0545,"Grape Seed Extract 90% polyphenols":0.0103,"Broccoli Extract (glucoraphanin 10%)":0.0127,"Glycine":0.0071,"Theanine":0.0202,"Lactobacillus Acidophilus":0.0772,"Lithium orotate":0.0082,"Pomegranate Juice Extract (50% Polyphenols)":0.0697,"Potassium Iodate":0.0077,"Rhodiola 3% Rosavins / Salidroside 1%":0.045,"Selenium":0.0183,"Glutathione reduced":0.0104,"Lutein":0.0005,"Luteolin":0.0064,"Cinnamon powder (ceylon) organic":0.0207,"Sodium Hyaluronate":0.0017,"Spermidine":0.0479,"Vitamin B1 (Thiamine HCl)":0.0044,"Vitamin B12 (Methylcobalamin)":0.0689,"Vitamin B2 (Riboflavin-5-Phosphate)":0.0272,"Vitamin B3 (Niacinamide)":0.012,"Vitamin B5 (Calcium-D-Pantothenate)":0.0113,"Vitamin B6 (Pyridoxal-5- Phosphate)":0.0121,"Vitamin B7 (D-Biotin)":0.0193,"Vitamin C (Ascorbic Acid)":0.0002,"Vitamin D Veg D3":0.0124,"Vitamin E (d-alpha tocopherol)":0.0407,"Vitamin K1":0.0288,"Vitamin K2 MK-7 MCT Oil":0.0164,"Vitamin K2 MK-4 MCT Oil":0.0007,"Sunflower lecithin non-GMO":0.0033,"Phosphatidylcholine":0.0151,"Choline":0.0064,"Lycopene":0.0218,"Lysine":0.0111,"Taurine":0.0447,"Glucoraphanin":0.0154,"Ubiquinol":0.0125,"Zinc Citrate":0.0071,"Fiber":0.0033,"Blueberries":0.0193,"Macadamia nuts":0.0151,"Walnuts":0.011,"Omega 3":0.0492,"Omega 6":0.0106,"Calcium":0.0293,"EVOO polyphenols":0.0059,"Oleic acid":0.0104,"Protein (plant)":0.0049,"Copper":0.0059,"Caffeine":0.0288,"Magnesium Citrate":0.0469,"Manganese Citrate":0.0528,"Curcuminoids":0.0457,"Fisetin (smoketree extract)":0.0041,"Garlic extract 12:1 odorless":0.0384,"Genistein (Japonica extract)":0.006,"Milled Golden Flaxseed":0.0269,"SDG lignan":0.0174,"Phosphatidylinositol":0.0229,"Phosphatidylethanolamine":0.0037}],"vo2_max":26.7759}
