{"personal_data":[{"age":37,"gender":"M"}],"fitness_data":[{"Backwards Sled, 2 min":4,"Posture exercises":0,"Tricep extensions":1,"Face pulls":2,"Butterfly":1,"Band pull apart (back muscles)":5,"Back extensions (on a hyperextension)":2,"Obliques (each side, on a hyperextension)":1,"StretchesKneeling shin_Kneeling shin_":2,"StretchesHip flexor_Hip flexor_":1,"StretchesCouch_Couch_":2,"Leg raises (for abdomen)":3,"Seated calf raises":4,"Poliquin step ups":1,"Slant board squats":6,"ATG Split squats":3,"Nordics":2,"Reverse Nordics":4,"Tibialis raises,":4,"IsoTib ankle rotations":5,"Pull ups":2,"Chin ups":1,"10 min HIIT":1}],"supplement_vars":[{"N-Acetyl-L-Cysteine (NAC)":0.0185,"N-Acetyl-L-Cysteine (NAC) 2":0.0132,"Nicotinamide Riboside Chloride (NR)":0.0186,"Zeaxanthin":0.012,"Phosphorus":0.0093,"Astaxanthin (Natural)":0.0181,"Boron Glycinate":0.0313,"CaAKG":0.0103,"Ashwagandha KSM66":0.0028,"Calcium L-5- Methyltetrahydrofolate (L-5-MTHF-Ca)":0.0455,"Cocoa Powder (Non-Alkalised) 8+% Flavanols":0.0077,"Red Yeast Rice (2% Monacolin K)":0.0226,"Creatine Monohydrate":0.0326,"Ginger":0.0311,"Glucosamine Sulfate KCI":0.0383,"Grape Seed Extract 90% polyphenols":0.0104,"Broccoli Extract (glucoraphanin 10%)":0.0238,"Glycine":0.0088,"Theanine":0.055,"Lactobacillus Acidophilus":0.0519,"Lithium orotate":0.0002,"Pomegranate Juice Extract (50% Polyphenols)":0.0157,"Potassium Iodate":0.036,"Rhodiola 3% Rosavins / Salidroside 1%":0.0525,"Selenium":0.0017,"Glutathione reduced":0.0069,"Lutein":0.0065,"Luteolin":0.0089,"Cinnamon powder (ceylon) organic":0.0171,"Sodium Hyaluronate":0.0061,"Spermidine":0.0007,"Vitamin B1 (Thiamine HCl)":0.0033,"Vitamin B12 (Methylcobalamin)":0.0868,"Vitamin B2 (Riboflavin-5-Phosphate)":0.0006,"Vitamin B3 (Niacinamide)":0.0639,"Vitamin B5 (Calcium-D-Pantothenate)":0.0063,"Vitamin B6 (Pyridoxal-5- Phosphate)":0.0368,"Vitamin B7 (D-Biotin)":0.0117,"Vitamin C (Ascorbic Acid)":0.007,"Vitamin D Veg D3":0.0359,"Vitamin E (d-alpha tocopherol)":0.0127,"Vitamin K1":0.0649,"Vitamin K2 MK-7 MCT Oil":0.0194,"Vitamin K2 MK-4 MCT Oil":0.0021,"Sunflower lecithin non-GMO":0.011,"Phosphatidylcholine":0.0288,"Choline":0.0603,"Lycopene":0.0199,"Lysine":0.0013,"Taurine":0.0095,"Glucoraphanin":0.0022,"Ubiquinol":0.0047,"Zinc Citrate":0.0142,"Fiber":0.0028,"Blueberries":0.0122,"Macadamia nuts":0.0911,"Walnuts":0.0724,"Omega 3":0.0133,"Omega 6":0.0409,"Calcium":0.0564,"EVOO polyphenols":0.0053,"Oleic acid":0.0179,"Protein (plant)":0.0005,"Copper":0.0151,"Caffeine":0.0218,"Magnesium Citrate":0.0355,"Manganese Citrate":0.1,"Curcuminoids":0.0004,"Fisetin (smoketree extract)":0.0194,"Garlic extract 12:1 odorless":0.0346,"Genistein (Japonica extract)":0.0146,"Milled Golden Flaxseed":0.0259,"SDG lignan":0.0342,"Phosphatidylinositol":0.0045,"Phosphatidylethanolamine":0.0353}],"vo2_max":32.3102}
