{"personal_data":[{"age":21,"gender":"M","name":"Matteo Gleichner"}],"fitness_data":[{"Backwards Sled, 2 min":5,"Posture exercises":1,"Tricep extensions":0,"Face pulls":2,"Butterfly":4,"Band pull apart (back muscles)":5,"Back extensions (on a hyperextension)":3,"Obliques (each side, on a hyperextension)":3,"StretchesKneeling shin_Kneeling shin_":0,"StretchesHip flexor_Hip flexor_":4,"StretchesCouch_Couch_":1,"Leg raises (for abdomen)":5,"Seated calf raises":0,"Poliquin step ups":1,"Slant board squats":4,"ATG Split squats":2,"Nordics":1,"Reverse Nordics":3,"Tibialis raises,":5,"IsoTib ankle rotations":6,"Pull ups":3,"Chin ups":2,"10 min HIIT":2}],"supplement_vars":[{"N-Acetyl-L-Cysteine (NAC)":0.0082,"N-Acetyl-L-Cysteine (NAC) 2":0.0051,"Nicotinamide Riboside Chloride (NR)":0.0075,"Zeaxanthin":0.0078,"Phosphorus":0.0303,"Astaxanthin (Natural)":0.0143,"Boron Glycinate":0.0317,"CaAKG":0.0102,"Ashwagandha KSM66":0.005,"Calcium L-5- Methyltetrahydrofolate (L-5-MTHF-Ca)":0.0436,"Cocoa Powder (Non-Alkalised) 8+% Flavanols":0.0075,"Red Yeast Rice (2% Monacolin K)":0.0335,"Creatine Monohydrate":0.0172,"Ginger":0.01,"Glucosamine Sulfate KCI":0.0568,"Grape Seed Extract 90% polyphenols":0.0047,"Broccoli Extract (glucoraphanin 10%)":0.01,"Glycine":0.0162,"Theanine":0.0276,"Lactobacillus Acidophilus":0.067,"Lithium orotate":0.0056,"Pomegranate Juice Extract (50% Polyphenols)":0.0031,"Potassium Iodate":0.0283,"Rhodiola 3% Rosavins / Salidroside 1%":0.0029,"Selenium":0.0155,"Glutathione reduced":0.0384,"Lutein":0.0012,"Luteolin":0.0033,"Cinnamon powder (ceylon) organic":0.0171,"Sodium Hyaluronate":0.0053,"Spermidine":0.0893,"Vitamin B1 (Thiamine HCl)":0.0138,"Vitamin B12 (Methylcobalamin)":0.0755,"Vitamin B2 (Riboflavin-5-Phosphate)":0.0275,"Vitamin B3 (Niacinamide)":0.0007,"Vitamin B5 (Calcium-D-Pantothenate)":0.0132,"Vitamin B6 (Pyridoxal-5- Phosphate)":0.034,"Vitamin B7 (D-Biotin)":0.0115,"Vitamin C (Ascorbic Acid)":0.0073,"Vitamin D Veg D3":0.0362,"Vitamin E (d-alpha tocopherol)":0.038,"Vitamin K1":0.0609,"Vitamin K2 MK-7 MCT Oil":0.0221,"Vitamin K2 MK-4 MCT Oil":0.0351,"Sunflower lecithin non-GMO":0.039,"Phosphatidylcholine":0.0118,"Choline":0.0287,"Lycopene":0.0693,"Lysine":0.0025,"Taurine":0.0009,"Glucoraphanin":0.0279,"Ubiquinol":0.0124,"Zinc Citrate":0.0102,"Fiber":0.0054,"Blueberries":0.0221,"Macadamia nuts":0.0094,"Walnuts":0.0599,"Omega 3":0.0142,"Omega 6":0.0316,"Calcium":0.03,"EVOO polyphenols":0.0028,"Oleic acid":0.0037,"Protein (plant)":0.0023,"Copper":0.0046,"Caffeine":0.0148,"Magnesium Citrate":0.045,"Manganese Citrate":0.0704,"Curcuminoids":0.0171,"Fisetin (smoketree extract)":0.0215,"Garlic extract 12:1 odorless":0.0407,"Genistein (Japonica extract)":0.012,"Milled Golden Flaxseed":0.0292,"SDG lignan":0.0267,"Phosphatidylinositol":0.0078,"Phosphatidylethanolamine":0.0151}],"vo2_max":36.8495}
