{"personal_data":[{"age":55,"gender":"M","name":"Sylvania Jacobi"}],"fitness_data":[{"Backwards Sled, 2 min":1,"Posture exercises":1,"Tricep extensions":3,"Face pulls":3,"Butterfly":4,"Band pull apart (back muscles)":3,"Back extensions (on a hyperextension)":3,"Obliques (each side, on a hyperextension)":0,"StretchesKneeling shin_Kneeling shin_":5,"StretchesHip flexor_Hip flexor_":4,"StretchesCouch_Couch_":2,"Leg raises (for abdomen)":4,"Seated calf raises":2,"Poliquin step ups":2,"Slant board squats":4,"ATG Split squats":0,"Nordics":2,"Reverse Nordics":2,"Tibialis raises,":3,"IsoTib ankle rotations":1,"Pull ups":3,"Chin ups":3,"10 min HIIT":3}],"supplement_vars":[{"N-Acetyl-L-Cysteine (NAC)":0.0044,"N-Acetyl-L-Cysteine (NAC) 2":0.0101,"Nicotinamide Riboside Chloride (NR)":0.0004,"Zeaxanthin":0.0109,"Phosphorus":0.0313,"Astaxanthin (Natural)":0.013,"Boron Glycinate":0.0397,"CaAKG":0.0108,"Ashwagandha KSM66":0.0068,"Calcium L-5- Methyltetrahydrofolate (L-5-MTHF-Ca)":0.0369,"Cocoa Powder (Non-Alkalised) 8+% Flavanols":0.0168,"Red Yeast Rice (2% Monacolin K)":0.0121,"Creatine Monohydrate":0.0395,"Ginger":0.0541,"Glucosamine Sulfate KCI":0.0135,"Grape Seed Extract 90% polyphenols":0.0015,"Broccoli Extract (glucoraphanin 10%)":0.0027,"Glycine":0.0296,"Theanine":0.0498,"Lactobacillus Acidophilus":0.0349,"Lithium orotate":0.004,"Pomegranate Juice Extract (50% Polyphenols)":0.0439,"Potassium Iodate":0.0216,"Rhodiola 3% Rosavins / Salidroside 1%":0.0149,"Selenium":0.0315,"Glutathione reduced":0.0055,"Lutein":0.0192,"Luteolin":0.0062,"Cinnamon powder (ceylon) organic":0.0003,"Sodium Hyaluronate":0.0039,"Spermidine":0.0811,"Vitamin B1 (Thiamine HCl)":0.0075,"Vitamin B12 (Methylcobalamin)":0.0701,"Vitamin B2 (Riboflavin-5-Phosphate)":0.0345,"Vitamin B3 (Niacinamide)":0.0513,"Vitamin B5 (Calcium-D-Pantothenate)":0.0047,"Vitamin B6 (Pyridoxal-5- Phosphate)":0.0134,"Vitamin B7 (D-Biotin)":0.0337,"Vitamin C (Ascorbic Acid)":0.0029,"Vitamin D Veg D3":0.0422,"Vitamin E (d-alpha tocopherol)":0.0372,"Vitamin K1":0.0495,"Vitamin K2 MK-7 MCT Oil":0.0178,"Vitamin K2 MK-4 MCT Oil":0.0144,"Sunflower lecithin non-GMO":0.0184,"Phosphatidylcholine":0.0317,"Choline":0.0476,"Lycopene":0.0188,"Lysine":0.0109,"Taurine":0.0363,"Glucoraphanin":0.0264,"Ubiquinol":0.0104,"Zinc Citrate":0.0253,"Fiber":0.0054,"Blueberries":0.0175,"Macadamia nuts":0.0644,"Walnuts":0.0566,"Omega 3":0.0474,"Omega 6":0.0499,"Calcium":0.0009,"EVOO polyphenols":0.0025,"Oleic acid":0.0159,"Protein (plant)":0.0038,"Copper":0.0176,"Caffeine":0.007,"Magnesium Citrate":0.0208,"Manganese Citrate":0.0484,"Curcuminoids":0.048,"Fisetin (smoketree extract)":0.0233,"Garlic extract 12:1 odorless":0.0443,"Genistein (Japonica extract)":0.0219,"Milled Golden Flaxseed":0.0366,"SDG lignan":0.0387,"Phosphatidylinositol":0.009,"Phosphatidylethanolamine":0.009}],"vo2_max":25.0571}
