{"personal_data":[{"age":59,"gender":"F","name":"Newt Lang"}],"fitness_data":[{"Backwards Sled, 2 min":3,"Posture exercises":4,"Tricep extensions":2,"Face pulls":1,"Butterfly":3,"Band pull apart (back muscles)":3,"Back extensions (on a hyperextension)":0,"Obliques (each side, on a hyperextension)":3,"StretchesKneeling shin_Kneeling shin_":1,"StretchesHip flexor_Hip flexor_":4,"StretchesCouch_Couch_":0,"Leg raises (for abdomen)":5,"Seated calf raises":1,"Poliquin step ups":4,"Slant board squats":5,"ATG Split squats":2,"Nordics":6,"Reverse Nordics":3,"Tibialis raises,":5,"IsoTib ankle rotations":3,"Pull ups":1,"Chin ups":3,"10 min HIIT":4}],"supplement_vars":[{"N-Acetyl-L-Cysteine (NAC)":0.0034,"N-Acetyl-L-Cysteine (NAC) 2":0.0004,"Nicotinamide Riboside Chloride (NR)":0.0162,"Zeaxanthin":0.0065,"Phosphorus":0.0109,"Astaxanthin (Natural)":0.0118,"Boron Glycinate":0.003,"CaAKG":0.0039,"Ashwagandha KSM66":0.0014,"Calcium L-5- Methyltetrahydrofolate (L-5-MTHF-Ca)":0.006,"Cocoa Powder (Non-Alkalised) 8+% Flavanols":0.0103,"Red Yeast Rice (2% Monacolin K)":0.0274,"Creatine Monohydrate":0.0486,"Ginger":0.0505,"Glucosamine Sulfate KCI":0.0595,"Grape Seed Extract 90% polyphenols":0.0107,"Broccoli Extract (glucoraphanin 10%)":0.0096,"Glycine":0.0023,"Theanine":0.0534,"Lactobacillus Acidophilus":0.0071,"Lithium orotate":0.0003,"Pomegranate Juice Extract (50% Polyphenols)":0.0538,"Potassium Iodate":0.0015,"Rhodiola 3% Rosavins / Salidroside 1%":0.0475,"Selenium":0.0391,"Glutathione reduced":0.046,"Lutein":0.0156,"Luteolin":0.0045,"Cinnamon powder (ceylon) organic":0.0114,"Sodium Hyaluronate":0.0054,"Spermidine":0.0309,"Vitamin B1 (Thiamine HCl)":0.0036,"Vitamin B12 (Methylcobalamin)":0.0267,"Vitamin B2 (Riboflavin-5-Phosphate)":0.0612,"Vitamin B3 (Niacinamide)":0.0586,"Vitamin B5 (Calcium-D-Pantothenate)":0.0099,"Vitamin B6 (Pyridoxal-5- Phosphate)":0.0456,"Vitamin B7 (D-Biotin)":0.007,"Vitamin C (Ascorbic Acid)":0.0086,"Vitamin D Veg D3":0.0054,"Vitamin E (d-alpha tocopherol)":0.023,"Vitamin K1":0.0625,"Vitamin K2 MK-7 MCT Oil":0.0092,"Vitamin K2 MK-4 MCT Oil":0.0159,"Sunflower lecithin non-GMO":0.0055,"Phosphatidylcholine":0.011,"Choline":0.0089,"Lycopene":0.0411,"Lysine":0.0007,"Taurine":0.0315,"Glucoraphanin":0.0101,"Ubiquinol":0.0043,"Zinc Citrate":0.0272,"Fiber":0.0001,"Blueberries":0.0556,"Macadamia nuts":0.073,"Walnuts":0.0246,"Omega 3":0.0194,"Omega 6":0.0222,"Calcium":0.048,"EVOO polyphenols":0.0046,"Oleic acid":0.0039,"Protein (plant)":0.0014,"Copper":0.0026,"Caffeine":0.0274,"Magnesium Citrate":0.035,"Manganese Citrate":0.029,"Curcuminoids":0.0273,"Fisetin (smoketree extract)":0.0092,"Garlic extract 12:1 odorless":0.0082,"Genistein (Japonica extract)":0.0205,"Milled Golden Flaxseed":0.0095,"SDG lignan":0.0525,"Phosphatidylinositol":0.0033,"Phosphatidylethanolamine":0.0138}],"vo2_max":27.4321}
