{"personal_data":[{"age":43,"gender":"M","name":"Teresa Rohan-Pfeffer"}],"fitness_data":[{"Backwards Sled, 2 min":2,"Posture exercises":4,"Tricep extensions":3,"Face pulls":2,"Butterfly":3,"Band pull apart (back muscles)":4,"Back extensions (on a hyperextension)":1,"Obliques (each side, on a hyperextension)":0,"StretchesKneeling shin_Kneeling shin_":3,"StretchesHip flexor_Hip flexor_":4,"StretchesCouch_Couch_":1,"Leg raises (for abdomen)":5,"Seated calf raises":2,"Poliquin step ups":3,"Slant board squats":3,"ATG Split squats":2,"Nordics":2,"Reverse Nordics":1,"Tibialis raises,":4,"IsoTib ankle rotations":0,"Pull ups":3,"Chin ups":2,"10 min HIIT":2}],"supplement_vars":[{"N-Acetyl-L-Cysteine (NAC)":0.019,"N-Acetyl-L-Cysteine (NAC) 2":0.0017,"Nicotinamide Riboside Chloride (NR)":0.007,"Zeaxanthin":0.0039,"Phosphorus":0.0313,"Astaxanthin (Natural)":0.0139,"Boron Glycinate":0.0071,"CaAKG":0.0002,"Ashwagandha KSM66":0.003,"Calcium L-5- Methyltetrahydrofolate (L-5-MTHF-Ca)":0.0537,"Cocoa Powder (Non-Alkalised) 8+% Flavanols":0.0106,"Red Yeast Rice (2% Monacolin K)":0.0138,"Creatine Monohydrate":0.0243,"Ginger":0.0104,"Glucosamine Sulfate KCI":0.0526,"Grape Seed Extract 90% polyphenols":0.0059,"Broccoli Extract (glucoraphanin 10%)":0.0245,"Glycine":0.005,"Theanine":0.0405,"Lactobacillus Acidophilus":0.0216,"Lithium orotate":0.0015,"Pomegranate Juice Extract (50% Polyphenols)":0.0662,"Potassium Iodate":0.0111,"Rhodiola 3% Rosavins / Salidroside 1%":0.0327,"Selenium":0.0127,"Glutathione reduced":0.005,"Lutein":0.0161,"Luteolin":0.0085,"Cinnamon powder (ceylon) organic":0.0089,"Sodium Hyaluronate":0.0006,"Spermidine":0.0019,"Vitamin B1 (Thiamine HCl)":0.0078,"Vitamin B12 (Methylcobalamin)":0.007,"Vitamin B2 (Riboflavin-5-Phosphate)":0.0239,"Vitamin B3 (Niacinamide)":0.067,"Vitamin B5 (Calcium-D-Pantothenate)":0.0032,"Vitamin B6 (Pyridoxal-5- Phosphate)":0.0013,"Vitamin B7 (D-Biotin)":0.0038,"Vitamin C (Ascorbic Acid)":0.0101,"Vitamin D Veg D3":0.0278,"Vitamin E (d-alpha tocopherol)":0.036,"Vitamin K1":0.0283,"Vitamin K2 MK-7 MCT Oil":0.0014,"Vitamin K2 MK-4 MCT Oil":0.0006,"Sunflower lecithin non-GMO":0.0242,"Phosphatidylcholine":0.0241,"Choline":0.0072,"Lycopene":0.0119,"Lysine":0.0129,"Taurine":0.0457,"Glucoraphanin":0.0214,"Ubiquinol":0.0051,"Zinc Citrate":0.0275,"Fiber":0.0013,"Blueberries":0.0291,"Macadamia nuts":0.0783,"Walnuts":0.0676,"Omega 3":0.0309,"Omega 6":0.0051,"Calcium":0.0122,"EVOO polyphenols":0.0054,"Oleic acid":0.0073,"Protein (plant)":0.0038,"Copper":0.0068,"Caffeine":0.0216,"Magnesium Citrate":0.0207,"Manganese Citrate":0.0462,"Curcuminoids":0.026,"Fisetin (smoketree extract)":0.0351,"Garlic extract 12:1 odorless":0.0023,"Genistein (Japonica extract)":0.0102,"Milled Golden Flaxseed":0.0092,"SDG lignan":0.0273,"Phosphatidylinositol":0.0257,"Phosphatidylethanolamine":0.0221}],"vo2_max":27.5297}
