{"personal_data":[{"age":66,"gender":"M","name":"Dempsey Shields DDS"}],"fitness_data":[{"Backwards Sled, 2 min":2,"Posture exercises":3,"Tricep extensions":0,"Face pulls":3,"Butterfly":1,"Band pull apart (back muscles)":2,"Back extensions (on a hyperextension)":3,"Obliques (each side, on a hyperextension)":0,"StretchesKneeling shin_Kneeling shin_":3,"StretchesHip flexor_Hip flexor_":2,"StretchesCouch_Couch_":3,"Leg raises (for abdomen)":0,"Seated calf raises":3,"Poliquin step ups":3,"Slant board squats":0,"ATG Split squats":1,"Nordics":5,"Reverse Nordics":0,"Tibialis raises,":3,"IsoTib ankle rotations":0,"Pull ups":3,"Chin ups":2,"10 min HIIT":3}],"supplement_vars":[{"N-Acetyl-L-Cysteine (NAC)":0.0119,"N-Acetyl-L-Cysteine (NAC) 2":0.0042,"Nicotinamide Riboside Chloride (NR)":0.0089,"Zeaxanthin":0.0032,"Phosphorus":0.0212,"Astaxanthin (Natural)":0.0189,"Boron Glycinate":0.0154,"CaAKG":0.0087,"Ashwagandha KSM66":0.0039,"Calcium L-5- Methyltetrahydrofolate (L-5-MTHF-Ca)":0.0145,"Cocoa Powder (Non-Alkalised) 8+% Flavanols":0.0168,"Red Yeast Rice (2% Monacolin K)":0.0314,"Creatine Monohydrate":0.0161,"Ginger":0.0162,"Glucosamine Sulfate KCI":0.0412,"Grape Seed Extract 90% polyphenols":0.0095,"Broccoli Extract (glucoraphanin 10%)":0.0038,"Glycine":0.0125,"Theanine":0.0514,"Lactobacillus Acidophilus":0.0142,"Lithium orotate":0.0032,"Pomegranate Juice Extract (50% Polyphenols)":0.0708,"Potassium Iodate":0.0423,"Rhodiola 3% Rosavins / Salidroside 1%":0.0327,"Selenium":0.0272,"Glutathione reduced":0.0456,"Lutein":0.0149,"Luteolin":0.0045,"Cinnamon powder (ceylon) organic":0.0091,"Sodium Hyaluronate":0.0035,"Spermidine":0.0743,"Vitamin B1 (Thiamine HCl)":0.0083,"Vitamin B12 (Methylcobalamin)":0.0203,"Vitamin B2 (Riboflavin-5-Phosphate)":0.0092,"Vitamin B3 (Niacinamide)":0.0047,"Vitamin B5 (Calcium-D-Pantothenate)":0.0177,"Vitamin B6 (Pyridoxal-5- Phosphate)":0.009,"Vitamin B7 (D-Biotin)":0.0253,"Vitamin C (Ascorbic Acid)":0.0045,"Vitamin D Veg D3":0.045,"Vitamin E (d-alpha tocopherol)":0.0159,"Vitamin K1":0.0224,"Vitamin K2 MK-7 MCT Oil":0.0091,"Vitamin K2 MK-4 MCT Oil":0.0149,"Sunflower lecithin non-GMO":0.0108,"Phosphatidylcholine":0.014,"Choline":0.0503,"Lycopene":0.024,"Lysine":0.003,"Taurine":0.0255,"Glucoraphanin":0.0234,"Ubiquinol":0.0054,"Zinc Citrate":0.01,"Fiber":0.0012,"Blueberries":0.038,"Macadamia nuts":0.0322,"Walnuts":0.0169,"Omega 3":0.0006,"Omega 6":0.063,"Calcium":0.0491,"EVOO polyphenols":0.0057,"Oleic acid":0.022,"Protein (plant)":0.0048,"Copper":0.0016,"Caffeine":0.0411,"Magnesium Citrate":0.0389,"Manganese Citrate":0.0416,"Curcuminoids":0.0007,"Fisetin (smoketree extract)":0.0336,"Garlic extract 12:1 odorless":0.0258,"Genistein (Japonica extract)":0.0115,"Milled Golden Flaxseed":0.0324,"SDG lignan":0.0394,"Phosphatidylinositol":0.0108,"Phosphatidylethanolamine":0.0491}],"vo2_max":23.5615}
