{"personal_data":[{"age":52,"gender":"M","name":"Brook Gibson-Mraz"}],"fitness_data":[{"Backwards Sled, 2 min":3,"Posture exercises":0,"Tricep extensions":2,"Face pulls":1,"Butterfly":3,"Band pull apart (back muscles)":2,"Back extensions (on a hyperextension)":1,"Obliques (each side, on a hyperextension)":4,"StretchesKneeling shin_Kneeling shin_":4,"StretchesHip flexor_Hip flexor_":2,"StretchesCouch_Couch_":2,"Leg raises (for abdomen)":1,"Seated calf raises":2,"Poliquin step ups":1,"Slant board squats":3,"ATG Split squats":1,"Nordics":5,"Reverse Nordics":2,"Tibialis raises,":1,"IsoTib ankle rotations":0,"Pull ups":3,"Chin ups":3,"10 min HIIT":2}],"supplement_vars":[{"N-Acetyl-L-Cysteine (NAC)":0.001,"N-Acetyl-L-Cysteine (NAC) 2":0.0037,"Nicotinamide Riboside Chloride (NR)":0.0067,"Zeaxanthin":0.0098,"Phosphorus":0.0295,"Astaxanthin (Natural)":0.0225,"Boron Glycinate":0.0414,"CaAKG":0.007,"Ashwagandha KSM66":0,"Calcium L-5- Methyltetrahydrofolate (L-5-MTHF-Ca)":0.0112,"Cocoa Powder (Non-Alkalised) 8+% Flavanols":0.0082,"Red Yeast Rice (2% Monacolin K)":0.0026,"Creatine Monohydrate":0.0064,"Ginger":0.0436,"Glucosamine Sulfate KCI":0.0051,"Grape Seed Extract 90% polyphenols":0.0111,"Broccoli Extract (glucoraphanin 10%)":0.0234,"Glycine":0.0111,"Theanine":0.0407,"Lactobacillus Acidophilus":0.0481,"Lithium orotate":0.0069,"Pomegranate Juice Extract (50% Polyphenols)":0.0094,"Potassium Iodate":0.0333,"Rhodiola 3% Rosavins / Salidroside 1%":0.0476,"Selenium":0.0329,"Glutathione reduced":0.0027,"Lutein":0.0075,"Luteolin":0.0051,"Cinnamon powder (ceylon) organic":0.0184,"Sodium Hyaluronate":0.0081,"Spermidine":0.0019,"Vitamin B1 (Thiamine HCl)":0.0075,"Vitamin B12 (Methylcobalamin)":0.0444,"Vitamin B2 (Riboflavin-5-Phosphate)":0.0574,"Vitamin B3 (Niacinamide)":0.0271,"Vitamin B5 (Calcium-D-Pantothenate)":0.0023,"Vitamin B6 (Pyridoxal-5- Phosphate)":0.0056,"Vitamin B7 (D-Biotin)":0.0243,"Vitamin C (Ascorbic Acid)":0.001,"Vitamin D Veg D3":0.0338,"Vitamin E (d-alpha tocopherol)":0.0462,"Vitamin K1":0.0414,"Vitamin K2 MK-7 MCT Oil":0.0242,"Vitamin K2 MK-4 MCT Oil":0.0354,"Sunflower lecithin non-GMO":0.0287,"Phosphatidylcholine":0.0279,"Choline":0.0589,"Lycopene":0.058,"Lysine":0.003,"Taurine":0.0095,"Glucoraphanin":0.0312,"Ubiquinol":0.0053,"Zinc Citrate":0.0073,"Fiber":0.0004,"Blueberries":0.0309,"Macadamia nuts":0.0588,"Walnuts":0.044,"Omega 3":0.0478,"Omega 6":0.0065,"Calcium":0.0084,"EVOO polyphenols":0.0038,"Oleic acid":0.0284,"Protein (plant)":0.0049,"Copper":0.0086,"Caffeine":0.0533,"Magnesium Citrate":0.0031,"Manganese Citrate":0.0788,"Curcuminoids":0.0208,"Fisetin (smoketree extract)":0.0153,"Garlic extract 12:1 odorless":0.0182,"Genistein (Japonica extract)":0.0089,"Milled Golden Flaxseed":0.0106,"SDG lignan":0.0428,"Phosphatidylinositol":0.0186,"Phosphatidylethanolamine":0.0528}],"vo2_max":29.0326}
