{"personal_data":[{"age":61,"gender":"F"}],"fitness_data":[{"Backwards Sled, 2 min":0,"Posture exercises":1,"Tricep extensions":0,"Face pulls":0,"Butterfly":6,"Band pull apart (back muscles)":3,"Back extensions (on a hyperextension)":0,"Obliques (each side, on a hyperextension)":3,"StretchesKneeling shin_Kneeling shin_":3,"StretchesHip flexor_Hip flexor_":4,"StretchesCouch_Couch_":2,"Leg raises (for abdomen)":1,"Seated calf raises":0,"Poliquin step ups":1,"Slant board squats":6,"ATG Split squats":2,"Nordics":2,"Reverse Nordics":2,"Tibialis raises,":2,"IsoTib ankle rotations":2,"Pull ups":1,"Chin ups":1,"10 min HIIT":2}],"supplement_vars":[{"N-Acetyl-L-Cysteine (NAC)":0.0099,"N-Acetyl-L-Cysteine (NAC) 2":0.0029,"Nicotinamide Riboside Chloride (NR)":0.0014,"Zeaxanthin":0.0084,"Phosphorus":0.0372,"Astaxanthin (Natural)":0.002,"Boron Glycinate":0.0435,"CaAKG":0.0083,"Ashwagandha KSM66":0.0089,"Calcium L-5- Methyltetrahydrofolate (L-5-MTHF-Ca)":0.0147,"Cocoa Powder (Non-Alkalised) 8+% Flavanols":0.019,"Red Yeast Rice (2% Monacolin K)":0.0269,"Creatine Monohydrate":0.0346,"Ginger":0.0511,"Glucosamine Sulfate KCI":0.0614,"Grape Seed Extract 90% polyphenols":0.0081,"Broccoli Extract (glucoraphanin 10%)":0.0201,"Glycine":0.0176,"Theanine":0.0355,"Lactobacillus Acidophilus":0.0759,"Lithium orotate":0.0075,"Pomegranate Juice Extract (50% Polyphenols)":0.0412,"Potassium Iodate":0.0166,"Rhodiola 3% Rosavins / Salidroside 1%":0.012,"Selenium":0.0357,"Glutathione reduced":0.0091,"Lutein":0.018,"Luteolin":0.0034,"Cinnamon powder (ceylon) organic":0.0106,"Sodium Hyaluronate":0.0072,"Spermidine":0.046,"Vitamin B1 (Thiamine HCl)":0.0028,"Vitamin B12 (Methylcobalamin)":0.0693,"Vitamin B2 (Riboflavin-5-Phosphate)":0.0045,"Vitamin B3 (Niacinamide)":0.0527,"Vitamin B5 (Calcium-D-Pantothenate)":0.0163,"Vitamin B6 (Pyridoxal-5- Phosphate)":0.0424,"Vitamin B7 (D-Biotin)":0.011,"Vitamin C (Ascorbic Acid)":0.0104,"Vitamin D Veg D3":0.0297,"Vitamin E (d-alpha tocopherol)":0.0277,"Vitamin K1":0.0349,"Vitamin K2 MK-7 MCT Oil":0.0333,"Vitamin K2 MK-4 MCT Oil":0.0131,"Sunflower lecithin non-GMO":0.0152,"Phosphatidylcholine":0.0215,"Choline":0.0067,"Lycopene":0.0628,"Lysine":0.0011,"Taurine":0.0163,"Glucoraphanin":0.0088,"Ubiquinol":0.0047,"Zinc Citrate":0.0145,"Fiber":0.0013,"Blueberries":0.0735,"Macadamia nuts":0.0361,"Walnuts":0.0527,"Omega 3":0.0383,"Omega 6":0.0556,"Calcium":0.0534,"EVOO polyphenols":0.0009,"Oleic acid":0.0049,"Protein (plant)":0.0043,"Copper":0.0084,"Caffeine":0.0338,"Magnesium Citrate":0.0493,"Manganese Citrate":0.0108,"Curcuminoids":0.0512,"Fisetin (smoketree extract)":0.0018,"Garlic extract 12:1 odorless":0.0319,"Genistein (Japonica extract)":0.0054,"Milled Golden Flaxseed":0.0131,"SDG lignan":0.0122,"Phosphatidylinositol":0.0025,"Phosphatidylethanolamine":0.0278}],"vo2_max":22.4181}
