{"personal_data":[{"age":42,"gender":"M","name":"Dr. Ryland Graham I"}],"fitness_data":[{"Backwards Sled, 2 min":3,"Posture exercises":2,"Tricep extensions":2,"Face pulls":2,"Butterfly":4,"Band pull apart (back muscles)":2,"Back extensions (on a hyperextension)":4,"Obliques (each side, on a hyperextension)":0,"StretchesKneeling shin_Kneeling shin_":4,"StretchesHip flexor_Hip flexor_":5,"StretchesCouch_Couch_":1,"Leg raises (for abdomen)":4,"Seated calf raises":3,"Poliquin step ups":0,"Slant board squats":3,"ATG Split squats":2,"Nordics":6,"Reverse Nordics":4,"Tibialis raises,":3,"IsoTib ankle rotations":1,"Pull ups":2,"Chin ups":4,"10 min HIIT":1}],"supplement_vars":[{"N-Acetyl-L-Cysteine (NAC)":0.0095,"N-Acetyl-L-Cysteine (NAC) 2":0.0106,"Nicotinamide Riboside Chloride (NR)":0.0133,"Zeaxanthin":0.0085,"Phosphorus":0.0019,"Astaxanthin (Natural)":0.0129,"Boron Glycinate":0.0172,"CaAKG":0.0026,"Ashwagandha KSM66":0.006,"Calcium L-5- Methyltetrahydrofolate (L-5-MTHF-Ca)":0.0074,"Cocoa Powder (Non-Alkalised) 8+% Flavanols":0.0022,"Red Yeast Rice (2% Monacolin K)":0.0122,"Creatine Monohydrate":0.0277,"Ginger":0.0172,"Glucosamine Sulfate KCI":0.0259,"Grape Seed Extract 90% polyphenols":0.0098,"Broccoli Extract (glucoraphanin 10%)":0.0042,"Glycine":0.0228,"Theanine":0.0293,"Lactobacillus Acidophilus":0.008,"Lithium orotate":0.0063,"Pomegranate Juice Extract (50% Polyphenols)":0.0603,"Potassium Iodate":0.0249,"Rhodiola 3% Rosavins / Salidroside 1%":0.0126,"Selenium":0.0199,"Glutathione reduced":0.0052,"Lutein":0.0176,"Luteolin":0.0039,"Cinnamon powder (ceylon) organic":0.0054,"Sodium Hyaluronate":0.0051,"Spermidine":0.055,"Vitamin B1 (Thiamine HCl)":0.0076,"Vitamin B12 (Methylcobalamin)":0.0417,"Vitamin B2 (Riboflavin-5-Phosphate)":0.0625,"Vitamin B3 (Niacinamide)":0.0653,"Vitamin B5 (Calcium-D-Pantothenate)":0.0194,"Vitamin B6 (Pyridoxal-5- Phosphate)":0.0308,"Vitamin B7 (D-Biotin)":0.0098,"Vitamin C (Ascorbic Acid)":0.0109,"Vitamin D Veg D3":0.0149,"Vitamin E (d-alpha tocopherol)":0.0233,"Vitamin K1":0.0589,"Vitamin K2 MK-7 MCT Oil":0.0014,"Vitamin K2 MK-4 MCT Oil":0.0171,"Sunflower lecithin non-GMO":0.0082,"Phosphatidylcholine":0.0303,"Choline":0.0023,"Lycopene":0.0162,"Lysine":0.0077,"Taurine":0.0018,"Glucoraphanin":0.025,"Ubiquinol":0.013,"Zinc Citrate":0.0049,"Fiber":0.0034,"Blueberries":0.0189,"Macadamia nuts":0.0795,"Walnuts":0.0093,"Omega 3":0.0038,"Omega 6":0.0431,"Calcium":0.0373,"EVOO polyphenols":0.0013,"Oleic acid":0.0185,"Protein (plant)":0.0006,"Copper":0.0179,"Caffeine":0.0557,"Magnesium Citrate":0.0422,"Manganese Citrate":0.0934,"Curcuminoids":0.0243,"Fisetin (smoketree extract)":0.0251,"Garlic extract 12:1 odorless":0.0416,"Genistein (Japonica extract)":0.0141,"Milled Golden Flaxseed":0.0057,"SDG lignan":0.0048,"Phosphatidylinositol":0.0123,"Phosphatidylethanolamine":0.0045}],"vo2_max":28.221}
