{"personal_data":[{"age":63,"gender":"F","name":"Dr. Elroy Miller I"}],"fitness_data":[{"Backwards Sled, 2 min":3,"Posture exercises":1,"Tricep extensions":3,"Face pulls":2,"Butterfly":3,"Band pull apart (back muscles)":4,"Back extensions (on a hyperextension)":2,"Obliques (each side, on a hyperextension)":2,"StretchesKneeling shin_Kneeling shin_":5,"StretchesHip flexor_Hip flexor_":1,"StretchesCouch_Couch_":3,"Leg raises (for abdomen)":1,"Seated calf raises":2,"Poliquin step ups":4,"Slant board squats":5,"ATG Split squats":0,"Nordics":1,"Reverse Nordics":4,"Tibialis raises,":1,"IsoTib ankle rotations":1,"Pull ups":3,"Chin ups":1,"10 min HIIT":2}],"supplement_vars":[{"N-Acetyl-L-Cysteine (NAC)":0.0154,"N-Acetyl-L-Cysteine (NAC) 2":0.0143,"Nicotinamide Riboside Chloride (NR)":0.0108,"Zeaxanthin":0.0067,"Phosphorus":0.0235,"Astaxanthin (Natural)":0.0064,"Boron Glycinate":0.0153,"CaAKG":0.002,"Ashwagandha KSM66":0.0025,"Calcium L-5- Methyltetrahydrofolate (L-5-MTHF-Ca)":0.0557,"Cocoa Powder (Non-Alkalised) 8+% Flavanols":0.0138,"Red Yeast Rice (2% Monacolin K)":0.0142,"Creatine Monohydrate":0.0513,"Ginger":0.0141,"Glucosamine Sulfate KCI":0.0686,"Grape Seed Extract 90% polyphenols":0.0042,"Broccoli Extract (glucoraphanin 10%)":0.0181,"Glycine":0.0143,"Theanine":0.034,"Lactobacillus Acidophilus":0.0376,"Lithium orotate":0.0068,"Pomegranate Juice Extract (50% Polyphenols)":0.012,"Potassium Iodate":0.0397,"Rhodiola 3% Rosavins / Salidroside 1%":0.0453,"Selenium":0.0366,"Glutathione reduced":0.0343,"Lutein":0.0222,"Luteolin":0.0062,"Cinnamon powder (ceylon) organic":0.01,"Sodium Hyaluronate":0.0058,"Spermidine":0.0874,"Vitamin B1 (Thiamine HCl)":0.0088,"Vitamin B12 (Methylcobalamin)":0.0106,"Vitamin B2 (Riboflavin-5-Phosphate)":0.0302,"Vitamin B3 (Niacinamide)":0.0447,"Vitamin B5 (Calcium-D-Pantothenate)":0.0153,"Vitamin B6 (Pyridoxal-5- Phosphate)":0.0348,"Vitamin B7 (D-Biotin)":0.0305,"Vitamin C (Ascorbic Acid)":0.012,"Vitamin D Veg D3":0.0446,"Vitamin E (d-alpha tocopherol)":0.0066,"Vitamin K1":0.0546,"Vitamin K2 MK-7 MCT Oil":0.0266,"Vitamin K2 MK-4 MCT Oil":0.0113,"Sunflower lecithin non-GMO":0.0351,"Phosphatidylcholine":0.028,"Choline":0.009,"Lycopene":0.0734,"Lysine":0.0093,"Taurine":0.0306,"Glucoraphanin":0.0164,"Ubiquinol":0.0026,"Zinc Citrate":0.0113,"Fiber":0.003,"Blueberries":0.0425,"Macadamia nuts":0.0443,"Walnuts":0.0245,"Omega 3":0.015,"Omega 6":0.056,"Calcium":0.0475,"EVOO polyphenols":0.0015,"Oleic acid":0.0333,"Protein (plant)":0.0044,"Copper":0.0115,"Caffeine":0.059,"Magnesium Citrate":0.0136,"Manganese Citrate":0.0132,"Curcuminoids":0.0468,"Fisetin (smoketree extract)":0.0165,"Garlic extract 12:1 odorless":0.0024,"Genistein (Japonica extract)":0.0055,"Milled Golden Flaxseed":0.0023,"SDG lignan":0.0105,"Phosphatidylinositol":0.0258,"Phosphatidylethanolamine":0.0171}],"vo2_max":22.8663}
