{"personal_data":[{"age":51,"gender":"M","name":"Allie Kuhlman"}],"fitness_data":[{"Backwards Sled, 2 min":5,"Posture exercises":5,"Tricep extensions":0,"Face pulls":2,"Butterfly":5,"Band pull apart (back muscles)":6,"Back extensions (on a hyperextension)":4,"Obliques (each side, on a hyperextension)":3,"StretchesKneeling shin_Kneeling shin_":4,"StretchesHip flexor_Hip flexor_":3,"StretchesCouch_Couch_":1,"Leg raises (for abdomen)":1,"Seated calf raises":3,"Poliquin step ups":3,"Slant board squats":2,"ATG Split squats":4,"Nordics":0,"Reverse Nordics":4,"Tibialis raises,":1,"IsoTib ankle rotations":1,"Pull ups":1,"Chin ups":3,"10 min HIIT":3}],"supplement_vars":[{"N-Acetyl-L-Cysteine (NAC)":0.011,"N-Acetyl-L-Cysteine (NAC) 2":0.0121,"Nicotinamide Riboside Chloride (NR)":0.0153,"Zeaxanthin":0.0069,"Phosphorus":0.0001,"Astaxanthin (Natural)":0.0136,"Boron Glycinate":0.0059,"CaAKG":0.0086,"Ashwagandha KSM66":0.0052,"Calcium L-5- Methyltetrahydrofolate (L-5-MTHF-Ca)":0.0193,"Cocoa Powder (Non-Alkalised) 8+% Flavanols":0.0214,"Red Yeast Rice (2% Monacolin K)":0.0021,"Creatine Monohydrate":0.0221,"Ginger":0.0226,"Glucosamine Sulfate KCI":0.0065,"Grape Seed Extract 90% polyphenols":0.0074,"Broccoli Extract (glucoraphanin 10%)":0.0243,"Glycine":0.0259,"Theanine":0.0492,"Lactobacillus Acidophilus":0.0775,"Lithium orotate":0.003,"Pomegranate Juice Extract (50% Polyphenols)":0.0416,"Potassium Iodate":0.0337,"Rhodiola 3% Rosavins / Salidroside 1%":0.0609,"Selenium":0.0096,"Glutathione reduced":0.0472,"Lutein":0.0035,"Luteolin":0.0004,"Cinnamon powder (ceylon) organic":0.0128,"Sodium Hyaluronate":0.0042,"Spermidine":0.048,"Vitamin B1 (Thiamine HCl)":0.0003,"Vitamin B12 (Methylcobalamin)":0.0321,"Vitamin B2 (Riboflavin-5-Phosphate)":0.0255,"Vitamin B3 (Niacinamide)":0.0238,"Vitamin B5 (Calcium-D-Pantothenate)":0.0008,"Vitamin B6 (Pyridoxal-5- Phosphate)":0.0092,"Vitamin B7 (D-Biotin)":0.0242,"Vitamin C (Ascorbic Acid)":0.0032,"Vitamin D Veg D3":0.005,"Vitamin E (d-alpha tocopherol)":0.0111,"Vitamin K1":0.0208,"Vitamin K2 MK-7 MCT Oil":0.004,"Vitamin K2 MK-4 MCT Oil":0.0351,"Sunflower lecithin non-GMO":0.0353,"Phosphatidylcholine":0.0121,"Choline":0.0305,"Lycopene":0.0129,"Lysine":0.0076,"Taurine":0.019,"Glucoraphanin":0.0172,"Ubiquinol":0.0033,"Zinc Citrate":0.0189,"Fiber":0.0019,"Blueberries":0.0192,"Macadamia nuts":0.0836,"Walnuts":0.0455,"Omega 3":0.0436,"Omega 6":0.0081,"Calcium":0.0466,"EVOO polyphenols":0.0061,"Oleic acid":0.0204,"Protein (plant)":0.0021,"Copper":0.0213,"Caffeine":0.0079,"Magnesium Citrate":0.0127,"Manganese Citrate":0.0274,"Curcuminoids":0.0397,"Fisetin (smoketree extract)":0.0349,"Garlic extract 12:1 odorless":0.0176,"Genistein (Japonica extract)":0.0181,"Milled Golden Flaxseed":0.0156,"SDG lignan":0.041,"Phosphatidylinositol":0.0012,"Phosphatidylethanolamine":0.0356}],"vo2_max":29.8142}
