{"personal_data":[{"age":20,"gender":"F","name":"Mrs. Eryn Cruickshank MD"}],"fitness_data":[{"Backwards Sled, 2 min":4,"Posture exercises":5,"Tricep extensions":2,"Face pulls":0,"Butterfly":3,"Band pull apart (back muscles)":0,"Back extensions (on a hyperextension)":4,"Obliques (each side, on a hyperextension)":4,"StretchesKneeling shin_Kneeling shin_":1,"StretchesHip flexor_Hip flexor_":1,"StretchesCouch_Couch_":2,"Leg raises (for abdomen)":1,"Seated calf raises":3,"Poliquin step ups":1,"Slant board squats":0,"ATG Split squats":1,"Nordics":3,"Reverse Nordics":1,"Tibialis raises,":1,"IsoTib ankle rotations":5,"Pull ups":0,"Chin ups":2,"10 min HIIT":0}],"supplement_vars":[{"N-Acetyl-L-Cysteine (NAC)":0.008,"N-Acetyl-L-Cysteine (NAC) 2":0.0162,"Nicotinamide Riboside Chloride (NR)":0.0176,"Zeaxanthin":0.0118,"Phosphorus":0.01,"Astaxanthin (Natural)":0.0154,"Boron Glycinate":0.039,"CaAKG":0.0003,"Ashwagandha KSM66":0.0017,"Calcium L-5- Methyltetrahydrofolate (L-5-MTHF-Ca)":0.0337,"Cocoa Powder (Non-Alkalised) 8+% Flavanols":0.0119,"Red Yeast Rice (2% Monacolin K)":0.0081,"Creatine Monohydrate":0.0682,"Ginger":0.0754,"Glucosamine Sulfate KCI":0.0472,"Grape Seed Extract 90% polyphenols":0.0108,"Broccoli Extract (glucoraphanin 10%)":0.0264,"Glycine":0.0116,"Theanine":0.0093,"Lactobacillus Acidophilus":0.079,"Lithium orotate":0.0014,"Pomegranate Juice Extract (50% Polyphenols)":0.0154,"Potassium Iodate":0.0389,"Rhodiola 3% Rosavins / Salidroside 1%":0.0356,"Selenium":0.0191,"Glutathione reduced":0.052,"Lutein":0.0067,"Luteolin":0.0014,"Cinnamon powder (ceylon) organic":0.0117,"Sodium Hyaluronate":0.0038,"Spermidine":0.0462,"Vitamin B1 (Thiamine HCl)":0.006,"Vitamin B12 (Methylcobalamin)":0.0698,"Vitamin B2 (Riboflavin-5-Phosphate)":0.0444,"Vitamin B3 (Niacinamide)":0.0426,"Vitamin B5 (Calcium-D-Pantothenate)":0.0072,"Vitamin B6 (Pyridoxal-5- Phosphate)":0.0416,"Vitamin B7 (D-Biotin)":0.0185,"Vitamin C (Ascorbic Acid)":0.0063,"Vitamin D Veg D3":0.01,"Vitamin E (d-alpha tocopherol)":0.0152,"Vitamin K1":0.039,"Vitamin K2 MK-7 MCT Oil":0.0301,"Vitamin K2 MK-4 MCT Oil":0.0191,"Sunflower lecithin non-GMO":0.021,"Phosphatidylcholine":0.0027,"Choline":0.0592,"Lycopene":0.0508,"Lysine":0.0038,"Taurine":0.0122,"Glucoraphanin":0.0054,"Ubiquinol":0.0131,"Zinc Citrate":0.0054,"Fiber":0.0008,"Blueberries":0.061,"Macadamia nuts":0.0716,"Walnuts":0.0138,"Omega 3":0.0247,"Omega 6":0.0374,"Calcium":0.0089,"EVOO polyphenols":0.0007,"Oleic acid":0.0312,"Protein (plant)":0.0045,"Copper":0.0094,"Caffeine":0.0452,"Magnesium Citrate":0.0421,"Manganese Citrate":0.0899,"Curcuminoids":0.0091,"Fisetin (smoketree extract)":0.0156,"Garlic extract 12:1 odorless":0.0395,"Genistein (Japonica extract)":0.0107,"Milled Golden Flaxseed":0.0115,"SDG lignan":0.0162,"Phosphatidylinositol":0.0023,"Phosphatidylethanolamine":0.0118}],"vo2_max":38.2269}
