{"personal_data":[{"age":34,"gender":"M","name":"Dr. Eulalie Aufderhar"}],"fitness_data":[{"Backwards Sled, 2 min":0,"Posture exercises":4,"Tricep extensions":0,"Face pulls":1,"Butterfly":1,"Band pull apart (back muscles)":1,"Back extensions (on a hyperextension)":1,"Obliques (each side, on a hyperextension)":3,"StretchesKneeling shin_Kneeling shin_":5,"StretchesHip flexor_Hip flexor_":5,"StretchesCouch_Couch_":1,"Leg raises (for abdomen)":4,"Seated calf raises":0,"Poliquin step ups":4,"Slant board squats":4,"ATG Split squats":0,"Nordics":5,"Reverse Nordics":3,"Tibialis raises,":1,"IsoTib ankle rotations":6,"Pull ups":1,"Chin ups":0,"10 min HIIT":2}],"supplement_vars":[{"N-Acetyl-L-Cysteine (NAC)":0.0036,"N-Acetyl-L-Cysteine (NAC) 2":0.0105,"Nicotinamide Riboside Chloride (NR)":0.0066,"Zeaxanthin":0.0038,"Phosphorus":0.039,"Astaxanthin (Natural)":0.0153,"Boron Glycinate":0.0113,"CaAKG":0.0011,"Ashwagandha KSM66":0.0088,"Calcium L-5- Methyltetrahydrofolate (L-5-MTHF-Ca)":0.0555,"Cocoa Powder (Non-Alkalised) 8+% Flavanols":0.0196,"Red Yeast Rice (2% Monacolin K)":0.0051,"Creatine Monohydrate":0.0408,"Ginger":0.0372,"Glucosamine Sulfate KCI":0.0105,"Grape Seed Extract 90% polyphenols":0.0058,"Broccoli Extract (glucoraphanin 10%)":0.0208,"Glycine":0.0052,"Theanine":0.0548,"Lactobacillus Acidophilus":0.0773,"Lithium orotate":0.0038,"Pomegranate Juice Extract (50% Polyphenols)":0.0234,"Potassium Iodate":0.003,"Rhodiola 3% Rosavins / Salidroside 1%":0.0269,"Selenium":0.0079,"Glutathione reduced":0.026,"Lutein":0.0003,"Luteolin":0.0032,"Cinnamon powder (ceylon) organic":0.0112,"Sodium Hyaluronate":0.0101,"Spermidine":0.0692,"Vitamin B1 (Thiamine HCl)":0.001,"Vitamin B12 (Methylcobalamin)":0.0514,"Vitamin B2 (Riboflavin-5-Phosphate)":0.0425,"Vitamin B3 (Niacinamide)":0.0457,"Vitamin B5 (Calcium-D-Pantothenate)":0.0139,"Vitamin B6 (Pyridoxal-5- Phosphate)":0.0044,"Vitamin B7 (D-Biotin)":0.0308,"Vitamin C (Ascorbic Acid)":0.0119,"Vitamin D Veg D3":0.0026,"Vitamin E (d-alpha tocopherol)":0.0099,"Vitamin K1":0.0364,"Vitamin K2 MK-7 MCT Oil":0.0104,"Vitamin K2 MK-4 MCT Oil":0.0107,"Sunflower lecithin non-GMO":0.0408,"Phosphatidylcholine":0.0313,"Choline":0.027,"Lycopene":0.0765,"Lysine":0.0061,"Taurine":0.0299,"Glucoraphanin":0.0123,"Ubiquinol":0.0024,"Zinc Citrate":0.0031,"Fiber":0.0059,"Blueberries":0.0044,"Macadamia nuts":0.0479,"Walnuts":0.0652,"Omega 3":0.0229,"Omega 6":0.0575,"Calcium":0.0308,"EVOO polyphenols":0.0054,"Oleic acid":0.03,"Protein (plant)":0.0015,"Copper":0.0239,"Caffeine":0.05,"Magnesium Citrate":0.0303,"Manganese Citrate":0.0705,"Curcuminoids":0.0033,"Fisetin (smoketree extract)":0.0216,"Garlic extract 12:1 odorless":0.0341,"Genistein (Japonica extract)":0.0078,"Milled Golden Flaxseed":0.0339,"SDG lignan":0.0553,"Phosphatidylinositol":0.008,"Phosphatidylethanolamine":0.0531}],"vo2_max":32.0331}
