{"personal_data":[{"age":71,"gender":"M","name":"Minor Daniel"}],"fitness_data":[{"Backwards Sled, 2 min":3,"Posture exercises":3,"Tricep extensions":2,"Face pulls":3,"Butterfly":1,"Band pull apart (back muscles)":4,"Back extensions (on a hyperextension)":2,"Obliques (each side, on a hyperextension)":3,"StretchesKneeling shin_Kneeling shin_":3,"StretchesHip flexor_Hip flexor_":0,"StretchesCouch_Couch_":2,"Leg raises (for abdomen)":4,"Seated calf raises":1,"Poliquin step ups":3,"Slant board squats":3,"ATG Split squats":6,"Nordics":5,"Reverse Nordics":3,"Tibialis raises,":4,"IsoTib ankle rotations":5,"Pull ups":3,"Chin ups":2,"10 min HIIT":3}],"supplement_vars":[{"N-Acetyl-L-Cysteine (NAC)":0.0151,"N-Acetyl-L-Cysteine (NAC) 2":0.016,"Nicotinamide Riboside Chloride (NR)":0.0172,"Zeaxanthin":0.0045,"Phosphorus":0.0313,"Astaxanthin (Natural)":0.0127,"Boron Glycinate":0.0215,"CaAKG":0.0059,"Ashwagandha KSM66":0.0072,"Calcium L-5- Methyltetrahydrofolate (L-5-MTHF-Ca)":0.0135,"Cocoa Powder (Non-Alkalised) 8+% Flavanols":0.0212,"Red Yeast Rice (2% Monacolin K)":0.0195,"Creatine Monohydrate":0.0321,"Ginger":0.0208,"Glucosamine Sulfate KCI":0.0312,"Grape Seed Extract 90% polyphenols":0.0057,"Broccoli Extract (glucoraphanin 10%)":0.0177,"Glycine":0.032,"Theanine":0.0145,"Lactobacillus Acidophilus":0.0502,"Lithium orotate":0.0064,"Pomegranate Juice Extract (50% Polyphenols)":0.0226,"Potassium Iodate":0.0077,"Rhodiola 3% Rosavins / Salidroside 1%":0.0184,"Selenium":0.0235,"Glutathione reduced":0.0188,"Lutein":0.0113,"Luteolin":0.0005,"Cinnamon powder (ceylon) organic":0.0204,"Sodium Hyaluronate":0.0043,"Spermidine":0.0023,"Vitamin B1 (Thiamine HCl)":0.0101,"Vitamin B12 (Methylcobalamin)":0.0019,"Vitamin B2 (Riboflavin-5-Phosphate)":0.0623,"Vitamin B3 (Niacinamide)":0.0593,"Vitamin B5 (Calcium-D-Pantothenate)":0.0146,"Vitamin B6 (Pyridoxal-5- Phosphate)":0.0487,"Vitamin B7 (D-Biotin)":0.0264,"Vitamin C (Ascorbic Acid)":0.0089,"Vitamin D Veg D3":0.0081,"Vitamin E (d-alpha tocopherol)":0.0379,"Vitamin K1":0.059,"Vitamin K2 MK-7 MCT Oil":0.0075,"Vitamin K2 MK-4 MCT Oil":0.0285,"Sunflower lecithin non-GMO":0.0406,"Phosphatidylcholine":0.036,"Choline":0.0039,"Lycopene":0.0275,"Lysine":0.0057,"Taurine":0.0263,"Glucoraphanin":0.0126,"Ubiquinol":0.0065,"Zinc Citrate":0.0235,"Fiber":0.0014,"Blueberries":0.0778,"Macadamia nuts":0.0103,"Walnuts":0.0069,"Omega 3":0.0363,"Omega 6":0.0626,"Calcium":0.0179,"EVOO polyphenols":0.004,"Oleic acid":0.0256,"Protein (plant)":0.0008,"Copper":0.0024,"Caffeine":0.038,"Magnesium Citrate":0.0313,"Manganese Citrate":0.0391,"Curcuminoids":0.0307,"Fisetin (smoketree extract)":0.0054,"Garlic extract 12:1 odorless":0.0449,"Genistein (Japonica extract)":0.003,"Milled Golden Flaxseed":0.003,"SDG lignan":0.0294,"Phosphatidylinositol":0.0254,"Phosphatidylethanolamine":0.0071}],"vo2_max":20.8271}
