{"personal_data":[{"age":80,"gender":"M","name":"Raquel Lang-Oberbrunner"}],"fitness_data":[{"Backwards Sled, 2 min":5,"Posture exercises":3,"Tricep extensions":1,"Face pulls":1,"Butterfly":5,"Band pull apart (back muscles)":6,"Back extensions (on a hyperextension)":2,"Obliques (each side, on a hyperextension)":3,"StretchesKneeling shin_Kneeling shin_":5,"StretchesHip flexor_Hip flexor_":4,"StretchesCouch_Couch_":1,"Leg raises (for abdomen)":2,"Seated calf raises":1,"Poliquin step ups":3,"Slant board squats":6,"ATG Split squats":3,"Nordics":5,"Reverse Nordics":2,"Tibialis raises,":4,"IsoTib ankle rotations":1,"Pull ups":1,"Chin ups":2,"10 min HIIT":4}],"supplement_vars":[{"N-Acetyl-L-Cysteine (NAC)":0.0123,"N-Acetyl-L-Cysteine (NAC) 2":0.0004,"Nicotinamide Riboside Chloride (NR)":0.0178,"Zeaxanthin":0.0095,"Phosphorus":0.0272,"Astaxanthin (Natural)":0.0225,"Boron Glycinate":0.0122,"CaAKG":0.0084,"Ashwagandha KSM66":0.0084,"Calcium L-5- Methyltetrahydrofolate (L-5-MTHF-Ca)":0.0528,"Cocoa Powder (Non-Alkalised) 8+% Flavanols":0.014,"Red Yeast Rice (2% Monacolin K)":0.0311,"Creatine Monohydrate":0.0261,"Ginger":0.072,"Glucosamine Sulfate KCI":0.07,"Grape Seed Extract 90% polyphenols":0.0112,"Broccoli Extract (glucoraphanin 10%)":0.004,"Glycine":0.0284,"Theanine":0.0312,"Lactobacillus Acidophilus":0.0304,"Lithium orotate":0.0097,"Pomegranate Juice Extract (50% Polyphenols)":0.0646,"Potassium Iodate":0.0073,"Rhodiola 3% Rosavins / Salidroside 1%":0.0122,"Selenium":0.0072,"Glutathione reduced":0.0409,"Lutein":0.0154,"Luteolin":0.0005,"Cinnamon powder (ceylon) organic":0.0196,"Sodium Hyaluronate":0.0022,"Spermidine":0.0753,"Vitamin B1 (Thiamine HCl)":0.0079,"Vitamin B12 (Methylcobalamin)":0.0587,"Vitamin B2 (Riboflavin-5-Phosphate)":0.0242,"Vitamin B3 (Niacinamide)":0.0362,"Vitamin B5 (Calcium-D-Pantothenate)":0.004,"Vitamin B6 (Pyridoxal-5- Phosphate)":0.0022,"Vitamin B7 (D-Biotin)":0.0285,"Vitamin C (Ascorbic Acid)":0.0041,"Vitamin D Veg D3":0.0024,"Vitamin E (d-alpha tocopherol)":0.0285,"Vitamin K1":0.0137,"Vitamin K2 MK-7 MCT Oil":0.0025,"Vitamin K2 MK-4 MCT Oil":0.0198,"Sunflower lecithin non-GMO":0.0147,"Phosphatidylcholine":0.0126,"Choline":0.0404,"Lycopene":0.0671,"Lysine":0.0114,"Taurine":0.0404,"Glucoraphanin":0.0329,"Ubiquinol":0.0006,"Zinc Citrate":0.0275,"Fiber":0.0037,"Blueberries":0.0179,"Macadamia nuts":0.0229,"Walnuts":0.028,"Omega 3":0.0271,"Omega 6":0.013,"Calcium":0.0147,"EVOO polyphenols":0.0039,"Oleic acid":0.0173,"Protein (plant)":0.0009,"Copper":0.0202,"Caffeine":0.0418,"Magnesium Citrate":0.011,"Manganese Citrate":0.0204,"Curcuminoids":0.0498,"Fisetin (smoketree extract)":0.0354,"Garlic extract 12:1 odorless":0.0383,"Genistein (Japonica extract)":0.0151,"Milled Golden Flaxseed":0.0033,"SDG lignan":0.0301,"Phosphatidylinositol":0.0182,"Phosphatidylethanolamine":0.0136}],"vo2_max":20.138}
