{"personal_data":[{"age":58,"gender":"F","name":"Love Lebsack"}],"fitness_data":[{"Backwards Sled, 2 min":3,"Posture exercises":4,"Tricep extensions":2,"Face pulls":2,"Butterfly":2,"Band pull apart (back muscles)":1,"Back extensions (on a hyperextension)":4,"Obliques (each side, on a hyperextension)":2,"StretchesKneeling shin_Kneeling shin_":1,"StretchesHip flexor_Hip flexor_":4,"StretchesCouch_Couch_":2,"Leg raises (for abdomen)":1,"Seated calf raises":4,"Poliquin step ups":1,"Slant board squats":4,"ATG Split squats":5,"Nordics":5,"Reverse Nordics":1,"Tibialis raises,":2,"IsoTib ankle rotations":1,"Pull ups":4,"Chin ups":3,"10 min HIIT":4}],"supplement_vars":[{"N-Acetyl-L-Cysteine (NAC)":0.0194,"N-Acetyl-L-Cysteine (NAC) 2":0.0189,"Nicotinamide Riboside Chloride (NR)":0.015,"Zeaxanthin":0.0027,"Phosphorus":0.0217,"Astaxanthin (Natural)":0.0228,"Boron Glycinate":0.0104,"CaAKG":0.0089,"Ashwagandha KSM66":0.005,"Calcium L-5- Methyltetrahydrofolate (L-5-MTHF-Ca)":0.0262,"Cocoa Powder (Non-Alkalised) 8+% Flavanols":0.0033,"Red Yeast Rice (2% Monacolin K)":0.0323,"Creatine Monohydrate":0.068,"Ginger":0.0875,"Glucosamine Sulfate KCI":0.0517,"Grape Seed Extract 90% polyphenols":0.0041,"Broccoli Extract (glucoraphanin 10%)":0.0079,"Glycine":0.0095,"Theanine":0.0312,"Lactobacillus Acidophilus":0.043,"Lithium orotate":0.0062,"Pomegranate Juice Extract (50% Polyphenols)":0.0003,"Potassium Iodate":0.0214,"Rhodiola 3% Rosavins / Salidroside 1%":0.0304,"Selenium":0.0281,"Glutathione reduced":0.0103,"Lutein":0.0127,"Luteolin":0.0077,"Cinnamon powder (ceylon) organic":0.0135,"Sodium Hyaluronate":0.0042,"Spermidine":0.0146,"Vitamin B1 (Thiamine HCl)":0.0134,"Vitamin B12 (Methylcobalamin)":0.0824,"Vitamin B2 (Riboflavin-5-Phosphate)":0.0494,"Vitamin B3 (Niacinamide)":0.0087,"Vitamin B5 (Calcium-D-Pantothenate)":0.02,"Vitamin B6 (Pyridoxal-5- Phosphate)":0.0341,"Vitamin B7 (D-Biotin)":0.0037,"Vitamin C (Ascorbic Acid)":0.0126,"Vitamin D Veg D3":0.0237,"Vitamin E (d-alpha tocopherol)":0.0213,"Vitamin K1":0.0057,"Vitamin K2 MK-7 MCT Oil":0.0245,"Vitamin K2 MK-4 MCT Oil":0.0059,"Sunflower lecithin non-GMO":0.03,"Phosphatidylcholine":0.0331,"Choline":0.0164,"Lycopene":0.0542,"Lysine":0.0111,"Taurine":0.0186,"Glucoraphanin":0.0006,"Ubiquinol":0.0009,"Zinc Citrate":0.0149,"Fiber":0.0052,"Blueberries":0.0369,"Macadamia nuts":0.0301,"Walnuts":0.0396,"Omega 3":0.0082,"Omega 6":0.0643,"Calcium":0.067,"EVOO polyphenols":0.0057,"Oleic acid":0.0363,"Protein (plant)":0.0024,"Copper":0.0164,"Caffeine":0.0531,"Magnesium Citrate":0.0084,"Manganese Citrate":0.0372,"Curcuminoids":0.0348,"Fisetin (smoketree extract)":0.0297,"Garlic extract 12:1 odorless":0.01,"Genistein (Japonica extract)":0.0035,"Milled Golden Flaxseed":0.0086,"SDG lignan":0.0024,"Phosphatidylinositol":0.0034,"Phosphatidylethanolamine":0.0117}],"vo2_max":30.1828}
