{"personal_data":[{"age":66,"gender":"M"}],"fitness_data":[{"Backwards Sled, 2 min":1,"Posture exercises":4,"Tricep extensions":2,"Face pulls":0,"Butterfly":0,"Band pull apart (back muscles)":3,"Back extensions (on a hyperextension)":2,"Obliques (each side, on a hyperextension)":3,"StretchesKneeling shin_Kneeling shin_":3,"StretchesHip flexor_Hip flexor_":5,"StretchesCouch_Couch_":1,"Leg raises (for abdomen)":2,"Seated calf raises":0,"Poliquin step ups":1,"Slant board squats":5,"ATG Split squats":5,"Nordics":1,"Reverse Nordics":1,"Tibialis raises,":4,"IsoTib ankle rotations":3,"Pull ups":3,"Chin ups":3,"10 min HIIT":2}],"supplement_vars":[{"N-Acetyl-L-Cysteine (NAC)":0.0161,"N-Acetyl-L-Cysteine (NAC) 2":0.006,"Nicotinamide Riboside Chloride (NR)":0.0034,"Zeaxanthin":0.0047,"Phosphorus":0.0198,"Astaxanthin (Natural)":0.0011,"Boron Glycinate":0.0401,"CaAKG":0.0083,"Ashwagandha KSM66":0.0034,"Calcium L-5- Methyltetrahydrofolate (L-5-MTHF-Ca)":0.0548,"Cocoa Powder (Non-Alkalised) 8+% Flavanols":0.02,"Red Yeast Rice (2% Monacolin K)":0.016,"Creatine Monohydrate":0.0625,"Ginger":0.0419,"Glucosamine Sulfate KCI":0.0502,"Grape Seed Extract 90% polyphenols":0.0072,"Broccoli Extract (glucoraphanin 10%)":0.0064,"Glycine":0.0076,"Theanine":0.0513,"Lactobacillus Acidophilus":0.0158,"Lithium orotate":0.0008,"Pomegranate Juice Extract (50% Polyphenols)":0.0609,"Potassium Iodate":0.0169,"Rhodiola 3% Rosavins / Salidroside 1%":0.0041,"Selenium":0.0127,"Glutathione reduced":0.0467,"Lutein":0.0006,"Luteolin":0.0058,"Cinnamon powder (ceylon) organic":0.0163,"Sodium Hyaluronate":0.0095,"Spermidine":0.0386,"Vitamin B1 (Thiamine HCl)":0.0168,"Vitamin B12 (Methylcobalamin)":0.0015,"Vitamin B2 (Riboflavin-5-Phosphate)":0.0254,"Vitamin B3 (Niacinamide)":0.016,"Vitamin B5 (Calcium-D-Pantothenate)":0.0061,"Vitamin B6 (Pyridoxal-5- Phosphate)":0.038,"Vitamin B7 (D-Biotin)":0.0294,"Vitamin C (Ascorbic Acid)":0.008,"Vitamin D Veg D3":0.0414,"Vitamin E (d-alpha tocopherol)":0.0286,"Vitamin K1":0.0236,"Vitamin K2 MK-7 MCT Oil":0.0296,"Vitamin K2 MK-4 MCT Oil":0.0075,"Sunflower lecithin non-GMO":0.0221,"Phosphatidylcholine":0.0263,"Choline":0.0331,"Lycopene":0.0755,"Lysine":0.0034,"Taurine":0.0236,"Glucoraphanin":0.0116,"Ubiquinol":0.0121,"Zinc Citrate":0.0121,"Fiber":0.0016,"Blueberries":0.0149,"Macadamia nuts":0.0931,"Walnuts":0.0402,"Omega 3":0.0496,"Omega 6":0.0025,"Calcium":0.0197,"EVOO polyphenols":0.0029,"Oleic acid":0.0084,"Protein (plant)":0.0009,"Copper":0.0122,"Caffeine":0.0611,"Magnesium Citrate":0.0309,"Manganese Citrate":0.0143,"Curcuminoids":0.0363,"Fisetin (smoketree extract)":0.0335,"Garlic extract 12:1 odorless":0.033,"Genistein (Japonica extract)":0.0054,"Milled Golden Flaxseed":0.0029,"SDG lignan":0.0214,"Phosphatidylinositol":0.0016,"Phosphatidylethanolamine":0.0158}],"vo2_max":23.7496}
