{"personal_data":[{"age":40,"gender":"M","name":"Garrick O'Keefe"}],"fitness_data":[{"Backwards Sled, 2 min":3,"Posture exercises":3,"Tricep extensions":2,"Face pulls":5,"Butterfly":6,"Band pull apart (back muscles)":5,"Back extensions (on a hyperextension)":1,"Obliques (each side, on a hyperextension)":2,"StretchesKneeling shin_Kneeling shin_":1,"StretchesHip flexor_Hip flexor_":3,"StretchesCouch_Couch_":0,"Leg raises (for abdomen)":0,"Seated calf raises":1,"Poliquin step ups":4,"Slant board squats":7,"ATG Split squats":2,"Nordics":4,"Reverse Nordics":1,"Tibialis raises,":1,"IsoTib ankle rotations":1,"Pull ups":2,"Chin ups":2,"10 min HIIT":4}],"supplement_vars":[{"N-Acetyl-L-Cysteine (NAC)":0.0064,"N-Acetyl-L-Cysteine (NAC) 2":0.0145,"Nicotinamide Riboside Chloride (NR)":0.0111,"Zeaxanthin":0.0057,"Phosphorus":0.0004,"Astaxanthin (Natural)":0.0191,"Boron Glycinate":0.0267,"CaAKG":0.0034,"Ashwagandha KSM66":0.0047,"Calcium L-5- Methyltetrahydrofolate (L-5-MTHF-Ca)":0.0542,"Cocoa Powder (Non-Alkalised) 8+% Flavanols":0.022,"Red Yeast Rice (2% Monacolin K)":0.0339,"Creatine Monohydrate":0.0638,"Ginger":0.0203,"Glucosamine Sulfate KCI":0.0604,"Grape Seed Extract 90% polyphenols":0.0029,"Broccoli Extract (glucoraphanin 10%)":0.014,"Glycine":0.0112,"Theanine":0.012,"Lactobacillus Acidophilus":0.0386,"Lithium orotate":0.009,"Pomegranate Juice Extract (50% Polyphenols)":0.0343,"Potassium Iodate":0.009,"Rhodiola 3% Rosavins / Salidroside 1%":0.0043,"Selenium":0.0119,"Glutathione reduced":0.031,"Lutein":0.005,"Luteolin":0.0066,"Cinnamon powder (ceylon) organic":0.0143,"Sodium Hyaluronate":0.0047,"Spermidine":0.0108,"Vitamin B1 (Thiamine HCl)":0.0135,"Vitamin B12 (Methylcobalamin)":0.0703,"Vitamin B2 (Riboflavin-5-Phosphate)":0.0104,"Vitamin B3 (Niacinamide)":0.003,"Vitamin B5 (Calcium-D-Pantothenate)":0.018,"Vitamin B6 (Pyridoxal-5- Phosphate)":0.0326,"Vitamin B7 (D-Biotin)":0.0137,"Vitamin C (Ascorbic Acid)":0.0091,"Vitamin D Veg D3":0.0402,"Vitamin E (d-alpha tocopherol)":0.0004,"Vitamin K1":0.0525,"Vitamin K2 MK-7 MCT Oil":0.034,"Vitamin K2 MK-4 MCT Oil":0.0368,"Sunflower lecithin non-GMO":0.0168,"Phosphatidylcholine":0.0279,"Choline":0.0259,"Lycopene":0.0267,"Lysine":0.0095,"Taurine":0.0307,"Glucoraphanin":0.0045,"Ubiquinol":0.0021,"Zinc Citrate":0.0261,"Fiber":0.002,"Blueberries":0.0785,"Macadamia nuts":0.0913,"Walnuts":0.0526,"Omega 3":0.0165,"Omega 6":0.0291,"Calcium":0.0291,"EVOO polyphenols":0.005,"Oleic acid":0.0221,"Protein (plant)":0.003,"Copper":0.0135,"Caffeine":0.0251,"Magnesium Citrate":0.0025,"Manganese Citrate":0.0822,"Curcuminoids":0.0502,"Fisetin (smoketree extract)":0.003,"Garlic extract 12:1 odorless":0.0033,"Genistein (Japonica extract)":0.0063,"Milled Golden Flaxseed":0.0353,"SDG lignan":0.0439,"Phosphatidylinositol":0.0105,"Phosphatidylethanolamine":0.0365}],"vo2_max":34.9358}
