{"personal_data":[{"age":73,"gender":"F","name":"Dr. Doshia Vandervort"}],"fitness_data":[{"Backwards Sled, 2 min":4,"Posture exercises":0,"Tricep extensions":3,"Face pulls":3,"Butterfly":2,"Band pull apart (back muscles)":6,"Back extensions (on a hyperextension)":0,"Obliques (each side, on a hyperextension)":0,"StretchesKneeling shin_Kneeling shin_":2,"StretchesHip flexor_Hip flexor_":3,"StretchesCouch_Couch_":0,"Leg raises (for abdomen)":4,"Seated calf raises":3,"Poliquin step ups":1,"Slant board squats":2,"ATG Split squats":3,"Nordics":4,"Reverse Nordics":3,"Tibialis raises,":0,"IsoTib ankle rotations":1,"Pull ups":1,"Chin ups":3,"10 min HIIT":2}],"supplement_vars":[{"N-Acetyl-L-Cysteine (NAC)":0.0112,"N-Acetyl-L-Cysteine (NAC) 2":0.0067,"Nicotinamide Riboside Chloride (NR)":0.004,"Zeaxanthin":0.0029,"Phosphorus":0.0078,"Astaxanthin (Natural)":0.0104,"Boron Glycinate":0.0114,"CaAKG":0.008,"Ashwagandha KSM66":0.0045,"Calcium L-5- Methyltetrahydrofolate (L-5-MTHF-Ca)":0.002,"Cocoa Powder (Non-Alkalised) 8+% Flavanols":0.0071,"Red Yeast Rice (2% Monacolin K)":0.0304,"Creatine Monohydrate":0.0372,"Ginger":0.0365,"Glucosamine Sulfate KCI":0.0033,"Grape Seed Extract 90% polyphenols":0.0011,"Broccoli Extract (glucoraphanin 10%)":0.029,"Glycine":0.0151,"Theanine":0.042,"Lactobacillus Acidophilus":0.0629,"Lithium orotate":0.0083,"Pomegranate Juice Extract (50% Polyphenols)":0.0165,"Potassium Iodate":0.0249,"Rhodiola 3% Rosavins / Salidroside 1%":0.0609,"Selenium":0.0205,"Glutathione reduced":0.0376,"Lutein":0.0068,"Luteolin":0.0072,"Cinnamon powder (ceylon) organic":0.0117,"Sodium Hyaluronate":0.0086,"Spermidine":0.0152,"Vitamin B1 (Thiamine HCl)":0.0054,"Vitamin B12 (Methylcobalamin)":0.0673,"Vitamin B2 (Riboflavin-5-Phosphate)":0.0301,"Vitamin B3 (Niacinamide)":0.0372,"Vitamin B5 (Calcium-D-Pantothenate)":0.0011,"Vitamin B6 (Pyridoxal-5- Phosphate)":0.0317,"Vitamin B7 (D-Biotin)":0.0327,"Vitamin C (Ascorbic Acid)":0.0069,"Vitamin D Veg D3":0.0255,"Vitamin E (d-alpha tocopherol)":0.0102,"Vitamin K1":0.029,"Vitamin K2 MK-7 MCT Oil":0.0215,"Vitamin K2 MK-4 MCT Oil":0.0334,"Sunflower lecithin non-GMO":0.045,"Phosphatidylcholine":0.0304,"Choline":0.0406,"Lycopene":0.053,"Lysine":0.0068,"Taurine":0.0324,"Glucoraphanin":0.0165,"Ubiquinol":0.0049,"Zinc Citrate":0.0019,"Fiber":0.0015,"Blueberries":0.0639,"Macadamia nuts":0.0231,"Walnuts":0.0439,"Omega 3":0.0346,"Omega 6":0.0577,"Calcium":0.0596,"EVOO polyphenols":0.0011,"Oleic acid":0.0082,"Protein (plant)":0.0023,"Copper":0.0046,"Caffeine":0.0318,"Magnesium Citrate":0.0298,"Manganese Citrate":0.0976,"Curcuminoids":0.0166,"Fisetin (smoketree extract)":0.011,"Garlic extract 12:1 odorless":0.0215,"Genistein (Japonica extract)":0.0036,"Milled Golden Flaxseed":0.016,"SDG lignan":0.0411,"Phosphatidylinositol":0.0158,"Phosphatidylethanolamine":0.0211}],"vo2_max":18.4681}
