{"personal_data":[{"age":73,"gender":"F","name":"Phoenix Carter DDS"}],"fitness_data":[{"Backwards Sled, 2 min":4,"Posture exercises":2,"Tricep extensions":2,"Face pulls":4,"Butterfly":0,"Band pull apart (back muscles)":4,"Back extensions (on a hyperextension)":1,"Obliques (each side, on a hyperextension)":3,"StretchesKneeling shin_Kneeling shin_":3,"StretchesHip flexor_Hip flexor_":1,"StretchesCouch_Couch_":1,"Leg raises (for abdomen)":1,"Seated calf raises":2,"Poliquin step ups":4,"Slant board squats":3,"ATG Split squats":1,"Nordics":3,"Reverse Nordics":3,"Tibialis raises,":1,"IsoTib ankle rotations":3,"Pull ups":2,"Chin ups":2,"10 min HIIT":3}],"supplement_vars":[{"N-Acetyl-L-Cysteine (NAC)":0.0011,"N-Acetyl-L-Cysteine (NAC) 2":0.0159,"Nicotinamide Riboside Chloride (NR)":0.0168,"Zeaxanthin":0.0133,"Phosphorus":0.0146,"Astaxanthin (Natural)":0.0116,"Boron Glycinate":0.0175,"CaAKG":0.0088,"Ashwagandha KSM66":0.0002,"Calcium L-5- Methyltetrahydrofolate (L-5-MTHF-Ca)":0.0024,"Cocoa Powder (Non-Alkalised) 8+% Flavanols":0.0091,"Red Yeast Rice (2% Monacolin K)":0.018,"Creatine Monohydrate":0.0427,"Ginger":0.0142,"Glucosamine Sulfate KCI":0.0773,"Grape Seed Extract 90% polyphenols":0.0046,"Broccoli Extract (glucoraphanin 10%)":0.0172,"Glycine":0.0108,"Theanine":0.0448,"Lactobacillus Acidophilus":0.0802,"Lithium orotate":0.0064,"Pomegranate Juice Extract (50% Polyphenols)":0.0598,"Potassium Iodate":0.0206,"Rhodiola 3% Rosavins / Salidroside 1%":0.0435,"Selenium":0.0141,"Glutathione reduced":0.0421,"Lutein":0.011,"Luteolin":0.0074,"Cinnamon powder (ceylon) organic":0.0124,"Sodium Hyaluronate":0.0067,"Spermidine":0.0876,"Vitamin B1 (Thiamine HCl)":0.014,"Vitamin B12 (Methylcobalamin)":0.0269,"Vitamin B2 (Riboflavin-5-Phosphate)":0.0191,"Vitamin B3 (Niacinamide)":0.0549,"Vitamin B5 (Calcium-D-Pantothenate)":0.0108,"Vitamin B6 (Pyridoxal-5- Phosphate)":0.0391,"Vitamin B7 (D-Biotin)":0.0014,"Vitamin C (Ascorbic Acid)":0.0052,"Vitamin D Veg D3":0.0045,"Vitamin E (d-alpha tocopherol)":0.0424,"Vitamin K1":0.0005,"Vitamin K2 MK-7 MCT Oil":0.0252,"Vitamin K2 MK-4 MCT Oil":0.0268,"Sunflower lecithin non-GMO":0.0181,"Phosphatidylcholine":0.0208,"Choline":0.045,"Lycopene":0.0696,"Lysine":0.0095,"Taurine":0.0159,"Glucoraphanin":0.0044,"Ubiquinol":0.0082,"Zinc Citrate":0.032,"Fiber":0.0022,"Blueberries":0.0668,"Macadamia nuts":0.0277,"Walnuts":0.0233,"Omega 3":0.0403,"Omega 6":0.0116,"Calcium":0.0442,"EVOO polyphenols":0.0035,"Oleic acid":0.0072,"Protein (plant)":0.0003,"Copper":0.0092,"Caffeine":0.0596,"Magnesium Citrate":0.0281,"Manganese Citrate":0.0115,"Curcuminoids":0.0248,"Fisetin (smoketree extract)":0.0278,"Garlic extract 12:1 odorless":0.0291,"Genistein (Japonica extract)":0.0019,"Milled Golden Flaxseed":0.006,"SDG lignan":0.0501,"Phosphatidylinositol":0.0257,"Phosphatidylethanolamine":0.0239}],"vo2_max":17.7572}
