{"personal_data":[{"age":23,"gender":"F","name":"Delphin Block"}],"fitness_data":[{"Backwards Sled, 2 min":3,"Posture exercises":0,"Tricep extensions":4,"Face pulls":5,"Butterfly":5,"Band pull apart (back muscles)":2,"Back extensions (on a hyperextension)":1,"Obliques (each side, on a hyperextension)":2,"StretchesKneeling shin_Kneeling shin_":1,"StretchesHip flexor_Hip flexor_":1,"StretchesCouch_Couch_":2,"Leg raises (for abdomen)":0,"Seated calf raises":2,"Poliquin step ups":2,"Slant board squats":2,"ATG Split squats":0,"Nordics":1,"Reverse Nordics":3,"Tibialis raises,":1,"IsoTib ankle rotations":0,"Pull ups":1,"Chin ups":0,"10 min HIIT":1}],"supplement_vars":[{"N-Acetyl-L-Cysteine (NAC)":0.0137,"N-Acetyl-L-Cysteine (NAC) 2":0.0132,"Nicotinamide Riboside Chloride (NR)":0.0117,"Zeaxanthin":0.0118,"Phosphorus":0.0347,"Astaxanthin (Natural)":0.0062,"Boron Glycinate":0.0157,"CaAKG":0.0021,"Ashwagandha KSM66":0.0022,"Calcium L-5- Methyltetrahydrofolate (L-5-MTHF-Ca)":0.054,"Cocoa Powder (Non-Alkalised) 8+% Flavanols":0.0194,"Red Yeast Rice (2% Monacolin K)":0.0063,"Creatine Monohydrate":0.0518,"Ginger":0.0508,"Glucosamine Sulfate KCI":0.0776,"Grape Seed Extract 90% polyphenols":0.0027,"Broccoli Extract (glucoraphanin 10%)":0.0086,"Glycine":0.0233,"Theanine":0.0131,"Lactobacillus Acidophilus":0.0232,"Lithium orotate":0.0054,"Pomegranate Juice Extract (50% Polyphenols)":0.0185,"Potassium Iodate":0.0292,"Rhodiola 3% Rosavins / Salidroside 1%":0.0117,"Selenium":0.0026,"Glutathione reduced":0.0075,"Lutein":0.0217,"Luteolin":0.0068,"Cinnamon powder (ceylon) organic":0.0008,"Sodium Hyaluronate":0.005,"Spermidine":0.0825,"Vitamin B1 (Thiamine HCl)":0.0168,"Vitamin B12 (Methylcobalamin)":0.0445,"Vitamin B2 (Riboflavin-5-Phosphate)":0.0477,"Vitamin B3 (Niacinamide)":0.0458,"Vitamin B5 (Calcium-D-Pantothenate)":0.0015,"Vitamin B6 (Pyridoxal-5- Phosphate)":0.0046,"Vitamin B7 (D-Biotin)":0.0321,"Vitamin C (Ascorbic Acid)":0.0035,"Vitamin D Veg D3":0.0115,"Vitamin E (d-alpha tocopherol)":0.0227,"Vitamin K1":0.061,"Vitamin K2 MK-7 MCT Oil":0.0166,"Vitamin K2 MK-4 MCT Oil":0.0273,"Sunflower lecithin non-GMO":0.0179,"Phosphatidylcholine":0.0311,"Choline":0.0381,"Lycopene":0.0219,"Lysine":0.0014,"Taurine":0.014,"Glucoraphanin":0.009,"Ubiquinol":0.0089,"Zinc Citrate":0.0012,"Fiber":0.0008,"Blueberries":0.0709,"Macadamia nuts":0.0497,"Walnuts":0.0237,"Omega 3":0.0498,"Omega 6":0.0334,"Calcium":0.0183,"EVOO polyphenols":0.0018,"Oleic acid":0.0363,"Protein (plant)":0.0023,"Copper":0.0023,"Caffeine":0.0285,"Magnesium Citrate":0.0264,"Manganese Citrate":0.0584,"Curcuminoids":0.0254,"Fisetin (smoketree extract)":0.0246,"Garlic extract 12:1 odorless":0.0043,"Genistein (Japonica extract)":0.011,"Milled Golden Flaxseed":0.0153,"SDG lignan":0.0441,"Phosphatidylinositol":0.023,"Phosphatidylethanolamine":0.0304}],"vo2_max":33.34}
