{"personal_data":[{"age":33,"gender":"M","name":"Rick Johns"}],"fitness_data":[{"Backwards Sled, 2 min":3,"Posture exercises":2,"Tricep extensions":4,"Face pulls":4,"Butterfly":6,"Band pull apart (back muscles)":1,"Back extensions (on a hyperextension)":3,"Obliques (each side, on a hyperextension)":1,"StretchesKneeling shin_Kneeling shin_":1,"StretchesHip flexor_Hip flexor_":1,"StretchesCouch_Couch_":1,"Leg raises (for abdomen)":3,"Seated calf raises":3,"Poliquin step ups":4,"Slant board squats":4,"ATG Split squats":1,"Nordics":1,"Reverse Nordics":3,"Tibialis raises,":4,"IsoTib ankle rotations":2,"Pull ups":0,"Chin ups":0,"10 min HIIT":0}],"supplement_vars":[{"N-Acetyl-L-Cysteine (NAC)":0.0033,"N-Acetyl-L-Cysteine (NAC) 2":0.0106,"Nicotinamide Riboside Chloride (NR)":0.0134,"Zeaxanthin":0.0031,"Phosphorus":0.0309,"Astaxanthin (Natural)":0.0136,"Boron Glycinate":0.0058,"CaAKG":0.0061,"Ashwagandha KSM66":0.007,"Calcium L-5- Methyltetrahydrofolate (L-5-MTHF-Ca)":0.0564,"Cocoa Powder (Non-Alkalised) 8+% Flavanols":0.02,"Red Yeast Rice (2% Monacolin K)":0.0069,"Creatine Monohydrate":0.0419,"Ginger":0.0534,"Glucosamine Sulfate KCI":0.0385,"Grape Seed Extract 90% polyphenols":0.0117,"Broccoli Extract (glucoraphanin 10%)":0.0227,"Glycine":0.0324,"Theanine":0.0159,"Lactobacillus Acidophilus":0.0023,"Lithium orotate":0.0067,"Pomegranate Juice Extract (50% Polyphenols)":0.0375,"Potassium Iodate":0.0403,"Rhodiola 3% Rosavins / Salidroside 1%":0.0163,"Selenium":0.0187,"Glutathione reduced":0.0458,"Lutein":0.0023,"Luteolin":0.0043,"Cinnamon powder (ceylon) organic":0.0112,"Sodium Hyaluronate":0.0023,"Spermidine":0.0665,"Vitamin B1 (Thiamine HCl)":0.004,"Vitamin B12 (Methylcobalamin)":0.0356,"Vitamin B2 (Riboflavin-5-Phosphate)":0.0144,"Vitamin B3 (Niacinamide)":0.0072,"Vitamin B5 (Calcium-D-Pantothenate)":0.0059,"Vitamin B6 (Pyridoxal-5- Phosphate)":0.0361,"Vitamin B7 (D-Biotin)":0.001,"Vitamin C (Ascorbic Acid)":0.0114,"Vitamin D Veg D3":0.0222,"Vitamin E (d-alpha tocopherol)":0.006,"Vitamin K1":0.0425,"Vitamin K2 MK-7 MCT Oil":0.0249,"Vitamin K2 MK-4 MCT Oil":0.0248,"Sunflower lecithin non-GMO":0.0012,"Phosphatidylcholine":0.0084,"Choline":0.0318,"Lycopene":0.0547,"Lysine":0.0118,"Taurine":0.029,"Glucoraphanin":0.023,"Ubiquinol":0.0123,"Zinc Citrate":0.0305,"Fiber":0.0015,"Blueberries":0.0737,"Macadamia nuts":0.052,"Walnuts":0.0537,"Omega 3":0.007,"Omega 6":0.0384,"Calcium":0.0457,"EVOO polyphenols":0.0034,"Oleic acid":0.0031,"Protein (plant)":0.0041,"Copper":0.0097,"Caffeine":0.0409,"Magnesium Citrate":0.0064,"Manganese Citrate":0.0892,"Curcuminoids":0.0428,"Fisetin (smoketree extract)":0.0225,"Garlic extract 12:1 odorless":0.039,"Genistein (Japonica extract)":0.0163,"Milled Golden Flaxseed":0.0217,"SDG lignan":0.0439,"Phosphatidylinositol":0.006,"Phosphatidylethanolamine":0.0091}],"vo2_max":32.8057}
