{"personal_data":[{"age":64,"gender":"M"}],"fitness_data":[{"Backwards Sled, 2 min":4,"Posture exercises":1,"Tricep extensions":2,"Face pulls":3,"Butterfly":2,"Band pull apart (back muscles)":4,"Back extensions (on a hyperextension)":0,"Obliques (each side, on a hyperextension)":1,"StretchesKneeling shin_Kneeling shin_":2,"StretchesHip flexor_Hip flexor_":2,"StretchesCouch_Couch_":3,"Leg raises (for abdomen)":2,"Seated calf raises":2,"Poliquin step ups":3,"Slant board squats":5,"ATG Split squats":5,"Nordics":0,"Reverse Nordics":1,"Tibialis raises,":0,"IsoTib ankle rotations":3,"Pull ups":2,"Chin ups":3,"10 min HIIT":3}],"supplement_vars":[{"N-Acetyl-L-Cysteine (NAC)":0.0114,"N-Acetyl-L-Cysteine (NAC) 2":0.016,"Nicotinamide Riboside Chloride (NR)":0.0153,"Zeaxanthin":0.0124,"Phosphorus":0.0087,"Astaxanthin (Natural)":0.004,"Boron Glycinate":0.0027,"CaAKG":0.0124,"Ashwagandha KSM66":0.0073,"Calcium L-5- Methyltetrahydrofolate (L-5-MTHF-Ca)":0.0248,"Cocoa Powder (Non-Alkalised) 8+% Flavanols":0.006,"Red Yeast Rice (2% Monacolin K)":0.0069,"Creatine Monohydrate":0.0195,"Ginger":0.0109,"Glucosamine Sulfate KCI":0.0137,"Grape Seed Extract 90% polyphenols":0.0126,"Broccoli Extract (glucoraphanin 10%)":0.0296,"Glycine":0.0189,"Theanine":0.0015,"Lactobacillus Acidophilus":0.0599,"Lithium orotate":0.0053,"Pomegranate Juice Extract (50% Polyphenols)":0.0218,"Potassium Iodate":0.0117,"Rhodiola 3% Rosavins / Salidroside 1%":0.0244,"Selenium":0.0101,"Glutathione reduced":0.0258,"Lutein":0.0128,"Luteolin":0.004,"Cinnamon powder (ceylon) organic":0.012,"Sodium Hyaluronate":0.011,"Spermidine":0.0232,"Vitamin B1 (Thiamine HCl)":0.0002,"Vitamin B12 (Methylcobalamin)":0.017,"Vitamin B2 (Riboflavin-5-Phosphate)":0.0276,"Vitamin B3 (Niacinamide)":0.0666,"Vitamin B5 (Calcium-D-Pantothenate)":0.0023,"Vitamin B6 (Pyridoxal-5- Phosphate)":0.007,"Vitamin B7 (D-Biotin)":0.025,"Vitamin C (Ascorbic Acid)":0.0102,"Vitamin D Veg D3":0.0255,"Vitamin E (d-alpha tocopherol)":0.0451,"Vitamin K1":0.0144,"Vitamin K2 MK-7 MCT Oil":0.0316,"Vitamin K2 MK-4 MCT Oil":0.016,"Sunflower lecithin non-GMO":0.0261,"Phosphatidylcholine":0.0301,"Choline":0.0291,"Lycopene":0.0167,"Lysine":0.0103,"Taurine":0.0359,"Glucoraphanin":0.0282,"Ubiquinol":0.0096,"Zinc Citrate":0.0131,"Fiber":0.0045,"Blueberries":0.0424,"Macadamia nuts":0.0682,"Walnuts":0.0442,"Omega 3":0.0082,"Omega 6":0.0294,"Calcium":0.0317,"EVOO polyphenols":0.0025,"Oleic acid":0.0217,"Protein (plant)":0.0033,"Copper":0,"Caffeine":0.0267,"Magnesium Citrate":0.0419,"Manganese Citrate":0.0256,"Curcuminoids":0.0305,"Fisetin (smoketree extract)":0.0244,"Garlic extract 12:1 odorless":0.0364,"Genistein (Japonica extract)":0.0193,"Milled Golden Flaxseed":0.0056,"SDG lignan":0.028,"Phosphatidylinositol":0.0122,"Phosphatidylethanolamine":0.0452}],"vo2_max":22.7896}
