{"personal_data":[{"age":65,"gender":"F"}],"fitness_data":[{"Backwards Sled, 2 min":0,"Posture exercises":0,"Tricep extensions":2,"Face pulls":0,"Butterfly":2,"Band pull apart (back muscles)":2,"Back extensions (on a hyperextension)":1,"Obliques (each side, on a hyperextension)":1,"StretchesKneeling shin_Kneeling shin_":3,"StretchesHip flexor_Hip flexor_":6,"StretchesCouch_Couch_":1,"Leg raises (for abdomen)":4,"Seated calf raises":3,"Poliquin step ups":1,"Slant board squats":4,"ATG Split squats":2,"Nordics":5,"Reverse Nordics":2,"Tibialis raises,":0,"IsoTib ankle rotations":5,"Pull ups":0,"Chin ups":1,"10 min HIIT":3}],"supplement_vars":[{"N-Acetyl-L-Cysteine (NAC)":0.0062,"N-Acetyl-L-Cysteine (NAC) 2":0.0115,"Nicotinamide Riboside Chloride (NR)":0.0163,"Zeaxanthin":0.0128,"Phosphorus":0.0105,"Astaxanthin (Natural)":0.0078,"Boron Glycinate":0.0156,"CaAKG":0.0081,"Ashwagandha KSM66":0.0007,"Calcium L-5- Methyltetrahydrofolate (L-5-MTHF-Ca)":0.0122,"Cocoa Powder (Non-Alkalised) 8+% Flavanols":0.0202,"Red Yeast Rice (2% Monacolin K)":0.0196,"Creatine Monohydrate":0.0032,"Ginger":0.0739,"Glucosamine Sulfate KCI":0.0613,"Grape Seed Extract 90% polyphenols":0.0057,"Broccoli Extract (glucoraphanin 10%)":0.0126,"Glycine":0.0081,"Theanine":0.0279,"Lactobacillus Acidophilus":0.0889,"Lithium orotate":0.004,"Pomegranate Juice Extract (50% Polyphenols)":0.0576,"Potassium Iodate":0.0273,"Rhodiola 3% Rosavins / Salidroside 1%":0.0424,"Selenium":0.0104,"Glutathione reduced":0.0054,"Lutein":0.0073,"Luteolin":0.0019,"Cinnamon powder (ceylon) organic":0.02,"Sodium Hyaluronate":0.0055,"Spermidine":0.0006,"Vitamin B1 (Thiamine HCl)":0.0157,"Vitamin B12 (Methylcobalamin)":0.0458,"Vitamin B2 (Riboflavin-5-Phosphate)":0.0214,"Vitamin B3 (Niacinamide)":0.0142,"Vitamin B5 (Calcium-D-Pantothenate)":0.0133,"Vitamin B6 (Pyridoxal-5- Phosphate)":0.0257,"Vitamin B7 (D-Biotin)":0.0128,"Vitamin C (Ascorbic Acid)":0.008,"Vitamin D Veg D3":0.0162,"Vitamin E (d-alpha tocopherol)":0.0064,"Vitamin K1":0.0622,"Vitamin K2 MK-7 MCT Oil":0.0208,"Vitamin K2 MK-4 MCT Oil":0.0195,"Sunflower lecithin non-GMO":0.0093,"Phosphatidylcholine":0.0128,"Choline":0.0284,"Lycopene":0.0146,"Lysine":0.0001,"Taurine":0.0433,"Glucoraphanin":0.0167,"Ubiquinol":0.0046,"Zinc Citrate":0.0211,"Fiber":0.0045,"Blueberries":0.0164,"Macadamia nuts":0.042,"Walnuts":0.0313,"Omega 3":0.0169,"Omega 6":0.0125,"Calcium":0.0023,"EVOO polyphenols":0.0069,"Oleic acid":0.0108,"Protein (plant)":0.0047,"Copper":0.0196,"Caffeine":0.0612,"Magnesium Citrate":0.0259,"Manganese Citrate":0.0188,"Curcuminoids":0.0436,"Fisetin (smoketree extract)":0.0108,"Garlic extract 12:1 odorless":0.0033,"Genistein (Japonica extract)":0.0113,"Milled Golden Flaxseed":0.0307,"SDG lignan":0.0004,"Phosphatidylinositol":0.0065,"Phosphatidylethanolamine":0.0366}],"vo2_max":20.6246}
