{"personal_data":[{"age":74,"gender":"F","name":"Emiliano Hermiston"}],"fitness_data":[{"Backwards Sled, 2 min":3,"Posture exercises":0,"Tricep extensions":0,"Face pulls":2,"Butterfly":3,"Band pull apart (back muscles)":6,"Back extensions (on a hyperextension)":2,"Obliques (each side, on a hyperextension)":2,"StretchesKneeling shin_Kneeling shin_":1,"StretchesHip flexor_Hip flexor_":4,"StretchesCouch_Couch_":1,"Leg raises (for abdomen)":1,"Seated calf raises":2,"Poliquin step ups":2,"Slant board squats":2,"ATG Split squats":2,"Nordics":3,"Reverse Nordics":3,"Tibialis raises,":3,"IsoTib ankle rotations":3,"Pull ups":1,"Chin ups":1,"10 min HIIT":1}],"supplement_vars":[{"N-Acetyl-L-Cysteine (NAC)":0.0186,"N-Acetyl-L-Cysteine (NAC) 2":0.0046,"Nicotinamide Riboside Chloride (NR)":0.0069,"Zeaxanthin":0.0118,"Phosphorus":0.0229,"Astaxanthin (Natural)":0.0034,"Boron Glycinate":0.0231,"CaAKG":0.0089,"Ashwagandha KSM66":0.007,"Calcium L-5- Methyltetrahydrofolate (L-5-MTHF-Ca)":0.0484,"Cocoa Powder (Non-Alkalised) 8+% Flavanols":0.0111,"Red Yeast Rice (2% Monacolin K)":0.0239,"Creatine Monohydrate":0.0013,"Ginger":0.0863,"Glucosamine Sulfate KCI":0.0305,"Grape Seed Extract 90% polyphenols":0.0002,"Broccoli Extract (glucoraphanin 10%)":0.0008,"Glycine":0.0162,"Theanine":0.0514,"Lactobacillus Acidophilus":0.0652,"Lithium orotate":0.0032,"Pomegranate Juice Extract (50% Polyphenols)":0.0694,"Potassium Iodate":0.0455,"Rhodiola 3% Rosavins / Salidroside 1%":0.0592,"Selenium":0.0092,"Glutathione reduced":0.0544,"Lutein":0.0022,"Luteolin":0.0036,"Cinnamon powder (ceylon) organic":0.0148,"Sodium Hyaluronate":0.002,"Spermidine":0.0533,"Vitamin B1 (Thiamine HCl)":0.0044,"Vitamin B12 (Methylcobalamin)":0.0218,"Vitamin B2 (Riboflavin-5-Phosphate)":0.0388,"Vitamin B3 (Niacinamide)":0.057,"Vitamin B5 (Calcium-D-Pantothenate)":0.0101,"Vitamin B6 (Pyridoxal-5- Phosphate)":0.0438,"Vitamin B7 (D-Biotin)":0.0253,"Vitamin C (Ascorbic Acid)":0.0002,"Vitamin D Veg D3":0.002,"Vitamin E (d-alpha tocopherol)":0.0384,"Vitamin K1":0.0626,"Vitamin K2 MK-7 MCT Oil":0.0278,"Vitamin K2 MK-4 MCT Oil":0.0218,"Sunflower lecithin non-GMO":0.0179,"Phosphatidylcholine":0.0162,"Choline":0.0295,"Lycopene":0.0091,"Lysine":0.0088,"Taurine":0.043,"Glucoraphanin":0.0304,"Ubiquinol":0.0128,"Zinc Citrate":0.0101,"Fiber":0.0037,"Blueberries":0.0585,"Macadamia nuts":0.0774,"Walnuts":0.0556,"Omega 3":0.0241,"Omega 6":0.0496,"Calcium":0.0277,"EVOO polyphenols":0.0044,"Oleic acid":0.0198,"Protein (plant)":0.0005,"Copper":0.0181,"Caffeine":0.0359,"Magnesium Citrate":0.0474,"Manganese Citrate":0.098,"Curcuminoids":0.0137,"Fisetin (smoketree extract)":0.0359,"Garlic extract 12:1 odorless":0.0362,"Genistein (Japonica extract)":0.0201,"Milled Golden Flaxseed":0.0048,"SDG lignan":0.0275,"Phosphatidylinositol":0.0093,"Phosphatidylethanolamine":0.0315}],"vo2_max":18.8952}
