{"personal_data":[{"age":41,"gender":"M","name":"Dr. Orley Harris I"}],"fitness_data":[{"Backwards Sled, 2 min":1,"Posture exercises":1,"Tricep extensions":3,"Face pulls":2,"Butterfly":2,"Band pull apart (back muscles)":3,"Back extensions (on a hyperextension)":2,"Obliques (each side, on a hyperextension)":3,"StretchesKneeling shin_Kneeling shin_":1,"StretchesHip flexor_Hip flexor_":1,"StretchesCouch_Couch_":2,"Leg raises (for abdomen)":2,"Seated calf raises":1,"Poliquin step ups":1,"Slant board squats":5,"ATG Split squats":5,"Nordics":1,"Reverse Nordics":2,"Tibialis raises,":4,"IsoTib ankle rotations":6,"Pull ups":2,"Chin ups":3,"10 min HIIT":0}],"supplement_vars":[{"N-Acetyl-L-Cysteine (NAC)":0.0052,"N-Acetyl-L-Cysteine (NAC) 2":0.0156,"Nicotinamide Riboside Chloride (NR)":0.0015,"Zeaxanthin":0.0007,"Phosphorus":0.0045,"Astaxanthin (Natural)":0.0182,"Boron Glycinate":0.0204,"CaAKG":0.0126,"Ashwagandha KSM66":0.0039,"Calcium L-5- Methyltetrahydrofolate (L-5-MTHF-Ca)":0.0152,"Cocoa Powder (Non-Alkalised) 8+% Flavanols":0.0204,"Red Yeast Rice (2% Monacolin K)":0.0257,"Creatine Monohydrate":0.0474,"Ginger":0.0289,"Glucosamine Sulfate KCI":0.0279,"Grape Seed Extract 90% polyphenols":0.0111,"Broccoli Extract (glucoraphanin 10%)":0.0209,"Glycine":0.0234,"Theanine":0.0418,"Lactobacillus Acidophilus":0.013,"Lithium orotate":0.009,"Pomegranate Juice Extract (50% Polyphenols)":0.0243,"Potassium Iodate":0.0353,"Rhodiola 3% Rosavins / Salidroside 1%":0.0264,"Selenium":0.0312,"Glutathione reduced":0.0279,"Lutein":0.0173,"Luteolin":0.0006,"Cinnamon powder (ceylon) organic":0.0209,"Sodium Hyaluronate":0.0104,"Spermidine":0.0363,"Vitamin B1 (Thiamine HCl)":0.0028,"Vitamin B12 (Methylcobalamin)":0.0049,"Vitamin B2 (Riboflavin-5-Phosphate)":0.0441,"Vitamin B3 (Niacinamide)":0.0543,"Vitamin B5 (Calcium-D-Pantothenate)":0.0023,"Vitamin B6 (Pyridoxal-5- Phosphate)":0.0124,"Vitamin B7 (D-Biotin)":0.0001,"Vitamin C (Ascorbic Acid)":0.0079,"Vitamin D Veg D3":0.0403,"Vitamin E (d-alpha tocopherol)":0.0213,"Vitamin K1":0.0574,"Vitamin K2 MK-7 MCT Oil":0.0073,"Vitamin K2 MK-4 MCT Oil":0.0176,"Sunflower lecithin non-GMO":0.0144,"Phosphatidylcholine":0.0157,"Choline":0.0082,"Lycopene":0.0352,"Lysine":0.0088,"Taurine":0.0208,"Glucoraphanin":0.029,"Ubiquinol":0.0079,"Zinc Citrate":0.0169,"Fiber":0.0049,"Blueberries":0.0775,"Macadamia nuts":0.008,"Walnuts":0.0695,"Omega 3":0.0018,"Omega 6":0.064,"Calcium":0.0114,"EVOO polyphenols":0.0064,"Oleic acid":0.0098,"Protein (plant)":0.0037,"Copper":0.0091,"Caffeine":0.0621,"Magnesium Citrate":0.0407,"Manganese Citrate":0.04,"Curcuminoids":0.0387,"Fisetin (smoketree extract)":0.0224,"Garlic extract 12:1 odorless":0.003,"Genistein (Japonica extract)":0.0046,"Milled Golden Flaxseed":0.0067,"SDG lignan":0.0359,"Phosphatidylinositol":0.0142,"Phosphatidylethanolamine":0.0058}],"vo2_max":30.024}
