{"personal_data":[{"age":24,"gender":"M"}],"fitness_data":[{"Backwards Sled, 2 min":5,"Posture exercises":4,"Tricep extensions":4,"Face pulls":3,"Butterfly":1,"Band pull apart (back muscles)":2,"Back extensions (on a hyperextension)":4,"Obliques (each side, on a hyperextension)":0,"StretchesKneeling shin_Kneeling shin_":5,"StretchesHip flexor_Hip flexor_":5,"StretchesCouch_Couch_":0,"Leg raises (for abdomen)":0,"Seated calf raises":3,"Poliquin step ups":3,"Slant board squats":0,"ATG Split squats":3,"Nordics":2,"Reverse Nordics":0,"Tibialis raises,":2,"IsoTib ankle rotations":1,"Pull ups":2,"Chin ups":1,"10 min HIIT":1}],"supplement_vars":[{"N-Acetyl-L-Cysteine (NAC)":0.0115,"N-Acetyl-L-Cysteine (NAC) 2":0.0105,"Nicotinamide Riboside Chloride (NR)":0.0066,"Zeaxanthin":0.0123,"Phosphorus":0.0037,"Astaxanthin (Natural)":0.0046,"Boron Glycinate":0.008,"CaAKG":0.0037,"Ashwagandha KSM66":0.0025,"Calcium L-5- Methyltetrahydrofolate (L-5-MTHF-Ca)":0.0292,"Cocoa Powder (Non-Alkalised) 8+% Flavanols":0.0223,"Red Yeast Rice (2% Monacolin K)":0.0075,"Creatine Monohydrate":0.0133,"Ginger":0.0273,"Glucosamine Sulfate KCI":0.0611,"Grape Seed Extract 90% polyphenols":0.0065,"Broccoli Extract (glucoraphanin 10%)":0.0243,"Glycine":0.0035,"Theanine":0.0579,"Lactobacillus Acidophilus":0.0537,"Lithium orotate":0.0077,"Pomegranate Juice Extract (50% Polyphenols)":0.0084,"Potassium Iodate":0.0406,"Rhodiola 3% Rosavins / Salidroside 1%":0.0209,"Selenium":0.0158,"Glutathione reduced":0.0395,"Lutein":0.0082,"Luteolin":0.0021,"Cinnamon powder (ceylon) organic":0.0087,"Sodium Hyaluronate":0.009,"Spermidine":0.0869,"Vitamin B1 (Thiamine HCl)":0.0067,"Vitamin B12 (Methylcobalamin)":0.0564,"Vitamin B2 (Riboflavin-5-Phosphate)":0.0158,"Vitamin B3 (Niacinamide)":0.0514,"Vitamin B5 (Calcium-D-Pantothenate)":0.0009,"Vitamin B6 (Pyridoxal-5- Phosphate)":0.042,"Vitamin B7 (D-Biotin)":0.0191,"Vitamin C (Ascorbic Acid)":0.0085,"Vitamin D Veg D3":0.0228,"Vitamin E (d-alpha tocopherol)":0.0204,"Vitamin K1":0.0212,"Vitamin K2 MK-7 MCT Oil":0.0312,"Vitamin K2 MK-4 MCT Oil":0.0342,"Sunflower lecithin non-GMO":0.0432,"Phosphatidylcholine":0.03,"Choline":0.0526,"Lycopene":0.0352,"Lysine":0.0094,"Taurine":0.032,"Glucoraphanin":0.0294,"Ubiquinol":0.0098,"Zinc Citrate":0.0172,"Fiber":0.0033,"Blueberries":0.0671,"Macadamia nuts":0.0443,"Walnuts":0.0066,"Omega 3":0.0074,"Omega 6":0.049,"Calcium":0.0231,"EVOO polyphenols":0.0037,"Oleic acid":0.0322,"Protein (plant)":0.0006,"Copper":0.0187,"Caffeine":0.0466,"Magnesium Citrate":0.0438,"Manganese Citrate":0.0549,"Curcuminoids":0.0516,"Fisetin (smoketree extract)":0.0263,"Garlic extract 12:1 odorless":0.0071,"Genistein (Japonica extract)":0.0014,"Milled Golden Flaxseed":0.0262,"SDG lignan":0.0039,"Phosphatidylinositol":0.0121,"Phosphatidylethanolamine":0.0455}],"vo2_max":36.7957}
