{"personal_data":[{"age":67,"gender":"F","name":"Katlynn Konopelski-Altenwerth"}],"fitness_data":[{"Backwards Sled, 2 min":2,"Posture exercises":0,"Tricep extensions":3,"Face pulls":3,"Butterfly":5,"Band pull apart (back muscles)":3,"Back extensions (on a hyperextension)":2,"Obliques (each side, on a hyperextension)":0,"StretchesKneeling shin_Kneeling shin_":1,"StretchesHip flexor_Hip flexor_":5,"StretchesCouch_Couch_":0,"Leg raises (for abdomen)":4,"Seated calf raises":1,"Poliquin step ups":3,"Slant board squats":6,"ATG Split squats":5,"Nordics":4,"Reverse Nordics":2,"Tibialis raises,":5,"IsoTib ankle rotations":5,"Pull ups":3,"Chin ups":0,"10 min HIIT":3}],"supplement_vars":[{"N-Acetyl-L-Cysteine (NAC)":0.0124,"N-Acetyl-L-Cysteine (NAC) 2":0.0147,"Nicotinamide Riboside Chloride (NR)":0.0176,"Zeaxanthin":0.0114,"Phosphorus":0.0043,"Astaxanthin (Natural)":0.0063,"Boron Glycinate":0.0354,"CaAKG":0.0014,"Ashwagandha KSM66":0.0049,"Calcium L-5- Methyltetrahydrofolate (L-5-MTHF-Ca)":0.0589,"Cocoa Powder (Non-Alkalised) 8+% Flavanols":0.0222,"Red Yeast Rice (2% Monacolin K)":0.0119,"Creatine Monohydrate":0.0506,"Ginger":0.0003,"Glucosamine Sulfate KCI":0.0637,"Grape Seed Extract 90% polyphenols":0.0106,"Broccoli Extract (glucoraphanin 10%)":0.0239,"Glycine":0.0173,"Theanine":0.0104,"Lactobacillus Acidophilus":0.0379,"Lithium orotate":0.0024,"Pomegranate Juice Extract (50% Polyphenols)":0.0472,"Potassium Iodate":0.0062,"Rhodiola 3% Rosavins / Salidroside 1%":0.0011,"Selenium":0.0156,"Glutathione reduced":0.0404,"Lutein":0.016,"Luteolin":0.0014,"Cinnamon powder (ceylon) organic":0.0204,"Sodium Hyaluronate":0.0056,"Spermidine":0.0649,"Vitamin B1 (Thiamine HCl)":0.0075,"Vitamin B12 (Methylcobalamin)":0.0738,"Vitamin B2 (Riboflavin-5-Phosphate)":0.0658,"Vitamin B3 (Niacinamide)":0.0386,"Vitamin B5 (Calcium-D-Pantothenate)":0.0146,"Vitamin B6 (Pyridoxal-5- Phosphate)":0.0293,"Vitamin B7 (D-Biotin)":0.0044,"Vitamin C (Ascorbic Acid)":0.0092,"Vitamin D Veg D3":0.0419,"Vitamin E (d-alpha tocopherol)":0.0408,"Vitamin K1":0.0581,"Vitamin K2 MK-7 MCT Oil":0.0141,"Vitamin K2 MK-4 MCT Oil":0.0226,"Sunflower lecithin non-GMO":0.0039,"Phosphatidylcholine":0.0077,"Choline":0.0597,"Lycopene":0.0006,"Lysine":0.0093,"Taurine":0.0282,"Glucoraphanin":0.0032,"Ubiquinol":0.0052,"Zinc Citrate":0.0055,"Fiber":0.0048,"Blueberries":0.0319,"Macadamia nuts":0.0533,"Walnuts":0.0208,"Omega 3":0.0356,"Omega 6":0.0427,"Calcium":0.0534,"EVOO polyphenols":0.0029,"Oleic acid":0.0265,"Protein (plant)":0.0026,"Copper":0.0005,"Caffeine":0.0568,"Magnesium Citrate":0.0323,"Manganese Citrate":0.0301,"Curcuminoids":0.0118,"Fisetin (smoketree extract)":0.0244,"Garlic extract 12:1 odorless":0.0058,"Genistein (Japonica extract)":0.0027,"Milled Golden Flaxseed":0.0356,"SDG lignan":0.0164,"Phosphatidylinositol":0.0069,"Phosphatidylethanolamine":0.0193}],"vo2_max":22.3267}
