{"personal_data":[{"age":53,"gender":"F","name":"Kathlene Zieme DVM"}],"fitness_data":[{"Backwards Sled, 2 min":2,"Posture exercises":2,"Tricep extensions":1,"Face pulls":3,"Butterfly":1,"Band pull apart (back muscles)":3,"Back extensions (on a hyperextension)":3,"Obliques (each side, on a hyperextension)":1,"StretchesKneeling shin_Kneeling shin_":2,"StretchesHip flexor_Hip flexor_":3,"StretchesCouch_Couch_":2,"Leg raises (for abdomen)":1,"Seated calf raises":2,"Poliquin step ups":3,"Slant board squats":6,"ATG Split squats":2,"Nordics":5,"Reverse Nordics":2,"Tibialis raises,":1,"IsoTib ankle rotations":5,"Pull ups":4,"Chin ups":4,"10 min HIIT":2}],"supplement_vars":[{"N-Acetyl-L-Cysteine (NAC)":0.0016,"N-Acetyl-L-Cysteine (NAC) 2":0.0019,"Nicotinamide Riboside Chloride (NR)":0.0186,"Zeaxanthin":0.0002,"Phosphorus":0.0074,"Astaxanthin (Natural)":0.0231,"Boron Glycinate":0.0129,"CaAKG":0.0014,"Ashwagandha KSM66":0.0004,"Calcium L-5- Methyltetrahydrofolate (L-5-MTHF-Ca)":0.0271,"Cocoa Powder (Non-Alkalised) 8+% Flavanols":0.0208,"Red Yeast Rice (2% Monacolin K)":0.0198,"Creatine Monohydrate":0.0388,"Ginger":0.0855,"Glucosamine Sulfate KCI":0.0535,"Grape Seed Extract 90% polyphenols":0.0094,"Broccoli Extract (glucoraphanin 10%)":0.0333,"Glycine":0.0291,"Theanine":0.0433,"Lactobacillus Acidophilus":0.0897,"Lithium orotate":0.004,"Pomegranate Juice Extract (50% Polyphenols)":0.0218,"Potassium Iodate":0.0272,"Rhodiola 3% Rosavins / Salidroside 1%":0.0506,"Selenium":0.0241,"Glutathione reduced":0.0305,"Lutein":0.0227,"Luteolin":0.0072,"Cinnamon powder (ceylon) organic":0.0008,"Sodium Hyaluronate":0.0105,"Spermidine":0.0205,"Vitamin B1 (Thiamine HCl)":0.0086,"Vitamin B12 (Methylcobalamin)":0.0733,"Vitamin B2 (Riboflavin-5-Phosphate)":0.0362,"Vitamin B3 (Niacinamide)":0.0327,"Vitamin B5 (Calcium-D-Pantothenate)":0.0087,"Vitamin B6 (Pyridoxal-5- Phosphate)":0.0025,"Vitamin B7 (D-Biotin)":0.0196,"Vitamin C (Ascorbic Acid)":0.0096,"Vitamin D Veg D3":0.03,"Vitamin E (d-alpha tocopherol)":0.0272,"Vitamin K1":0.0156,"Vitamin K2 MK-7 MCT Oil":0.0115,"Vitamin K2 MK-4 MCT Oil":0.0022,"Sunflower lecithin non-GMO":0.0316,"Phosphatidylcholine":0.0022,"Choline":0.0271,"Lycopene":0.0353,"Lysine":0.0074,"Taurine":0.008,"Glucoraphanin":0.0169,"Ubiquinol":0.0072,"Zinc Citrate":0.002,"Fiber":0.0021,"Blueberries":0.0732,"Macadamia nuts":0.0341,"Walnuts":0.0643,"Omega 3":0.0216,"Omega 6":0.0218,"Calcium":0.0213,"EVOO polyphenols":0.0052,"Oleic acid":0.0166,"Protein (plant)":0.0019,"Copper":0.0095,"Caffeine":0.0019,"Magnesium Citrate":0.019,"Manganese Citrate":0.0167,"Curcuminoids":0.0097,"Fisetin (smoketree extract)":0.0061,"Garlic extract 12:1 odorless":0.0148,"Genistein (Japonica extract)":0.0152,"Milled Golden Flaxseed":0.0158,"SDG lignan":0.0069,"Phosphatidylinositol":0.0097,"Phosphatidylethanolamine":0.0325}],"vo2_max":26.9974}
