{"personal_data":[{"age":70,"gender":"F","name":"Luke Hermann"}],"fitness_data":[{"Backwards Sled, 2 min":3,"Posture exercises":3,"Tricep extensions":3,"Face pulls":5,"Butterfly":2,"Band pull apart (back muscles)":4,"Back extensions (on a hyperextension)":4,"Obliques (each side, on a hyperextension)":3,"StretchesKneeling shin_Kneeling shin_":0,"StretchesHip flexor_Hip flexor_":1,"StretchesCouch_Couch_":0,"Leg raises (for abdomen)":0,"Seated calf raises":1,"Poliquin step ups":1,"Slant board squats":2,"ATG Split squats":1,"Nordics":2,"Reverse Nordics":3,"Tibialis raises,":2,"IsoTib ankle rotations":2,"Pull ups":3,"Chin ups":2,"10 min HIIT":1}],"supplement_vars":[{"N-Acetyl-L-Cysteine (NAC)":0.0062,"N-Acetyl-L-Cysteine (NAC) 2":0.0002,"Nicotinamide Riboside Chloride (NR)":0.0127,"Zeaxanthin":0.005,"Phosphorus":0.0009,"Astaxanthin (Natural)":0.016,"Boron Glycinate":0.0227,"CaAKG":0.0112,"Ashwagandha KSM66":0.0034,"Calcium L-5- Methyltetrahydrofolate (L-5-MTHF-Ca)":0.0076,"Cocoa Powder (Non-Alkalised) 8+% Flavanols":0.0218,"Red Yeast Rice (2% Monacolin K)":0.0279,"Creatine Monohydrate":0.0323,"Ginger":0.0866,"Glucosamine Sulfate KCI":0.0188,"Grape Seed Extract 90% polyphenols":0.0088,"Broccoli Extract (glucoraphanin 10%)":0.0156,"Glycine":0.0286,"Theanine":0.0532,"Lactobacillus Acidophilus":0.0359,"Lithium orotate":0.0027,"Pomegranate Juice Extract (50% Polyphenols)":0.0353,"Potassium Iodate":0.0063,"Rhodiola 3% Rosavins / Salidroside 1%":0.0011,"Selenium":0.0324,"Glutathione reduced":0.0005,"Lutein":0.002,"Luteolin":0.0067,"Cinnamon powder (ceylon) organic":0.0097,"Sodium Hyaluronate":0.0062,"Spermidine":0.0565,"Vitamin B1 (Thiamine HCl)":0.0144,"Vitamin B12 (Methylcobalamin)":0.0661,"Vitamin B2 (Riboflavin-5-Phosphate)":0.0168,"Vitamin B3 (Niacinamide)":0.029,"Vitamin B5 (Calcium-D-Pantothenate)":0.0133,"Vitamin B6 (Pyridoxal-5- Phosphate)":0.0152,"Vitamin B7 (D-Biotin)":0.0134,"Vitamin C (Ascorbic Acid)":0.0076,"Vitamin D Veg D3":0.0162,"Vitamin E (d-alpha tocopherol)":0.0031,"Vitamin K1":0.0604,"Vitamin K2 MK-7 MCT Oil":0.0197,"Vitamin K2 MK-4 MCT Oil":0.0119,"Sunflower lecithin non-GMO":0.0224,"Phosphatidylcholine":0.0304,"Choline":0.0417,"Lycopene":0.0712,"Lysine":0.0085,"Taurine":0.0167,"Glucoraphanin":0.0062,"Ubiquinol":0.0102,"Zinc Citrate":0.0221,"Fiber":0.0002,"Blueberries":0.0658,"Macadamia nuts":0.0174,"Walnuts":0.0634,"Omega 3":0.0352,"Omega 6":0.0535,"Calcium":0.0092,"EVOO polyphenols":0.0008,"Oleic acid":0.0146,"Protein (plant)":0.0049,"Copper":0.0196,"Caffeine":0.0401,"Magnesium Citrate":0.0251,"Manganese Citrate":0.0691,"Curcuminoids":0.0272,"Fisetin (smoketree extract)":0.0276,"Garlic extract 12:1 odorless":0.0249,"Genistein (Japonica extract)":0.021,"Milled Golden Flaxseed":0.0204,"SDG lignan":0.0231,"Phosphatidylinositol":0.0193,"Phosphatidylethanolamine":0.0128}],"vo2_max":18.8477}
