{"personal_data":[{"age":70,"gender":"F","name":"Mr. Anthoney Eichmann I"}],"fitness_data":[{"Backwards Sled, 2 min":0,"Posture exercises":2,"Tricep extensions":1,"Face pulls":4,"Butterfly":3,"Band pull apart (back muscles)":4,"Back extensions (on a hyperextension)":2,"Obliques (each side, on a hyperextension)":3,"StretchesKneeling shin_Kneeling shin_":1,"StretchesHip flexor_Hip flexor_":3,"StretchesCouch_Couch_":1,"Leg raises (for abdomen)":3,"Seated calf raises":1,"Poliquin step ups":3,"Slant board squats":6,"ATG Split squats":5,"Nordics":1,"Reverse Nordics":4,"Tibialis raises,":0,"IsoTib ankle rotations":5,"Pull ups":0,"Chin ups":2,"10 min HIIT":2}],"supplement_vars":[{"N-Acetyl-L-Cysteine (NAC)":0.0139,"N-Acetyl-L-Cysteine (NAC) 2":0.0206,"Nicotinamide Riboside Chloride (NR)":0.0158,"Zeaxanthin":0.0049,"Phosphorus":0.0318,"Astaxanthin (Natural)":0.0112,"Boron Glycinate":0.0103,"CaAKG":0.0048,"Ashwagandha KSM66":0.0068,"Calcium L-5- Methyltetrahydrofolate (L-5-MTHF-Ca)":0.0001,"Cocoa Powder (Non-Alkalised) 8+% Flavanols":0.0169,"Red Yeast Rice (2% Monacolin K)":0.0179,"Creatine Monohydrate":0.0106,"Ginger":0.0029,"Glucosamine Sulfate KCI":0.0469,"Grape Seed Extract 90% polyphenols":0.0077,"Broccoli Extract (glucoraphanin 10%)":0.0218,"Glycine":0.0217,"Theanine":0.0265,"Lactobacillus Acidophilus":0.0118,"Lithium orotate":0.0084,"Pomegranate Juice Extract (50% Polyphenols)":0.0011,"Potassium Iodate":0.0176,"Rhodiola 3% Rosavins / Salidroside 1%":0.0047,"Selenium":0.0033,"Glutathione reduced":0.0066,"Lutein":0.0184,"Luteolin":0.007,"Cinnamon powder (ceylon) organic":0.0115,"Sodium Hyaluronate":0.0005,"Spermidine":0.0067,"Vitamin B1 (Thiamine HCl)":0.004,"Vitamin B12 (Methylcobalamin)":0.0231,"Vitamin B2 (Riboflavin-5-Phosphate)":0.0332,"Vitamin B3 (Niacinamide)":0.0648,"Vitamin B5 (Calcium-D-Pantothenate)":0.0097,"Vitamin B6 (Pyridoxal-5- Phosphate)":0.0088,"Vitamin B7 (D-Biotin)":0.0189,"Vitamin C (Ascorbic Acid)":0.0108,"Vitamin D Veg D3":0.0243,"Vitamin E (d-alpha tocopherol)":0.0096,"Vitamin K1":0.0375,"Vitamin K2 MK-7 MCT Oil":0.0336,"Vitamin K2 MK-4 MCT Oil":0.0213,"Sunflower lecithin non-GMO":0.0356,"Phosphatidylcholine":0.0322,"Choline":0.0477,"Lycopene":0.0719,"Lysine":0.009,"Taurine":0.0384,"Glucoraphanin":0.033,"Ubiquinol":0.0139,"Zinc Citrate":0.0292,"Fiber":0.0005,"Blueberries":0.0479,"Macadamia nuts":0.086,"Walnuts":0.0033,"Omega 3":0.0092,"Omega 6":0.0361,"Calcium":0.0638,"EVOO polyphenols":0.0025,"Oleic acid":0.0163,"Protein (plant)":0.0024,"Copper":0.0204,"Caffeine":0.0017,"Magnesium Citrate":0.0398,"Manganese Citrate":0.0876,"Curcuminoids":0.0471,"Fisetin (smoketree extract)":0.0345,"Garlic extract 12:1 odorless":0.0206,"Genistein (Japonica extract)":0.0136,"Milled Golden Flaxseed":0.0325,"SDG lignan":0.0514,"Phosphatidylinositol":0.0068,"Phosphatidylethanolamine":0.0281}],"vo2_max":19.5637}
