{"personal_data":[{"age":65,"gender":"M","name":"Miss Tambra DuBuque PhD"}],"fitness_data":[{"Backwards Sled, 2 min":1,"Posture exercises":4,"Tricep extensions":2,"Face pulls":4,"Butterfly":2,"Band pull apart (back muscles)":5,"Back extensions (on a hyperextension)":1,"Obliques (each side, on a hyperextension)":4,"StretchesKneeling shin_Kneeling shin_":0,"StretchesHip flexor_Hip flexor_":1,"StretchesCouch_Couch_":3,"Leg raises (for abdomen)":1,"Seated calf raises":0,"Poliquin step ups":0,"Slant board squats":6,"ATG Split squats":1,"Nordics":2,"Reverse Nordics":4,"Tibialis raises,":4,"IsoTib ankle rotations":3,"Pull ups":2,"Chin ups":2,"10 min HIIT":1}],"supplement_vars":[{"N-Acetyl-L-Cysteine (NAC)":0.0175,"N-Acetyl-L-Cysteine (NAC) 2":0.0035,"Nicotinamide Riboside Chloride (NR)":0.0152,"Zeaxanthin":0.0046,"Phosphorus":0.0054,"Astaxanthin (Natural)":0.0131,"Boron Glycinate":0.0071,"CaAKG":0.0003,"Ashwagandha KSM66":0.0058,"Calcium L-5- Methyltetrahydrofolate (L-5-MTHF-Ca)":0.0181,"Cocoa Powder (Non-Alkalised) 8+% Flavanols":0.0216,"Red Yeast Rice (2% Monacolin K)":0.021,"Creatine Monohydrate":0.063,"Ginger":0.0756,"Glucosamine Sulfate KCI":0.003,"Grape Seed Extract 90% polyphenols":0.0006,"Broccoli Extract (glucoraphanin 10%)":0.0202,"Glycine":0.0163,"Theanine":0.055,"Lactobacillus Acidophilus":0.0314,"Lithium orotate":0.0039,"Pomegranate Juice Extract (50% Polyphenols)":0.0645,"Potassium Iodate":0.0159,"Rhodiola 3% Rosavins / Salidroside 1%":0.0298,"Selenium":0.0039,"Glutathione reduced":0.0055,"Lutein":0.0097,"Luteolin":0.0038,"Cinnamon powder (ceylon) organic":0.0062,"Sodium Hyaluronate":0.0084,"Spermidine":0.0614,"Vitamin B1 (Thiamine HCl)":0.0098,"Vitamin B12 (Methylcobalamin)":0.0197,"Vitamin B2 (Riboflavin-5-Phosphate)":0.0556,"Vitamin B3 (Niacinamide)":0.01,"Vitamin B5 (Calcium-D-Pantothenate)":0.0094,"Vitamin B6 (Pyridoxal-5- Phosphate)":0.0275,"Vitamin B7 (D-Biotin)":0.015,"Vitamin C (Ascorbic Acid)":0.0085,"Vitamin D Veg D3":0.0087,"Vitamin E (d-alpha tocopherol)":0.0084,"Vitamin K1":0.0342,"Vitamin K2 MK-7 MCT Oil":0.0308,"Vitamin K2 MK-4 MCT Oil":0.017,"Sunflower lecithin non-GMO":0.0031,"Phosphatidylcholine":0.0198,"Choline":0.0118,"Lycopene":0.0337,"Lysine":0.0118,"Taurine":0.0077,"Glucoraphanin":0.0021,"Ubiquinol":0.0088,"Zinc Citrate":0.0297,"Fiber":0.0045,"Blueberries":0.0746,"Macadamia nuts":0.0277,"Walnuts":0.0363,"Omega 3":0.0229,"Omega 6":0.0424,"Calcium":0.0479,"EVOO polyphenols":0.0002,"Oleic acid":0.0149,"Protein (plant)":0.0031,"Copper":0.0055,"Caffeine":0.0549,"Magnesium Citrate":0.059,"Manganese Citrate":0.0222,"Curcuminoids":0.0001,"Fisetin (smoketree extract)":0.0268,"Garlic extract 12:1 odorless":0.0404,"Genistein (Japonica extract)":0.0213,"Milled Golden Flaxseed":0.0216,"SDG lignan":0.047,"Phosphatidylinositol":0.0131,"Phosphatidylethanolamine":0.0043}],"vo2_max":22.1435}
