{"personal_data":[{"age":73,"gender":"M","name":"Randell Reilly III"}],"fitness_data":[{"Backwards Sled, 2 min":3,"Posture exercises":2,"Tricep extensions":3,"Face pulls":2,"Butterfly":2,"Band pull apart (back muscles)":5,"Back extensions (on a hyperextension)":4,"Obliques (each side, on a hyperextension)":4,"StretchesKneeling shin_Kneeling shin_":3,"StretchesHip flexor_Hip flexor_":2,"StretchesCouch_Couch_":1,"Leg raises (for abdomen)":4,"Seated calf raises":1,"Poliquin step ups":4,"Slant board squats":5,"ATG Split squats":2,"Nordics":4,"Reverse Nordics":3,"Tibialis raises,":4,"IsoTib ankle rotations":1,"Pull ups":4,"Chin ups":2,"10 min HIIT":1}],"supplement_vars":[{"N-Acetyl-L-Cysteine (NAC)":0.0105,"N-Acetyl-L-Cysteine (NAC) 2":0.0163,"Nicotinamide Riboside Chloride (NR)":0.0036,"Zeaxanthin":0.0059,"Phosphorus":0.0318,"Astaxanthin (Natural)":0.015,"Boron Glycinate":0.0171,"CaAKG":0.0019,"Ashwagandha KSM66":0.0079,"Calcium L-5- Methyltetrahydrofolate (L-5-MTHF-Ca)":0.0416,"Cocoa Powder (Non-Alkalised) 8+% Flavanols":0.0149,"Red Yeast Rice (2% Monacolin K)":0.0133,"Creatine Monohydrate":0.0199,"Ginger":0.0074,"Glucosamine Sulfate KCI":0.0715,"Grape Seed Extract 90% polyphenols":0.0039,"Broccoli Extract (glucoraphanin 10%)":0.0065,"Glycine":0.0097,"Theanine":0.0214,"Lactobacillus Acidophilus":0.0825,"Lithium orotate":0.0048,"Pomegranate Juice Extract (50% Polyphenols)":0.0225,"Potassium Iodate":0.0418,"Rhodiola 3% Rosavins / Salidroside 1%":0.0058,"Selenium":0.0062,"Glutathione reduced":0.0095,"Lutein":0.0118,"Luteolin":0.0018,"Cinnamon powder (ceylon) organic":0.0029,"Sodium Hyaluronate":0.0008,"Spermidine":0.0147,"Vitamin B1 (Thiamine HCl)":0.0107,"Vitamin B12 (Methylcobalamin)":0.0331,"Vitamin B2 (Riboflavin-5-Phosphate)":0.0487,"Vitamin B3 (Niacinamide)":0.0224,"Vitamin B5 (Calcium-D-Pantothenate)":0.0179,"Vitamin B6 (Pyridoxal-5- Phosphate)":0.0489,"Vitamin B7 (D-Biotin)":0.0103,"Vitamin C (Ascorbic Acid)":0.0009,"Vitamin D Veg D3":0.0131,"Vitamin E (d-alpha tocopherol)":0.0235,"Vitamin K1":0.0061,"Vitamin K2 MK-7 MCT Oil":0.0239,"Vitamin K2 MK-4 MCT Oil":0.0103,"Sunflower lecithin non-GMO":0.0225,"Phosphatidylcholine":0.035,"Choline":0.0037,"Lycopene":0.0034,"Lysine":0.0083,"Taurine":0.0005,"Glucoraphanin":0.0216,"Ubiquinol":0.0015,"Zinc Citrate":0.0073,"Fiber":0.0009,"Blueberries":0.0093,"Macadamia nuts":0.0578,"Walnuts":0.0032,"Omega 3":0.0279,"Omega 6":0.0433,"Calcium":0.0518,"EVOO polyphenols":0.0047,"Oleic acid":0.0016,"Protein (plant)":0.0014,"Copper":0.0089,"Caffeine":0.0244,"Magnesium Citrate":0.0571,"Manganese Citrate":0.0183,"Curcuminoids":0.012,"Fisetin (smoketree extract)":0.0201,"Garlic extract 12:1 odorless":0.0319,"Genistein (Japonica extract)":0.0035,"Milled Golden Flaxseed":0.0015,"SDG lignan":0.0378,"Phosphatidylinositol":0.0037,"Phosphatidylethanolamine":0.0514}],"vo2_max":19.7489}
