{"personal_data":[{"age":53,"gender":"F"}],"fitness_data":[{"Backwards Sled, 2 min":0,"Posture exercises":3,"Tricep extensions":1,"Face pulls":3,"Butterfly":5,"Band pull apart (back muscles)":0,"Back extensions (on a hyperextension)":2,"Obliques (each side, on a hyperextension)":3,"StretchesKneeling shin_Kneeling shin_":1,"StretchesHip flexor_Hip flexor_":0,"StretchesCouch_Couch_":2,"Leg raises (for abdomen)":5,"Seated calf raises":2,"Poliquin step ups":2,"Slant board squats":2,"ATG Split squats":1,"Nordics":2,"Reverse Nordics":1,"Tibialis raises,":1,"IsoTib ankle rotations":4,"Pull ups":1,"Chin ups":3,"10 min HIIT":0}],"supplement_vars":[{"N-Acetyl-L-Cysteine (NAC)":0.0045,"N-Acetyl-L-Cysteine (NAC) 2":0.0133,"Nicotinamide Riboside Chloride (NR)":0.0055,"Zeaxanthin":0.0098,"Phosphorus":0.0337,"Astaxanthin (Natural)":0.0097,"Boron Glycinate":0.0256,"CaAKG":0.007,"Ashwagandha KSM66":0.0004,"Calcium L-5- Methyltetrahydrofolate (L-5-MTHF-Ca)":0.0142,"Cocoa Powder (Non-Alkalised) 8+% Flavanols":0.0184,"Red Yeast Rice (2% Monacolin K)":0.0147,"Creatine Monohydrate":0.0545,"Ginger":0.0159,"Glucosamine Sulfate KCI":0.0465,"Grape Seed Extract 90% polyphenols":0.0053,"Broccoli Extract (glucoraphanin 10%)":0.0156,"Glycine":0.0172,"Theanine":0.0334,"Lactobacillus Acidophilus":0.0657,"Lithium orotate":0.0081,"Pomegranate Juice Extract (50% Polyphenols)":0.0315,"Potassium Iodate":0.0357,"Rhodiola 3% Rosavins / Salidroside 1%":0.0055,"Selenium":0.0198,"Glutathione reduced":0.048,"Lutein":0.003,"Luteolin":0.002,"Cinnamon powder (ceylon) organic":0.0112,"Sodium Hyaluronate":0.0067,"Spermidine":0.0145,"Vitamin B1 (Thiamine HCl)":0.0043,"Vitamin B12 (Methylcobalamin)":0.0472,"Vitamin B2 (Riboflavin-5-Phosphate)":0.0298,"Vitamin B3 (Niacinamide)":0.0649,"Vitamin B5 (Calcium-D-Pantothenate)":0.0135,"Vitamin B6 (Pyridoxal-5- Phosphate)":0.0425,"Vitamin B7 (D-Biotin)":0.0252,"Vitamin C (Ascorbic Acid)":0.0087,"Vitamin D Veg D3":0.0052,"Vitamin E (d-alpha tocopherol)":0.0411,"Vitamin K1":0.0488,"Vitamin K2 MK-7 MCT Oil":0.0079,"Vitamin K2 MK-4 MCT Oil":0.0281,"Sunflower lecithin non-GMO":0.0441,"Phosphatidylcholine":0.0019,"Choline":0.0238,"Lycopene":0.065,"Lysine":0.0111,"Taurine":0.0046,"Glucoraphanin":0.0175,"Ubiquinol":0.0035,"Zinc Citrate":0.0218,"Fiber":0.0023,"Blueberries":0.0591,"Macadamia nuts":0.0168,"Walnuts":0.067,"Omega 3":0.0359,"Omega 6":0.064,"Calcium":0.0367,"EVOO polyphenols":0.0005,"Oleic acid":0.0083,"Protein (plant)":0.0038,"Copper":0.0128,"Caffeine":0.0344,"Magnesium Citrate":0.0142,"Manganese Citrate":0.0681,"Curcuminoids":0.043,"Fisetin (smoketree extract)":0.0298,"Garlic extract 12:1 odorless":0.0049,"Genistein (Japonica extract)":0.0018,"Milled Golden Flaxseed":0.0082,"SDG lignan":0.0083,"Phosphatidylinositol":0.0218,"Phosphatidylethanolamine":0.0323}],"vo2_max":26.3935}
