{"personal_data":[{"age":59,"gender":"M","name":"Wyman Prosacco DVM"}],"fitness_data":[{"Backwards Sled, 2 min":4,"Posture exercises":2,"Tricep extensions":3,"Face pulls":2,"Butterfly":3,"Band pull apart (back muscles)":4,"Back extensions (on a hyperextension)":3,"Obliques (each side, on a hyperextension)":1,"StretchesKneeling shin_Kneeling shin_":1,"StretchesHip flexor_Hip flexor_":2,"StretchesCouch_Couch_":3,"Leg raises (for abdomen)":4,"Seated calf raises":3,"Poliquin step ups":1,"Slant board squats":1,"ATG Split squats":3,"Nordics":5,"Reverse Nordics":2,"Tibialis raises,":3,"IsoTib ankle rotations":6,"Pull ups":2,"Chin ups":0,"10 min HIIT":0}],"supplement_vars":[{"N-Acetyl-L-Cysteine (NAC)":0.0024,"N-Acetyl-L-Cysteine (NAC) 2":0.0176,"Nicotinamide Riboside Chloride (NR)":0.0003,"Zeaxanthin":0.0126,"Phosphorus":0.0184,"Astaxanthin (Natural)":0.0145,"Boron Glycinate":0.0346,"CaAKG":0.0113,"Ashwagandha KSM66":0.0044,"Calcium L-5- Methyltetrahydrofolate (L-5-MTHF-Ca)":0.0558,"Cocoa Powder (Non-Alkalised) 8+% Flavanols":0.0228,"Red Yeast Rice (2% Monacolin K)":0.0016,"Creatine Monohydrate":0.0496,"Ginger":0.0607,"Glucosamine Sulfate KCI":0.0311,"Grape Seed Extract 90% polyphenols":0.011,"Broccoli Extract (glucoraphanin 10%)":0.0069,"Glycine":0.026,"Theanine":0.0494,"Lactobacillus Acidophilus":0.0605,"Lithium orotate":0.008,"Pomegranate Juice Extract (50% Polyphenols)":0.0357,"Potassium Iodate":0.0314,"Rhodiola 3% Rosavins / Salidroside 1%":0.0045,"Selenium":0.0384,"Glutathione reduced":0.0451,"Lutein":0.0146,"Luteolin":0.0048,"Cinnamon powder (ceylon) organic":0.0024,"Sodium Hyaluronate":0.0061,"Spermidine":0.0113,"Vitamin B1 (Thiamine HCl)":0.0126,"Vitamin B12 (Methylcobalamin)":0.0076,"Vitamin B2 (Riboflavin-5-Phosphate)":0.0479,"Vitamin B3 (Niacinamide)":0.0356,"Vitamin B5 (Calcium-D-Pantothenate)":0.0095,"Vitamin B6 (Pyridoxal-5- Phosphate)":0.044,"Vitamin B7 (D-Biotin)":0.0261,"Vitamin C (Ascorbic Acid)":0.004,"Vitamin D Veg D3":0.0337,"Vitamin E (d-alpha tocopherol)":0.0437,"Vitamin K1":0.0381,"Vitamin K2 MK-7 MCT Oil":0.0003,"Vitamin K2 MK-4 MCT Oil":0.0306,"Sunflower lecithin non-GMO":0.0289,"Phosphatidylcholine":0.0205,"Choline":0.0494,"Lycopene":0.055,"Lysine":0.0011,"Taurine":0.027,"Glucoraphanin":0.021,"Ubiquinol":0.0063,"Zinc Citrate":0.0145,"Fiber":0.002,"Blueberries":0.0606,"Macadamia nuts":0.0367,"Walnuts":0.0451,"Omega 3":0.0179,"Omega 6":0.0399,"Calcium":0.003,"EVOO polyphenols":0.0041,"Oleic acid":0.0282,"Protein (plant)":0.0027,"Copper":0.0174,"Caffeine":0.0156,"Magnesium Citrate":0.0259,"Manganese Citrate":0.0384,"Curcuminoids":0.0205,"Fisetin (smoketree extract)":0.0091,"Garlic extract 12:1 odorless":0.0356,"Genistein (Japonica extract)":0.0205,"Milled Golden Flaxseed":0.0154,"SDG lignan":0.021,"Phosphatidylinositol":0.0188,"Phosphatidylethanolamine":0.0482}],"vo2_max":27.3032}
