{"personal_data":[{"age":64,"gender":"M"}],"fitness_data":[{"Backwards Sled, 2 min":2,"Posture exercises":2,"Tricep extensions":4,"Face pulls":2,"Butterfly":2,"Band pull apart (back muscles)":0,"Back extensions (on a hyperextension)":3,"Obliques (each side, on a hyperextension)":3,"StretchesKneeling shin_Kneeling shin_":3,"StretchesHip flexor_Hip flexor_":5,"StretchesCouch_Couch_":2,"Leg raises (for abdomen)":5,"Seated calf raises":2,"Poliquin step ups":3,"Slant board squats":5,"ATG Split squats":5,"Nordics":3,"Reverse Nordics":2,"Tibialis raises,":3,"IsoTib ankle rotations":4,"Pull ups":2,"Chin ups":0,"10 min HIIT":4}],"supplement_vars":[{"N-Acetyl-L-Cysteine (NAC)":0.0081,"N-Acetyl-L-Cysteine (NAC) 2":0.0124,"Nicotinamide Riboside Chloride (NR)":0.0136,"Zeaxanthin":0.0002,"Phosphorus":0.0166,"Astaxanthin (Natural)":0.0045,"Boron Glycinate":0.0253,"CaAKG":0.0066,"Ashwagandha KSM66":0.0085,"Calcium L-5- Methyltetrahydrofolate (L-5-MTHF-Ca)":0.0628,"Cocoa Powder (Non-Alkalised) 8+% Flavanols":0.0206,"Red Yeast Rice (2% Monacolin K)":0.0001,"Creatine Monohydrate":0.0582,"Ginger":0.0736,"Glucosamine Sulfate KCI":0.0455,"Grape Seed Extract 90% polyphenols":0.0009,"Broccoli Extract (glucoraphanin 10%)":0.0309,"Glycine":0.0184,"Theanine":0.0519,"Lactobacillus Acidophilus":0.0596,"Lithium orotate":0.0072,"Pomegranate Juice Extract (50% Polyphenols)":0.0462,"Potassium Iodate":0.0325,"Rhodiola 3% Rosavins / Salidroside 1%":0.0342,"Selenium":0.0321,"Glutathione reduced":0.0292,"Lutein":0.0203,"Luteolin":0.0094,"Cinnamon powder (ceylon) organic":0.0023,"Sodium Hyaluronate":0.0056,"Spermidine":0.063,"Vitamin B1 (Thiamine HCl)":0.0145,"Vitamin B12 (Methylcobalamin)":0.0731,"Vitamin B2 (Riboflavin-5-Phosphate)":0.0433,"Vitamin B3 (Niacinamide)":0.0395,"Vitamin B5 (Calcium-D-Pantothenate)":0.0049,"Vitamin B6 (Pyridoxal-5- Phosphate)":0.0093,"Vitamin B7 (D-Biotin)":0.0276,"Vitamin C (Ascorbic Acid)":0.003,"Vitamin D Veg D3":0.0025,"Vitamin E (d-alpha tocopherol)":0.026,"Vitamin K1":0.0664,"Vitamin K2 MK-7 MCT Oil":0.0005,"Vitamin K2 MK-4 MCT Oil":0.0109,"Sunflower lecithin non-GMO":0.0103,"Phosphatidylcholine":0.0163,"Choline":0.0512,"Lycopene":0.0527,"Lysine":0.0007,"Taurine":0.0389,"Glucoraphanin":0.013,"Ubiquinol":0.0032,"Zinc Citrate":0.0265,"Fiber":0.0057,"Blueberries":0.0587,"Macadamia nuts":0.0346,"Walnuts":0.0448,"Omega 3":0.039,"Omega 6":0.038,"Calcium":0.0719,"EVOO polyphenols":0.0023,"Oleic acid":0.0243,"Protein (plant)":0.0029,"Copper":0.0112,"Caffeine":0.0628,"Magnesium Citrate":0.0124,"Manganese Citrate":0.0774,"Curcuminoids":0.0162,"Fisetin (smoketree extract)":0.0245,"Garlic extract 12:1 odorless":0.0362,"Genistein (Japonica extract)":0.0176,"Milled Golden Flaxseed":0.0001,"SDG lignan":0.0016,"Phosphatidylinositol":0.0137,"Phosphatidylethanolamine":0.0096}],"vo2_max":23.7484}
