{"personal_data":[{"age":67,"gender":"F","name":"Felton Lakin-Anderson"}],"fitness_data":[{"Backwards Sled, 2 min":2,"Posture exercises":5,"Tricep extensions":4,"Face pulls":2,"Butterfly":4,"Band pull apart (back muscles)":2,"Back extensions (on a hyperextension)":3,"Obliques (each side, on a hyperextension)":1,"StretchesKneeling shin_Kneeling shin_":5,"StretchesHip flexor_Hip flexor_":4,"StretchesCouch_Couch_":2,"Leg raises (for abdomen)":0,"Seated calf raises":0,"Poliquin step ups":3,"Slant board squats":7,"ATG Split squats":3,"Nordics":5,"Reverse Nordics":1,"Tibialis raises,":3,"IsoTib ankle rotations":1,"Pull ups":3,"Chin ups":0,"10 min HIIT":2}],"supplement_vars":[{"N-Acetyl-L-Cysteine (NAC)":0.0031,"N-Acetyl-L-Cysteine (NAC) 2":0.0003,"Nicotinamide Riboside Chloride (NR)":0.0149,"Zeaxanthin":0.0109,"Phosphorus":0.0082,"Astaxanthin (Natural)":0.0124,"Boron Glycinate":0.033,"CaAKG":0.0121,"Ashwagandha KSM66":0.0026,"Calcium L-5- Methyltetrahydrofolate (L-5-MTHF-Ca)":0.0126,"Cocoa Powder (Non-Alkalised) 8+% Flavanols":0.0227,"Red Yeast Rice (2% Monacolin K)":0.0291,"Creatine Monohydrate":0.0617,"Ginger":0.0836,"Glucosamine Sulfate KCI":0.032,"Grape Seed Extract 90% polyphenols":0.0135,"Broccoli Extract (glucoraphanin 10%)":0.0177,"Glycine":0.0159,"Theanine":0.0167,"Lactobacillus Acidophilus":0.0691,"Lithium orotate":0.0052,"Pomegranate Juice Extract (50% Polyphenols)":0.0056,"Potassium Iodate":0.0391,"Rhodiola 3% Rosavins / Salidroside 1%":0.0274,"Selenium":0.0341,"Glutathione reduced":0.0158,"Lutein":0.0089,"Luteolin":0.0031,"Cinnamon powder (ceylon) organic":0.0067,"Sodium Hyaluronate":0.0051,"Spermidine":0.0229,"Vitamin B1 (Thiamine HCl)":0.0062,"Vitamin B12 (Methylcobalamin)":0.0608,"Vitamin B2 (Riboflavin-5-Phosphate)":0.0425,"Vitamin B3 (Niacinamide)":0.0008,"Vitamin B5 (Calcium-D-Pantothenate)":0.002,"Vitamin B6 (Pyridoxal-5- Phosphate)":0.0267,"Vitamin B7 (D-Biotin)":0.033,"Vitamin C (Ascorbic Acid)":0.0038,"Vitamin D Veg D3":0.036,"Vitamin E (d-alpha tocopherol)":0.0335,"Vitamin K1":0.0475,"Vitamin K2 MK-7 MCT Oil":0.0295,"Vitamin K2 MK-4 MCT Oil":0.0324,"Sunflower lecithin non-GMO":0.0267,"Phosphatidylcholine":0.0021,"Choline":0.0213,"Lycopene":0.041,"Lysine":0.0129,"Taurine":0.0198,"Glucoraphanin":0.0175,"Ubiquinol":0.0001,"Zinc Citrate":0.016,"Fiber":0.0036,"Blueberries":0.0456,"Macadamia nuts":0.0794,"Walnuts":0.0242,"Omega 3":0.0284,"Omega 6":0.02,"Calcium":0.0627,"EVOO polyphenols":0.0002,"Oleic acid":0.0271,"Protein (plant)":0.0034,"Copper":0.0003,"Caffeine":0.022,"Magnesium Citrate":0.041,"Manganese Citrate":0.0562,"Curcuminoids":0.0243,"Fisetin (smoketree extract)":0.0239,"Garlic extract 12:1 odorless":0.031,"Genistein (Japonica extract)":0.0206,"Milled Golden Flaxseed":0.0268,"SDG lignan":0.0331,"Phosphatidylinositol":0.0086,"Phosphatidylethanolamine":0.0205}],"vo2_max":25.2515}
