{"personal_data":[{"age":43,"gender":"M","name":"Ilo Thiel-Lind"}],"fitness_data":[{"Backwards Sled, 2 min":0,"Posture exercises":1,"Tricep extensions":1,"Face pulls":3,"Butterfly":1,"Band pull apart (back muscles)":3,"Back extensions (on a hyperextension)":3,"Obliques (each side, on a hyperextension)":0,"StretchesKneeling shin_Kneeling shin_":5,"StretchesHip flexor_Hip flexor_":2,"StretchesCouch_Couch_":0,"Leg raises (for abdomen)":1,"Seated calf raises":0,"Poliquin step ups":2,"Slant board squats":2,"ATG Split squats":5,"Nordics":6,"Reverse Nordics":1,"Tibialis raises,":0,"IsoTib ankle rotations":3,"Pull ups":2,"Chin ups":0,"10 min HIIT":0}],"supplement_vars":[{"N-Acetyl-L-Cysteine (NAC)":0.0198,"N-Acetyl-L-Cysteine (NAC) 2":0.0152,"Nicotinamide Riboside Chloride (NR)":0.0111,"Zeaxanthin":0.0008,"Phosphorus":0.0086,"Astaxanthin (Natural)":0.0237,"Boron Glycinate":0.0034,"CaAKG":0.0093,"Ashwagandha KSM66":0.0086,"Calcium L-5- Methyltetrahydrofolate (L-5-MTHF-Ca)":0.0297,"Cocoa Powder (Non-Alkalised) 8+% Flavanols":0.0094,"Red Yeast Rice (2% Monacolin K)":0.0315,"Creatine Monohydrate":0.0452,"Ginger":0.0468,"Glucosamine Sulfate KCI":0.0104,"Grape Seed Extract 90% polyphenols":0.014,"Broccoli Extract (glucoraphanin 10%)":0.006,"Glycine":0.0256,"Theanine":0.0023,"Lactobacillus Acidophilus":0.0044,"Lithium orotate":0.0093,"Pomegranate Juice Extract (50% Polyphenols)":0.0707,"Potassium Iodate":0.0174,"Rhodiola 3% Rosavins / Salidroside 1%":0.0137,"Selenium":0.0284,"Glutathione reduced":0.0155,"Lutein":0.0121,"Luteolin":0.0097,"Cinnamon powder (ceylon) organic":0.0029,"Sodium Hyaluronate":0.0077,"Spermidine":0.0169,"Vitamin B1 (Thiamine HCl)":0.0052,"Vitamin B12 (Methylcobalamin)":0.0832,"Vitamin B2 (Riboflavin-5-Phosphate)":0.0045,"Vitamin B3 (Niacinamide)":0.0626,"Vitamin B5 (Calcium-D-Pantothenate)":0.0155,"Vitamin B6 (Pyridoxal-5- Phosphate)":0.04,"Vitamin B7 (D-Biotin)":0.0236,"Vitamin C (Ascorbic Acid)":0.0023,"Vitamin D Veg D3":0.0401,"Vitamin E (d-alpha tocopherol)":0.016,"Vitamin K1":0.0363,"Vitamin K2 MK-7 MCT Oil":0.0325,"Vitamin K2 MK-4 MCT Oil":0.0256,"Sunflower lecithin non-GMO":0.0396,"Phosphatidylcholine":0.0045,"Choline":0.0538,"Lycopene":0.0374,"Lysine":0.0078,"Taurine":0.0135,"Glucoraphanin":0.005,"Ubiquinol":0.0057,"Zinc Citrate":0.0191,"Fiber":0.0024,"Blueberries":0.0005,"Macadamia nuts":0.06,"Walnuts":0.0068,"Omega 3":0.0338,"Omega 6":0.0158,"Calcium":0.0512,"EVOO polyphenols":0.0005,"Oleic acid":0.0248,"Protein (plant)":0.0049,"Copper":0.0074,"Caffeine":0.0029,"Magnesium Citrate":0.0046,"Manganese Citrate":0.0804,"Curcuminoids":0.0156,"Fisetin (smoketree extract)":0.0227,"Garlic extract 12:1 odorless":0.0234,"Genistein (Japonica extract)":0.0091,"Milled Golden Flaxseed":0.0078,"SDG lignan":0.0194,"Phosphatidylinositol":0.0088,"Phosphatidylethanolamine":0.0059}],"vo2_max":26.6106}
