{"personal_data":[{"age":27,"gender":"F"}],"fitness_data":[{"Backwards Sled, 2 min":0,"Posture exercises":4,"Tricep extensions":3,"Face pulls":3,"Butterfly":2,"Band pull apart (back muscles)":2,"Back extensions (on a hyperextension)":0,"Obliques (each side, on a hyperextension)":0,"StretchesKneeling shin_Kneeling shin_":3,"StretchesHip flexor_Hip flexor_":3,"StretchesCouch_Couch_":1,"Leg raises (for abdomen)":3,"Seated calf raises":1,"Poliquin step ups":3,"Slant board squats":6,"ATG Split squats":6,"Nordics":0,"Reverse Nordics":0,"Tibialis raises,":0,"IsoTib ankle rotations":5,"Pull ups":3,"Chin ups":2,"10 min HIIT":3}],"supplement_vars":[{"N-Acetyl-L-Cysteine (NAC)":0.0183,"N-Acetyl-L-Cysteine (NAC) 2":0.002,"Nicotinamide Riboside Chloride (NR)":0.0164,"Zeaxanthin":0.0069,"Phosphorus":0.0083,"Astaxanthin (Natural)":0.0026,"Boron Glycinate":0.0044,"CaAKG":0.0111,"Ashwagandha KSM66":0.0011,"Calcium L-5- Methyltetrahydrofolate (L-5-MTHF-Ca)":0.0478,"Cocoa Powder (Non-Alkalised) 8+% Flavanols":0.0015,"Red Yeast Rice (2% Monacolin K)":0.0179,"Creatine Monohydrate":0.0119,"Ginger":0.0467,"Glucosamine Sulfate KCI":0.077,"Grape Seed Extract 90% polyphenols":0.0034,"Broccoli Extract (glucoraphanin 10%)":0.0009,"Glycine":0.007,"Theanine":0.0486,"Lactobacillus Acidophilus":0.0443,"Lithium orotate":0.0064,"Pomegranate Juice Extract (50% Polyphenols)":0.0581,"Potassium Iodate":0.0384,"Rhodiola 3% Rosavins / Salidroside 1%":0.0505,"Selenium":0.0004,"Glutathione reduced":0.0362,"Lutein":0.0019,"Luteolin":0.0099,"Cinnamon powder (ceylon) organic":0.0075,"Sodium Hyaluronate":0.0022,"Spermidine":0.0897,"Vitamin B1 (Thiamine HCl)":0.001,"Vitamin B12 (Methylcobalamin)":0.035,"Vitamin B2 (Riboflavin-5-Phosphate)":0.0423,"Vitamin B3 (Niacinamide)":0.0622,"Vitamin B5 (Calcium-D-Pantothenate)":0.0173,"Vitamin B6 (Pyridoxal-5- Phosphate)":0.0081,"Vitamin B7 (D-Biotin)":0.0194,"Vitamin C (Ascorbic Acid)":0.0097,"Vitamin D Veg D3":0.0341,"Vitamin E (d-alpha tocopherol)":0.0152,"Vitamin K1":0.0615,"Vitamin K2 MK-7 MCT Oil":0.0354,"Vitamin K2 MK-4 MCT Oil":0.0208,"Sunflower lecithin non-GMO":0.0292,"Phosphatidylcholine":0.0078,"Choline":0.0423,"Lycopene":0.0107,"Lysine":0.0088,"Taurine":0.0238,"Glucoraphanin":0.0072,"Ubiquinol":0.0121,"Zinc Citrate":0.0122,"Fiber":0.0049,"Blueberries":0.0594,"Macadamia nuts":0.0125,"Walnuts":0.0478,"Omega 3":0.0364,"Omega 6":0.0604,"Calcium":0.0634,"EVOO polyphenols":0.0004,"Oleic acid":0.0309,"Protein (plant)":0.0005,"Copper":0.0077,"Caffeine":0.0182,"Magnesium Citrate":0.0421,"Manganese Citrate":0.014,"Curcuminoids":0.05,"Fisetin (smoketree extract)":0.0152,"Garlic extract 12:1 odorless":0.0165,"Genistein (Japonica extract)":0.0042,"Milled Golden Flaxseed":0.0337,"SDG lignan":0.0149,"Phosphatidylinositol":0.001,"Phosphatidylethanolamine":0.0409}],"vo2_max":35.0494}
