{"personal_data":[{"age":25,"gender":"F","name":"Cherish Stanton"}],"fitness_data":[{"Backwards Sled, 2 min":1,"Posture exercises":0,"Tricep extensions":3,"Face pulls":3,"Butterfly":4,"Band pull apart (back muscles)":1,"Back extensions (on a hyperextension)":2,"Obliques (each side, on a hyperextension)":3,"StretchesKneeling shin_Kneeling shin_":2,"StretchesHip flexor_Hip flexor_":5,"StretchesCouch_Couch_":1,"Leg raises (for abdomen)":2,"Seated calf raises":0,"Poliquin step ups":1,"Slant board squats":2,"ATG Split squats":2,"Nordics":0,"Reverse Nordics":2,"Tibialis raises,":1,"IsoTib ankle rotations":3,"Pull ups":1,"Chin ups":4,"10 min HIIT":4}],"supplement_vars":[{"N-Acetyl-L-Cysteine (NAC)":0.0199,"N-Acetyl-L-Cysteine (NAC) 2":0.0016,"Nicotinamide Riboside Chloride (NR)":0.0023,"Zeaxanthin":0.01,"Phosphorus":0.0267,"Astaxanthin (Natural)":0.0086,"Boron Glycinate":0.0185,"CaAKG":0.0098,"Ashwagandha KSM66":0.0053,"Calcium L-5- Methyltetrahydrofolate (L-5-MTHF-Ca)":0.0435,"Cocoa Powder (Non-Alkalised) 8+% Flavanols":0.0087,"Red Yeast Rice (2% Monacolin K)":0.0031,"Creatine Monohydrate":0.0682,"Ginger":0.0753,"Glucosamine Sulfate KCI":0.0602,"Grape Seed Extract 90% polyphenols":0.0108,"Broccoli Extract (glucoraphanin 10%)":0.0009,"Glycine":0.0006,"Theanine":0.033,"Lactobacillus Acidophilus":0.0477,"Lithium orotate":0.0034,"Pomegranate Juice Extract (50% Polyphenols)":0.0106,"Potassium Iodate":0.0022,"Rhodiola 3% Rosavins / Salidroside 1%":0.0487,"Selenium":0.0088,"Glutathione reduced":0.0318,"Lutein":0.0112,"Luteolin":0.0038,"Cinnamon powder (ceylon) organic":0.0021,"Sodium Hyaluronate":0.0005,"Spermidine":0.0135,"Vitamin B1 (Thiamine HCl)":0.0068,"Vitamin B12 (Methylcobalamin)":0.0094,"Vitamin B2 (Riboflavin-5-Phosphate)":0.0464,"Vitamin B3 (Niacinamide)":0.0534,"Vitamin B5 (Calcium-D-Pantothenate)":0.014,"Vitamin B6 (Pyridoxal-5- Phosphate)":0.0208,"Vitamin B7 (D-Biotin)":0.0317,"Vitamin C (Ascorbic Acid)":0.0027,"Vitamin D Veg D3":0.0273,"Vitamin E (d-alpha tocopherol)":0.023,"Vitamin K1":0.0166,"Vitamin K2 MK-7 MCT Oil":0.0034,"Vitamin K2 MK-4 MCT Oil":0.008,"Sunflower lecithin non-GMO":0.0172,"Phosphatidylcholine":0.0128,"Choline":0.0358,"Lycopene":0.0199,"Lysine":0.01,"Taurine":0.0347,"Glucoraphanin":0.0348,"Ubiquinol":0.0067,"Zinc Citrate":0.0233,"Fiber":0.0041,"Blueberries":0.0313,"Macadamia nuts":0.0691,"Walnuts":0.0447,"Omega 3":0.0268,"Omega 6":0.0664,"Calcium":0.0122,"EVOO polyphenols":0.0022,"Oleic acid":0.0007,"Protein (plant)":0.0004,"Copper":0.0164,"Caffeine":0.0084,"Magnesium Citrate":0.0561,"Manganese Citrate":0.0191,"Curcuminoids":0.0517,"Fisetin (smoketree extract)":0.0061,"Garlic extract 12:1 odorless":0.0121,"Genistein (Japonica extract)":0.0108,"Milled Golden Flaxseed":0.0013,"SDG lignan":0.0285,"Phosphatidylinositol":0.015,"Phosphatidylethanolamine":0.0201}],"vo2_max":39.1079}
