{"personal_data":[{"age":21,"gender":"M","name":"Killian Orn"}],"fitness_data":[{"Backwards Sled, 2 min":2,"Posture exercises":1,"Tricep extensions":4,"Face pulls":0,"Butterfly":5,"Band pull apart (back muscles)":2,"Back extensions (on a hyperextension)":3,"Obliques (each side, on a hyperextension)":1,"StretchesKneeling shin_Kneeling shin_":3,"StretchesHip flexor_Hip flexor_":5,"StretchesCouch_Couch_":0,"Leg raises (for abdomen)":5,"Seated calf raises":1,"Poliquin step ups":3,"Slant board squats":1,"ATG Split squats":1,"Nordics":2,"Reverse Nordics":4,"Tibialis raises,":4,"IsoTib ankle rotations":5,"Pull ups":1,"Chin ups":4,"10 min HIIT":4}],"supplement_vars":[{"N-Acetyl-L-Cysteine (NAC)":0.004,"N-Acetyl-L-Cysteine (NAC) 2":0.0206,"Nicotinamide Riboside Chloride (NR)":0.0151,"Zeaxanthin":0.0094,"Phosphorus":0.0076,"Astaxanthin (Natural)":0.0026,"Boron Glycinate":0.0055,"CaAKG":0.008,"Ashwagandha KSM66":0.0084,"Calcium L-5- Methyltetrahydrofolate (L-5-MTHF-Ca)":0.0067,"Cocoa Powder (Non-Alkalised) 8+% Flavanols":0.0173,"Red Yeast Rice (2% Monacolin K)":0.015,"Creatine Monohydrate":0.0129,"Ginger":0.0688,"Glucosamine Sulfate KCI":0.0498,"Grape Seed Extract 90% polyphenols":0.003,"Broccoli Extract (glucoraphanin 10%)":0.0274,"Glycine":0.0122,"Theanine":0.0005,"Lactobacillus Acidophilus":0.0725,"Lithium orotate":0.003,"Pomegranate Juice Extract (50% Polyphenols)":0.064,"Potassium Iodate":0.0111,"Rhodiola 3% Rosavins / Salidroside 1%":0.0488,"Selenium":0.0278,"Glutathione reduced":0.0319,"Lutein":0.0207,"Luteolin":0.002,"Cinnamon powder (ceylon) organic":0.0178,"Sodium Hyaluronate":0.0007,"Spermidine":0.072,"Vitamin B1 (Thiamine HCl)":0.0088,"Vitamin B12 (Methylcobalamin)":0.0379,"Vitamin B2 (Riboflavin-5-Phosphate)":0.0303,"Vitamin B3 (Niacinamide)":0.0525,"Vitamin B5 (Calcium-D-Pantothenate)":0.007,"Vitamin B6 (Pyridoxal-5- Phosphate)":0.0442,"Vitamin B7 (D-Biotin)":0.014,"Vitamin C (Ascorbic Acid)":0.0124,"Vitamin D Veg D3":0.0429,"Vitamin E (d-alpha tocopherol)":0.03,"Vitamin K1":0.0125,"Vitamin K2 MK-7 MCT Oil":0.0237,"Vitamin K2 MK-4 MCT Oil":0.0369,"Sunflower lecithin non-GMO":0.0193,"Phosphatidylcholine":0.0056,"Choline":0.0425,"Lycopene":0.0633,"Lysine":0.0091,"Taurine":0.0297,"Glucoraphanin":0.0186,"Ubiquinol":0.0135,"Zinc Citrate":0.0014,"Fiber":0.0022,"Blueberries":0.0745,"Macadamia nuts":0.0816,"Walnuts":0.0515,"Omega 3":0.0481,"Omega 6":0.0573,"Calcium":0.0024,"EVOO polyphenols":0.0049,"Oleic acid":0.0026,"Protein (plant)":0.0003,"Copper":0.0109,"Caffeine":0.0485,"Magnesium Citrate":0.0488,"Manganese Citrate":0.0546,"Curcuminoids":0.034,"Fisetin (smoketree extract)":0.0052,"Garlic extract 12:1 odorless":0.0066,"Genistein (Japonica extract)":0.0123,"Milled Golden Flaxseed":0.0368,"SDG lignan":0.0324,"Phosphatidylinositol":0.0136,"Phosphatidylethanolamine":0.0122}],"vo2_max":34.8862}
