{"personal_data":[{"age":75,"gender":"F","name":"Antwon Larkin"}],"fitness_data":[{"Backwards Sled, 2 min":5,"Posture exercises":1,"Tricep extensions":1,"Face pulls":2,"Butterfly":4,"Band pull apart (back muscles)":5,"Back extensions (on a hyperextension)":3,"Obliques (each side, on a hyperextension)":3,"StretchesKneeling shin_Kneeling shin_":5,"StretchesHip flexor_Hip flexor_":5,"StretchesCouch_Couch_":1,"Leg raises (for abdomen)":5,"Seated calf raises":4,"Poliquin step ups":1,"Slant board squats":3,"ATG Split squats":6,"Nordics":3,"Reverse Nordics":3,"Tibialis raises,":2,"IsoTib ankle rotations":2,"Pull ups":1,"Chin ups":1,"10 min HIIT":1}],"supplement_vars":[{"N-Acetyl-L-Cysteine (NAC)":0.0195,"N-Acetyl-L-Cysteine (NAC) 2":0.0138,"Nicotinamide Riboside Chloride (NR)":0.0038,"Zeaxanthin":0.0062,"Phosphorus":0.0112,"Astaxanthin (Natural)":0.012,"Boron Glycinate":0.0128,"CaAKG":0.0083,"Ashwagandha KSM66":0.0043,"Calcium L-5- Methyltetrahydrofolate (L-5-MTHF-Ca)":0.0312,"Cocoa Powder (Non-Alkalised) 8+% Flavanols":0.0005,"Red Yeast Rice (2% Monacolin K)":0.0028,"Creatine Monohydrate":0.0304,"Ginger":0.0253,"Glucosamine Sulfate KCI":0.0192,"Grape Seed Extract 90% polyphenols":0.0023,"Broccoli Extract (glucoraphanin 10%)":0.012,"Glycine":0.0238,"Theanine":0.0278,"Lactobacillus Acidophilus":0.0451,"Lithium orotate":0.0095,"Pomegranate Juice Extract (50% Polyphenols)":0.046,"Potassium Iodate":0.015,"Rhodiola 3% Rosavins / Salidroside 1%":0.0118,"Selenium":0.0079,"Glutathione reduced":0.0244,"Lutein":0.0083,"Luteolin":0.0019,"Cinnamon powder (ceylon) organic":0.0203,"Sodium Hyaluronate":0.0082,"Spermidine":0.0009,"Vitamin B1 (Thiamine HCl)":0.007,"Vitamin B12 (Methylcobalamin)":0.0596,"Vitamin B2 (Riboflavin-5-Phosphate)":0.0219,"Vitamin B3 (Niacinamide)":0.0494,"Vitamin B5 (Calcium-D-Pantothenate)":0.0016,"Vitamin B6 (Pyridoxal-5- Phosphate)":0.0277,"Vitamin B7 (D-Biotin)":0.0228,"Vitamin C (Ascorbic Acid)":0.0078,"Vitamin D Veg D3":0.0195,"Vitamin E (d-alpha tocopherol)":0.0454,"Vitamin K1":0.0506,"Vitamin K2 MK-7 MCT Oil":0.0105,"Vitamin K2 MK-4 MCT Oil":0.0049,"Sunflower lecithin non-GMO":0.0199,"Phosphatidylcholine":0.0296,"Choline":0.0461,"Lycopene":0.0417,"Lysine":0.0011,"Taurine":0.0083,"Glucoraphanin":0.0182,"Ubiquinol":0.001,"Zinc Citrate":0.0251,"Fiber":0.0024,"Blueberries":0.0784,"Macadamia nuts":0.0128,"Walnuts":0.0341,"Omega 3":0.0019,"Omega 6":0.0423,"Calcium":0.0376,"EVOO polyphenols":0.002,"Oleic acid":0.0099,"Protein (plant)":0.0012,"Copper":0.0024,"Caffeine":0.0632,"Magnesium Citrate":0.0041,"Manganese Citrate":0.0482,"Curcuminoids":0.0319,"Fisetin (smoketree extract)":0.0274,"Garlic extract 12:1 odorless":0.0062,"Genistein (Japonica extract)":0.0037,"Milled Golden Flaxseed":0.0269,"SDG lignan":0.0537,"Phosphatidylinositol":0.0226,"Phosphatidylethanolamine":0.0386}],"vo2_max":19.0946}
