{"personal_data":[{"age":32,"gender":"F","name":"Mrs. Stasia Nader MD"}],"fitness_data":[{"Backwards Sled, 2 min":1,"Posture exercises":0,"Tricep extensions":2,"Face pulls":3,"Butterfly":1,"Band pull apart (back muscles)":5,"Back extensions (on a hyperextension)":1,"Obliques (each side, on a hyperextension)":3,"StretchesKneeling shin_Kneeling shin_":4,"StretchesHip flexor_Hip flexor_":4,"StretchesCouch_Couch_":2,"Leg raises (for abdomen)":2,"Seated calf raises":0,"Poliquin step ups":1,"Slant board squats":2,"ATG Split squats":0,"Nordics":2,"Reverse Nordics":0,"Tibialis raises,":3,"IsoTib ankle rotations":1,"Pull ups":3,"Chin ups":0,"10 min HIIT":2}],"supplement_vars":[{"N-Acetyl-L-Cysteine (NAC)":0.0023,"N-Acetyl-L-Cysteine (NAC) 2":0.0003,"Nicotinamide Riboside Chloride (NR)":0.0109,"Zeaxanthin":0.0014,"Phosphorus":0.0203,"Astaxanthin (Natural)":0.0196,"Boron Glycinate":0.0469,"CaAKG":0.0082,"Ashwagandha KSM66":0.0011,"Calcium L-5- Methyltetrahydrofolate (L-5-MTHF-Ca)":0.0615,"Cocoa Powder (Non-Alkalised) 8+% Flavanols":0.0222,"Red Yeast Rice (2% Monacolin K)":0.0117,"Creatine Monohydrate":0.0527,"Ginger":0.05,"Glucosamine Sulfate KCI":0.0132,"Grape Seed Extract 90% polyphenols":0.0003,"Broccoli Extract (glucoraphanin 10%)":0.0069,"Glycine":0.0168,"Theanine":0.0385,"Lactobacillus Acidophilus":0.0031,"Lithium orotate":0.0088,"Pomegranate Juice Extract (50% Polyphenols)":0.0688,"Potassium Iodate":0.0416,"Rhodiola 3% Rosavins / Salidroside 1%":0.0541,"Selenium":0.0366,"Glutathione reduced":0.0007,"Lutein":0.0097,"Luteolin":0.0078,"Cinnamon powder (ceylon) organic":0.0243,"Sodium Hyaluronate":0.0002,"Spermidine":0.0108,"Vitamin B1 (Thiamine HCl)":0.0144,"Vitamin B12 (Methylcobalamin)":0.0592,"Vitamin B2 (Riboflavin-5-Phosphate)":0.018,"Vitamin B3 (Niacinamide)":0.0575,"Vitamin B5 (Calcium-D-Pantothenate)":0.0085,"Vitamin B6 (Pyridoxal-5- Phosphate)":0.0225,"Vitamin B7 (D-Biotin)":0.0218,"Vitamin C (Ascorbic Acid)":0.0089,"Vitamin D Veg D3":0.0454,"Vitamin E (d-alpha tocopherol)":0.0185,"Vitamin K1":0.0637,"Vitamin K2 MK-7 MCT Oil":0.0309,"Vitamin K2 MK-4 MCT Oil":0.0128,"Sunflower lecithin non-GMO":0.0061,"Phosphatidylcholine":0.0329,"Choline":0.0093,"Lycopene":0.0039,"Lysine":0.0029,"Taurine":0.0204,"Glucoraphanin":0.0009,"Ubiquinol":0.0042,"Zinc Citrate":0.0284,"Fiber":0.0009,"Blueberries":0.0457,"Macadamia nuts":0.0236,"Walnuts":0.0594,"Omega 3":0.0064,"Omega 6":0.0584,"Calcium":0.0721,"EVOO polyphenols":0.0066,"Oleic acid":0.0233,"Protein (plant)":0.0002,"Copper":0.0144,"Caffeine":0.0176,"Magnesium Citrate":0.0156,"Manganese Citrate":0.0044,"Curcuminoids":0.0205,"Fisetin (smoketree extract)":0.0106,"Garlic extract 12:1 odorless":0.0299,"Genistein (Japonica extract)":0.0123,"Milled Golden Flaxseed":0.0197,"SDG lignan":0.0566,"Phosphatidylinositol":0.0022,"Phosphatidylethanolamine":0.0045}],"vo2_max":29.8568}
