{"personal_data":[{"age":75,"gender":"M","name":"Dolph Labadie-Miller"}],"fitness_data":[{"Backwards Sled, 2 min":1,"Posture exercises":3,"Tricep extensions":4,"Face pulls":4,"Butterfly":5,"Band pull apart (back muscles)":1,"Back extensions (on a hyperextension)":1,"Obliques (each side, on a hyperextension)":3,"StretchesKneeling shin_Kneeling shin_":4,"StretchesHip flexor_Hip flexor_":1,"StretchesCouch_Couch_":0,"Leg raises (for abdomen)":3,"Seated calf raises":3,"Poliquin step ups":2,"Slant board squats":3,"ATG Split squats":1,"Nordics":1,"Reverse Nordics":2,"Tibialis raises,":3,"IsoTib ankle rotations":0,"Pull ups":2,"Chin ups":1,"10 min HIIT":1}],"supplement_vars":[{"N-Acetyl-L-Cysteine (NAC)":0.013,"N-Acetyl-L-Cysteine (NAC) 2":0.0113,"Nicotinamide Riboside Chloride (NR)":0.0187,"Zeaxanthin":0.0099,"Phosphorus":0.0154,"Astaxanthin (Natural)":0.0041,"Boron Glycinate":0.0375,"CaAKG":0.0052,"Ashwagandha KSM66":0.0084,"Calcium L-5- Methyltetrahydrofolate (L-5-MTHF-Ca)":0.0199,"Cocoa Powder (Non-Alkalised) 8+% Flavanols":0.011,"Red Yeast Rice (2% Monacolin K)":0.0256,"Creatine Monohydrate":0.0662,"Ginger":0.0502,"Glucosamine Sulfate KCI":0.0245,"Grape Seed Extract 90% polyphenols":0.0097,"Broccoli Extract (glucoraphanin 10%)":0.0125,"Glycine":0.0098,"Theanine":0.0169,"Lactobacillus Acidophilus":0.0069,"Lithium orotate":0.0072,"Pomegranate Juice Extract (50% Polyphenols)":0.0472,"Potassium Iodate":0.0176,"Rhodiola 3% Rosavins / Salidroside 1%":0.0033,"Selenium":0.0404,"Glutathione reduced":0.0123,"Lutein":0.0137,"Luteolin":0.0041,"Cinnamon powder (ceylon) organic":0.0037,"Sodium Hyaluronate":0.0092,"Spermidine":0.0781,"Vitamin B1 (Thiamine HCl)":0.0079,"Vitamin B12 (Methylcobalamin)":0.0386,"Vitamin B2 (Riboflavin-5-Phosphate)":0.0078,"Vitamin B3 (Niacinamide)":0.0341,"Vitamin B5 (Calcium-D-Pantothenate)":0.0061,"Vitamin B6 (Pyridoxal-5- Phosphate)":0.0469,"Vitamin B7 (D-Biotin)":0.0108,"Vitamin C (Ascorbic Acid)":0.0046,"Vitamin D Veg D3":0.0068,"Vitamin E (d-alpha tocopherol)":0.0402,"Vitamin K1":0.0432,"Vitamin K2 MK-7 MCT Oil":0.0097,"Vitamin K2 MK-4 MCT Oil":0.0077,"Sunflower lecithin non-GMO":0.0051,"Phosphatidylcholine":0.0165,"Choline":0.0363,"Lycopene":0.0088,"Lysine":0.0018,"Taurine":0.0414,"Glucoraphanin":0.0244,"Ubiquinol":0.0051,"Zinc Citrate":0.0057,"Fiber":0.005,"Blueberries":0.083,"Macadamia nuts":0.0481,"Walnuts":0.0136,"Omega 3":0.0006,"Omega 6":0.0647,"Calcium":0.0668,"EVOO polyphenols":0.0049,"Oleic acid":0.0197,"Protein (plant)":0.0027,"Copper":0.0016,"Caffeine":0.0016,"Magnesium Citrate":0.0461,"Manganese Citrate":0.0435,"Curcuminoids":0.0126,"Fisetin (smoketree extract)":0.0217,"Garlic extract 12:1 odorless":0.0247,"Genistein (Japonica extract)":0.0033,"Milled Golden Flaxseed":0.0162,"SDG lignan":0.017,"Phosphatidylinositol":0.022,"Phosphatidylethanolamine":0.0211}],"vo2_max":19.7424}
