{"personal_data":[{"age":66,"gender":"M","name":"Mrs. Tennessee Wintheiser DVM"}],"fitness_data":[{"Backwards Sled, 2 min":0,"Posture exercises":1,"Tricep extensions":2,"Face pulls":2,"Butterfly":4,"Band pull apart (back muscles)":5,"Back extensions (on a hyperextension)":2,"Obliques (each side, on a hyperextension)":4,"StretchesKneeling shin_Kneeling shin_":4,"StretchesHip flexor_Hip flexor_":0,"StretchesCouch_Couch_":2,"Leg raises (for abdomen)":2,"Seated calf raises":2,"Poliquin step ups":4,"Slant board squats":6,"ATG Split squats":5,"Nordics":2,"Reverse Nordics":1,"Tibialis raises,":2,"IsoTib ankle rotations":3,"Pull ups":3,"Chin ups":1,"10 min HIIT":4}],"supplement_vars":[{"N-Acetyl-L-Cysteine (NAC)":0.0118,"N-Acetyl-L-Cysteine (NAC) 2":0.006,"Nicotinamide Riboside Chloride (NR)":0.0006,"Zeaxanthin":0.013,"Phosphorus":0.0255,"Astaxanthin (Natural)":0.0001,"Boron Glycinate":0.0451,"CaAKG":0.0074,"Ashwagandha KSM66":0.0019,"Calcium L-5- Methyltetrahydrofolate (L-5-MTHF-Ca)":0.0538,"Cocoa Powder (Non-Alkalised) 8+% Flavanols":0.0061,"Red Yeast Rice (2% Monacolin K)":0.0322,"Creatine Monohydrate":0.0183,"Ginger":0.0172,"Glucosamine Sulfate KCI":0.0457,"Grape Seed Extract 90% polyphenols":0.011,"Broccoli Extract (glucoraphanin 10%)":0.0044,"Glycine":0.0301,"Theanine":0.0509,"Lactobacillus Acidophilus":0.0827,"Lithium orotate":0.0006,"Pomegranate Juice Extract (50% Polyphenols)":0.0692,"Potassium Iodate":0.0116,"Rhodiola 3% Rosavins / Salidroside 1%":0.0422,"Selenium":0.0063,"Glutathione reduced":0.0157,"Lutein":0.0059,"Luteolin":0.005,"Cinnamon powder (ceylon) organic":0.01,"Sodium Hyaluronate":0.0057,"Spermidine":0.0901,"Vitamin B1 (Thiamine HCl)":0.006,"Vitamin B12 (Methylcobalamin)":0.0628,"Vitamin B2 (Riboflavin-5-Phosphate)":0.0492,"Vitamin B3 (Niacinamide)":0.02,"Vitamin B5 (Calcium-D-Pantothenate)":0.0097,"Vitamin B6 (Pyridoxal-5- Phosphate)":0.0101,"Vitamin B7 (D-Biotin)":0.009,"Vitamin C (Ascorbic Acid)":0.0012,"Vitamin D Veg D3":0.0209,"Vitamin E (d-alpha tocopherol)":0.0123,"Vitamin K1":0.0594,"Vitamin K2 MK-7 MCT Oil":0.0074,"Vitamin K2 MK-4 MCT Oil":0.0136,"Sunflower lecithin non-GMO":0.0224,"Phosphatidylcholine":0.0115,"Choline":0.0164,"Lycopene":0.068,"Lysine":0.005,"Taurine":0.0133,"Glucoraphanin":0.0055,"Ubiquinol":0.0118,"Zinc Citrate":0.0075,"Fiber":0.0027,"Blueberries":0.0312,"Macadamia nuts":0.0666,"Walnuts":0.0504,"Omega 3":0.0094,"Omega 6":0.0534,"Calcium":0.0369,"EVOO polyphenols":0.0004,"Oleic acid":0.0039,"Protein (plant)":0.0038,"Copper":0.0165,"Caffeine":0.046,"Magnesium Citrate":0.0288,"Manganese Citrate":0.0358,"Curcuminoids":0.008,"Fisetin (smoketree extract)":0.0209,"Garlic extract 12:1 odorless":0.0433,"Genistein (Japonica extract)":0.0063,"Milled Golden Flaxseed":0.014,"SDG lignan":0.0192,"Phosphatidylinositol":0.0193,"Phosphatidylethanolamine":0.0517}],"vo2_max":23.9505}
