{"personal_data":[{"age":75,"gender":"M","name":"Abbey Steuber-Okuneva"}],"fitness_data":[{"Backwards Sled, 2 min":4,"Posture exercises":1,"Tricep extensions":1,"Face pulls":2,"Butterfly":4,"Band pull apart (back muscles)":3,"Back extensions (on a hyperextension)":3,"Obliques (each side, on a hyperextension)":2,"StretchesKneeling shin_Kneeling shin_":5,"StretchesHip flexor_Hip flexor_":6,"StretchesCouch_Couch_":2,"Leg raises (for abdomen)":0,"Seated calf raises":1,"Poliquin step ups":2,"Slant board squats":4,"ATG Split squats":2,"Nordics":5,"Reverse Nordics":1,"Tibialis raises,":5,"IsoTib ankle rotations":1,"Pull ups":3,"Chin ups":1,"10 min HIIT":3}],"supplement_vars":[{"N-Acetyl-L-Cysteine (NAC)":0.0017,"N-Acetyl-L-Cysteine (NAC) 2":0.0108,"Nicotinamide Riboside Chloride (NR)":0.0104,"Zeaxanthin":0.0096,"Phosphorus":0.0227,"Astaxanthin (Natural)":0.0208,"Boron Glycinate":0.0135,"CaAKG":0.0123,"Ashwagandha KSM66":0.0077,"Calcium L-5- Methyltetrahydrofolate (L-5-MTHF-Ca)":0.0103,"Cocoa Powder (Non-Alkalised) 8+% Flavanols":0.0057,"Red Yeast Rice (2% Monacolin K)":0.0142,"Creatine Monohydrate":0.0513,"Ginger":0.0875,"Glucosamine Sulfate KCI":0.0466,"Grape Seed Extract 90% polyphenols":0.0037,"Broccoli Extract (glucoraphanin 10%)":0.009,"Glycine":0.0065,"Theanine":0.0155,"Lactobacillus Acidophilus":0.0777,"Lithium orotate":0.0045,"Pomegranate Juice Extract (50% Polyphenols)":0.0276,"Potassium Iodate":0.0281,"Rhodiola 3% Rosavins / Salidroside 1%":0.0355,"Selenium":0.0085,"Glutathione reduced":0.0431,"Lutein":0.011,"Luteolin":0.0075,"Cinnamon powder (ceylon) organic":0.0104,"Sodium Hyaluronate":0.001,"Spermidine":0.0449,"Vitamin B1 (Thiamine HCl)":0.0033,"Vitamin B12 (Methylcobalamin)":0.0193,"Vitamin B2 (Riboflavin-5-Phosphate)":0.0638,"Vitamin B3 (Niacinamide)":0.0267,"Vitamin B5 (Calcium-D-Pantothenate)":0.0153,"Vitamin B6 (Pyridoxal-5- Phosphate)":0.0092,"Vitamin B7 (D-Biotin)":0.0265,"Vitamin C (Ascorbic Acid)":0.0024,"Vitamin D Veg D3":0.0385,"Vitamin E (d-alpha tocopherol)":0.0051,"Vitamin K1":0.0633,"Vitamin K2 MK-7 MCT Oil":0.033,"Vitamin K2 MK-4 MCT Oil":0.0313,"Sunflower lecithin non-GMO":0.0112,"Phosphatidylcholine":0.0154,"Choline":0.0606,"Lycopene":0.0237,"Lysine":0.0063,"Taurine":0.0165,"Glucoraphanin":0.0121,"Ubiquinol":0.0099,"Zinc Citrate":0.0143,"Fiber":0.0054,"Blueberries":0.0439,"Macadamia nuts":0.0942,"Walnuts":0.0328,"Omega 3":0.0174,"Omega 6":0.0654,"Calcium":0.06,"EVOO polyphenols":0.0045,"Oleic acid":0.0241,"Protein (plant)":0.0048,"Copper":0.0177,"Caffeine":0.02,"Magnesium Citrate":0.0457,"Manganese Citrate":0.0409,"Curcuminoids":0.0163,"Fisetin (smoketree extract)":0.0035,"Garlic extract 12:1 odorless":0.0075,"Genistein (Japonica extract)":0.0137,"Milled Golden Flaxseed":0.0022,"SDG lignan":0.0253,"Phosphatidylinositol":0.0031,"Phosphatidylethanolamine":0.046}],"vo2_max":20.3218}
