{"personal_data":[{"age":75,"gender":"M","name":"Edgar Schultz-Haley"}],"fitness_data":[{"Backwards Sled, 2 min":1,"Posture exercises":5,"Tricep extensions":2,"Face pulls":3,"Butterfly":3,"Band pull apart (back muscles)":6,"Back extensions (on a hyperextension)":1,"Obliques (each side, on a hyperextension)":1,"StretchesKneeling shin_Kneeling shin_":3,"StretchesHip flexor_Hip flexor_":6,"StretchesCouch_Couch_":2,"Leg raises (for abdomen)":2,"Seated calf raises":0,"Poliquin step ups":1,"Slant board squats":5,"ATG Split squats":4,"Nordics":5,"Reverse Nordics":3,"Tibialis raises,":3,"IsoTib ankle rotations":2,"Pull ups":1,"Chin ups":0,"10 min HIIT":2}],"supplement_vars":[{"N-Acetyl-L-Cysteine (NAC)":0.0166,"N-Acetyl-L-Cysteine (NAC) 2":0.0091,"Nicotinamide Riboside Chloride (NR)":0.014,"Zeaxanthin":0.0084,"Phosphorus":0.0391,"Astaxanthin (Natural)":0.0219,"Boron Glycinate":0.0331,"CaAKG":0.0025,"Ashwagandha KSM66":0.0016,"Calcium L-5- Methyltetrahydrofolate (L-5-MTHF-Ca)":0.0327,"Cocoa Powder (Non-Alkalised) 8+% Flavanols":0.0004,"Red Yeast Rice (2% Monacolin K)":0.0138,"Creatine Monohydrate":0.0512,"Ginger":0.0013,"Glucosamine Sulfate KCI":0.0689,"Grape Seed Extract 90% polyphenols":0.0028,"Broccoli Extract (glucoraphanin 10%)":0.0151,"Glycine":0.0276,"Theanine":0.0299,"Lactobacillus Acidophilus":0.0829,"Lithium orotate":0.0004,"Pomegranate Juice Extract (50% Polyphenols)":0.0117,"Potassium Iodate":0.0226,"Rhodiola 3% Rosavins / Salidroside 1%":0.0097,"Selenium":0.022,"Glutathione reduced":0.04,"Lutein":0.0064,"Luteolin":0.0052,"Cinnamon powder (ceylon) organic":0.0082,"Sodium Hyaluronate":0.0103,"Spermidine":0.0497,"Vitamin B1 (Thiamine HCl)":0.0041,"Vitamin B12 (Methylcobalamin)":0.0401,"Vitamin B2 (Riboflavin-5-Phosphate)":0.0641,"Vitamin B3 (Niacinamide)":0.0324,"Vitamin B5 (Calcium-D-Pantothenate)":0.0106,"Vitamin B6 (Pyridoxal-5- Phosphate)":0.0242,"Vitamin B7 (D-Biotin)":0.0193,"Vitamin C (Ascorbic Acid)":0.0039,"Vitamin D Veg D3":0.0122,"Vitamin E (d-alpha tocopherol)":0.0291,"Vitamin K1":0.0446,"Vitamin K2 MK-7 MCT Oil":0.035,"Vitamin K2 MK-4 MCT Oil":0.003,"Sunflower lecithin non-GMO":0.0005,"Phosphatidylcholine":0.0026,"Choline":0.0031,"Lycopene":0.0313,"Lysine":0.0056,"Taurine":0.0076,"Glucoraphanin":0.0048,"Ubiquinol":0.0139,"Zinc Citrate":0.0092,"Fiber":0.0025,"Blueberries":0.0691,"Macadamia nuts":0.0578,"Walnuts":0.0122,"Omega 3":0.0158,"Omega 6":0.0288,"Calcium":0.0157,"EVOO polyphenols":0.0021,"Oleic acid":0.0105,"Protein (plant)":0.0031,"Copper":0.0212,"Caffeine":0.0589,"Magnesium Citrate":0.0456,"Manganese Citrate":0.0758,"Curcuminoids":0.0104,"Fisetin (smoketree extract)":0.0059,"Garlic extract 12:1 odorless":0.011,"Genistein (Japonica extract)":0.0201,"Milled Golden Flaxseed":0.0113,"SDG lignan":0.0329,"Phosphatidylinositol":0.0061,"Phosphatidylethanolamine":0.0419}],"vo2_max":18.8549}
