{"personal_data":[{"age":40,"gender":"F","name":"Ms. Kassidy Schiller"}],"fitness_data":[{"Backwards Sled, 2 min":1,"Posture exercises":3,"Tricep extensions":1,"Face pulls":4,"Butterfly":1,"Band pull apart (back muscles)":4,"Back extensions (on a hyperextension)":1,"Obliques (each side, on a hyperextension)":1,"StretchesKneeling shin_Kneeling shin_":3,"StretchesHip flexor_Hip flexor_":2,"StretchesCouch_Couch_":0,"Leg raises (for abdomen)":2,"Seated calf raises":1,"Poliquin step ups":2,"Slant board squats":6,"ATG Split squats":6,"Nordics":4,"Reverse Nordics":1,"Tibialis raises,":2,"IsoTib ankle rotations":4,"Pull ups":3,"Chin ups":1,"10 min HIIT":0}],"supplement_vars":[{"N-Acetyl-L-Cysteine (NAC)":0.0023,"N-Acetyl-L-Cysteine (NAC) 2":0.0166,"Nicotinamide Riboside Chloride (NR)":0.0096,"Zeaxanthin":0.0064,"Phosphorus":0.0332,"Astaxanthin (Natural)":0.0144,"Boron Glycinate":0.0453,"CaAKG":0.0003,"Ashwagandha KSM66":0.0078,"Calcium L-5- Methyltetrahydrofolate (L-5-MTHF-Ca)":0.0054,"Cocoa Powder (Non-Alkalised) 8+% Flavanols":0.022,"Red Yeast Rice (2% Monacolin K)":0.0314,"Creatine Monohydrate":0.0497,"Ginger":0.0549,"Glucosamine Sulfate KCI":0.0539,"Grape Seed Extract 90% polyphenols":0.0047,"Broccoli Extract (glucoraphanin 10%)":0.0017,"Glycine":0.0322,"Theanine":0.0417,"Lactobacillus Acidophilus":0.0516,"Lithium orotate":0.005,"Pomegranate Juice Extract (50% Polyphenols)":0.0305,"Potassium Iodate":0.0135,"Rhodiola 3% Rosavins / Salidroside 1%":0.0006,"Selenium":0.0049,"Glutathione reduced":0.033,"Lutein":0.019,"Luteolin":0.0057,"Cinnamon powder (ceylon) organic":0.0225,"Sodium Hyaluronate":0.0049,"Spermidine":0.0304,"Vitamin B1 (Thiamine HCl)":0.0106,"Vitamin B12 (Methylcobalamin)":0.0181,"Vitamin B2 (Riboflavin-5-Phosphate)":0.0223,"Vitamin B3 (Niacinamide)":0.0436,"Vitamin B5 (Calcium-D-Pantothenate)":0.0004,"Vitamin B6 (Pyridoxal-5- Phosphate)":0.0292,"Vitamin B7 (D-Biotin)":0.0203,"Vitamin C (Ascorbic Acid)":0.006,"Vitamin D Veg D3":0.0237,"Vitamin E (d-alpha tocopherol)":0.0028,"Vitamin K1":0.0079,"Vitamin K2 MK-7 MCT Oil":0.0144,"Vitamin K2 MK-4 MCT Oil":0.0226,"Sunflower lecithin non-GMO":0.0128,"Phosphatidylcholine":0.0056,"Choline":0.0032,"Lycopene":0.0298,"Lysine":0.0054,"Taurine":0.0066,"Glucoraphanin":0.032,"Ubiquinol":0.0122,"Zinc Citrate":0.0094,"Fiber":0.0034,"Blueberries":0.033,"Macadamia nuts":0.0472,"Walnuts":0.0479,"Omega 3":0.0038,"Omega 6":0.0122,"Calcium":0.0515,"EVOO polyphenols":0.0018,"Oleic acid":0.0137,"Protein (plant)":0.0017,"Copper":0.0055,"Caffeine":0.0329,"Magnesium Citrate":0.0185,"Manganese Citrate":0.0231,"Curcuminoids":0.0345,"Fisetin (smoketree extract)":0.0272,"Garlic extract 12:1 odorless":0.0126,"Genistein (Japonica extract)":0.0195,"Milled Golden Flaxseed":0.029,"SDG lignan":0.0446,"Phosphatidylinositol":0.0041,"Phosphatidylethanolamine":0.0021}],"vo2_max":29.2986}
