{"personal_data":[{"age":26,"gender":"F","name":"Jayda Boyer"}],"fitness_data":[{"Backwards Sled, 2 min":2,"Posture exercises":1,"Tricep extensions":1,"Face pulls":4,"Butterfly":5,"Band pull apart (back muscles)":5,"Back extensions (on a hyperextension)":3,"Obliques (each side, on a hyperextension)":4,"StretchesKneeling shin_Kneeling shin_":4,"StretchesHip flexor_Hip flexor_":6,"StretchesCouch_Couch_":2,"Leg raises (for abdomen)":1,"Seated calf raises":2,"Poliquin step ups":0,"Slant board squats":6,"ATG Split squats":5,"Nordics":1,"Reverse Nordics":2,"Tibialis raises,":1,"IsoTib ankle rotations":1,"Pull ups":3,"Chin ups":3,"10 min HIIT":1}],"supplement_vars":[{"N-Acetyl-L-Cysteine (NAC)":0.0015,"N-Acetyl-L-Cysteine (NAC) 2":0.0102,"Nicotinamide Riboside Chloride (NR)":0.0055,"Zeaxanthin":0.0112,"Phosphorus":0.0298,"Astaxanthin (Natural)":0.0002,"Boron Glycinate":0.0138,"CaAKG":0.0055,"Ashwagandha KSM66":0.0027,"Calcium L-5- Methyltetrahydrofolate (L-5-MTHF-Ca)":0.0242,"Cocoa Powder (Non-Alkalised) 8+% Flavanols":0.0202,"Red Yeast Rice (2% Monacolin K)":0.0298,"Creatine Monohydrate":0.0116,"Ginger":0.0532,"Glucosamine Sulfate KCI":0.0064,"Grape Seed Extract 90% polyphenols":0.004,"Broccoli Extract (glucoraphanin 10%)":0.0318,"Glycine":0.0278,"Theanine":0.0043,"Lactobacillus Acidophilus":0.0031,"Lithium orotate":0.0099,"Pomegranate Juice Extract (50% Polyphenols)":0.0121,"Potassium Iodate":0.0405,"Rhodiola 3% Rosavins / Salidroside 1%":0.0134,"Selenium":0.0004,"Glutathione reduced":0.0006,"Lutein":0.0006,"Luteolin":0.0015,"Cinnamon powder (ceylon) organic":0.025,"Sodium Hyaluronate":0.0001,"Spermidine":0.0506,"Vitamin B1 (Thiamine HCl)":0.0065,"Vitamin B12 (Methylcobalamin)":0.0663,"Vitamin B2 (Riboflavin-5-Phosphate)":0.0695,"Vitamin B3 (Niacinamide)":0.0677,"Vitamin B5 (Calcium-D-Pantothenate)":0.0161,"Vitamin B6 (Pyridoxal-5- Phosphate)":0.0122,"Vitamin B7 (D-Biotin)":0.0114,"Vitamin C (Ascorbic Acid)":0.0051,"Vitamin D Veg D3":0.0427,"Vitamin E (d-alpha tocopherol)":0.0118,"Vitamin K1":0.0076,"Vitamin K2 MK-7 MCT Oil":0.0269,"Vitamin K2 MK-4 MCT Oil":0.0014,"Sunflower lecithin non-GMO":0.0054,"Phosphatidylcholine":0.025,"Choline":0.007,"Lycopene":0.0519,"Lysine":0.0123,"Taurine":0.0082,"Glucoraphanin":0.0041,"Ubiquinol":0.006,"Zinc Citrate":0.0146,"Fiber":0.0023,"Blueberries":0.0746,"Macadamia nuts":0.0096,"Walnuts":0.0652,"Omega 3":0.0429,"Omega 6":0.041,"Calcium":0.0569,"EVOO polyphenols":0.0034,"Oleic acid":0.0138,"Protein (plant)":0.004,"Copper":0.0017,"Caffeine":0.0216,"Magnesium Citrate":0.0103,"Manganese Citrate":0.0994,"Curcuminoids":0.0042,"Fisetin (smoketree extract)":0.0368,"Garlic extract 12:1 odorless":0.0315,"Genistein (Japonica extract)":0.0065,"Milled Golden Flaxseed":0.0021,"SDG lignan":0.0575,"Phosphatidylinositol":0.0214,"Phosphatidylethanolamine":0.0013}],"vo2_max":34.1049}
