{"personal_data":[{"age":77,"gender":"F"}],"fitness_data":[{"Backwards Sled, 2 min":3,"Posture exercises":3,"Tricep extensions":3,"Face pulls":2,"Butterfly":6,"Band pull apart (back muscles)":0,"Back extensions (on a hyperextension)":1,"Obliques (each side, on a hyperextension)":3,"StretchesKneeling shin_Kneeling shin_":3,"StretchesHip flexor_Hip flexor_":1,"StretchesCouch_Couch_":2,"Leg raises (for abdomen)":5,"Seated calf raises":2,"Poliquin step ups":1,"Slant board squats":6,"ATG Split squats":3,"Nordics":6,"Reverse Nordics":3,"Tibialis raises,":1,"IsoTib ankle rotations":3,"Pull ups":0,"Chin ups":2,"10 min HIIT":2}],"supplement_vars":[{"N-Acetyl-L-Cysteine (NAC)":0.0199,"N-Acetyl-L-Cysteine (NAC) 2":0.0184,"Nicotinamide Riboside Chloride (NR)":0.0186,"Zeaxanthin":0.0129,"Phosphorus":0.0008,"Astaxanthin (Natural)":0.0164,"Boron Glycinate":0.0342,"CaAKG":0.0052,"Ashwagandha KSM66":0.0052,"Calcium L-5- Methyltetrahydrofolate (L-5-MTHF-Ca)":0.0226,"Cocoa Powder (Non-Alkalised) 8+% Flavanols":0.0024,"Red Yeast Rice (2% Monacolin K)":0.0103,"Creatine Monohydrate":0.03,"Ginger":0.0842,"Glucosamine Sulfate KCI":0.0437,"Grape Seed Extract 90% polyphenols":0.0037,"Broccoli Extract (glucoraphanin 10%)":0.011,"Glycine":0.0154,"Theanine":0.0143,"Lactobacillus Acidophilus":0.0528,"Lithium orotate":0.0074,"Pomegranate Juice Extract (50% Polyphenols)":0.0361,"Potassium Iodate":0.0056,"Rhodiola 3% Rosavins / Salidroside 1%":0.043,"Selenium":0.0153,"Glutathione reduced":0.031,"Lutein":0.0184,"Luteolin":0.0099,"Cinnamon powder (ceylon) organic":0.0219,"Sodium Hyaluronate":0.0049,"Spermidine":0.0454,"Vitamin B1 (Thiamine HCl)":0.0135,"Vitamin B12 (Methylcobalamin)":0.0047,"Vitamin B2 (Riboflavin-5-Phosphate)":0.0143,"Vitamin B3 (Niacinamide)":0.0219,"Vitamin B5 (Calcium-D-Pantothenate)":0.0186,"Vitamin B6 (Pyridoxal-5- Phosphate)":0.0281,"Vitamin B7 (D-Biotin)":0.0023,"Vitamin C (Ascorbic Acid)":0.007,"Vitamin D Veg D3":0.0411,"Vitamin E (d-alpha tocopherol)":0.0363,"Vitamin K1":0.0516,"Vitamin K2 MK-7 MCT Oil":0.018,"Vitamin K2 MK-4 MCT Oil":0.0043,"Sunflower lecithin non-GMO":0.0072,"Phosphatidylcholine":0.0316,"Choline":0.009,"Lycopene":0.0301,"Lysine":0.0014,"Taurine":0.0229,"Glucoraphanin":0.0281,"Ubiquinol":0.012,"Zinc Citrate":0.0081,"Fiber":0.0035,"Blueberries":0.0655,"Macadamia nuts":0.0458,"Walnuts":0.0446,"Omega 3":0.049,"Omega 6":0.008,"Calcium":0.0054,"EVOO polyphenols":0.0016,"Oleic acid":0.0078,"Protein (plant)":0.0035,"Copper":0.0047,"Caffeine":0.022,"Magnesium Citrate":0.0517,"Manganese Citrate":0.0523,"Curcuminoids":0.0447,"Fisetin (smoketree extract)":0.0251,"Garlic extract 12:1 odorless":0.0064,"Genistein (Japonica extract)":0.0076,"Milled Golden Flaxseed":0.0218,"SDG lignan":0.0114,"Phosphatidylinositol":0.0124,"Phosphatidylethanolamine":0.0317}],"vo2_max":20.3922}
