{"personal_data":[{"age":67,"gender":"M"}],"fitness_data":[{"Backwards Sled, 2 min":0,"Posture exercises":2,"Tricep extensions":2,"Face pulls":1,"Butterfly":3,"Band pull apart (back muscles)":2,"Back extensions (on a hyperextension)":2,"Obliques (each side, on a hyperextension)":0,"StretchesKneeling shin_Kneeling shin_":1,"StretchesHip flexor_Hip flexor_":2,"StretchesCouch_Couch_":2,"Leg raises (for abdomen)":3,"Seated calf raises":1,"Poliquin step ups":3,"Slant board squats":3,"ATG Split squats":1,"Nordics":2,"Reverse Nordics":2,"Tibialis raises,":2,"IsoTib ankle rotations":4,"Pull ups":2,"Chin ups":4,"10 min HIIT":3}],"supplement_vars":[{"N-Acetyl-L-Cysteine (NAC)":0.0049,"N-Acetyl-L-Cysteine (NAC) 2":0.0035,"Nicotinamide Riboside Chloride (NR)":0.0029,"Zeaxanthin":0.0042,"Phosphorus":0.0148,"Astaxanthin (Natural)":0.0212,"Boron Glycinate":0.0452,"CaAKG":0.0098,"Ashwagandha KSM66":0.0077,"Calcium L-5- Methyltetrahydrofolate (L-5-MTHF-Ca)":0.0423,"Cocoa Powder (Non-Alkalised) 8+% Flavanols":0.018,"Red Yeast Rice (2% Monacolin K)":0.0166,"Creatine Monohydrate":0.0385,"Ginger":0.0772,"Glucosamine Sulfate KCI":0.0148,"Grape Seed Extract 90% polyphenols":0.0014,"Broccoli Extract (glucoraphanin 10%)":0.0291,"Glycine":0.0109,"Theanine":0.0497,"Lactobacillus Acidophilus":0.0145,"Lithium orotate":0.0039,"Pomegranate Juice Extract (50% Polyphenols)":0.0595,"Potassium Iodate":0.0351,"Rhodiola 3% Rosavins / Salidroside 1%":0.0481,"Selenium":0.0397,"Glutathione reduced":0.0424,"Lutein":0.021,"Luteolin":0.0058,"Cinnamon powder (ceylon) organic":0.0062,"Sodium Hyaluronate":0.0009,"Spermidine":0.006,"Vitamin B1 (Thiamine HCl)":0.0167,"Vitamin B12 (Methylcobalamin)":0.028,"Vitamin B2 (Riboflavin-5-Phosphate)":0.0312,"Vitamin B3 (Niacinamide)":0.0048,"Vitamin B5 (Calcium-D-Pantothenate)":0.0159,"Vitamin B6 (Pyridoxal-5- Phosphate)":0.0037,"Vitamin B7 (D-Biotin)":0.02,"Vitamin C (Ascorbic Acid)":0.0041,"Vitamin D Veg D3":0.0011,"Vitamin E (d-alpha tocopherol)":0.0065,"Vitamin K1":0.0332,"Vitamin K2 MK-7 MCT Oil":0.033,"Vitamin K2 MK-4 MCT Oil":0.0154,"Sunflower lecithin non-GMO":0.0412,"Phosphatidylcholine":0.0231,"Choline":0.0362,"Lycopene":0.0711,"Lysine":0.0068,"Taurine":0.0181,"Glucoraphanin":0.0161,"Ubiquinol":0.0121,"Zinc Citrate":0.0182,"Fiber":0.0022,"Blueberries":0.0265,"Macadamia nuts":0.022,"Walnuts":0.0075,"Omega 3":0.0488,"Omega 6":0.0079,"Calcium":0.0138,"EVOO polyphenols":0.0018,"Oleic acid":0.0142,"Protein (plant)":0.003,"Copper":0.021,"Caffeine":0.0175,"Magnesium Citrate":0.0506,"Manganese Citrate":0.0072,"Curcuminoids":0.0162,"Fisetin (smoketree extract)":0.0324,"Garlic extract 12:1 odorless":0.0374,"Genistein (Japonica extract)":0.0046,"Milled Golden Flaxseed":0.0357,"SDG lignan":0.0546,"Phosphatidylinositol":0.0034,"Phosphatidylethanolamine":0.0031}],"vo2_max":21.7988}
