{"personal_data":[{"age":42,"gender":"M","name":"Michal Rath-Osinski"}],"fitness_data":[{"Backwards Sled, 2 min":4,"Posture exercises":5,"Tricep extensions":2,"Face pulls":3,"Butterfly":1,"Band pull apart (back muscles)":6,"Back extensions (on a hyperextension)":2,"Obliques (each side, on a hyperextension)":0,"StretchesKneeling shin_Kneeling shin_":1,"StretchesHip flexor_Hip flexor_":5,"StretchesCouch_Couch_":1,"Leg raises (for abdomen)":1,"Seated calf raises":0,"Poliquin step ups":3,"Slant board squats":4,"ATG Split squats":3,"Nordics":6,"Reverse Nordics":0,"Tibialis raises,":1,"IsoTib ankle rotations":4,"Pull ups":0,"Chin ups":1,"10 min HIIT":2}],"supplement_vars":[{"N-Acetyl-L-Cysteine (NAC)":0.0117,"N-Acetyl-L-Cysteine (NAC) 2":0.017,"Nicotinamide Riboside Chloride (NR)":0.0106,"Zeaxanthin":0.0071,"Phosphorus":0.0336,"Astaxanthin (Natural)":0.0238,"Boron Glycinate":0.0209,"CaAKG":0.0026,"Ashwagandha KSM66":0,"Calcium L-5- Methyltetrahydrofolate (L-5-MTHF-Ca)":0.0258,"Cocoa Powder (Non-Alkalised) 8+% Flavanols":0.0017,"Red Yeast Rice (2% Monacolin K)":0.0171,"Creatine Monohydrate":0.0688,"Ginger":0.0854,"Glucosamine Sulfate KCI":0.0575,"Grape Seed Extract 90% polyphenols":0.0032,"Broccoli Extract (glucoraphanin 10%)":0.0162,"Glycine":0.0277,"Theanine":0.0041,"Lactobacillus Acidophilus":0.0244,"Lithium orotate":0.004,"Pomegranate Juice Extract (50% Polyphenols)":0.0633,"Potassium Iodate":0.0326,"Rhodiola 3% Rosavins / Salidroside 1%":0.0178,"Selenium":0.0357,"Glutathione reduced":0.0162,"Lutein":0.0111,"Luteolin":0.0036,"Cinnamon powder (ceylon) organic":0.0203,"Sodium Hyaluronate":0.006,"Spermidine":0.0121,"Vitamin B1 (Thiamine HCl)":0.005,"Vitamin B12 (Methylcobalamin)":0.0754,"Vitamin B2 (Riboflavin-5-Phosphate)":0.0682,"Vitamin B3 (Niacinamide)":0.0661,"Vitamin B5 (Calcium-D-Pantothenate)":0.0216,"Vitamin B6 (Pyridoxal-5- Phosphate)":0.039,"Vitamin B7 (D-Biotin)":0.0297,"Vitamin C (Ascorbic Acid)":0.0087,"Vitamin D Veg D3":0.0479,"Vitamin E (d-alpha tocopherol)":0.0009,"Vitamin K1":0.0378,"Vitamin K2 MK-7 MCT Oil":0.0116,"Vitamin K2 MK-4 MCT Oil":0.0259,"Sunflower lecithin non-GMO":0.0074,"Phosphatidylcholine":0.021,"Choline":0.055,"Lycopene":0.0534,"Lysine":0.0072,"Taurine":0.0271,"Glucoraphanin":0.0292,"Ubiquinol":0.0018,"Zinc Citrate":0.0006,"Fiber":0.0054,"Blueberries":0.0681,"Macadamia nuts":0.0285,"Walnuts":0.0722,"Omega 3":0.0231,"Omega 6":0.0668,"Calcium":0.0261,"EVOO polyphenols":0.0064,"Oleic acid":0.03,"Protein (plant)":0.0047,"Copper":0.007,"Caffeine":0.0308,"Magnesium Citrate":0.0367,"Manganese Citrate":0.088,"Curcuminoids":0.0081,"Fisetin (smoketree extract)":0.0227,"Garlic extract 12:1 odorless":0.0376,"Genistein (Japonica extract)":0.0126,"Milled Golden Flaxseed":0.012,"SDG lignan":0.0302,"Phosphatidylinositol":0.0026,"Phosphatidylethanolamine":0.0368}],"vo2_max":31.6154}
