{"personal_data":[{"age":66,"gender":"M","name":"Mickey Bayer"}],"fitness_data":[{"Backwards Sled, 2 min":3,"Posture exercises":0,"Tricep extensions":1,"Face pulls":5,"Butterfly":1,"Band pull apart (back muscles)":0,"Back extensions (on a hyperextension)":1,"Obliques (each side, on a hyperextension)":1,"StretchesKneeling shin_Kneeling shin_":3,"StretchesHip flexor_Hip flexor_":4,"StretchesCouch_Couch_":0,"Leg raises (for abdomen)":1,"Seated calf raises":1,"Poliquin step ups":3,"Slant board squats":6,"ATG Split squats":1,"Nordics":5,"Reverse Nordics":2,"Tibialis raises,":3,"IsoTib ankle rotations":6,"Pull ups":3,"Chin ups":3,"10 min HIIT":3}],"supplement_vars":[{"N-Acetyl-L-Cysteine (NAC)":0.005,"N-Acetyl-L-Cysteine (NAC) 2":0.0184,"Nicotinamide Riboside Chloride (NR)":0.0086,"Zeaxanthin":0.0052,"Phosphorus":0.0076,"Astaxanthin (Natural)":0.0025,"Boron Glycinate":0.0274,"CaAKG":0.0021,"Ashwagandha KSM66":0.0035,"Calcium L-5- Methyltetrahydrofolate (L-5-MTHF-Ca)":0.0469,"Cocoa Powder (Non-Alkalised) 8+% Flavanols":0.0162,"Red Yeast Rice (2% Monacolin K)":0.0178,"Creatine Monohydrate":0.0245,"Ginger":0.0847,"Glucosamine Sulfate KCI":0.0027,"Grape Seed Extract 90% polyphenols":0.0094,"Broccoli Extract (glucoraphanin 10%)":0.0037,"Glycine":0.0009,"Theanine":0.0205,"Lactobacillus Acidophilus":0.0128,"Lithium orotate":0.0051,"Pomegranate Juice Extract (50% Polyphenols)":0.019,"Potassium Iodate":0.013,"Rhodiola 3% Rosavins / Salidroside 1%":0.0201,"Selenium":0.0213,"Glutathione reduced":0.0044,"Lutein":0.0123,"Luteolin":0.0078,"Cinnamon powder (ceylon) organic":0.0194,"Sodium Hyaluronate":0.0095,"Spermidine":0.0054,"Vitamin B1 (Thiamine HCl)":0.0168,"Vitamin B12 (Methylcobalamin)":0.0139,"Vitamin B2 (Riboflavin-5-Phosphate)":0.0177,"Vitamin B3 (Niacinamide)":0.0318,"Vitamin B5 (Calcium-D-Pantothenate)":0.0015,"Vitamin B6 (Pyridoxal-5- Phosphate)":0.0396,"Vitamin B7 (D-Biotin)":0.0298,"Vitamin C (Ascorbic Acid)":0.0039,"Vitamin D Veg D3":0.0469,"Vitamin E (d-alpha tocopherol)":0.0044,"Vitamin K1":0.0664,"Vitamin K2 MK-7 MCT Oil":0.0134,"Vitamin K2 MK-4 MCT Oil":0.0154,"Sunflower lecithin non-GMO":0.0308,"Phosphatidylcholine":0.0279,"Choline":0.0154,"Lycopene":0.0065,"Lysine":0.0092,"Taurine":0.0168,"Glucoraphanin":0.0247,"Ubiquinol":0.0023,"Zinc Citrate":0.0124,"Fiber":0.0012,"Blueberries":0.0358,"Macadamia nuts":0.0672,"Walnuts":0.0183,"Omega 3":0.0399,"Omega 6":0.0392,"Calcium":0.0596,"EVOO polyphenols":0.0031,"Oleic acid":0.0124,"Protein (plant)":0.0027,"Copper":0.0014,"Caffeine":0.0477,"Magnesium Citrate":0.019,"Manganese Citrate":0.02,"Curcuminoids":0.0195,"Fisetin (smoketree extract)":0.0282,"Garlic extract 12:1 odorless":0.0373,"Genistein (Japonica extract)":0.0134,"Milled Golden Flaxseed":0.0277,"SDG lignan":0.0084,"Phosphatidylinositol":0.001,"Phosphatidylethanolamine":0.0172}],"vo2_max":22.2176}
