{"personal_data":[{"age":77,"gender":"M","name":"Mr. Marshall Howe II"}],"fitness_data":[{"Backwards Sled, 2 min":3,"Posture exercises":2,"Tricep extensions":2,"Face pulls":3,"Butterfly":1,"Band pull apart (back muscles)":4,"Back extensions (on a hyperextension)":4,"Obliques (each side, on a hyperextension)":0,"StretchesKneeling shin_Kneeling shin_":0,"StretchesHip flexor_Hip flexor_":1,"StretchesCouch_Couch_":1,"Leg raises (for abdomen)":5,"Seated calf raises":1,"Poliquin step ups":2,"Slant board squats":3,"ATG Split squats":4,"Nordics":6,"Reverse Nordics":3,"Tibialis raises,":3,"IsoTib ankle rotations":4,"Pull ups":0,"Chin ups":1,"10 min HIIT":3}],"supplement_vars":[{"N-Acetyl-L-Cysteine (NAC)":0.0181,"N-Acetyl-L-Cysteine (NAC) 2":0.0013,"Nicotinamide Riboside Chloride (NR)":0.0077,"Zeaxanthin":0.0132,"Phosphorus":0.0049,"Astaxanthin (Natural)":0.017,"Boron Glycinate":0.0261,"CaAKG":0.0102,"Ashwagandha KSM66":0.0068,"Calcium L-5- Methyltetrahydrofolate (L-5-MTHF-Ca)":0.0559,"Cocoa Powder (Non-Alkalised) 8+% Flavanols":0.0145,"Red Yeast Rice (2% Monacolin K)":0.0185,"Creatine Monohydrate":0.052,"Ginger":0.0466,"Glucosamine Sulfate KCI":0.0685,"Grape Seed Extract 90% polyphenols":0.0041,"Broccoli Extract (glucoraphanin 10%)":0.0108,"Glycine":0.0146,"Theanine":0.023,"Lactobacillus Acidophilus":0.0355,"Lithium orotate":0.0077,"Pomegranate Juice Extract (50% Polyphenols)":0.0471,"Potassium Iodate":0.0007,"Rhodiola 3% Rosavins / Salidroside 1%":0.0537,"Selenium":0.0048,"Glutathione reduced":0,"Lutein":0.0042,"Luteolin":0.0062,"Cinnamon powder (ceylon) organic":0.0065,"Sodium Hyaluronate":0.0056,"Spermidine":0.0602,"Vitamin B1 (Thiamine HCl)":0.0013,"Vitamin B12 (Methylcobalamin)":0.0627,"Vitamin B2 (Riboflavin-5-Phosphate)":0.0195,"Vitamin B3 (Niacinamide)":0.011,"Vitamin B5 (Calcium-D-Pantothenate)":0.0018,"Vitamin B6 (Pyridoxal-5- Phosphate)":0.046,"Vitamin B7 (D-Biotin)":0.0017,"Vitamin C (Ascorbic Acid)":0.0001,"Vitamin D Veg D3":0.0204,"Vitamin E (d-alpha tocopherol)":0.0195,"Vitamin K1":0.0549,"Vitamin K2 MK-7 MCT Oil":0.0095,"Vitamin K2 MK-4 MCT Oil":0.0307,"Sunflower lecithin non-GMO":0.0089,"Phosphatidylcholine":0.0185,"Choline":0.0541,"Lycopene":0.016,"Lysine":0.0039,"Taurine":0.0126,"Glucoraphanin":0.0237,"Ubiquinol":0.0049,"Zinc Citrate":0.0177,"Fiber":0.0005,"Blueberries":0.0167,"Macadamia nuts":0.0171,"Walnuts":0.0154,"Omega 3":0.0471,"Omega 6":0.0115,"Calcium":0.0097,"EVOO polyphenols":0.0027,"Oleic acid":0.0254,"Protein (plant)":0.001,"Copper":0.0154,"Caffeine":0.049,"Magnesium Citrate":0.0591,"Manganese Citrate":0.014,"Curcuminoids":0.0061,"Fisetin (smoketree extract)":0.0088,"Garlic extract 12:1 odorless":0.024,"Genistein (Japonica extract)":0.0085,"Milled Golden Flaxseed":0.0258,"SDG lignan":0.0424,"Phosphatidylinositol":0.0238,"Phosphatidylethanolamine":0.0368}],"vo2_max":17.6335}
