{"personal_data":[{"age":57,"gender":"F","name":"Lilyana Daugherty"}],"fitness_data":[{"Backwards Sled, 2 min":2,"Posture exercises":3,"Tricep extensions":1,"Face pulls":3,"Butterfly":6,"Band pull apart (back muscles)":6,"Back extensions (on a hyperextension)":3,"Obliques (each side, on a hyperextension)":1,"StretchesKneeling shin_Kneeling shin_":4,"StretchesHip flexor_Hip flexor_":3,"StretchesCouch_Couch_":1,"Leg raises (for abdomen)":2,"Seated calf raises":4,"Poliquin step ups":0,"Slant board squats":0,"ATG Split squats":1,"Nordics":5,"Reverse Nordics":2,"Tibialis raises,":4,"IsoTib ankle rotations":3,"Pull ups":2,"Chin ups":2,"10 min HIIT":2}],"supplement_vars":[{"N-Acetyl-L-Cysteine (NAC)":0.0148,"N-Acetyl-L-Cysteine (NAC) 2":0.0007,"Nicotinamide Riboside Chloride (NR)":0.0024,"Zeaxanthin":0.0039,"Phosphorus":0.0332,"Astaxanthin (Natural)":0.0124,"Boron Glycinate":0.033,"CaAKG":0.0109,"Ashwagandha KSM66":0.0007,"Calcium L-5- Methyltetrahydrofolate (L-5-MTHF-Ca)":0.0166,"Cocoa Powder (Non-Alkalised) 8+% Flavanols":0.0208,"Red Yeast Rice (2% Monacolin K)":0.0125,"Creatine Monohydrate":0.0489,"Ginger":0.0466,"Glucosamine Sulfate KCI":0.0315,"Grape Seed Extract 90% polyphenols":0.0047,"Broccoli Extract (glucoraphanin 10%)":0.0205,"Glycine":0.0051,"Theanine":0.0171,"Lactobacillus Acidophilus":0.0143,"Lithium orotate":0.0061,"Pomegranate Juice Extract (50% Polyphenols)":0.0669,"Potassium Iodate":0.0163,"Rhodiola 3% Rosavins / Salidroside 1%":0.037,"Selenium":0.028,"Glutathione reduced":0.0006,"Lutein":0.008,"Luteolin":0.004,"Cinnamon powder (ceylon) organic":0.0057,"Sodium Hyaluronate":0.0027,"Spermidine":0.0354,"Vitamin B1 (Thiamine HCl)":0.0022,"Vitamin B12 (Methylcobalamin)":0.024,"Vitamin B2 (Riboflavin-5-Phosphate)":0.0657,"Vitamin B3 (Niacinamide)":0.0358,"Vitamin B5 (Calcium-D-Pantothenate)":0.0127,"Vitamin B6 (Pyridoxal-5- Phosphate)":0.049,"Vitamin B7 (D-Biotin)":0.0103,"Vitamin C (Ascorbic Acid)":0.0069,"Vitamin D Veg D3":0.0339,"Vitamin E (d-alpha tocopherol)":0.0465,"Vitamin K1":0.049,"Vitamin K2 MK-7 MCT Oil":0.0346,"Vitamin K2 MK-4 MCT Oil":0.0191,"Sunflower lecithin non-GMO":0.0294,"Phosphatidylcholine":0.0336,"Choline":0.0262,"Lycopene":0.0484,"Lysine":0.0001,"Taurine":0.0239,"Glucoraphanin":0.0032,"Ubiquinol":0.0044,"Zinc Citrate":0.0117,"Fiber":0.001,"Blueberries":0.077,"Macadamia nuts":0.0131,"Walnuts":0.0452,"Omega 3":0.0413,"Omega 6":0.046,"Calcium":0.0601,"EVOO polyphenols":0.0017,"Oleic acid":0.0237,"Protein (plant)":0.003,"Copper":0.017,"Caffeine":0.0158,"Magnesium Citrate":0.0445,"Manganese Citrate":0.0864,"Curcuminoids":0.0306,"Fisetin (smoketree extract)":0.0131,"Garlic extract 12:1 odorless":0.0062,"Genistein (Japonica extract)":0.0164,"Milled Golden Flaxseed":0.0167,"SDG lignan":0.0177,"Phosphatidylinositol":0.0128,"Phosphatidylethanolamine":0.0473}],"vo2_max":26.3231}
