{"personal_data":[{"age":64,"gender":"M","name":"Nicki Jacobson MD"}],"fitness_data":[{"Backwards Sled, 2 min":3,"Posture exercises":1,"Tricep extensions":3,"Face pulls":3,"Butterfly":3,"Band pull apart (back muscles)":2,"Back extensions (on a hyperextension)":2,"Obliques (each side, on a hyperextension)":2,"StretchesKneeling shin_Kneeling shin_":1,"StretchesHip flexor_Hip flexor_":4,"StretchesCouch_Couch_":2,"Leg raises (for abdomen)":4,"Seated calf raises":1,"Poliquin step ups":4,"Slant board squats":4,"ATG Split squats":4,"Nordics":5,"Reverse Nordics":2,"Tibialis raises,":4,"IsoTib ankle rotations":3,"Pull ups":4,"Chin ups":2,"10 min HIIT":3}],"supplement_vars":[{"N-Acetyl-L-Cysteine (NAC)":0.0015,"N-Acetyl-L-Cysteine (NAC) 2":0.0178,"Nicotinamide Riboside Chloride (NR)":0.0053,"Zeaxanthin":0.0056,"Phosphorus":0.0287,"Astaxanthin (Natural)":0.0061,"Boron Glycinate":0.0098,"CaAKG":0.0058,"Ashwagandha KSM66":0.0021,"Calcium L-5- Methyltetrahydrofolate (L-5-MTHF-Ca)":0.0111,"Cocoa Powder (Non-Alkalised) 8+% Flavanols":0.0064,"Red Yeast Rice (2% Monacolin K)":0.0259,"Creatine Monohydrate":0.001,"Ginger":0.0006,"Glucosamine Sulfate KCI":0.0519,"Grape Seed Extract 90% polyphenols":0.0095,"Broccoli Extract (glucoraphanin 10%)":0.0297,"Glycine":0.0023,"Theanine":0.0527,"Lactobacillus Acidophilus":0.0394,"Lithium orotate":0.0085,"Pomegranate Juice Extract (50% Polyphenols)":0.0489,"Potassium Iodate":0.0211,"Rhodiola 3% Rosavins / Salidroside 1%":0.0535,"Selenium":0.0095,"Glutathione reduced":0.0075,"Lutein":0.0056,"Luteolin":0.0082,"Cinnamon powder (ceylon) organic":0.0117,"Sodium Hyaluronate":0.0018,"Spermidine":0.0332,"Vitamin B1 (Thiamine HCl)":0.0115,"Vitamin B12 (Methylcobalamin)":0.0741,"Vitamin B2 (Riboflavin-5-Phosphate)":0.0243,"Vitamin B3 (Niacinamide)":0.0044,"Vitamin B5 (Calcium-D-Pantothenate)":0.0167,"Vitamin B6 (Pyridoxal-5- Phosphate)":0.0188,"Vitamin B7 (D-Biotin)":0.0051,"Vitamin C (Ascorbic Acid)":0.0018,"Vitamin D Veg D3":0.0227,"Vitamin E (d-alpha tocopherol)":0.0209,"Vitamin K1":0.0059,"Vitamin K2 MK-7 MCT Oil":0.0012,"Vitamin K2 MK-4 MCT Oil":0.0342,"Sunflower lecithin non-GMO":0.0437,"Phosphatidylcholine":0.0149,"Choline":0.0092,"Lycopene":0.008,"Lysine":0.0067,"Taurine":0.0275,"Glucoraphanin":0.0189,"Ubiquinol":0.0131,"Zinc Citrate":0.0166,"Fiber":0.0004,"Blueberries":0.0573,"Macadamia nuts":0.0211,"Walnuts":0.0614,"Omega 3":0.0125,"Omega 6":0.0253,"Calcium":0.031,"EVOO polyphenols":0.0003,"Oleic acid":0.009,"Protein (plant)":0.0007,"Copper":0.0063,"Caffeine":0.0596,"Magnesium Citrate":0.006,"Manganese Citrate":0.0401,"Curcuminoids":0.0441,"Fisetin (smoketree extract)":0.0267,"Garlic extract 12:1 odorless":0.0145,"Genistein (Japonica extract)":0.0098,"Milled Golden Flaxseed":0.004,"SDG lignan":0.0334,"Phosphatidylinositol":0.0231,"Phosphatidylethanolamine":0.0116}],"vo2_max":22.7039}
