{"personal_data":[{"age":49,"gender":"F","name":"Scot Renner"}],"fitness_data":[{"Backwards Sled, 2 min":3,"Posture exercises":1,"Tricep extensions":3,"Face pulls":4,"Butterfly":3,"Band pull apart (back muscles)":2,"Back extensions (on a hyperextension)":3,"Obliques (each side, on a hyperextension)":2,"StretchesKneeling shin_Kneeling shin_":3,"StretchesHip flexor_Hip flexor_":2,"StretchesCouch_Couch_":3,"Leg raises (for abdomen)":0,"Seated calf raises":1,"Poliquin step ups":3,"Slant board squats":1,"ATG Split squats":2,"Nordics":0,"Reverse Nordics":2,"Tibialis raises,":2,"IsoTib ankle rotations":2,"Pull ups":3,"Chin ups":3,"10 min HIIT":2}],"supplement_vars":[{"N-Acetyl-L-Cysteine (NAC)":0.0084,"N-Acetyl-L-Cysteine (NAC) 2":0.0143,"Nicotinamide Riboside Chloride (NR)":0.0119,"Zeaxanthin":0.0067,"Phosphorus":0.0131,"Astaxanthin (Natural)":0.0117,"Boron Glycinate":0.0228,"CaAKG":0.003,"Ashwagandha KSM66":0.0067,"Calcium L-5- Methyltetrahydrofolate (L-5-MTHF-Ca)":0.031,"Cocoa Powder (Non-Alkalised) 8+% Flavanols":0.0015,"Red Yeast Rice (2% Monacolin K)":0.0251,"Creatine Monohydrate":0.01,"Ginger":0.0211,"Glucosamine Sulfate KCI":0.0339,"Grape Seed Extract 90% polyphenols":0.0004,"Broccoli Extract (glucoraphanin 10%)":0.0094,"Glycine":0.0182,"Theanine":0.0331,"Lactobacillus Acidophilus":0.0193,"Lithium orotate":0.0005,"Pomegranate Juice Extract (50% Polyphenols)":0.0554,"Potassium Iodate":0.0225,"Rhodiola 3% Rosavins / Salidroside 1%":0.0353,"Selenium":0.0351,"Glutathione reduced":0.0152,"Lutein":0.0003,"Luteolin":0.0043,"Cinnamon powder (ceylon) organic":0.0058,"Sodium Hyaluronate":0.0045,"Spermidine":0.082,"Vitamin B1 (Thiamine HCl)":0.0143,"Vitamin B12 (Methylcobalamin)":0.0594,"Vitamin B2 (Riboflavin-5-Phosphate)":0.0221,"Vitamin B3 (Niacinamide)":0.0534,"Vitamin B5 (Calcium-D-Pantothenate)":0.0006,"Vitamin B6 (Pyridoxal-5- Phosphate)":0.0157,"Vitamin B7 (D-Biotin)":0.0163,"Vitamin C (Ascorbic Acid)":0.0075,"Vitamin D Veg D3":0.0234,"Vitamin E (d-alpha tocopherol)":0.011,"Vitamin K1":0.0697,"Vitamin K2 MK-7 MCT Oil":0.0025,"Vitamin K2 MK-4 MCT Oil":0.025,"Sunflower lecithin non-GMO":0.0366,"Phosphatidylcholine":0.0052,"Choline":0.0193,"Lycopene":0.0651,"Lysine":0.0052,"Taurine":0.0367,"Glucoraphanin":0.0336,"Ubiquinol":0.0082,"Zinc Citrate":0.0178,"Fiber":0.001,"Blueberries":0.0474,"Macadamia nuts":0.0865,"Walnuts":0.0075,"Omega 3":0.0101,"Omega 6":0.0536,"Calcium":0.0379,"EVOO polyphenols":0.0011,"Oleic acid":0.0025,"Protein (plant)":0.0037,"Copper":0.0016,"Caffeine":0.0222,"Magnesium Citrate":0.0534,"Manganese Citrate":0.0294,"Curcuminoids":0.0162,"Fisetin (smoketree extract)":0.0238,"Garlic extract 12:1 odorless":0.0387,"Genistein (Japonica extract)":0.0122,"Milled Golden Flaxseed":0.0003,"SDG lignan":0.0305,"Phosphatidylinositol":0.0214,"Phosphatidylethanolamine":0.0227}],"vo2_max":29.2769}
