{"personal_data":[{"age":59,"gender":"F","name":"Dax Auer"}],"fitness_data":[{"Backwards Sled, 2 min":3,"Posture exercises":2,"Tricep extensions":1,"Face pulls":3,"Butterfly":1,"Band pull apart (back muscles)":0,"Back extensions (on a hyperextension)":2,"Obliques (each side, on a hyperextension)":3,"StretchesKneeling shin_Kneeling shin_":2,"StretchesHip flexor_Hip flexor_":5,"StretchesCouch_Couch_":2,"Leg raises (for abdomen)":1,"Seated calf raises":1,"Poliquin step ups":1,"Slant board squats":4,"ATG Split squats":2,"Nordics":6,"Reverse Nordics":2,"Tibialis raises,":4,"IsoTib ankle rotations":4,"Pull ups":0,"Chin ups":2,"10 min HIIT":1}],"supplement_vars":[{"N-Acetyl-L-Cysteine (NAC)":0.0175,"N-Acetyl-L-Cysteine (NAC) 2":0.0006,"Nicotinamide Riboside Chloride (NR)":0.0171,"Zeaxanthin":0.0137,"Phosphorus":0.0132,"Astaxanthin (Natural)":0.0149,"Boron Glycinate":0.0218,"CaAKG":0.0123,"Ashwagandha KSM66":0.0033,"Calcium L-5- Methyltetrahydrofolate (L-5-MTHF-Ca)":0.0491,"Cocoa Powder (Non-Alkalised) 8+% Flavanols":0.0187,"Red Yeast Rice (2% Monacolin K)":0.0004,"Creatine Monohydrate":0.0355,"Ginger":0.0785,"Glucosamine Sulfate KCI":0.0345,"Grape Seed Extract 90% polyphenols":0.004,"Broccoli Extract (glucoraphanin 10%)":0.0175,"Glycine":0.0262,"Theanine":0.0174,"Lactobacillus Acidophilus":0.0875,"Lithium orotate":0.0059,"Pomegranate Juice Extract (50% Polyphenols)":0.0034,"Potassium Iodate":0.0385,"Rhodiola 3% Rosavins / Salidroside 1%":0.0041,"Selenium":0.0157,"Glutathione reduced":0.0167,"Lutein":0.0172,"Luteolin":0.0058,"Cinnamon powder (ceylon) organic":0.0222,"Sodium Hyaluronate":0.0037,"Spermidine":0.0048,"Vitamin B1 (Thiamine HCl)":0.0156,"Vitamin B12 (Methylcobalamin)":0.0268,"Vitamin B2 (Riboflavin-5-Phosphate)":0.0545,"Vitamin B3 (Niacinamide)":0.0279,"Vitamin B5 (Calcium-D-Pantothenate)":0.0078,"Vitamin B6 (Pyridoxal-5- Phosphate)":0.0067,"Vitamin B7 (D-Biotin)":0.0141,"Vitamin C (Ascorbic Acid)":0.0121,"Vitamin D Veg D3":0.0321,"Vitamin E (d-alpha tocopherol)":0.0006,"Vitamin K1":0.0093,"Vitamin K2 MK-7 MCT Oil":0.014,"Vitamin K2 MK-4 MCT Oil":0.0315,"Sunflower lecithin non-GMO":0.0382,"Phosphatidylcholine":0.0089,"Choline":0.0288,"Lycopene":0.0669,"Lysine":0.0115,"Taurine":0.0292,"Glucoraphanin":0.0148,"Ubiquinol":0.0037,"Zinc Citrate":0.0197,"Fiber":0.0029,"Blueberries":0.004,"Macadamia nuts":0.0533,"Walnuts":0.0038,"Omega 3":0.0344,"Omega 6":0.0019,"Calcium":0.0368,"EVOO polyphenols":0.0055,"Oleic acid":0.0209,"Protein (plant)":0.0024,"Copper":0.0063,"Caffeine":0.047,"Magnesium Citrate":0.0588,"Manganese Citrate":0.0077,"Curcuminoids":0.0422,"Fisetin (smoketree extract)":0.0318,"Garlic extract 12:1 odorless":0.0176,"Genistein (Japonica extract)":0.0124,"Milled Golden Flaxseed":0.0199,"SDG lignan":0.0559,"Phosphatidylinositol":0.0245,"Phosphatidylethanolamine":0.0466}],"vo2_max":26.4405}
