{"personal_data":[{"age":50,"gender":"F","name":"Trent Bahringer"}],"fitness_data":[{"Backwards Sled, 2 min":5,"Posture exercises":3,"Tricep extensions":4,"Face pulls":3,"Butterfly":0,"Band pull apart (back muscles)":2,"Back extensions (on a hyperextension)":1,"Obliques (each side, on a hyperextension)":2,"StretchesKneeling shin_Kneeling shin_":2,"StretchesHip flexor_Hip flexor_":0,"StretchesCouch_Couch_":1,"Leg raises (for abdomen)":2,"Seated calf raises":1,"Poliquin step ups":2,"Slant board squats":1,"ATG Split squats":2,"Nordics":3,"Reverse Nordics":4,"Tibialis raises,":2,"IsoTib ankle rotations":6,"Pull ups":1,"Chin ups":3,"10 min HIIT":4}],"supplement_vars":[{"N-Acetyl-L-Cysteine (NAC)":0.0131,"N-Acetyl-L-Cysteine (NAC) 2":0.0126,"Nicotinamide Riboside Chloride (NR)":0.0033,"Zeaxanthin":0.0105,"Phosphorus":0.0073,"Astaxanthin (Natural)":0.0148,"Boron Glycinate":0.0203,"CaAKG":0.0101,"Ashwagandha KSM66":0.003,"Calcium L-5- Methyltetrahydrofolate (L-5-MTHF-Ca)":0.0267,"Cocoa Powder (Non-Alkalised) 8+% Flavanols":0.0009,"Red Yeast Rice (2% Monacolin K)":0.0205,"Creatine Monohydrate":0.052,"Ginger":0.0031,"Glucosamine Sulfate KCI":0.0287,"Grape Seed Extract 90% polyphenols":0.0081,"Broccoli Extract (glucoraphanin 10%)":0.0302,"Glycine":0.0301,"Theanine":0.0014,"Lactobacillus Acidophilus":0.0132,"Lithium orotate":0.0091,"Pomegranate Juice Extract (50% Polyphenols)":0.0074,"Potassium Iodate":0.0067,"Rhodiola 3% Rosavins / Salidroside 1%":0.0111,"Selenium":0.006,"Glutathione reduced":0.0171,"Lutein":0.0141,"Luteolin":0.0048,"Cinnamon powder (ceylon) organic":0.0226,"Sodium Hyaluronate":0.0055,"Spermidine":0.0235,"Vitamin B1 (Thiamine HCl)":0.0115,"Vitamin B12 (Methylcobalamin)":0.0452,"Vitamin B2 (Riboflavin-5-Phosphate)":0.0412,"Vitamin B3 (Niacinamide)":0.0673,"Vitamin B5 (Calcium-D-Pantothenate)":0.0136,"Vitamin B6 (Pyridoxal-5- Phosphate)":0.0073,"Vitamin B7 (D-Biotin)":0.0016,"Vitamin C (Ascorbic Acid)":0.0084,"Vitamin D Veg D3":0.041,"Vitamin E (d-alpha tocopherol)":0.0273,"Vitamin K1":0.0558,"Vitamin K2 MK-7 MCT Oil":0.0172,"Vitamin K2 MK-4 MCT Oil":0.0236,"Sunflower lecithin non-GMO":0.0362,"Phosphatidylcholine":0.0272,"Choline":0.0297,"Lycopene":0.0226,"Lysine":0.0063,"Taurine":0.0078,"Glucoraphanin":0.0077,"Ubiquinol":0.0061,"Zinc Citrate":0.0029,"Fiber":0.0046,"Blueberries":0.0059,"Macadamia nuts":0.0055,"Walnuts":0.036,"Omega 3":0.0468,"Omega 6":0.0502,"Calcium":0.0345,"EVOO polyphenols":0.0052,"Oleic acid":0.0037,"Protein (plant)":0.0025,"Copper":0.0018,"Caffeine":0.0144,"Magnesium Citrate":0.0575,"Manganese Citrate":0.0703,"Curcuminoids":0.0334,"Fisetin (smoketree extract)":0.0309,"Garlic extract 12:1 odorless":0.0108,"Genistein (Japonica extract)":0.0139,"Milled Golden Flaxseed":0.0318,"SDG lignan":0.023,"Phosphatidylinositol":0.0211,"Phosphatidylethanolamine":0.0378}],"vo2_max":24.5335}
