{"personal_data":[{"age":25,"gender":"F","name":"Andre Stanton"}],"fitness_data":[{"Backwards Sled, 2 min":5,"Posture exercises":5,"Tricep extensions":2,"Face pulls":4,"Butterfly":5,"Band pull apart (back muscles)":4,"Back extensions (on a hyperextension)":1,"Obliques (each side, on a hyperextension)":3,"StretchesKneeling shin_Kneeling shin_":5,"StretchesHip flexor_Hip flexor_":3,"StretchesCouch_Couch_":0,"Leg raises (for abdomen)":1,"Seated calf raises":2,"Poliquin step ups":1,"Slant board squats":4,"ATG Split squats":1,"Nordics":4,"Reverse Nordics":1,"Tibialis raises,":3,"IsoTib ankle rotations":1,"Pull ups":2,"Chin ups":3,"10 min HIIT":2}],"supplement_vars":[{"N-Acetyl-L-Cysteine (NAC)":0.0062,"N-Acetyl-L-Cysteine (NAC) 2":0.0094,"Nicotinamide Riboside Chloride (NR)":0.0007,"Zeaxanthin":0.0077,"Phosphorus":0.036,"Astaxanthin (Natural)":0.0229,"Boron Glycinate":0.0007,"CaAKG":0.0023,"Ashwagandha KSM66":0.0076,"Calcium L-5- Methyltetrahydrofolate (L-5-MTHF-Ca)":0.0043,"Cocoa Powder (Non-Alkalised) 8+% Flavanols":0.0027,"Red Yeast Rice (2% Monacolin K)":0.0209,"Creatine Monohydrate":0.0141,"Ginger":0.0862,"Glucosamine Sulfate KCI":0.0274,"Grape Seed Extract 90% polyphenols":0.0059,"Broccoli Extract (glucoraphanin 10%)":0.0025,"Glycine":0.0238,"Theanine":0.0396,"Lactobacillus Acidophilus":0.0783,"Lithium orotate":0.0045,"Pomegranate Juice Extract (50% Polyphenols)":0.006,"Potassium Iodate":0.0092,"Rhodiola 3% Rosavins / Salidroside 1%":0.0143,"Selenium":0.0249,"Glutathione reduced":0.0411,"Lutein":0.0222,"Luteolin":0.0064,"Cinnamon powder (ceylon) organic":0.002,"Sodium Hyaluronate":0.0047,"Spermidine":0.0012,"Vitamin B1 (Thiamine HCl)":0.0017,"Vitamin B12 (Methylcobalamin)":0.0373,"Vitamin B2 (Riboflavin-5-Phosphate)":0.0435,"Vitamin B3 (Niacinamide)":0.0681,"Vitamin B5 (Calcium-D-Pantothenate)":0.0167,"Vitamin B6 (Pyridoxal-5- Phosphate)":0.0045,"Vitamin B7 (D-Biotin)":0.0194,"Vitamin C (Ascorbic Acid)":0.0095,"Vitamin D Veg D3":0.0054,"Vitamin E (d-alpha tocopherol)":0.0343,"Vitamin K1":0.0235,"Vitamin K2 MK-7 MCT Oil":0.0229,"Vitamin K2 MK-4 MCT Oil":0.016,"Sunflower lecithin non-GMO":0.0167,"Phosphatidylcholine":0.0018,"Choline":0.0097,"Lycopene":0.0692,"Lysine":0.004,"Taurine":0.0357,"Glucoraphanin":0.0064,"Ubiquinol":0.0066,"Zinc Citrate":0.0101,"Fiber":0.0039,"Blueberries":0.0455,"Macadamia nuts":0.0303,"Walnuts":0.0531,"Omega 3":0.0147,"Omega 6":0.0662,"Calcium":0.0139,"EVOO polyphenols":0.0057,"Oleic acid":0.0245,"Protein (plant)":0.0027,"Copper":0.0098,"Caffeine":0.0129,"Magnesium Citrate":0.0589,"Manganese Citrate":0.0067,"Curcuminoids":0.0153,"Fisetin (smoketree extract)":0.0083,"Garlic extract 12:1 odorless":0.0398,"Genistein (Japonica extract)":0.0071,"Milled Golden Flaxseed":0.0091,"SDG lignan":0.0338,"Phosphatidylinositol":0.0206,"Phosphatidylethanolamine":0.034}],"vo2_max":33.2822}
