{"personal_data":[{"age":26,"gender":"F"}],"fitness_data":[{"Backwards Sled, 2 min":3,"Posture exercises":4,"Tricep extensions":0,"Face pulls":3,"Butterfly":4,"Band pull apart (back muscles)":3,"Back extensions (on a hyperextension)":2,"Obliques (each side, on a hyperextension)":3,"StretchesKneeling shin_Kneeling shin_":3,"StretchesHip flexor_Hip flexor_":1,"StretchesCouch_Couch_":1,"Leg raises (for abdomen)":1,"Seated calf raises":1,"Poliquin step ups":1,"Slant board squats":6,"ATG Split squats":5,"Nordics":5,"Reverse Nordics":4,"Tibialis raises,":4,"IsoTib ankle rotations":5,"Pull ups":4,"Chin ups":2,"10 min HIIT":1}],"supplement_vars":[{"N-Acetyl-L-Cysteine (NAC)":0.0102,"N-Acetyl-L-Cysteine (NAC) 2":0.0099,"Nicotinamide Riboside Chloride (NR)":0.0007,"Zeaxanthin":0.0051,"Phosphorus":0.0195,"Astaxanthin (Natural)":0.0165,"Boron Glycinate":0.0342,"CaAKG":0.011,"Ashwagandha KSM66":0.0071,"Calcium L-5- Methyltetrahydrofolate (L-5-MTHF-Ca)":0.0107,"Cocoa Powder (Non-Alkalised) 8+% Flavanols":0.0011,"Red Yeast Rice (2% Monacolin K)":0.0071,"Creatine Monohydrate":0.012,"Ginger":0.0497,"Glucosamine Sulfate KCI":0.0552,"Grape Seed Extract 90% polyphenols":0.0116,"Broccoli Extract (glucoraphanin 10%)":0.0338,"Glycine":0.0086,"Theanine":0.031,"Lactobacillus Acidophilus":0.0718,"Lithium orotate":0.0073,"Pomegranate Juice Extract (50% Polyphenols)":0.0291,"Potassium Iodate":0.0104,"Rhodiola 3% Rosavins / Salidroside 1%":0.0578,"Selenium":0.0178,"Glutathione reduced":0.0157,"Lutein":0.0111,"Luteolin":0.0058,"Cinnamon powder (ceylon) organic":0.02,"Sodium Hyaluronate":0.0078,"Spermidine":0.0824,"Vitamin B1 (Thiamine HCl)":0.0025,"Vitamin B12 (Methylcobalamin)":0.0401,"Vitamin B2 (Riboflavin-5-Phosphate)":0.0644,"Vitamin B3 (Niacinamide)":0.0448,"Vitamin B5 (Calcium-D-Pantothenate)":0.0046,"Vitamin B6 (Pyridoxal-5- Phosphate)":0.0081,"Vitamin B7 (D-Biotin)":0.0193,"Vitamin C (Ascorbic Acid)":0.003,"Vitamin D Veg D3":0.0296,"Vitamin E (d-alpha tocopherol)":0.04,"Vitamin K1":0.0142,"Vitamin K2 MK-7 MCT Oil":0.0222,"Vitamin K2 MK-4 MCT Oil":0.0236,"Sunflower lecithin non-GMO":0.0172,"Phosphatidylcholine":0.0143,"Choline":0.0513,"Lycopene":0.0135,"Lysine":0.0117,"Taurine":0.0406,"Glucoraphanin":0.0084,"Ubiquinol":0.007,"Zinc Citrate":0.0114,"Fiber":0.0055,"Blueberries":0.0346,"Macadamia nuts":0.0482,"Walnuts":0.0577,"Omega 3":0.0011,"Omega 6":0.0661,"Calcium":0.0638,"EVOO polyphenols":0.0018,"Oleic acid":0.0075,"Protein (plant)":0.0023,"Copper":0.0184,"Caffeine":0.0558,"Magnesium Citrate":0.0295,"Manganese Citrate":0.0567,"Curcuminoids":0.0265,"Fisetin (smoketree extract)":0.0286,"Garlic extract 12:1 odorless":0.0298,"Genistein (Japonica extract)":0.0135,"Milled Golden Flaxseed":0.0045,"SDG lignan":0.0404,"Phosphatidylinositol":0.002,"Phosphatidylethanolamine":0.0147}],"vo2_max":37.652}
