{"personal_data":[{"age":77,"gender":"F","name":"Dr. Nevin Walsh"}],"fitness_data":[{"Backwards Sled, 2 min":0,"Posture exercises":5,"Tricep extensions":1,"Face pulls":2,"Butterfly":3,"Band pull apart (back muscles)":2,"Back extensions (on a hyperextension)":2,"Obliques (each side, on a hyperextension)":0,"StretchesKneeling shin_Kneeling shin_":0,"StretchesHip flexor_Hip flexor_":3,"StretchesCouch_Couch_":1,"Leg raises (for abdomen)":1,"Seated calf raises":2,"Poliquin step ups":1,"Slant board squats":2,"ATG Split squats":3,"Nordics":1,"Reverse Nordics":2,"Tibialis raises,":5,"IsoTib ankle rotations":2,"Pull ups":2,"Chin ups":4,"10 min HIIT":3}],"supplement_vars":[{"N-Acetyl-L-Cysteine (NAC)":0.0084,"N-Acetyl-L-Cysteine (NAC) 2":0.0028,"Nicotinamide Riboside Chloride (NR)":0.0173,"Zeaxanthin":0.0072,"Phosphorus":0.0014,"Astaxanthin (Natural)":0.0191,"Boron Glycinate":0.0345,"CaAKG":0.0125,"Ashwagandha KSM66":0.0001,"Calcium L-5- Methyltetrahydrofolate (L-5-MTHF-Ca)":0.0545,"Cocoa Powder (Non-Alkalised) 8+% Flavanols":0.0173,"Red Yeast Rice (2% Monacolin K)":0.0189,"Creatine Monohydrate":0.0402,"Ginger":0.0181,"Glucosamine Sulfate KCI":0.0557,"Grape Seed Extract 90% polyphenols":0.0036,"Broccoli Extract (glucoraphanin 10%)":0.0142,"Glycine":0.0212,"Theanine":0.0023,"Lactobacillus Acidophilus":0.0272,"Lithium orotate":0.0052,"Pomegranate Juice Extract (50% Polyphenols)":0.0183,"Potassium Iodate":0.0012,"Rhodiola 3% Rosavins / Salidroside 1%":0.0059,"Selenium":0.01,"Glutathione reduced":0.0074,"Lutein":0.003,"Luteolin":0.0032,"Cinnamon powder (ceylon) organic":0.0198,"Sodium Hyaluronate":0.0056,"Spermidine":0.0232,"Vitamin B1 (Thiamine HCl)":0.0043,"Vitamin B12 (Methylcobalamin)":0.025,"Vitamin B2 (Riboflavin-5-Phosphate)":0.0577,"Vitamin B3 (Niacinamide)":0.0602,"Vitamin B5 (Calcium-D-Pantothenate)":0.021,"Vitamin B6 (Pyridoxal-5- Phosphate)":0.038,"Vitamin B7 (D-Biotin)":0.0127,"Vitamin C (Ascorbic Acid)":0.0042,"Vitamin D Veg D3":0.0214,"Vitamin E (d-alpha tocopherol)":0.0037,"Vitamin K1":0.0693,"Vitamin K2 MK-7 MCT Oil":0.003,"Vitamin K2 MK-4 MCT Oil":0.0119,"Sunflower lecithin non-GMO":0.0186,"Phosphatidylcholine":0.0007,"Choline":0.0535,"Lycopene":0.0177,"Lysine":0.004,"Taurine":0.0279,"Glucoraphanin":0.0031,"Ubiquinol":0.0114,"Zinc Citrate":0.0254,"Fiber":0.0006,"Blueberries":0.0598,"Macadamia nuts":0.0717,"Walnuts":0.0217,"Omega 3":0.0154,"Omega 6":0.0492,"Calcium":0.0469,"EVOO polyphenols":0.002,"Oleic acid":0.0201,"Protein (plant)":0.0011,"Copper":0.0167,"Caffeine":0.0572,"Magnesium Citrate":0.002,"Manganese Citrate":0.0537,"Curcuminoids":0.0234,"Fisetin (smoketree extract)":0.0253,"Garlic extract 12:1 odorless":0.0374,"Genistein (Japonica extract)":0.0065,"Milled Golden Flaxseed":0.0116,"SDG lignan":0.04,"Phosphatidylinositol":0.0102,"Phosphatidylethanolamine":0.0153}],"vo2_max":17.334}
