{"personal_data":[{"age":41,"gender":"M","name":"Dr. Tremayne Beatty II"}],"fitness_data":[{"Backwards Sled, 2 min":0,"Posture exercises":4,"Tricep extensions":3,"Face pulls":0,"Butterfly":1,"Band pull apart (back muscles)":4,"Back extensions (on a hyperextension)":4,"Obliques (each side, on a hyperextension)":3,"StretchesKneeling shin_Kneeling shin_":4,"StretchesHip flexor_Hip flexor_":3,"StretchesCouch_Couch_":2,"Leg raises (for abdomen)":2,"Seated calf raises":3,"Poliquin step ups":2,"Slant board squats":6,"ATG Split squats":2,"Nordics":1,"Reverse Nordics":4,"Tibialis raises,":4,"IsoTib ankle rotations":3,"Pull ups":3,"Chin ups":2,"10 min HIIT":4}],"supplement_vars":[{"N-Acetyl-L-Cysteine (NAC)":0.0119,"N-Acetyl-L-Cysteine (NAC) 2":0.0185,"Nicotinamide Riboside Chloride (NR)":0.0066,"Zeaxanthin":0.0008,"Phosphorus":0.0329,"Astaxanthin (Natural)":0.0133,"Boron Glycinate":0.0203,"CaAKG":0.0049,"Ashwagandha KSM66":0.0007,"Calcium L-5- Methyltetrahydrofolate (L-5-MTHF-Ca)":0.0456,"Cocoa Powder (Non-Alkalised) 8+% Flavanols":0.0151,"Red Yeast Rice (2% Monacolin K)":0.0235,"Creatine Monohydrate":0.0202,"Ginger":0.0602,"Glucosamine Sulfate KCI":0.0332,"Grape Seed Extract 90% polyphenols":0.0033,"Broccoli Extract (glucoraphanin 10%)":0.0042,"Glycine":0.0031,"Theanine":0.0398,"Lactobacillus Acidophilus":0.0829,"Lithium orotate":0.0095,"Pomegranate Juice Extract (50% Polyphenols)":0.0195,"Potassium Iodate":0.0156,"Rhodiola 3% Rosavins / Salidroside 1%":0.0193,"Selenium":0.0064,"Glutathione reduced":0.0422,"Lutein":0.0022,"Luteolin":0.001,"Cinnamon powder (ceylon) organic":0.0237,"Sodium Hyaluronate":0.0007,"Spermidine":0.0225,"Vitamin B1 (Thiamine HCl)":0.0123,"Vitamin B12 (Methylcobalamin)":0.0023,"Vitamin B2 (Riboflavin-5-Phosphate)":0.004,"Vitamin B3 (Niacinamide)":0.0354,"Vitamin B5 (Calcium-D-Pantothenate)":0.0045,"Vitamin B6 (Pyridoxal-5- Phosphate)":0.0284,"Vitamin B7 (D-Biotin)":0.0265,"Vitamin C (Ascorbic Acid)":0.0027,"Vitamin D Veg D3":0.0448,"Vitamin E (d-alpha tocopherol)":0.0174,"Vitamin K1":0.0332,"Vitamin K2 MK-7 MCT Oil":0.0175,"Vitamin K2 MK-4 MCT Oil":0.0014,"Sunflower lecithin non-GMO":0.0012,"Phosphatidylcholine":0.0098,"Choline":0.0123,"Lycopene":0.042,"Lysine":0.0036,"Taurine":0.0245,"Glucoraphanin":0.0062,"Ubiquinol":0.0091,"Zinc Citrate":0.0284,"Fiber":0.0056,"Blueberries":0.0049,"Macadamia nuts":0.0756,"Walnuts":0.0461,"Omega 3":0.0351,"Omega 6":0.0017,"Calcium":0.0552,"EVOO polyphenols":0.0057,"Oleic acid":0.0344,"Protein (plant)":0.001,"Copper":0.0201,"Caffeine":0.0613,"Magnesium Citrate":0.0528,"Manganese Citrate":0.0905,"Curcuminoids":0.0341,"Fisetin (smoketree extract)":0.0261,"Garlic extract 12:1 odorless":0.0188,"Genistein (Japonica extract)":0.0085,"Milled Golden Flaxseed":0.0241,"SDG lignan":0.0515,"Phosphatidylinositol":0.0245,"Phosphatidylethanolamine":0.0308}],"vo2_max":29.4653}
