{"personal_data":[{"age":65,"gender":"F","name":"Alisha Harris-Bauch"}],"fitness_data":[{"Backwards Sled, 2 min":4,"Posture exercises":5,"Tricep extensions":4,"Face pulls":3,"Butterfly":2,"Band pull apart (back muscles)":4,"Back extensions (on a hyperextension)":3,"Obliques (each side, on a hyperextension)":0,"StretchesKneeling shin_Kneeling shin_":3,"StretchesHip flexor_Hip flexor_":3,"StretchesCouch_Couch_":1,"Leg raises (for abdomen)":0,"Seated calf raises":0,"Poliquin step ups":2,"Slant board squats":7,"ATG Split squats":6,"Nordics":2,"Reverse Nordics":1,"Tibialis raises,":4,"IsoTib ankle rotations":3,"Pull ups":1,"Chin ups":1,"10 min HIIT":3}],"supplement_vars":[{"N-Acetyl-L-Cysteine (NAC)":0.0044,"N-Acetyl-L-Cysteine (NAC) 2":0.0118,"Nicotinamide Riboside Chloride (NR)":0.0156,"Zeaxanthin":0.013,"Phosphorus":0.0383,"Astaxanthin (Natural)":0.0103,"Boron Glycinate":0.0073,"CaAKG":0.0062,"Ashwagandha KSM66":0.0056,"Calcium L-5- Methyltetrahydrofolate (L-5-MTHF-Ca)":0.0238,"Cocoa Powder (Non-Alkalised) 8+% Flavanols":0.001,"Red Yeast Rice (2% Monacolin K)":0.031,"Creatine Monohydrate":0.0029,"Ginger":0.0156,"Glucosamine Sulfate KCI":0.0701,"Grape Seed Extract 90% polyphenols":0.0017,"Broccoli Extract (glucoraphanin 10%)":0.0018,"Glycine":0.019,"Theanine":0.0326,"Lactobacillus Acidophilus":0.0556,"Lithium orotate":0.0012,"Pomegranate Juice Extract (50% Polyphenols)":0.0472,"Potassium Iodate":0.0263,"Rhodiola 3% Rosavins / Salidroside 1%":0.0609,"Selenium":0.0022,"Glutathione reduced":0.0287,"Lutein":0.0174,"Luteolin":0.0089,"Cinnamon powder (ceylon) organic":0.0079,"Sodium Hyaluronate":0.0106,"Spermidine":0.0791,"Vitamin B1 (Thiamine HCl)":0.0045,"Vitamin B12 (Methylcobalamin)":0.0512,"Vitamin B2 (Riboflavin-5-Phosphate)":0.0623,"Vitamin B3 (Niacinamide)":0.0313,"Vitamin B5 (Calcium-D-Pantothenate)":0.0117,"Vitamin B6 (Pyridoxal-5- Phosphate)":0.0486,"Vitamin B7 (D-Biotin)":0.0046,"Vitamin C (Ascorbic Acid)":0.0034,"Vitamin D Veg D3":0.0289,"Vitamin E (d-alpha tocopherol)":0.0238,"Vitamin K1":0.0615,"Vitamin K2 MK-7 MCT Oil":0.0199,"Vitamin K2 MK-4 MCT Oil":0.0224,"Sunflower lecithin non-GMO":0.0319,"Phosphatidylcholine":0.0045,"Choline":0.0002,"Lycopene":0.0226,"Lysine":0.0049,"Taurine":0.0406,"Glucoraphanin":0.0111,"Ubiquinol":0.0056,"Zinc Citrate":0.0278,"Fiber":0.0013,"Blueberries":0.064,"Macadamia nuts":0.026,"Walnuts":0.0709,"Omega 3":0.0358,"Omega 6":0.0187,"Calcium":0.0047,"EVOO polyphenols":0.0036,"Oleic acid":0.0014,"Protein (plant)":0.0034,"Copper":0.0183,"Caffeine":0.0516,"Magnesium Citrate":0.023,"Manganese Citrate":0.0124,"Curcuminoids":0.0271,"Fisetin (smoketree extract)":0.0245,"Garlic extract 12:1 odorless":0.0147,"Genistein (Japonica extract)":0.0077,"Milled Golden Flaxseed":0.0186,"SDG lignan":0.0483,"Phosphatidylinositol":0.0049,"Phosphatidylethanolamine":0.0399}],"vo2_max":25.1281}
