{"personal_data":[{"age":29,"gender":"M"}],"fitness_data":[{"Backwards Sled, 2 min":4,"Posture exercises":2,"Tricep extensions":1,"Face pulls":4,"Butterfly":2,"Band pull apart (back muscles)":2,"Back extensions (on a hyperextension)":3,"Obliques (each side, on a hyperextension)":0,"StretchesKneeling shin_Kneeling shin_":3,"StretchesHip flexor_Hip flexor_":1,"StretchesCouch_Couch_":1,"Leg raises (for abdomen)":2,"Seated calf raises":2,"Poliquin step ups":1,"Slant board squats":1,"ATG Split squats":4,"Nordics":3,"Reverse Nordics":1,"Tibialis raises,":1,"IsoTib ankle rotations":1,"Pull ups":1,"Chin ups":0,"10 min HIIT":4}],"supplement_vars":[{"N-Acetyl-L-Cysteine (NAC)":0.0135,"N-Acetyl-L-Cysteine (NAC) 2":0.0203,"Nicotinamide Riboside Chloride (NR)":0.0182,"Zeaxanthin":0.0127,"Phosphorus":0.0124,"Astaxanthin (Natural)":0.0238,"Boron Glycinate":0.0298,"CaAKG":0.0045,"Ashwagandha KSM66":0.004,"Calcium L-5- Methyltetrahydrofolate (L-5-MTHF-Ca)":0.0444,"Cocoa Powder (Non-Alkalised) 8+% Flavanols":0.0132,"Red Yeast Rice (2% Monacolin K)":0.0089,"Creatine Monohydrate":0.04,"Ginger":0.0244,"Glucosamine Sulfate KCI":0.0087,"Grape Seed Extract 90% polyphenols":0.0029,"Broccoli Extract (glucoraphanin 10%)":0.0077,"Glycine":0.0003,"Theanine":0.0044,"Lactobacillus Acidophilus":0.0556,"Lithium orotate":0.007,"Pomegranate Juice Extract (50% Polyphenols)":0.0351,"Potassium Iodate":0.0358,"Rhodiola 3% Rosavins / Salidroside 1%":0.0079,"Selenium":0.0396,"Glutathione reduced":0.01,"Lutein":0.017,"Luteolin":0.0021,"Cinnamon powder (ceylon) organic":0.0104,"Sodium Hyaluronate":0.007,"Spermidine":0.0721,"Vitamin B1 (Thiamine HCl)":0.0034,"Vitamin B12 (Methylcobalamin)":0.0292,"Vitamin B2 (Riboflavin-5-Phosphate)":0.0076,"Vitamin B3 (Niacinamide)":0.0675,"Vitamin B5 (Calcium-D-Pantothenate)":0.0042,"Vitamin B6 (Pyridoxal-5- Phosphate)":0.0386,"Vitamin B7 (D-Biotin)":0.0175,"Vitamin C (Ascorbic Acid)":0.0072,"Vitamin D Veg D3":0.0245,"Vitamin E (d-alpha tocopherol)":0.0349,"Vitamin K1":0.0163,"Vitamin K2 MK-7 MCT Oil":0.0242,"Vitamin K2 MK-4 MCT Oil":0.0085,"Sunflower lecithin non-GMO":0.0304,"Phosphatidylcholine":0.0228,"Choline":0.057,"Lycopene":0.0372,"Lysine":0.0098,"Taurine":0.0194,"Glucoraphanin":0.0212,"Ubiquinol":0.0122,"Zinc Citrate":0.014,"Fiber":0.0032,"Blueberries":0.0709,"Macadamia nuts":0.0888,"Walnuts":0.0704,"Omega 3":0.018,"Omega 6":0.0201,"Calcium":0.0512,"EVOO polyphenols":0.0054,"Oleic acid":0.035,"Protein (plant)":0.0029,"Copper":0.0015,"Caffeine":0.0634,"Magnesium Citrate":0.0299,"Manganese Citrate":0.0294,"Curcuminoids":0.0256,"Fisetin (smoketree extract)":0.0306,"Garlic extract 12:1 odorless":0.0411,"Genistein (Japonica extract)":0.0031,"Milled Golden Flaxseed":0.012,"SDG lignan":0.0547,"Phosphatidylinositol":0.0154,"Phosphatidylethanolamine":0.0352}],"vo2_max":35.0426}
