{"personal_data":[{"age":31,"gender":"F","name":"Spenser Schneider"}],"fitness_data":[{"Backwards Sled, 2 min":2,"Posture exercises":5,"Tricep extensions":1,"Face pulls":1,"Butterfly":3,"Band pull apart (back muscles)":0,"Back extensions (on a hyperextension)":3,"Obliques (each side, on a hyperextension)":0,"StretchesKneeling shin_Kneeling shin_":3,"StretchesHip flexor_Hip flexor_":1,"StretchesCouch_Couch_":1,"Leg raises (for abdomen)":3,"Seated calf raises":3,"Poliquin step ups":0,"Slant board squats":1,"ATG Split squats":5,"Nordics":4,"Reverse Nordics":1,"Tibialis raises,":4,"IsoTib ankle rotations":5,"Pull ups":2,"Chin ups":3,"10 min HIIT":2}],"supplement_vars":[{"N-Acetyl-L-Cysteine (NAC)":0.0008,"N-Acetyl-L-Cysteine (NAC) 2":0.0061,"Nicotinamide Riboside Chloride (NR)":0.0124,"Zeaxanthin":0.0007,"Phosphorus":0.0123,"Astaxanthin (Natural)":0.0135,"Boron Glycinate":0.0401,"CaAKG":0.0013,"Ashwagandha KSM66":0.0073,"Calcium L-5- Methyltetrahydrofolate (L-5-MTHF-Ca)":0.0016,"Cocoa Powder (Non-Alkalised) 8+% Flavanols":0.0064,"Red Yeast Rice (2% Monacolin K)":0.0171,"Creatine Monohydrate":0.064,"Ginger":0.0751,"Glucosamine Sulfate KCI":0.0541,"Grape Seed Extract 90% polyphenols":0.0117,"Broccoli Extract (glucoraphanin 10%)":0.0091,"Glycine":0.0093,"Theanine":0.0275,"Lactobacillus Acidophilus":0.0433,"Lithium orotate":0.0004,"Pomegranate Juice Extract (50% Polyphenols)":0.0241,"Potassium Iodate":0.0292,"Rhodiola 3% Rosavins / Salidroside 1%":0.033,"Selenium":0.0019,"Glutathione reduced":0.0177,"Lutein":0.0228,"Luteolin":0.0004,"Cinnamon powder (ceylon) organic":0.0222,"Sodium Hyaluronate":0.0018,"Spermidine":0.0023,"Vitamin B1 (Thiamine HCl)":0.012,"Vitamin B12 (Methylcobalamin)":0.0834,"Vitamin B2 (Riboflavin-5-Phosphate)":0.0323,"Vitamin B3 (Niacinamide)":0.0192,"Vitamin B5 (Calcium-D-Pantothenate)":0.0158,"Vitamin B6 (Pyridoxal-5- Phosphate)":0.0045,"Vitamin B7 (D-Biotin)":0.0261,"Vitamin C (Ascorbic Acid)":0.0083,"Vitamin D Veg D3":0.0285,"Vitamin E (d-alpha tocopherol)":0.0009,"Vitamin K1":0.0324,"Vitamin K2 MK-7 MCT Oil":0.028,"Vitamin K2 MK-4 MCT Oil":0.0157,"Sunflower lecithin non-GMO":0.0106,"Phosphatidylcholine":0.0329,"Choline":0.0341,"Lycopene":0.067,"Lysine":0.0083,"Taurine":0.0426,"Glucoraphanin":0.002,"Ubiquinol":0.0109,"Zinc Citrate":0.0293,"Fiber":0.0009,"Blueberries":0.0127,"Macadamia nuts":0.0481,"Walnuts":0.0027,"Omega 3":0.0153,"Omega 6":0.0406,"Calcium":0.0238,"EVOO polyphenols":0.0041,"Oleic acid":0.0345,"Protein (plant)":0.0039,"Copper":0.0011,"Caffeine":0.0378,"Magnesium Citrate":0.0074,"Manganese Citrate":0.0342,"Curcuminoids":0.0326,"Fisetin (smoketree extract)":0.0102,"Garlic extract 12:1 odorless":0.0049,"Genistein (Japonica extract)":0.01,"Milled Golden Flaxseed":0.0327,"SDG lignan":0.0327,"Phosphatidylinositol":0.0001,"Phosphatidylethanolamine":0.0293}],"vo2_max":34.3967}
