{"personal_data":[{"age":22,"gender":"F","name":"Dr. Toney Cole Sr."}],"fitness_data":[{"Backwards Sled, 2 min":1,"Posture exercises":4,"Tricep extensions":3,"Face pulls":3,"Butterfly":4,"Band pull apart (back muscles)":2,"Back extensions (on a hyperextension)":1,"Obliques (each side, on a hyperextension)":2,"StretchesKneeling shin_Kneeling shin_":3,"StretchesHip flexor_Hip flexor_":4,"StretchesCouch_Couch_":0,"Leg raises (for abdomen)":2,"Seated calf raises":4,"Poliquin step ups":2,"Slant board squats":1,"ATG Split squats":3,"Nordics":5,"Reverse Nordics":2,"Tibialis raises,":0,"IsoTib ankle rotations":4,"Pull ups":3,"Chin ups":3,"10 min HIIT":3}],"supplement_vars":[{"N-Acetyl-L-Cysteine (NAC)":0.0031,"N-Acetyl-L-Cysteine (NAC) 2":0.0024,"Nicotinamide Riboside Chloride (NR)":0.0081,"Zeaxanthin":0.0028,"Phosphorus":0.0059,"Astaxanthin (Natural)":0.0223,"Boron Glycinate":0.0155,"CaAKG":0.0091,"Ashwagandha KSM66":0.0025,"Calcium L-5- Methyltetrahydrofolate (L-5-MTHF-Ca)":0.0055,"Cocoa Powder (Non-Alkalised) 8+% Flavanols":0.0038,"Red Yeast Rice (2% Monacolin K)":0.0036,"Creatine Monohydrate":0.0383,"Ginger":0.063,"Glucosamine Sulfate KCI":0.0596,"Grape Seed Extract 90% polyphenols":0.0057,"Broccoli Extract (glucoraphanin 10%)":0.0131,"Glycine":0.0113,"Theanine":0.0096,"Lactobacillus Acidophilus":0.0309,"Lithium orotate":0.0004,"Pomegranate Juice Extract (50% Polyphenols)":0.0435,"Potassium Iodate":0.0452,"Rhodiola 3% Rosavins / Salidroside 1%":0.0367,"Selenium":0.0203,"Glutathione reduced":0.032,"Lutein":0.0161,"Luteolin":0.0073,"Cinnamon powder (ceylon) organic":0.0014,"Sodium Hyaluronate":0.0105,"Spermidine":0.0253,"Vitamin B1 (Thiamine HCl)":0.0089,"Vitamin B12 (Methylcobalamin)":0.0209,"Vitamin B2 (Riboflavin-5-Phosphate)":0.0337,"Vitamin B3 (Niacinamide)":0.053,"Vitamin B5 (Calcium-D-Pantothenate)":0.0037,"Vitamin B6 (Pyridoxal-5- Phosphate)":0.0149,"Vitamin B7 (D-Biotin)":0.0261,"Vitamin C (Ascorbic Acid)":0.0048,"Vitamin D Veg D3":0.0185,"Vitamin E (d-alpha tocopherol)":0.033,"Vitamin K1":0.0501,"Vitamin K2 MK-7 MCT Oil":0.0055,"Vitamin K2 MK-4 MCT Oil":0.0183,"Sunflower lecithin non-GMO":0.0012,"Phosphatidylcholine":0.0199,"Choline":0.0107,"Lycopene":0.0466,"Lysine":0.0006,"Taurine":0.0328,"Glucoraphanin":0.008,"Ubiquinol":0.0117,"Zinc Citrate":0.0196,"Fiber":0.0038,"Blueberries":0.009,"Macadamia nuts":0.0088,"Walnuts":0.0501,"Omega 3":0.0262,"Omega 6":0.0157,"Calcium":0.0156,"EVOO polyphenols":0.0057,"Oleic acid":0.0236,"Protein (plant)":0.0017,"Copper":0.0175,"Caffeine":0.0336,"Magnesium Citrate":0.029,"Manganese Citrate":0.0696,"Curcuminoids":0.0378,"Fisetin (smoketree extract)":0.0222,"Garlic extract 12:1 odorless":0.0369,"Genistein (Japonica extract)":0.0179,"Milled Golden Flaxseed":0.0203,"SDG lignan":0.0405,"Phosphatidylinositol":0.0188,"Phosphatidylethanolamine":0.0136}],"vo2_max":33.5525}
