{"personal_data":[{"age":31,"gender":"M","name":"Zebulon Carroll PhD"}],"fitness_data":[{"Backwards Sled, 2 min":1,"Posture exercises":0,"Tricep extensions":2,"Face pulls":2,"Butterfly":4,"Band pull apart (back muscles)":4,"Back extensions (on a hyperextension)":2,"Obliques (each side, on a hyperextension)":3,"StretchesKneeling shin_Kneeling shin_":2,"StretchesHip flexor_Hip flexor_":6,"StretchesCouch_Couch_":0,"Leg raises (for abdomen)":3,"Seated calf raises":2,"Poliquin step ups":1,"Slant board squats":6,"ATG Split squats":1,"Nordics":3,"Reverse Nordics":3,"Tibialis raises,":2,"IsoTib ankle rotations":3,"Pull ups":3,"Chin ups":1,"10 min HIIT":1}],"supplement_vars":[{"N-Acetyl-L-Cysteine (NAC)":0.0138,"N-Acetyl-L-Cysteine (NAC) 2":0.0197,"Nicotinamide Riboside Chloride (NR)":0.0154,"Zeaxanthin":0.0132,"Phosphorus":0.0317,"Astaxanthin (Natural)":0.0074,"Boron Glycinate":0.0028,"CaAKG":0.007,"Ashwagandha KSM66":0.0038,"Calcium L-5- Methyltetrahydrofolate (L-5-MTHF-Ca)":0.051,"Cocoa Powder (Non-Alkalised) 8+% Flavanols":0.02,"Red Yeast Rice (2% Monacolin K)":0.0161,"Creatine Monohydrate":0.0055,"Ginger":0.0063,"Glucosamine Sulfate KCI":0.0586,"Grape Seed Extract 90% polyphenols":0.0139,"Broccoli Extract (glucoraphanin 10%)":0.0044,"Glycine":0.0258,"Theanine":0.0131,"Lactobacillus Acidophilus":0.0641,"Lithium orotate":0.0045,"Pomegranate Juice Extract (50% Polyphenols)":0.0638,"Potassium Iodate":0.0317,"Rhodiola 3% Rosavins / Salidroside 1%":0.0383,"Selenium":0.0043,"Glutathione reduced":0.0268,"Lutein":0.0207,"Luteolin":0.0077,"Cinnamon powder (ceylon) organic":0.0011,"Sodium Hyaluronate":0.0011,"Spermidine":0.0467,"Vitamin B1 (Thiamine HCl)":0.0031,"Vitamin B12 (Methylcobalamin)":0.072,"Vitamin B2 (Riboflavin-5-Phosphate)":0.0642,"Vitamin B3 (Niacinamide)":0.0187,"Vitamin B5 (Calcium-D-Pantothenate)":0.0201,"Vitamin B6 (Pyridoxal-5- Phosphate)":0.0047,"Vitamin B7 (D-Biotin)":0.0101,"Vitamin C (Ascorbic Acid)":0.0017,"Vitamin D Veg D3":0.0284,"Vitamin E (d-alpha tocopherol)":0.0144,"Vitamin K1":0.0092,"Vitamin K2 MK-7 MCT Oil":0.0088,"Vitamin K2 MK-4 MCT Oil":0.0009,"Sunflower lecithin non-GMO":0.0283,"Phosphatidylcholine":0.0241,"Choline":0.0593,"Lycopene":0.0544,"Lysine":0.0028,"Taurine":0.0253,"Glucoraphanin":0.0191,"Ubiquinol":0.006,"Zinc Citrate":0.0262,"Fiber":0.0044,"Blueberries":0.0369,"Macadamia nuts":0.0329,"Walnuts":0.0629,"Omega 3":0.0454,"Omega 6":0.027,"Calcium":0.0363,"EVOO polyphenols":0.002,"Oleic acid":0.027,"Protein (plant)":0.0007,"Copper":0.0124,"Caffeine":0.0531,"Magnesium Citrate":0.0545,"Manganese Citrate":0.0168,"Curcuminoids":0.0204,"Fisetin (smoketree extract)":0.0317,"Garlic extract 12:1 odorless":0.0133,"Genistein (Japonica extract)":0.0128,"Milled Golden Flaxseed":0.0092,"SDG lignan":0.0444,"Phosphatidylinositol":0.0128,"Phosphatidylethanolamine":0.0404}],"vo2_max":31.8664}
