{"personal_data":[{"age":74,"gender":"M","name":"Dr. Thor Cummerata IV"}],"fitness_data":[{"Backwards Sled, 2 min":4,"Posture exercises":4,"Tricep extensions":4,"Face pulls":3,"Butterfly":1,"Band pull apart (back muscles)":2,"Back extensions (on a hyperextension)":3,"Obliques (each side, on a hyperextension)":1,"StretchesKneeling shin_Kneeling shin_":2,"StretchesHip flexor_Hip flexor_":3,"StretchesCouch_Couch_":2,"Leg raises (for abdomen)":2,"Seated calf raises":3,"Poliquin step ups":2,"Slant board squats":1,"ATG Split squats":5,"Nordics":6,"Reverse Nordics":0,"Tibialis raises,":0,"IsoTib ankle rotations":0,"Pull ups":1,"Chin ups":1,"10 min HIIT":1}],"supplement_vars":[{"N-Acetyl-L-Cysteine (NAC)":0.0011,"N-Acetyl-L-Cysteine (NAC) 2":0.0067,"Nicotinamide Riboside Chloride (NR)":0.0172,"Zeaxanthin":0.0139,"Phosphorus":0.0315,"Astaxanthin (Natural)":0.0039,"Boron Glycinate":0.0267,"CaAKG":0.0087,"Ashwagandha KSM66":0.0039,"Calcium L-5- Methyltetrahydrofolate (L-5-MTHF-Ca)":0.0441,"Cocoa Powder (Non-Alkalised) 8+% Flavanols":0.0101,"Red Yeast Rice (2% Monacolin K)":0.003,"Creatine Monohydrate":0.0401,"Ginger":0.0763,"Glucosamine Sulfate KCI":0.0587,"Grape Seed Extract 90% polyphenols":0.007,"Broccoli Extract (glucoraphanin 10%)":0.0177,"Glycine":0.0094,"Theanine":0.0442,"Lactobacillus Acidophilus":0.0237,"Lithium orotate":0.009,"Pomegranate Juice Extract (50% Polyphenols)":0.0168,"Potassium Iodate":0.0203,"Rhodiola 3% Rosavins / Salidroside 1%":0.0321,"Selenium":0.0013,"Glutathione reduced":0.0241,"Lutein":0.0062,"Luteolin":0.0042,"Cinnamon powder (ceylon) organic":0.0257,"Sodium Hyaluronate":0.0036,"Spermidine":0.0306,"Vitamin B1 (Thiamine HCl)":0.0133,"Vitamin B12 (Methylcobalamin)":0.0709,"Vitamin B2 (Riboflavin-5-Phosphate)":0.0442,"Vitamin B3 (Niacinamide)":0.0186,"Vitamin B5 (Calcium-D-Pantothenate)":0.0111,"Vitamin B6 (Pyridoxal-5- Phosphate)":0.0222,"Vitamin B7 (D-Biotin)":0.0161,"Vitamin C (Ascorbic Acid)":0.0031,"Vitamin D Veg D3":0.0361,"Vitamin E (d-alpha tocopherol)":0.0061,"Vitamin K1":0.0209,"Vitamin K2 MK-7 MCT Oil":0.029,"Vitamin K2 MK-4 MCT Oil":0.001,"Sunflower lecithin non-GMO":0.0181,"Phosphatidylcholine":0.03,"Choline":0.0027,"Lycopene":0.0243,"Lysine":0.0065,"Taurine":0.0067,"Glucoraphanin":0.034,"Ubiquinol":0.0063,"Zinc Citrate":0.0221,"Fiber":0.0017,"Blueberries":0.0467,"Macadamia nuts":0.022,"Walnuts":0.0162,"Omega 3":0.0478,"Omega 6":0.0293,"Calcium":0.0008,"EVOO polyphenols":0.0033,"Oleic acid":0.0339,"Protein (plant)":0.0022,"Copper":0.0062,"Caffeine":0.0325,"Magnesium Citrate":0.0432,"Manganese Citrate":0.0944,"Curcuminoids":0.038,"Fisetin (smoketree extract)":0.0192,"Garlic extract 12:1 odorless":0.0343,"Genistein (Japonica extract)":0.0019,"Milled Golden Flaxseed":0.0074,"SDG lignan":0.0388,"Phosphatidylinositol":0.0041,"Phosphatidylethanolamine":0.0412}],"vo2_max":19.579}
