{"personal_data":[{"age":38,"gender":"M","name":"Cullen Kerluke"}],"fitness_data":[{"Backwards Sled, 2 min":4,"Posture exercises":1,"Tricep extensions":1,"Face pulls":4,"Butterfly":3,"Band pull apart (back muscles)":4,"Back extensions (on a hyperextension)":3,"Obliques (each side, on a hyperextension)":3,"StretchesKneeling shin_Kneeling shin_":2,"StretchesHip flexor_Hip flexor_":1,"StretchesCouch_Couch_":3,"Leg raises (for abdomen)":1,"Seated calf raises":2,"Poliquin step ups":1,"Slant board squats":6,"ATG Split squats":4,"Nordics":1,"Reverse Nordics":1,"Tibialis raises,":2,"IsoTib ankle rotations":2,"Pull ups":1,"Chin ups":1,"10 min HIIT":0}],"supplement_vars":[{"N-Acetyl-L-Cysteine (NAC)":0.0141,"N-Acetyl-L-Cysteine (NAC) 2":0.0042,"Nicotinamide Riboside Chloride (NR)":0.0103,"Zeaxanthin":0.0004,"Phosphorus":0.0243,"Astaxanthin (Natural)":0.013,"Boron Glycinate":0.0316,"CaAKG":0.0041,"Ashwagandha KSM66":0.0029,"Calcium L-5- Methyltetrahydrofolate (L-5-MTHF-Ca)":0.0202,"Cocoa Powder (Non-Alkalised) 8+% Flavanols":0.0196,"Red Yeast Rice (2% Monacolin K)":0.011,"Creatine Monohydrate":0.0164,"Ginger":0.0318,"Glucosamine Sulfate KCI":0.0523,"Grape Seed Extract 90% polyphenols":0.001,"Broccoli Extract (glucoraphanin 10%)":0.0266,"Glycine":0.0133,"Theanine":0.0529,"Lactobacillus Acidophilus":0.0215,"Lithium orotate":0.001,"Pomegranate Juice Extract (50% Polyphenols)":0.0098,"Potassium Iodate":0.0008,"Rhodiola 3% Rosavins / Salidroside 1%":0.0524,"Selenium":0.016,"Glutathione reduced":0.0141,"Lutein":0.0095,"Luteolin":0.0028,"Cinnamon powder (ceylon) organic":0.023,"Sodium Hyaluronate":0.0004,"Spermidine":0.0122,"Vitamin B1 (Thiamine HCl)":0.0005,"Vitamin B12 (Methylcobalamin)":0.0086,"Vitamin B2 (Riboflavin-5-Phosphate)":0.0575,"Vitamin B3 (Niacinamide)":0.0119,"Vitamin B5 (Calcium-D-Pantothenate)":0.0078,"Vitamin B6 (Pyridoxal-5- Phosphate)":0.0211,"Vitamin B7 (D-Biotin)":0.0146,"Vitamin C (Ascorbic Acid)":0.0001,"Vitamin D Veg D3":0.005,"Vitamin E (d-alpha tocopherol)":0.0094,"Vitamin K1":0.0258,"Vitamin K2 MK-7 MCT Oil":0.0123,"Vitamin K2 MK-4 MCT Oil":0.0212,"Sunflower lecithin non-GMO":0.0093,"Phosphatidylcholine":0.016,"Choline":0.0199,"Lycopene":0.0349,"Lysine":0.0008,"Taurine":0.0268,"Glucoraphanin":0.0006,"Ubiquinol":0.0089,"Zinc Citrate":0.0224,"Fiber":0.0013,"Blueberries":0.0095,"Macadamia nuts":0.0614,"Walnuts":0.0348,"Omega 3":0.0206,"Omega 6":0.0411,"Calcium":0.0613,"EVOO polyphenols":0.0019,"Oleic acid":0.0041,"Protein (plant)":0.0013,"Copper":0.0027,"Caffeine":0.0489,"Magnesium Citrate":0.0001,"Manganese Citrate":0.0194,"Curcuminoids":0.024,"Fisetin (smoketree extract)":0.0366,"Garlic extract 12:1 odorless":0.0168,"Genistein (Japonica extract)":0.0056,"Milled Golden Flaxseed":0.0022,"SDG lignan":0.0397,"Phosphatidylinositol":0.0122,"Phosphatidylethanolamine":0.0001}],"vo2_max":30.7315}
