{"personal_data":[{"age":72,"gender":"F","name":"Jake Rutherford"}],"fitness_data":[{"Backwards Sled, 2 min":1,"Posture exercises":3,"Tricep extensions":1,"Face pulls":4,"Butterfly":5,"Band pull apart (back muscles)":1,"Back extensions (on a hyperextension)":4,"Obliques (each side, on a hyperextension)":2,"StretchesKneeling shin_Kneeling shin_":5,"StretchesHip flexor_Hip flexor_":0,"StretchesCouch_Couch_":3,"Leg raises (for abdomen)":1,"Seated calf raises":4,"Poliquin step ups":3,"Slant board squats":1,"ATG Split squats":5,"Nordics":3,"Reverse Nordics":3,"Tibialis raises,":1,"IsoTib ankle rotations":3,"Pull ups":1,"Chin ups":4,"10 min HIIT":1}],"supplement_vars":[{"N-Acetyl-L-Cysteine (NAC)":0.015,"N-Acetyl-L-Cysteine (NAC) 2":0.0035,"Nicotinamide Riboside Chloride (NR)":0.0021,"Zeaxanthin":0.0037,"Phosphorus":0.004,"Astaxanthin (Natural)":0.0008,"Boron Glycinate":0.0199,"CaAKG":0.0099,"Ashwagandha KSM66":0.0027,"Calcium L-5- Methyltetrahydrofolate (L-5-MTHF-Ca)":0.051,"Cocoa Powder (Non-Alkalised) 8+% Flavanols":0.0026,"Red Yeast Rice (2% Monacolin K)":0.0089,"Creatine Monohydrate":0.0177,"Ginger":0.0661,"Glucosamine Sulfate KCI":0.0453,"Grape Seed Extract 90% polyphenols":0.0044,"Broccoli Extract (glucoraphanin 10%)":0.0229,"Glycine":0.0258,"Theanine":0.0122,"Lactobacillus Acidophilus":0.0793,"Lithium orotate":0.0093,"Pomegranate Juice Extract (50% Polyphenols)":0.0676,"Potassium Iodate":0.0383,"Rhodiola 3% Rosavins / Salidroside 1%":0.0136,"Selenium":0.0149,"Glutathione reduced":0.014,"Lutein":0.0102,"Luteolin":0.0006,"Cinnamon powder (ceylon) organic":0.0221,"Sodium Hyaluronate":0.0056,"Spermidine":0.0652,"Vitamin B1 (Thiamine HCl)":0.0046,"Vitamin B12 (Methylcobalamin)":0.0799,"Vitamin B2 (Riboflavin-5-Phosphate)":0.0667,"Vitamin B3 (Niacinamide)":0.0591,"Vitamin B5 (Calcium-D-Pantothenate)":0.0148,"Vitamin B6 (Pyridoxal-5- Phosphate)":0.0089,"Vitamin B7 (D-Biotin)":0.0235,"Vitamin C (Ascorbic Acid)":0.0027,"Vitamin D Veg D3":0.0458,"Vitamin E (d-alpha tocopherol)":0.0403,"Vitamin K1":0.0583,"Vitamin K2 MK-7 MCT Oil":0.0021,"Vitamin K2 MK-4 MCT Oil":0.017,"Sunflower lecithin non-GMO":0.0391,"Phosphatidylcholine":0.0201,"Choline":0.03,"Lycopene":0.0184,"Lysine":0.0096,"Taurine":0.0076,"Glucoraphanin":0.0096,"Ubiquinol":0.0024,"Zinc Citrate":0.0133,"Fiber":0.0016,"Blueberries":0.0218,"Macadamia nuts":0.0496,"Walnuts":0.0527,"Omega 3":0.0159,"Omega 6":0.0491,"Calcium":0.0502,"EVOO polyphenols":0.0009,"Oleic acid":0.0113,"Protein (plant)":0.0027,"Copper":0.0141,"Caffeine":0.0152,"Magnesium Citrate":0.0501,"Manganese Citrate":0.0837,"Curcuminoids":0.0278,"Fisetin (smoketree extract)":0.0122,"Garlic extract 12:1 odorless":0.0115,"Genistein (Japonica extract)":0.0173,"Milled Golden Flaxseed":0.001,"SDG lignan":0.0568,"Phosphatidylinositol":0.0096,"Phosphatidylethanolamine":0.014}],"vo2_max":17.9649}
