{"personal_data":[{"age":50,"gender":"M","name":"Cindy Gislason"}],"fitness_data":[{"Backwards Sled, 2 min":4,"Posture exercises":2,"Tricep extensions":0,"Face pulls":2,"Butterfly":2,"Band pull apart (back muscles)":2,"Back extensions (on a hyperextension)":0,"Obliques (each side, on a hyperextension)":2,"StretchesKneeling shin_Kneeling shin_":2,"StretchesHip flexor_Hip flexor_":5,"StretchesCouch_Couch_":3,"Leg raises (for abdomen)":2,"Seated calf raises":3,"Poliquin step ups":1,"Slant board squats":3,"ATG Split squats":3,"Nordics":0,"Reverse Nordics":4,"Tibialis raises,":4,"IsoTib ankle rotations":6,"Pull ups":1,"Chin ups":1,"10 min HIIT":2}],"supplement_vars":[{"N-Acetyl-L-Cysteine (NAC)":0.0165,"N-Acetyl-L-Cysteine (NAC) 2":0.0175,"Nicotinamide Riboside Chloride (NR)":0.006,"Zeaxanthin":0.0083,"Phosphorus":0.0022,"Astaxanthin (Natural)":0.017,"Boron Glycinate":0.006,"CaAKG":0.0128,"Ashwagandha KSM66":0.0029,"Calcium L-5- Methyltetrahydrofolate (L-5-MTHF-Ca)":0.058,"Cocoa Powder (Non-Alkalised) 8+% Flavanols":0.0011,"Red Yeast Rice (2% Monacolin K)":0.0214,"Creatine Monohydrate":0.0527,"Ginger":0.0088,"Glucosamine Sulfate KCI":0.0477,"Grape Seed Extract 90% polyphenols":0.0113,"Broccoli Extract (glucoraphanin 10%)":0.0315,"Glycine":0.032,"Theanine":0.0483,"Lactobacillus Acidophilus":0.0828,"Lithium orotate":0.0037,"Pomegranate Juice Extract (50% Polyphenols)":0.0177,"Potassium Iodate":0.0428,"Rhodiola 3% Rosavins / Salidroside 1%":0.0475,"Selenium":0.0255,"Glutathione reduced":0.0217,"Lutein":0.0222,"Luteolin":0.0033,"Cinnamon powder (ceylon) organic":0.0206,"Sodium Hyaluronate":0.0036,"Spermidine":0.0034,"Vitamin B1 (Thiamine HCl)":0.0058,"Vitamin B12 (Methylcobalamin)":0.0619,"Vitamin B2 (Riboflavin-5-Phosphate)":0.0583,"Vitamin B3 (Niacinamide)":0.0224,"Vitamin B5 (Calcium-D-Pantothenate)":0.0065,"Vitamin B6 (Pyridoxal-5- Phosphate)":0.0285,"Vitamin B7 (D-Biotin)":0.0275,"Vitamin C (Ascorbic Acid)":0.0067,"Vitamin D Veg D3":0.0097,"Vitamin E (d-alpha tocopherol)":0.0335,"Vitamin K1":0.0456,"Vitamin K2 MK-7 MCT Oil":0.0205,"Vitamin K2 MK-4 MCT Oil":0.0002,"Sunflower lecithin non-GMO":0.023,"Phosphatidylcholine":0.0026,"Choline":0.0548,"Lycopene":0.0549,"Lysine":0.0035,"Taurine":0.0074,"Glucoraphanin":0.0061,"Ubiquinol":0.005,"Zinc Citrate":0.0294,"Fiber":0.0047,"Blueberries":0.0098,"Macadamia nuts":0.008,"Walnuts":0.0511,"Omega 3":0.0169,"Omega 6":0.0621,"Calcium":0.0015,"EVOO polyphenols":0.0025,"Oleic acid":0.027,"Protein (plant)":0.0035,"Copper":0.0156,"Caffeine":0.0529,"Magnesium Citrate":0.0285,"Manganese Citrate":0.0785,"Curcuminoids":0.0123,"Fisetin (smoketree extract)":0.0048,"Garlic extract 12:1 odorless":0.0043,"Genistein (Japonica extract)":0.0094,"Milled Golden Flaxseed":0.0237,"SDG lignan":0.0235,"Phosphatidylinositol":0.0164,"Phosphatidylethanolamine":0.0261}],"vo2_max":24.8563}
