{"personal_data":[{"age":26,"gender":"M","name":"Deb Swaniawski"}],"fitness_data":[{"Backwards Sled, 2 min":5,"Posture exercises":4,"Tricep extensions":1,"Face pulls":3,"Butterfly":1,"Band pull apart (back muscles)":4,"Back extensions (on a hyperextension)":4,"Obliques (each side, on a hyperextension)":2,"StretchesKneeling shin_Kneeling shin_":4,"StretchesHip flexor_Hip flexor_":5,"StretchesCouch_Couch_":1,"Leg raises (for abdomen)":4,"Seated calf raises":3,"Poliquin step ups":1,"Slant board squats":2,"ATG Split squats":1,"Nordics":2,"Reverse Nordics":3,"Tibialis raises,":2,"IsoTib ankle rotations":2,"Pull ups":2,"Chin ups":3,"10 min HIIT":1}],"supplement_vars":[{"N-Acetyl-L-Cysteine (NAC)":0.0118,"N-Acetyl-L-Cysteine (NAC) 2":0.0127,"Nicotinamide Riboside Chloride (NR)":0.0135,"Zeaxanthin":0.0067,"Phosphorus":0.008,"Astaxanthin (Natural)":0.006,"Boron Glycinate":0.0206,"CaAKG":0.0117,"Ashwagandha KSM66":0.0032,"Calcium L-5- Methyltetrahydrofolate (L-5-MTHF-Ca)":0.0391,"Cocoa Powder (Non-Alkalised) 8+% Flavanols":0.0063,"Red Yeast Rice (2% Monacolin K)":0.0147,"Creatine Monohydrate":0.0089,"Ginger":0.0766,"Glucosamine Sulfate KCI":0.0231,"Grape Seed Extract 90% polyphenols":0.0063,"Broccoli Extract (glucoraphanin 10%)":0.0254,"Glycine":0.0094,"Theanine":0.0248,"Lactobacillus Acidophilus":0.0534,"Lithium orotate":0.0021,"Pomegranate Juice Extract (50% Polyphenols)":0.0072,"Potassium Iodate":0.0402,"Rhodiola 3% Rosavins / Salidroside 1%":0.0177,"Selenium":0.0025,"Glutathione reduced":0.0063,"Lutein":0.0237,"Luteolin":0.0088,"Cinnamon powder (ceylon) organic":0.0088,"Sodium Hyaluronate":0.0085,"Spermidine":0.0163,"Vitamin B1 (Thiamine HCl)":0.0078,"Vitamin B12 (Methylcobalamin)":0.0532,"Vitamin B2 (Riboflavin-5-Phosphate)":0.0059,"Vitamin B3 (Niacinamide)":0.0144,"Vitamin B5 (Calcium-D-Pantothenate)":0.0214,"Vitamin B6 (Pyridoxal-5- Phosphate)":0.0215,"Vitamin B7 (D-Biotin)":0.0328,"Vitamin C (Ascorbic Acid)":0.0038,"Vitamin D Veg D3":0.0418,"Vitamin E (d-alpha tocopherol)":0.0003,"Vitamin K1":0.0052,"Vitamin K2 MK-7 MCT Oil":0.0354,"Vitamin K2 MK-4 MCT Oil":0.0328,"Sunflower lecithin non-GMO":0.0036,"Phosphatidylcholine":0.0082,"Choline":0.0003,"Lycopene":0.0652,"Lysine":0.0126,"Taurine":0.0384,"Glucoraphanin":0.0256,"Ubiquinol":0.0064,"Zinc Citrate":0.0147,"Fiber":0.0005,"Blueberries":0.0319,"Macadamia nuts":0.0149,"Walnuts":0.0499,"Omega 3":0.0268,"Omega 6":0.0417,"Calcium":0.0542,"EVOO polyphenols":0.0053,"Oleic acid":0.0154,"Protein (plant)":0.0003,"Copper":0.0188,"Caffeine":0.0237,"Magnesium Citrate":0.0589,"Manganese Citrate":0.0063,"Curcuminoids":0.049,"Fisetin (smoketree extract)":0.0315,"Garlic extract 12:1 odorless":0.0214,"Genistein (Japonica extract)":0.0205,"Milled Golden Flaxseed":0.0354,"SDG lignan":0.0018,"Phosphatidylinositol":0.004,"Phosphatidylethanolamine":0.0037}],"vo2_max":34.9346}
