{"personal_data":[{"age":28,"gender":"M","name":"Dr. Harlow Stark"}],"fitness_data":[{"Backwards Sled, 2 min":2,"Posture exercises":3,"Tricep extensions":3,"Face pulls":2,"Butterfly":4,"Band pull apart (back muscles)":0,"Back extensions (on a hyperextension)":1,"Obliques (each side, on a hyperextension)":4,"StretchesKneeling shin_Kneeling shin_":1,"StretchesHip flexor_Hip flexor_":1,"StretchesCouch_Couch_":0,"Leg raises (for abdomen)":2,"Seated calf raises":0,"Poliquin step ups":0,"Slant board squats":2,"ATG Split squats":3,"Nordics":1,"Reverse Nordics":1,"Tibialis raises,":2,"IsoTib ankle rotations":0,"Pull ups":1,"Chin ups":2,"10 min HIIT":0}],"supplement_vars":[{"N-Acetyl-L-Cysteine (NAC)":0.007,"N-Acetyl-L-Cysteine (NAC) 2":0.0138,"Nicotinamide Riboside Chloride (NR)":0.0062,"Zeaxanthin":0.0101,"Phosphorus":0.0159,"Astaxanthin (Natural)":0.012,"Boron Glycinate":0.0048,"CaAKG":0.0034,"Ashwagandha KSM66":0.0053,"Calcium L-5- Methyltetrahydrofolate (L-5-MTHF-Ca)":0.0064,"Cocoa Powder (Non-Alkalised) 8+% Flavanols":0.0155,"Red Yeast Rice (2% Monacolin K)":0.0318,"Creatine Monohydrate":0.0248,"Ginger":0.0872,"Glucosamine Sulfate KCI":0.0329,"Grape Seed Extract 90% polyphenols":0.0087,"Broccoli Extract (glucoraphanin 10%)":0.0148,"Glycine":0.0143,"Theanine":0.0594,"Lactobacillus Acidophilus":0.0447,"Lithium orotate":0.0066,"Pomegranate Juice Extract (50% Polyphenols)":0.0523,"Potassium Iodate":0.0443,"Rhodiola 3% Rosavins / Salidroside 1%":0.0039,"Selenium":0.0311,"Glutathione reduced":0.0237,"Lutein":0.0186,"Luteolin":0.0002,"Cinnamon powder (ceylon) organic":0.0204,"Sodium Hyaluronate":0.0096,"Spermidine":0.0531,"Vitamin B1 (Thiamine HCl)":0.0086,"Vitamin B12 (Methylcobalamin)":0.0051,"Vitamin B2 (Riboflavin-5-Phosphate)":0.0372,"Vitamin B3 (Niacinamide)":0.0605,"Vitamin B5 (Calcium-D-Pantothenate)":0.0186,"Vitamin B6 (Pyridoxal-5- Phosphate)":0.0276,"Vitamin B7 (D-Biotin)":0.0328,"Vitamin C (Ascorbic Acid)":0.0011,"Vitamin D Veg D3":0.0432,"Vitamin E (d-alpha tocopherol)":0.0138,"Vitamin K1":0.0416,"Vitamin K2 MK-7 MCT Oil":0.0118,"Vitamin K2 MK-4 MCT Oil":0.0305,"Sunflower lecithin non-GMO":0.0343,"Phosphatidylcholine":0.0224,"Choline":0.0349,"Lycopene":0.0208,"Lysine":0.0063,"Taurine":0.0036,"Glucoraphanin":0.0108,"Ubiquinol":0.0111,"Zinc Citrate":0.011,"Fiber":0.0048,"Blueberries":0.0043,"Macadamia nuts":0.0251,"Walnuts":0.0224,"Omega 3":0.0429,"Omega 6":0.0234,"Calcium":0.0021,"EVOO polyphenols":0.0042,"Oleic acid":0.021,"Protein (plant)":0.0032,"Copper":0.0078,"Caffeine":0.0619,"Magnesium Citrate":0.0516,"Manganese Citrate":0.0626,"Curcuminoids":0.0207,"Fisetin (smoketree extract)":0.0209,"Garlic extract 12:1 odorless":0.0121,"Genistein (Japonica extract)":0.0116,"Milled Golden Flaxseed":0.0039,"SDG lignan":0.0307,"Phosphatidylinositol":0.0236,"Phosphatidylethanolamine":0.0201}],"vo2_max":35.1403}
