{"personal_data":[{"age":62,"gender":"F","name":"Dr. Dale Klocko"}],"fitness_data":[{"Backwards Sled, 2 min":1,"Posture exercises":2,"Tricep extensions":3,"Face pulls":2,"Butterfly":5,"Band pull apart (back muscles)":0,"Back extensions (on a hyperextension)":1,"Obliques (each side, on a hyperextension)":4,"StretchesKneeling shin_Kneeling shin_":3,"StretchesHip flexor_Hip flexor_":4,"StretchesCouch_Couch_":2,"Leg raises (for abdomen)":3,"Seated calf raises":3,"Poliquin step ups":3,"Slant board squats":0,"ATG Split squats":2,"Nordics":3,"Reverse Nordics":0,"Tibialis raises,":4,"IsoTib ankle rotations":2,"Pull ups":3,"Chin ups":2,"10 min HIIT":2}],"supplement_vars":[{"N-Acetyl-L-Cysteine (NAC)":0.0156,"N-Acetyl-L-Cysteine (NAC) 2":0.0203,"Nicotinamide Riboside Chloride (NR)":0.0101,"Zeaxanthin":0.0056,"Phosphorus":0.0233,"Astaxanthin (Natural)":0.0175,"Boron Glycinate":0.0113,"CaAKG":0.0105,"Ashwagandha KSM66":0.0054,"Calcium L-5- Methyltetrahydrofolate (L-5-MTHF-Ca)":0.0316,"Cocoa Powder (Non-Alkalised) 8+% Flavanols":0.013,"Red Yeast Rice (2% Monacolin K)":0.0289,"Creatine Monohydrate":0.0046,"Ginger":0.029,"Glucosamine Sulfate KCI":0.0768,"Grape Seed Extract 90% polyphenols":0.01,"Broccoli Extract (glucoraphanin 10%)":0.0313,"Glycine":0.0059,"Theanine":0.0247,"Lactobacillus Acidophilus":0.0035,"Lithium orotate":0.0037,"Pomegranate Juice Extract (50% Polyphenols)":0.0026,"Potassium Iodate":0.0432,"Rhodiola 3% Rosavins / Salidroside 1%":0.0564,"Selenium":0.0355,"Glutathione reduced":0.0267,"Lutein":0.0097,"Luteolin":0.0093,"Cinnamon powder (ceylon) organic":0.0012,"Sodium Hyaluronate":0.0002,"Spermidine":0.0874,"Vitamin B1 (Thiamine HCl)":0.0013,"Vitamin B12 (Methylcobalamin)":0.0743,"Vitamin B2 (Riboflavin-5-Phosphate)":0.0208,"Vitamin B3 (Niacinamide)":0.0456,"Vitamin B5 (Calcium-D-Pantothenate)":0.0088,"Vitamin B6 (Pyridoxal-5- Phosphate)":0.0045,"Vitamin B7 (D-Biotin)":0.0044,"Vitamin C (Ascorbic Acid)":0.0115,"Vitamin D Veg D3":0.0226,"Vitamin E (d-alpha tocopherol)":0.0052,"Vitamin K1":0.0536,"Vitamin K2 MK-7 MCT Oil":0.0088,"Vitamin K2 MK-4 MCT Oil":0.0047,"Sunflower lecithin non-GMO":0.0347,"Phosphatidylcholine":0.0172,"Choline":0.0313,"Lycopene":0.0562,"Lysine":0.0067,"Taurine":0.0239,"Glucoraphanin":0.0306,"Ubiquinol":0.0068,"Zinc Citrate":0.0018,"Fiber":0.004,"Blueberries":0.0061,"Macadamia nuts":0.0376,"Walnuts":0.0441,"Omega 3":0.0202,"Omega 6":0.0053,"Calcium":0.0419,"EVOO polyphenols":0.0042,"Oleic acid":0.0213,"Protein (plant)":0.0044,"Copper":0.0136,"Caffeine":0.0423,"Magnesium Citrate":0.0549,"Manganese Citrate":0.0536,"Curcuminoids":0.0487,"Fisetin (smoketree extract)":0.0257,"Garlic extract 12:1 odorless":0.0126,"Genistein (Japonica extract)":0.0008,"Milled Golden Flaxseed":0.0262,"SDG lignan":0.006,"Phosphatidylinositol":0.0066,"Phosphatidylethanolamine":0.0177}],"vo2_max":22.6142}
