{"personal_data":[{"age":45,"gender":"M","name":"Vincenzo Yost-Ritchie"}],"fitness_data":[{"Backwards Sled, 2 min":2,"Posture exercises":2,"Tricep extensions":2,"Face pulls":2,"Butterfly":1,"Band pull apart (back muscles)":0,"Back extensions (on a hyperextension)":4,"Obliques (each side, on a hyperextension)":3,"StretchesKneeling shin_Kneeling shin_":5,"StretchesHip flexor_Hip flexor_":6,"StretchesCouch_Couch_":1,"Leg raises (for abdomen)":2,"Seated calf raises":4,"Poliquin step ups":2,"Slant board squats":5,"ATG Split squats":6,"Nordics":4,"Reverse Nordics":2,"Tibialis raises,":5,"IsoTib ankle rotations":2,"Pull ups":2,"Chin ups":0,"10 min HIIT":3}],"supplement_vars":[{"N-Acetyl-L-Cysteine (NAC)":0.0123,"N-Acetyl-L-Cysteine (NAC) 2":0.0084,"Nicotinamide Riboside Chloride (NR)":0.0036,"Zeaxanthin":0.0134,"Phosphorus":0.0179,"Astaxanthin (Natural)":0.0039,"Boron Glycinate":0.0368,"CaAKG":0.0109,"Ashwagandha KSM66":0.0037,"Calcium L-5- Methyltetrahydrofolate (L-5-MTHF-Ca)":0.0363,"Cocoa Powder (Non-Alkalised) 8+% Flavanols":0.0226,"Red Yeast Rice (2% Monacolin K)":0.0285,"Creatine Monohydrate":0.0015,"Ginger":0.0385,"Glucosamine Sulfate KCI":0.0319,"Grape Seed Extract 90% polyphenols":0.0092,"Broccoli Extract (glucoraphanin 10%)":0.0248,"Glycine":0.0106,"Theanine":0.0243,"Lactobacillus Acidophilus":0.0789,"Lithium orotate":0.0049,"Pomegranate Juice Extract (50% Polyphenols)":0.0381,"Potassium Iodate":0.0005,"Rhodiola 3% Rosavins / Salidroside 1%":0.0394,"Selenium":0.0209,"Glutathione reduced":0.036,"Lutein":0.0168,"Luteolin":0.0074,"Cinnamon powder (ceylon) organic":0.003,"Sodium Hyaluronate":0.0021,"Spermidine":0.0311,"Vitamin B1 (Thiamine HCl)":0.0042,"Vitamin B12 (Methylcobalamin)":0.0474,"Vitamin B2 (Riboflavin-5-Phosphate)":0.0019,"Vitamin B3 (Niacinamide)":0.0603,"Vitamin B5 (Calcium-D-Pantothenate)":0.0206,"Vitamin B6 (Pyridoxal-5- Phosphate)":0.0017,"Vitamin B7 (D-Biotin)":0.0161,"Vitamin C (Ascorbic Acid)":0.0013,"Vitamin D Veg D3":0.0229,"Vitamin E (d-alpha tocopherol)":0.0113,"Vitamin K1":0.0016,"Vitamin K2 MK-7 MCT Oil":0.0326,"Vitamin K2 MK-4 MCT Oil":0.0099,"Sunflower lecithin non-GMO":0.0413,"Phosphatidylcholine":0.0249,"Choline":0.0351,"Lycopene":0.0581,"Lysine":0.0032,"Taurine":0.034,"Glucoraphanin":0.0163,"Ubiquinol":0.0132,"Zinc Citrate":0.0164,"Fiber":0.0026,"Blueberries":0.0378,"Macadamia nuts":0.0632,"Walnuts":0.0347,"Omega 3":0.0086,"Omega 6":0.0616,"Calcium":0.0369,"EVOO polyphenols":0.0006,"Oleic acid":0.0145,"Protein (plant)":0.0036,"Copper":0.0084,"Caffeine":0.0616,"Magnesium Citrate":0.0415,"Manganese Citrate":0.006,"Curcuminoids":0.0259,"Fisetin (smoketree extract)":0.0317,"Garlic extract 12:1 odorless":0.0268,"Genistein (Japonica extract)":0.0126,"Milled Golden Flaxseed":0.0295,"SDG lignan":0.0089,"Phosphatidylinositol":0.0105,"Phosphatidylethanolamine":0.0503}],"vo2_max":33.9341}
