{"personal_data":[{"age":22,"gender":"F","name":"Dori Hand DVM"}],"fitness_data":[{"Backwards Sled, 2 min":2,"Posture exercises":3,"Tricep extensions":4,"Face pulls":5,"Butterfly":0,"Band pull apart (back muscles)":3,"Back extensions (on a hyperextension)":2,"Obliques (each side, on a hyperextension)":2,"StretchesKneeling shin_Kneeling shin_":2,"StretchesHip flexor_Hip flexor_":0,"StretchesCouch_Couch_":2,"Leg raises (for abdomen)":5,"Seated calf raises":4,"Poliquin step ups":2,"Slant board squats":4,"ATG Split squats":4,"Nordics":1,"Reverse Nordics":0,"Tibialis raises,":1,"IsoTib ankle rotations":5,"Pull ups":2,"Chin ups":2,"10 min HIIT":2}],"supplement_vars":[{"N-Acetyl-L-Cysteine (NAC)":0.0151,"N-Acetyl-L-Cysteine (NAC) 2":0.0113,"Nicotinamide Riboside Chloride (NR)":0.0038,"Zeaxanthin":0.012,"Phosphorus":0.0347,"Astaxanthin (Natural)":0.0069,"Boron Glycinate":0.0176,"CaAKG":0.0052,"Ashwagandha KSM66":0.007,"Calcium L-5- Methyltetrahydrofolate (L-5-MTHF-Ca)":0.0366,"Cocoa Powder (Non-Alkalised) 8+% Flavanols":0.0067,"Red Yeast Rice (2% Monacolin K)":0.0261,"Creatine Monohydrate":0.0494,"Ginger":0.0366,"Glucosamine Sulfate KCI":0.0064,"Grape Seed Extract 90% polyphenols":0.0101,"Broccoli Extract (glucoraphanin 10%)":0.016,"Glycine":0.0033,"Theanine":0.013,"Lactobacillus Acidophilus":0.0235,"Lithium orotate":0.005,"Pomegranate Juice Extract (50% Polyphenols)":0.0103,"Potassium Iodate":0.0171,"Rhodiola 3% Rosavins / Salidroside 1%":0.0402,"Selenium":0.0054,"Glutathione reduced":0.0036,"Lutein":0.02,"Luteolin":0.007,"Cinnamon powder (ceylon) organic":0.0193,"Sodium Hyaluronate":0.0101,"Spermidine":0.0771,"Vitamin B1 (Thiamine HCl)":0.0059,"Vitamin B12 (Methylcobalamin)":0.0803,"Vitamin B2 (Riboflavin-5-Phosphate)":0.0454,"Vitamin B3 (Niacinamide)":0.0357,"Vitamin B5 (Calcium-D-Pantothenate)":0.0131,"Vitamin B6 (Pyridoxal-5- Phosphate)":0.0045,"Vitamin B7 (D-Biotin)":0.0329,"Vitamin C (Ascorbic Acid)":0.0053,"Vitamin D Veg D3":0.0053,"Vitamin E (d-alpha tocopherol)":0.002,"Vitamin K1":0.0186,"Vitamin K2 MK-7 MCT Oil":0.0136,"Vitamin K2 MK-4 MCT Oil":0.0205,"Sunflower lecithin non-GMO":0.0126,"Phosphatidylcholine":0.0022,"Choline":0.0519,"Lycopene":0.0226,"Lysine":0.0067,"Taurine":0.0452,"Glucoraphanin":0.0173,"Ubiquinol":0.0086,"Zinc Citrate":0.0299,"Fiber":0.0005,"Blueberries":0.0143,"Macadamia nuts":0.0768,"Walnuts":0.0422,"Omega 3":0.0391,"Omega 6":0.0185,"Calcium":0.0512,"EVOO polyphenols":0.0002,"Oleic acid":0.007,"Protein (plant)":0.0002,"Copper":0.0167,"Caffeine":0.0632,"Magnesium Citrate":0.0012,"Manganese Citrate":0.0889,"Curcuminoids":0.0513,"Fisetin (smoketree extract)":0.0124,"Garlic extract 12:1 odorless":0.0102,"Genistein (Japonica extract)":0.0039,"Milled Golden Flaxseed":0.007,"SDG lignan":0.0548,"Phosphatidylinositol":0.018,"Phosphatidylethanolamine":0.0175}],"vo2_max":34.1116}
