{"personal_data":[{"age":36,"gender":"M","name":"Newt Sanford IV"}],"fitness_data":[{"Backwards Sled, 2 min":1,"Posture exercises":0,"Tricep extensions":4,"Face pulls":4,"Butterfly":0,"Band pull apart (back muscles)":2,"Back extensions (on a hyperextension)":0,"Obliques (each side, on a hyperextension)":1,"StretchesKneeling shin_Kneeling shin_":2,"StretchesHip flexor_Hip flexor_":4,"StretchesCouch_Couch_":3,"Leg raises (for abdomen)":4,"Seated calf raises":2,"Poliquin step ups":1,"Slant board squats":7,"ATG Split squats":1,"Nordics":3,"Reverse Nordics":0,"Tibialis raises,":2,"IsoTib ankle rotations":3,"Pull ups":1,"Chin ups":0,"10 min HIIT":0}],"supplement_vars":[{"N-Acetyl-L-Cysteine (NAC)":0.0001,"N-Acetyl-L-Cysteine (NAC) 2":0.0109,"Nicotinamide Riboside Chloride (NR)":0.0096,"Zeaxanthin":0.0087,"Phosphorus":0.0163,"Astaxanthin (Natural)":0.0085,"Boron Glycinate":0.0378,"CaAKG":0.0007,"Ashwagandha KSM66":0.0028,"Calcium L-5- Methyltetrahydrofolate (L-5-MTHF-Ca)":0.0431,"Cocoa Powder (Non-Alkalised) 8+% Flavanols":0.0077,"Red Yeast Rice (2% Monacolin K)":0.0204,"Creatine Monohydrate":0.0304,"Ginger":0.0472,"Glucosamine Sulfate KCI":0.0022,"Grape Seed Extract 90% polyphenols":0.0046,"Broccoli Extract (glucoraphanin 10%)":0.0285,"Glycine":0.0252,"Theanine":0.0372,"Lactobacillus Acidophilus":0.0567,"Lithium orotate":0.0025,"Pomegranate Juice Extract (50% Polyphenols)":0.0153,"Potassium Iodate":0.0267,"Rhodiola 3% Rosavins / Salidroside 1%":0.0051,"Selenium":0.0286,"Glutathione reduced":0.0329,"Lutein":0.0199,"Luteolin":0.0097,"Cinnamon powder (ceylon) organic":0.0034,"Sodium Hyaluronate":0.0038,"Spermidine":0.028,"Vitamin B1 (Thiamine HCl)":0.0115,"Vitamin B12 (Methylcobalamin)":0.0637,"Vitamin B2 (Riboflavin-5-Phosphate)":0.0386,"Vitamin B3 (Niacinamide)":0.0646,"Vitamin B5 (Calcium-D-Pantothenate)":0.0015,"Vitamin B6 (Pyridoxal-5- Phosphate)":0.025,"Vitamin B7 (D-Biotin)":0.0025,"Vitamin C (Ascorbic Acid)":0.0075,"Vitamin D Veg D3":0.0082,"Vitamin E (d-alpha tocopherol)":0.0337,"Vitamin K1":0.0574,"Vitamin K2 MK-7 MCT Oil":0.0178,"Vitamin K2 MK-4 MCT Oil":0.0208,"Sunflower lecithin non-GMO":0.0271,"Phosphatidylcholine":0.007,"Choline":0.01,"Lycopene":0.0143,"Lysine":0.007,"Taurine":0.0084,"Glucoraphanin":0.021,"Ubiquinol":0.0118,"Zinc Citrate":0.0205,"Fiber":0.0041,"Blueberries":0.0711,"Macadamia nuts":0.0793,"Walnuts":0.0264,"Omega 3":0.0385,"Omega 6":0.0057,"Calcium":0.0373,"EVOO polyphenols":0.0041,"Oleic acid":0.0141,"Protein (plant)":0.001,"Copper":0.007,"Caffeine":0.0081,"Magnesium Citrate":0.0066,"Manganese Citrate":0.0203,"Curcuminoids":0.0217,"Fisetin (smoketree extract)":0.0041,"Garlic extract 12:1 odorless":0.0439,"Genistein (Japonica extract)":0.0214,"Milled Golden Flaxseed":0.0113,"SDG lignan":0.0046,"Phosphatidylinositol":0.0255,"Phosphatidylethanolamine":0.0243}],"vo2_max":30.2694}
