{"personal_data":[{"age":79,"gender":"F"}],"fitness_data":[{"Backwards Sled, 2 min":0,"Posture exercises":0,"Tricep extensions":2,"Face pulls":3,"Butterfly":1,"Band pull apart (back muscles)":4,"Back extensions (on a hyperextension)":1,"Obliques (each side, on a hyperextension)":3,"StretchesKneeling shin_Kneeling shin_":1,"StretchesHip flexor_Hip flexor_":1,"StretchesCouch_Couch_":1,"Leg raises (for abdomen)":2,"Seated calf raises":2,"Poliquin step ups":3,"Slant board squats":4,"ATG Split squats":5,"Nordics":3,"Reverse Nordics":2,"Tibialis raises,":1,"IsoTib ankle rotations":3,"Pull ups":1,"Chin ups":1,"10 min HIIT":0}],"supplement_vars":[{"N-Acetyl-L-Cysteine (NAC)":0.0123,"N-Acetyl-L-Cysteine (NAC) 2":0.0205,"Nicotinamide Riboside Chloride (NR)":0.0084,"Zeaxanthin":0.0025,"Phosphorus":0.0314,"Astaxanthin (Natural)":0.0133,"Boron Glycinate":0.015,"CaAKG":0.0086,"Ashwagandha KSM66":0.0033,"Calcium L-5- Methyltetrahydrofolate (L-5-MTHF-Ca)":0.0392,"Cocoa Powder (Non-Alkalised) 8+% Flavanols":0.0184,"Red Yeast Rice (2% Monacolin K)":0.0081,"Creatine Monohydrate":0.0294,"Ginger":0.0802,"Glucosamine Sulfate KCI":0.0467,"Grape Seed Extract 90% polyphenols":0.0132,"Broccoli Extract (glucoraphanin 10%)":0.026,"Glycine":0.0018,"Theanine":0.0392,"Lactobacillus Acidophilus":0.0728,"Lithium orotate":0.0071,"Pomegranate Juice Extract (50% Polyphenols)":0.0143,"Potassium Iodate":0.0218,"Rhodiola 3% Rosavins / Salidroside 1%":0.0102,"Selenium":0.013,"Glutathione reduced":0.0354,"Lutein":0.0039,"Luteolin":0.0077,"Cinnamon powder (ceylon) organic":0.0188,"Sodium Hyaluronate":0.003,"Spermidine":0.0608,"Vitamin B1 (Thiamine HCl)":0.0089,"Vitamin B12 (Methylcobalamin)":0.0117,"Vitamin B2 (Riboflavin-5-Phosphate)":0.0259,"Vitamin B3 (Niacinamide)":0.0344,"Vitamin B5 (Calcium-D-Pantothenate)":0.0122,"Vitamin B6 (Pyridoxal-5- Phosphate)":0.0426,"Vitamin B7 (D-Biotin)":0.0299,"Vitamin C (Ascorbic Acid)":0.0031,"Vitamin D Veg D3":0.0421,"Vitamin E (d-alpha tocopherol)":0.0187,"Vitamin K1":0.0667,"Vitamin K2 MK-7 MCT Oil":0.0075,"Vitamin K2 MK-4 MCT Oil":0.0316,"Sunflower lecithin non-GMO":0.0067,"Phosphatidylcholine":0.0211,"Choline":0.0269,"Lycopene":0.0191,"Lysine":0.0012,"Taurine":0.0316,"Glucoraphanin":0.0168,"Ubiquinol":0.0064,"Zinc Citrate":0.009,"Fiber":0.0008,"Blueberries":0.0011,"Macadamia nuts":0.0081,"Walnuts":0.0446,"Omega 3":0.0272,"Omega 6":0.0179,"Calcium":0.0707,"EVOO polyphenols":0.0011,"Oleic acid":0.0224,"Protein (plant)":0,"Copper":0.0096,"Caffeine":0.035,"Magnesium Citrate":0.0431,"Manganese Citrate":0.0428,"Curcuminoids":0.0071,"Fisetin (smoketree extract)":0.0127,"Garlic extract 12:1 odorless":0.0429,"Genistein (Japonica extract)":0.0117,"Milled Golden Flaxseed":0.0144,"SDG lignan":0.0174,"Phosphatidylinositol":0.0205,"Phosphatidylethanolamine":0.0269}],"vo2_max":17.8843}
