{"personal_data":[{"age":70,"gender":"F","name":"Mr. Aric Stiedemann"}],"fitness_data":[{"Backwards Sled, 2 min":2,"Posture exercises":1,"Tricep extensions":0,"Face pulls":5,"Butterfly":3,"Band pull apart (back muscles)":5,"Back extensions (on a hyperextension)":3,"Obliques (each side, on a hyperextension)":2,"StretchesKneeling shin_Kneeling shin_":3,"StretchesHip flexor_Hip flexor_":1,"StretchesCouch_Couch_":2,"Leg raises (for abdomen)":0,"Seated calf raises":3,"Poliquin step ups":3,"Slant board squats":6,"ATG Split squats":1,"Nordics":0,"Reverse Nordics":0,"Tibialis raises,":4,"IsoTib ankle rotations":5,"Pull ups":0,"Chin ups":2,"10 min HIIT":3}],"supplement_vars":[{"N-Acetyl-L-Cysteine (NAC)":0.0058,"N-Acetyl-L-Cysteine (NAC) 2":0.0056,"Nicotinamide Riboside Chloride (NR)":0.0018,"Zeaxanthin":0.0003,"Phosphorus":0.0118,"Astaxanthin (Natural)":0.0155,"Boron Glycinate":0.0041,"CaAKG":0.0017,"Ashwagandha KSM66":0.001,"Calcium L-5- Methyltetrahydrofolate (L-5-MTHF-Ca)":0.0537,"Cocoa Powder (Non-Alkalised) 8+% Flavanols":0.0145,"Red Yeast Rice (2% Monacolin K)":0.0004,"Creatine Monohydrate":0.0444,"Ginger":0.0771,"Glucosamine Sulfate KCI":0.0672,"Grape Seed Extract 90% polyphenols":0.0015,"Broccoli Extract (glucoraphanin 10%)":0.0091,"Glycine":0.0247,"Theanine":0.0038,"Lactobacillus Acidophilus":0.0082,"Lithium orotate":0.0053,"Pomegranate Juice Extract (50% Polyphenols)":0.0619,"Potassium Iodate":0.0428,"Rhodiola 3% Rosavins / Salidroside 1%":0.0563,"Selenium":0.024,"Glutathione reduced":0.0079,"Lutein":0.0179,"Luteolin":0.0069,"Cinnamon powder (ceylon) organic":0.0099,"Sodium Hyaluronate":0.0101,"Spermidine":0.0171,"Vitamin B1 (Thiamine HCl)":0.0115,"Vitamin B12 (Methylcobalamin)":0.0147,"Vitamin B2 (Riboflavin-5-Phosphate)":0.008,"Vitamin B3 (Niacinamide)":0.0295,"Vitamin B5 (Calcium-D-Pantothenate)":0.0146,"Vitamin B6 (Pyridoxal-5- Phosphate)":0.0024,"Vitamin B7 (D-Biotin)":0.0009,"Vitamin C (Ascorbic Acid)":0.0006,"Vitamin D Veg D3":0.0094,"Vitamin E (d-alpha tocopherol)":0.037,"Vitamin K1":0.0233,"Vitamin K2 MK-7 MCT Oil":0.0283,"Vitamin K2 MK-4 MCT Oil":0.0173,"Sunflower lecithin non-GMO":0.0042,"Phosphatidylcholine":0.0146,"Choline":0.0522,"Lycopene":0.0267,"Lysine":0.0078,"Taurine":0.0384,"Glucoraphanin":0.005,"Ubiquinol":0.0038,"Zinc Citrate":0.0089,"Fiber":0.001,"Blueberries":0.0384,"Macadamia nuts":0.0185,"Walnuts":0.071,"Omega 3":0.0045,"Omega 6":0.0237,"Calcium":0.017,"EVOO polyphenols":0.0016,"Oleic acid":0.0087,"Protein (plant)":0.0018,"Copper":0.0116,"Caffeine":0.0481,"Magnesium Citrate":0.0245,"Manganese Citrate":0.0189,"Curcuminoids":0.0109,"Fisetin (smoketree extract)":0.0186,"Garlic extract 12:1 odorless":0.0201,"Genistein (Japonica extract)":0.0182,"Milled Golden Flaxseed":0.024,"SDG lignan":0.0178,"Phosphatidylinositol":0.0025,"Phosphatidylethanolamine":0.0342}],"vo2_max":16.9948}
