{"personal_data":[{"age":76,"gender":"M","name":"Aubrey Borer"}],"fitness_data":[{"Backwards Sled, 2 min":4,"Posture exercises":2,"Tricep extensions":3,"Face pulls":2,"Butterfly":5,"Band pull apart (back muscles)":4,"Back extensions (on a hyperextension)":1,"Obliques (each side, on a hyperextension)":2,"StretchesKneeling shin_Kneeling shin_":5,"StretchesHip flexor_Hip flexor_":6,"StretchesCouch_Couch_":2,"Leg raises (for abdomen)":3,"Seated calf raises":3,"Poliquin step ups":2,"Slant board squats":1,"ATG Split squats":5,"Nordics":5,"Reverse Nordics":2,"Tibialis raises,":4,"IsoTib ankle rotations":6,"Pull ups":2,"Chin ups":2,"10 min HIIT":0}],"supplement_vars":[{"N-Acetyl-L-Cysteine (NAC)":0.001,"N-Acetyl-L-Cysteine (NAC) 2":0.0006,"Nicotinamide Riboside Chloride (NR)":0.016,"Zeaxanthin":0.0048,"Phosphorus":0.0052,"Astaxanthin (Natural)":0.0229,"Boron Glycinate":0.0187,"CaAKG":0.0016,"Ashwagandha KSM66":0.0024,"Calcium L-5- Methyltetrahydrofolate (L-5-MTHF-Ca)":0.0243,"Cocoa Powder (Non-Alkalised) 8+% Flavanols":0.0118,"Red Yeast Rice (2% Monacolin K)":0.0167,"Creatine Monohydrate":0.0521,"Ginger":0.0606,"Glucosamine Sulfate KCI":0.0517,"Grape Seed Extract 90% polyphenols":0.005,"Broccoli Extract (glucoraphanin 10%)":0.009,"Glycine":0.0119,"Theanine":0.0384,"Lactobacillus Acidophilus":0.0385,"Lithium orotate":0.0012,"Pomegranate Juice Extract (50% Polyphenols)":0.0178,"Potassium Iodate":0.0149,"Rhodiola 3% Rosavins / Salidroside 1%":0.0296,"Selenium":0.04,"Glutathione reduced":0.0521,"Lutein":0.0016,"Luteolin":0.003,"Cinnamon powder (ceylon) organic":0.0044,"Sodium Hyaluronate":0.0052,"Spermidine":0.034,"Vitamin B1 (Thiamine HCl)":0.0055,"Vitamin B12 (Methylcobalamin)":0.0849,"Vitamin B2 (Riboflavin-5-Phosphate)":0.0319,"Vitamin B3 (Niacinamide)":0.0591,"Vitamin B5 (Calcium-D-Pantothenate)":0.0067,"Vitamin B6 (Pyridoxal-5- Phosphate)":0.0105,"Vitamin B7 (D-Biotin)":0.0111,"Vitamin C (Ascorbic Acid)":0.0073,"Vitamin D Veg D3":0.0119,"Vitamin E (d-alpha tocopherol)":0.0154,"Vitamin K1":0.0078,"Vitamin K2 MK-7 MCT Oil":0.0309,"Vitamin K2 MK-4 MCT Oil":0.0082,"Sunflower lecithin non-GMO":0.0332,"Phosphatidylcholine":0.0131,"Choline":0.0448,"Lycopene":0.0482,"Lysine":0.0117,"Taurine":0.0357,"Glucoraphanin":0.0175,"Ubiquinol":0.0077,"Zinc Citrate":0.0179,"Fiber":0.0004,"Blueberries":0.0587,"Macadamia nuts":0.0298,"Walnuts":0.0513,"Omega 3":0.0465,"Omega 6":0.0208,"Calcium":0.0268,"EVOO polyphenols":0.0013,"Oleic acid":0.0322,"Protein (plant)":0.0041,"Copper":0.0033,"Caffeine":0.0423,"Magnesium Citrate":0.0096,"Manganese Citrate":0.0851,"Curcuminoids":0.0487,"Fisetin (smoketree extract)":0.0313,"Garlic extract 12:1 odorless":0.0371,"Genistein (Japonica extract)":0.0007,"Milled Golden Flaxseed":0.025,"SDG lignan":0.0428,"Phosphatidylinositol":0.0076,"Phosphatidylethanolamine":0.0465}],"vo2_max":19.7231}
