{"personal_data":[{"age":58,"gender":"M","name":"Bascom Nitzsche DDS"}],"fitness_data":[{"Backwards Sled, 2 min":1,"Posture exercises":1,"Tricep extensions":3,"Face pulls":4,"Butterfly":4,"Band pull apart (back muscles)":1,"Back extensions (on a hyperextension)":1,"Obliques (each side, on a hyperextension)":3,"StretchesKneeling shin_Kneeling shin_":1,"StretchesHip flexor_Hip flexor_":3,"StretchesCouch_Couch_":2,"Leg raises (for abdomen)":1,"Seated calf raises":3,"Poliquin step ups":0,"Slant board squats":1,"ATG Split squats":5,"Nordics":5,"Reverse Nordics":3,"Tibialis raises,":3,"IsoTib ankle rotations":1,"Pull ups":3,"Chin ups":4,"10 min HIIT":0}],"supplement_vars":[{"N-Acetyl-L-Cysteine (NAC)":0.0169,"N-Acetyl-L-Cysteine (NAC) 2":0.0116,"Nicotinamide Riboside Chloride (NR)":0.0015,"Zeaxanthin":0.0082,"Phosphorus":0.0296,"Astaxanthin (Natural)":0.0198,"Boron Glycinate":0.0412,"CaAKG":0.0123,"Ashwagandha KSM66":0.0001,"Calcium L-5- Methyltetrahydrofolate (L-5-MTHF-Ca)":0.0276,"Cocoa Powder (Non-Alkalised) 8+% Flavanols":0.0143,"Red Yeast Rice (2% Monacolin K)":0.0235,"Creatine Monohydrate":0.0124,"Ginger":0.003,"Glucosamine Sulfate KCI":0.0643,"Grape Seed Extract 90% polyphenols":0.0105,"Broccoli Extract (glucoraphanin 10%)":0.0327,"Glycine":0.0293,"Theanine":0.0008,"Lactobacillus Acidophilus":0.0423,"Lithium orotate":0.0093,"Pomegranate Juice Extract (50% Polyphenols)":0.0034,"Potassium Iodate":0.0273,"Rhodiola 3% Rosavins / Salidroside 1%":0.0126,"Selenium":0.0344,"Glutathione reduced":0.0198,"Lutein":0.0011,"Luteolin":0.0054,"Cinnamon powder (ceylon) organic":0.0087,"Sodium Hyaluronate":0.0037,"Spermidine":0.0429,"Vitamin B1 (Thiamine HCl)":0.0081,"Vitamin B12 (Methylcobalamin)":0.0502,"Vitamin B2 (Riboflavin-5-Phosphate)":0.0216,"Vitamin B3 (Niacinamide)":0.0098,"Vitamin B5 (Calcium-D-Pantothenate)":0.021,"Vitamin B6 (Pyridoxal-5- Phosphate)":0.0028,"Vitamin B7 (D-Biotin)":0.0018,"Vitamin C (Ascorbic Acid)":0.0022,"Vitamin D Veg D3":0.0273,"Vitamin E (d-alpha tocopherol)":0.017,"Vitamin K1":0.0624,"Vitamin K2 MK-7 MCT Oil":0.0345,"Vitamin K2 MK-4 MCT Oil":0.0029,"Sunflower lecithin non-GMO":0.0022,"Phosphatidylcholine":0.0002,"Choline":0.0112,"Lycopene":0.0323,"Lysine":0.0021,"Taurine":0.0156,"Glucoraphanin":0.0304,"Ubiquinol":0.0044,"Zinc Citrate":0.0164,"Fiber":0.0035,"Blueberries":0.0306,"Macadamia nuts":0.0845,"Walnuts":0.0324,"Omega 3":0.029,"Omega 6":0.0132,"Calcium":0.0702,"EVOO polyphenols":0.0066,"Oleic acid":0.0126,"Protein (plant)":0.0038,"Copper":0.0064,"Caffeine":0.0398,"Magnesium Citrate":0.0366,"Manganese Citrate":0.0503,"Curcuminoids":0.0065,"Fisetin (smoketree extract)":0.0254,"Garlic extract 12:1 odorless":0.0387,"Genistein (Japonica extract)":0.0012,"Milled Golden Flaxseed":0.0011,"SDG lignan":0.0148,"Phosphatidylinositol":0.0087,"Phosphatidylethanolamine":0.0367}],"vo2_max":25.2699}
