{"personal_data":[{"age":57,"gender":"M","name":"Manford Leffler DDS"}],"fitness_data":[{"Backwards Sled, 2 min":3,"Posture exercises":3,"Tricep extensions":3,"Face pulls":1,"Butterfly":3,"Band pull apart (back muscles)":3,"Back extensions (on a hyperextension)":4,"Obliques (each side, on a hyperextension)":2,"StretchesKneeling shin_Kneeling shin_":4,"StretchesHip flexor_Hip flexor_":0,"StretchesCouch_Couch_":0,"Leg raises (for abdomen)":4,"Seated calf raises":0,"Poliquin step ups":4,"Slant board squats":0,"ATG Split squats":4,"Nordics":5,"Reverse Nordics":1,"Tibialis raises,":3,"IsoTib ankle rotations":0,"Pull ups":2,"Chin ups":3,"10 min HIIT":4}],"supplement_vars":[{"N-Acetyl-L-Cysteine (NAC)":0.0135,"N-Acetyl-L-Cysteine (NAC) 2":0.0041,"Nicotinamide Riboside Chloride (NR)":0.0042,"Zeaxanthin":0.0058,"Phosphorus":0.0084,"Astaxanthin (Natural)":0.0156,"Boron Glycinate":0.0421,"CaAKG":0.0128,"Ashwagandha KSM66":0.0032,"Calcium L-5- Methyltetrahydrofolate (L-5-MTHF-Ca)":0.0521,"Cocoa Powder (Non-Alkalised) 8+% Flavanols":0.0101,"Red Yeast Rice (2% Monacolin K)":0.0192,"Creatine Monohydrate":0.061,"Ginger":0.0838,"Glucosamine Sulfate KCI":0.0029,"Grape Seed Extract 90% polyphenols":0.0037,"Broccoli Extract (glucoraphanin 10%)":0.0121,"Glycine":0.0052,"Theanine":0.0445,"Lactobacillus Acidophilus":0.0638,"Lithium orotate":0.0093,"Pomegranate Juice Extract (50% Polyphenols)":0.0167,"Potassium Iodate":0.0239,"Rhodiola 3% Rosavins / Salidroside 1%":0.0118,"Selenium":0.0361,"Glutathione reduced":0.0262,"Lutein":0.0188,"Luteolin":0.0071,"Cinnamon powder (ceylon) organic":0.0223,"Sodium Hyaluronate":0.0015,"Spermidine":0.0371,"Vitamin B1 (Thiamine HCl)":0.0156,"Vitamin B12 (Methylcobalamin)":0.0686,"Vitamin B2 (Riboflavin-5-Phosphate)":0.0384,"Vitamin B3 (Niacinamide)":0.0157,"Vitamin B5 (Calcium-D-Pantothenate)":0.0012,"Vitamin B6 (Pyridoxal-5- Phosphate)":0.0393,"Vitamin B7 (D-Biotin)":0.0021,"Vitamin C (Ascorbic Acid)":0.0028,"Vitamin D Veg D3":0.0215,"Vitamin E (d-alpha tocopherol)":0.0382,"Vitamin K1":0.056,"Vitamin K2 MK-7 MCT Oil":0.029,"Vitamin K2 MK-4 MCT Oil":0.0187,"Sunflower lecithin non-GMO":0.0129,"Phosphatidylcholine":0.0225,"Choline":0.0376,"Lycopene":0.0511,"Lysine":0.0124,"Taurine":0.0174,"Glucoraphanin":0.0075,"Ubiquinol":0.0066,"Zinc Citrate":0.007,"Fiber":0.0002,"Blueberries":0.0107,"Macadamia nuts":0.0217,"Walnuts":0.0543,"Omega 3":0.0112,"Omega 6":0.0313,"Calcium":0.0022,"EVOO polyphenols":0.0024,"Oleic acid":0.0062,"Protein (plant)":0.0041,"Copper":0.0104,"Caffeine":0.0516,"Magnesium Citrate":0.0288,"Manganese Citrate":0.0182,"Curcuminoids":0.0094,"Fisetin (smoketree extract)":0.0265,"Garlic extract 12:1 odorless":0.0205,"Genistein (Japonica extract)":0.0002,"Milled Golden Flaxseed":0.0327,"SDG lignan":0.0479,"Phosphatidylinositol":0.0142,"Phosphatidylethanolamine":0.0374}],"vo2_max":26.2441}
