{"personal_data":[{"age":23,"gender":"F","name":"Dr. Eliseo Moore III"}],"fitness_data":[{"Backwards Sled, 2 min":1,"Posture exercises":2,"Tricep extensions":2,"Face pulls":5,"Butterfly":2,"Band pull apart (back muscles)":3,"Back extensions (on a hyperextension)":0,"Obliques (each side, on a hyperextension)":2,"StretchesKneeling shin_Kneeling shin_":1,"StretchesHip flexor_Hip flexor_":0,"StretchesCouch_Couch_":2,"Leg raises (for abdomen)":1,"Seated calf raises":2,"Poliquin step ups":3,"Slant board squats":2,"ATG Split squats":1,"Nordics":4,"Reverse Nordics":3,"Tibialis raises,":3,"IsoTib ankle rotations":5,"Pull ups":2,"Chin ups":1,"10 min HIIT":0}],"supplement_vars":[{"N-Acetyl-L-Cysteine (NAC)":0.0011,"N-Acetyl-L-Cysteine (NAC) 2":0.0012,"Nicotinamide Riboside Chloride (NR)":0.0117,"Zeaxanthin":0.0001,"Phosphorus":0.0288,"Astaxanthin (Natural)":0.0189,"Boron Glycinate":0.0195,"CaAKG":0.0057,"Ashwagandha KSM66":0.0018,"Calcium L-5- Methyltetrahydrofolate (L-5-MTHF-Ca)":0.0332,"Cocoa Powder (Non-Alkalised) 8+% Flavanols":0.0206,"Red Yeast Rice (2% Monacolin K)":0.0278,"Creatine Monohydrate":0.0511,"Ginger":0.0549,"Glucosamine Sulfate KCI":0.0193,"Grape Seed Extract 90% polyphenols":0.0039,"Broccoli Extract (glucoraphanin 10%)":0.0039,"Glycine":0.0292,"Theanine":0.0094,"Lactobacillus Acidophilus":0.0296,"Lithium orotate":0.0098,"Pomegranate Juice Extract (50% Polyphenols)":0.0649,"Potassium Iodate":0.042,"Rhodiola 3% Rosavins / Salidroside 1%":0.0177,"Selenium":0.0285,"Glutathione reduced":0.0281,"Lutein":0.0107,"Luteolin":0.0082,"Cinnamon powder (ceylon) organic":0.0151,"Sodium Hyaluronate":0.008,"Spermidine":0.0054,"Vitamin B1 (Thiamine HCl)":0.0065,"Vitamin B12 (Methylcobalamin)":0.0383,"Vitamin B2 (Riboflavin-5-Phosphate)":0.0159,"Vitamin B3 (Niacinamide)":0.063,"Vitamin B5 (Calcium-D-Pantothenate)":0.0146,"Vitamin B6 (Pyridoxal-5- Phosphate)":0.0343,"Vitamin B7 (D-Biotin)":0.0258,"Vitamin C (Ascorbic Acid)":0.0126,"Vitamin D Veg D3":0.0274,"Vitamin E (d-alpha tocopherol)":0.0179,"Vitamin K1":0.0664,"Vitamin K2 MK-7 MCT Oil":0.0254,"Vitamin K2 MK-4 MCT Oil":0.0233,"Sunflower lecithin non-GMO":0.006,"Phosphatidylcholine":0.0346,"Choline":0.0614,"Lycopene":0.0508,"Lysine":0.0048,"Taurine":0.017,"Glucoraphanin":0.0082,"Ubiquinol":0.0082,"Zinc Citrate":0.0122,"Fiber":0.0027,"Blueberries":0.0466,"Macadamia nuts":0.0063,"Walnuts":0.0118,"Omega 3":0.0223,"Omega 6":0.0234,"Calcium":0.0226,"EVOO polyphenols":0.0038,"Oleic acid":0.0097,"Protein (plant)":0.0001,"Copper":0.0206,"Caffeine":0.0095,"Magnesium Citrate":0.0292,"Manganese Citrate":0.0413,"Curcuminoids":0.0016,"Fisetin (smoketree extract)":0.0172,"Garlic extract 12:1 odorless":0.0144,"Genistein (Japonica extract)":0.0124,"Milled Golden Flaxseed":0.0071,"SDG lignan":0.0454,"Phosphatidylinositol":0.0207,"Phosphatidylethanolamine":0.0109}],"vo2_max":33.5338}
