{"personal_data":[{"age":54,"gender":"F","name":"Fallon Kuhic"}],"fitness_data":[{"Backwards Sled, 2 min":2,"Posture exercises":2,"Tricep extensions":2,"Face pulls":4,"Butterfly":4,"Band pull apart (back muscles)":6,"Back extensions (on a hyperextension)":4,"Obliques (each side, on a hyperextension)":3,"StretchesKneeling shin_Kneeling shin_":0,"StretchesHip flexor_Hip flexor_":3,"StretchesCouch_Couch_":3,"Leg raises (for abdomen)":2,"Seated calf raises":2,"Poliquin step ups":0,"Slant board squats":4,"ATG Split squats":1,"Nordics":3,"Reverse Nordics":0,"Tibialis raises,":4,"IsoTib ankle rotations":1,"Pull ups":4,"Chin ups":3,"10 min HIIT":2}],"supplement_vars":[{"N-Acetyl-L-Cysteine (NAC)":0.0056,"N-Acetyl-L-Cysteine (NAC) 2":0.0187,"Nicotinamide Riboside Chloride (NR)":0.0055,"Zeaxanthin":0.0073,"Phosphorus":0.008,"Astaxanthin (Natural)":0.0035,"Boron Glycinate":0.0415,"CaAKG":0.0044,"Ashwagandha KSM66":0.0029,"Calcium L-5- Methyltetrahydrofolate (L-5-MTHF-Ca)":0.0198,"Cocoa Powder (Non-Alkalised) 8+% Flavanols":0.0221,"Red Yeast Rice (2% Monacolin K)":0.03,"Creatine Monohydrate":0.0504,"Ginger":0.0616,"Glucosamine Sulfate KCI":0.0095,"Grape Seed Extract 90% polyphenols":0.0068,"Broccoli Extract (glucoraphanin 10%)":0.0029,"Glycine":0.0263,"Theanine":0.0509,"Lactobacillus Acidophilus":0.0567,"Lithium orotate":0.0037,"Pomegranate Juice Extract (50% Polyphenols)":0.0607,"Potassium Iodate":0.0455,"Rhodiola 3% Rosavins / Salidroside 1%":0.0382,"Selenium":0.012,"Glutathione reduced":0.0555,"Lutein":0.0236,"Luteolin":0.0064,"Cinnamon powder (ceylon) organic":0.0104,"Sodium Hyaluronate":0.0067,"Spermidine":0.0448,"Vitamin B1 (Thiamine HCl)":0.0155,"Vitamin B12 (Methylcobalamin)":0.0199,"Vitamin B2 (Riboflavin-5-Phosphate)":0.0135,"Vitamin B3 (Niacinamide)":0.0576,"Vitamin B5 (Calcium-D-Pantothenate)":0.0179,"Vitamin B6 (Pyridoxal-5- Phosphate)":0.0269,"Vitamin B7 (D-Biotin)":0.0186,"Vitamin C (Ascorbic Acid)":0.0071,"Vitamin D Veg D3":0.0067,"Vitamin E (d-alpha tocopherol)":0.0061,"Vitamin K1":0.037,"Vitamin K2 MK-7 MCT Oil":0.0272,"Vitamin K2 MK-4 MCT Oil":0.0176,"Sunflower lecithin non-GMO":0.0317,"Phosphatidylcholine":0.0118,"Choline":0.0111,"Lycopene":0.0516,"Lysine":0.004,"Taurine":0.0013,"Glucoraphanin":0.0297,"Ubiquinol":0.0016,"Zinc Citrate":0.0246,"Fiber":0.0048,"Blueberries":0.0088,"Macadamia nuts":0.07,"Walnuts":0.0088,"Omega 3":0.0216,"Omega 6":0.0407,"Calcium":0.0344,"EVOO polyphenols":0.0038,"Oleic acid":0.0018,"Protein (plant)":0.0022,"Copper":0.0094,"Caffeine":0.0079,"Magnesium Citrate":0.0262,"Manganese Citrate":0.059,"Curcuminoids":0.0388,"Fisetin (smoketree extract)":0.0054,"Garlic extract 12:1 odorless":0.0246,"Genistein (Japonica extract)":0.0202,"Milled Golden Flaxseed":0.0193,"SDG lignan":0.0075,"Phosphatidylinositol":0.0008,"Phosphatidylethanolamine":0.0324}],"vo2_max":28.6155}
