{"personal_data":[{"age":68,"gender":"M","name":"Herma Upton-Gaylord"}],"fitness_data":[{"Backwards Sled, 2 min":5,"Posture exercises":4,"Tricep extensions":2,"Face pulls":5,"Butterfly":5,"Band pull apart (back muscles)":5,"Back extensions (on a hyperextension)":2,"Obliques (each side, on a hyperextension)":3,"StretchesKneeling shin_Kneeling shin_":1,"StretchesHip flexor_Hip flexor_":2,"StretchesCouch_Couch_":0,"Leg raises (for abdomen)":4,"Seated calf raises":2,"Poliquin step ups":1,"Slant board squats":5,"ATG Split squats":3,"Nordics":1,"Reverse Nordics":1,"Tibialis raises,":5,"IsoTib ankle rotations":6,"Pull ups":2,"Chin ups":4,"10 min HIIT":4}],"supplement_vars":[{"N-Acetyl-L-Cysteine (NAC)":0.0118,"N-Acetyl-L-Cysteine (NAC) 2":0.0158,"Nicotinamide Riboside Chloride (NR)":0.0094,"Zeaxanthin":0.0025,"Phosphorus":0.0255,"Astaxanthin (Natural)":0.0123,"Boron Glycinate":0.0079,"CaAKG":0.0082,"Ashwagandha KSM66":0.0004,"Calcium L-5- Methyltetrahydrofolate (L-5-MTHF-Ca)":0.0437,"Cocoa Powder (Non-Alkalised) 8+% Flavanols":0.0206,"Red Yeast Rice (2% Monacolin K)":0.0022,"Creatine Monohydrate":0.0309,"Ginger":0.0591,"Glucosamine Sulfate KCI":0.0135,"Grape Seed Extract 90% polyphenols":0.0116,"Broccoli Extract (glucoraphanin 10%)":0.0061,"Glycine":0.0094,"Theanine":0.0236,"Lactobacillus Acidophilus":0.0683,"Lithium orotate":0.0071,"Pomegranate Juice Extract (50% Polyphenols)":0.0065,"Potassium Iodate":0.0378,"Rhodiola 3% Rosavins / Salidroside 1%":0.0353,"Selenium":0.0315,"Glutathione reduced":0.0495,"Lutein":0.0044,"Luteolin":0.0053,"Cinnamon powder (ceylon) organic":0.0179,"Sodium Hyaluronate":0.0057,"Spermidine":0.0856,"Vitamin B1 (Thiamine HCl)":0.0105,"Vitamin B12 (Methylcobalamin)":0.0835,"Vitamin B2 (Riboflavin-5-Phosphate)":0.0615,"Vitamin B3 (Niacinamide)":0.0351,"Vitamin B5 (Calcium-D-Pantothenate)":0.0196,"Vitamin B6 (Pyridoxal-5- Phosphate)":0.0022,"Vitamin B7 (D-Biotin)":0.0089,"Vitamin C (Ascorbic Acid)":0.0061,"Vitamin D Veg D3":0.0426,"Vitamin E (d-alpha tocopherol)":0.0152,"Vitamin K1":0.0048,"Vitamin K2 MK-7 MCT Oil":0.0055,"Vitamin K2 MK-4 MCT Oil":0.0367,"Sunflower lecithin non-GMO":0.0204,"Phosphatidylcholine":0.0295,"Choline":0.0086,"Lycopene":0.0589,"Lysine":0.0094,"Taurine":0.0134,"Glucoraphanin":0.0337,"Ubiquinol":0.0012,"Zinc Citrate":0.0242,"Fiber":0.0019,"Blueberries":0.0235,"Macadamia nuts":0.0238,"Walnuts":0.0505,"Omega 3":0.0306,"Omega 6":0.014,"Calcium":0.0057,"EVOO polyphenols":0.0013,"Oleic acid":0.0031,"Protein (plant)":0.0021,"Copper":0.0176,"Caffeine":0.0539,"Magnesium Citrate":0.0339,"Manganese Citrate":0.0858,"Curcuminoids":0.0422,"Fisetin (smoketree extract)":0.0252,"Garlic extract 12:1 odorless":0.0025,"Genistein (Japonica extract)":0.0088,"Milled Golden Flaxseed":0.0289,"SDG lignan":0.025,"Phosphatidylinositol":0.0169,"Phosphatidylethanolamine":0.0119}],"vo2_max":25.6883}
