{"personal_data":[{"age":43,"gender":"M","name":"Cayla Predovic"}],"fitness_data":[{"Backwards Sled, 2 min":1,"Posture exercises":1,"Tricep extensions":2,"Face pulls":4,"Butterfly":1,"Band pull apart (back muscles)":1,"Back extensions (on a hyperextension)":2,"Obliques (each side, on a hyperextension)":1,"StretchesKneeling shin_Kneeling shin_":4,"StretchesHip flexor_Hip flexor_":1,"StretchesCouch_Couch_":2,"Leg raises (for abdomen)":5,"Seated calf raises":1,"Poliquin step ups":2,"Slant board squats":3,"ATG Split squats":2,"Nordics":0,"Reverse Nordics":1,"Tibialis raises,":3,"IsoTib ankle rotations":1,"Pull ups":2,"Chin ups":2,"10 min HIIT":0}],"supplement_vars":[{"N-Acetyl-L-Cysteine (NAC)":0.0184,"N-Acetyl-L-Cysteine (NAC) 2":0.0109,"Nicotinamide Riboside Chloride (NR)":0.0182,"Zeaxanthin":0.0071,"Phosphorus":0.0196,"Astaxanthin (Natural)":0.0035,"Boron Glycinate":0.0469,"CaAKG":0.0107,"Ashwagandha KSM66":0.0077,"Calcium L-5- Methyltetrahydrofolate (L-5-MTHF-Ca)":0.0419,"Cocoa Powder (Non-Alkalised) 8+% Flavanols":0.0042,"Red Yeast Rice (2% Monacolin K)":0.0071,"Creatine Monohydrate":0.0652,"Ginger":0.0015,"Glucosamine Sulfate KCI":0.0557,"Grape Seed Extract 90% polyphenols":0.0039,"Broccoli Extract (glucoraphanin 10%)":0.0276,"Glycine":0.0208,"Theanine":0.0153,"Lactobacillus Acidophilus":0.0322,"Lithium orotate":0.0025,"Pomegranate Juice Extract (50% Polyphenols)":0.0702,"Potassium Iodate":0.042,"Rhodiola 3% Rosavins / Salidroside 1%":0.013,"Selenium":0.0015,"Glutathione reduced":0.056,"Lutein":0.0088,"Luteolin":0.008,"Cinnamon powder (ceylon) organic":0.0157,"Sodium Hyaluronate":0.0071,"Spermidine":0.0256,"Vitamin B1 (Thiamine HCl)":0.0051,"Vitamin B12 (Methylcobalamin)":0.0789,"Vitamin B2 (Riboflavin-5-Phosphate)":0.0508,"Vitamin B3 (Niacinamide)":0.0434,"Vitamin B5 (Calcium-D-Pantothenate)":0.0065,"Vitamin B6 (Pyridoxal-5- Phosphate)":0.0466,"Vitamin B7 (D-Biotin)":0.0281,"Vitamin C (Ascorbic Acid)":0.0051,"Vitamin D Veg D3":0.0297,"Vitamin E (d-alpha tocopherol)":0.0278,"Vitamin K1":0.0118,"Vitamin K2 MK-7 MCT Oil":0.0346,"Vitamin K2 MK-4 MCT Oil":0.0226,"Sunflower lecithin non-GMO":0.0323,"Phosphatidylcholine":0.0072,"Choline":0.0034,"Lycopene":0.0371,"Lysine":0.0103,"Taurine":0.0168,"Glucoraphanin":0.0249,"Ubiquinol":0.0041,"Zinc Citrate":0.005,"Fiber":0.0007,"Blueberries":0.0603,"Macadamia nuts":0.0148,"Walnuts":0.0202,"Omega 3":0.0277,"Omega 6":0.0512,"Calcium":0.0108,"EVOO polyphenols":0.0036,"Oleic acid":0.0355,"Protein (plant)":0.0039,"Copper":0.0221,"Caffeine":0.0406,"Magnesium Citrate":0.0422,"Manganese Citrate":0.0867,"Curcuminoids":0.004,"Fisetin (smoketree extract)":0.0267,"Garlic extract 12:1 odorless":0.0363,"Genistein (Japonica extract)":0.0157,"Milled Golden Flaxseed":0.0123,"SDG lignan":0.0163,"Phosphatidylinositol":0.007,"Phosphatidylethanolamine":0.043}],"vo2_max":32.7196}
