{"personal_data":[{"age":67,"gender":"F"}],"fitness_data":[{"Backwards Sled, 2 min":4,"Posture exercises":2,"Tricep extensions":2,"Face pulls":2,"Butterfly":3,"Band pull apart (back muscles)":3,"Back extensions (on a hyperextension)":1,"Obliques (each side, on a hyperextension)":1,"StretchesKneeling shin_Kneeling shin_":2,"StretchesHip flexor_Hip flexor_":6,"StretchesCouch_Couch_":2,"Leg raises (for abdomen)":0,"Seated calf raises":3,"Poliquin step ups":0,"Slant board squats":2,"ATG Split squats":3,"Nordics":3,"Reverse Nordics":3,"Tibialis raises,":2,"IsoTib ankle rotations":5,"Pull ups":1,"Chin ups":1,"10 min HIIT":1}],"supplement_vars":[{"N-Acetyl-L-Cysteine (NAC)":0.0073,"N-Acetyl-L-Cysteine (NAC) 2":0.0061,"Nicotinamide Riboside Chloride (NR)":0.0127,"Zeaxanthin":0.0086,"Phosphorus":0.0245,"Astaxanthin (Natural)":0.0107,"Boron Glycinate":0.0395,"CaAKG":0.0064,"Ashwagandha KSM66":0.0058,"Calcium L-5- Methyltetrahydrofolate (L-5-MTHF-Ca)":0.0143,"Cocoa Powder (Non-Alkalised) 8+% Flavanols":0.0168,"Red Yeast Rice (2% Monacolin K)":0.0287,"Creatine Monohydrate":0.0563,"Ginger":0.051,"Glucosamine Sulfate KCI":0.0272,"Grape Seed Extract 90% polyphenols":0.013,"Broccoli Extract (glucoraphanin 10%)":0.0337,"Glycine":0.0082,"Theanine":0.0018,"Lactobacillus Acidophilus":0.0446,"Lithium orotate":0.0037,"Pomegranate Juice Extract (50% Polyphenols)":0.0073,"Potassium Iodate":0.0378,"Rhodiola 3% Rosavins / Salidroside 1%":0.0201,"Selenium":0.021,"Glutathione reduced":0.0041,"Lutein":0.0098,"Luteolin":0.0015,"Cinnamon powder (ceylon) organic":0.0247,"Sodium Hyaluronate":0.0045,"Spermidine":0.0828,"Vitamin B1 (Thiamine HCl)":0.0046,"Vitamin B12 (Methylcobalamin)":0.0556,"Vitamin B2 (Riboflavin-5-Phosphate)":0.0429,"Vitamin B3 (Niacinamide)":0.0416,"Vitamin B5 (Calcium-D-Pantothenate)":0.0112,"Vitamin B6 (Pyridoxal-5- Phosphate)":0.0384,"Vitamin B7 (D-Biotin)":0.0113,"Vitamin C (Ascorbic Acid)":0.0113,"Vitamin D Veg D3":0.0393,"Vitamin E (d-alpha tocopherol)":0.0273,"Vitamin K1":0.0051,"Vitamin K2 MK-7 MCT Oil":0.0263,"Vitamin K2 MK-4 MCT Oil":0.0098,"Sunflower lecithin non-GMO":0.0053,"Phosphatidylcholine":0.0127,"Choline":0.0521,"Lycopene":0.0341,"Lysine":0.0077,"Taurine":0.0294,"Glucoraphanin":0.0234,"Ubiquinol":0.013,"Zinc Citrate":0.0228,"Fiber":0.0013,"Blueberries":0.0221,"Macadamia nuts":0.056,"Walnuts":0.0254,"Omega 3":0.0112,"Omega 6":0.0358,"Calcium":0.0346,"EVOO polyphenols":0.0051,"Oleic acid":0.0239,"Protein (plant)":0.003,"Copper":0.0201,"Caffeine":0.0425,"Magnesium Citrate":0.0544,"Manganese Citrate":0.0376,"Curcuminoids":0.0143,"Fisetin (smoketree extract)":0.0336,"Garlic extract 12:1 odorless":0.0104,"Genistein (Japonica extract)":0.0096,"Milled Golden Flaxseed":0.0051,"SDG lignan":0.0167,"Phosphatidylinositol":0.0023,"Phosphatidylethanolamine":0.014}],"vo2_max":21.8274}
