{"personal_data":[{"age":25,"gender":"F","name":"Berry Larkin-Jenkins"}],"fitness_data":[{"Backwards Sled, 2 min":3,"Posture exercises":3,"Tricep extensions":1,"Face pulls":1,"Butterfly":5,"Band pull apart (back muscles)":1,"Back extensions (on a hyperextension)":1,"Obliques (each side, on a hyperextension)":0,"StretchesKneeling shin_Kneeling shin_":0,"StretchesHip flexor_Hip flexor_":1,"StretchesCouch_Couch_":2,"Leg raises (for abdomen)":4,"Seated calf raises":3,"Poliquin step ups":2,"Slant board squats":0,"ATG Split squats":4,"Nordics":3,"Reverse Nordics":1,"Tibialis raises,":0,"IsoTib ankle rotations":6,"Pull ups":4,"Chin ups":3,"10 min HIIT":0}],"supplement_vars":[{"N-Acetyl-L-Cysteine (NAC)":0.0185,"N-Acetyl-L-Cysteine (NAC) 2":0.011,"Nicotinamide Riboside Chloride (NR)":0.0099,"Zeaxanthin":0.0063,"Phosphorus":0.0315,"Astaxanthin (Natural)":0.02,"Boron Glycinate":0.0372,"CaAKG":0.0047,"Ashwagandha KSM66":0.0015,"Calcium L-5- Methyltetrahydrofolate (L-5-MTHF-Ca)":0.0364,"Cocoa Powder (Non-Alkalised) 8+% Flavanols":0.0084,"Red Yeast Rice (2% Monacolin K)":0.0338,"Creatine Monohydrate":0.0267,"Ginger":0.0789,"Glucosamine Sulfate KCI":0.054,"Grape Seed Extract 90% polyphenols":0.0083,"Broccoli Extract (glucoraphanin 10%)":0.0331,"Glycine":0.0311,"Theanine":0.0038,"Lactobacillus Acidophilus":0.0083,"Lithium orotate":0.004,"Pomegranate Juice Extract (50% Polyphenols)":0.0168,"Potassium Iodate":0.0096,"Rhodiola 3% Rosavins / Salidroside 1%":0.0173,"Selenium":0.0221,"Glutathione reduced":0.0061,"Lutein":0.0173,"Luteolin":0.0065,"Cinnamon powder (ceylon) organic":0.0252,"Sodium Hyaluronate":0.0072,"Spermidine":0.0073,"Vitamin B1 (Thiamine HCl)":0.0113,"Vitamin B12 (Methylcobalamin)":0.0228,"Vitamin B2 (Riboflavin-5-Phosphate)":0.0364,"Vitamin B3 (Niacinamide)":0.0184,"Vitamin B5 (Calcium-D-Pantothenate)":0.0214,"Vitamin B6 (Pyridoxal-5- Phosphate)":0.0117,"Vitamin B7 (D-Biotin)":0.0237,"Vitamin C (Ascorbic Acid)":0.0085,"Vitamin D Veg D3":0.0254,"Vitamin E (d-alpha tocopherol)":0.0392,"Vitamin K1":0.0538,"Vitamin K2 MK-7 MCT Oil":0.0144,"Vitamin K2 MK-4 MCT Oil":0.0316,"Sunflower lecithin non-GMO":0.029,"Phosphatidylcholine":0.0169,"Choline":0.05,"Lycopene":0.0362,"Lysine":0.0128,"Taurine":0.0066,"Glucoraphanin":0.0336,"Ubiquinol":0.0038,"Zinc Citrate":0.0173,"Fiber":0.0006,"Blueberries":0.0227,"Macadamia nuts":0.0375,"Walnuts":0.0196,"Omega 3":0.0034,"Omega 6":0.0347,"Calcium":0.0574,"EVOO polyphenols":0.0042,"Oleic acid":0.0151,"Protein (plant)":0.0044,"Copper":0.0236,"Caffeine":0.0627,"Magnesium Citrate":0.0144,"Manganese Citrate":0.0599,"Curcuminoids":0.0281,"Fisetin (smoketree extract)":0.0113,"Garlic extract 12:1 odorless":0.0263,"Genistein (Japonica extract)":0.0198,"Milled Golden Flaxseed":0.022,"SDG lignan":0.0086,"Phosphatidylinositol":0.0161,"Phosphatidylethanolamine":0.0276}],"vo2_max":35.194}
