{"personal_data":[{"age":39,"gender":"M","name":"Arlie Braun"}],"fitness_data":[{"Backwards Sled, 2 min":2,"Posture exercises":2,"Tricep extensions":3,"Face pulls":4,"Butterfly":5,"Band pull apart (back muscles)":4,"Back extensions (on a hyperextension)":4,"Obliques (each side, on a hyperextension)":2,"StretchesKneeling shin_Kneeling shin_":3,"StretchesHip flexor_Hip flexor_":2,"StretchesCouch_Couch_":1,"Leg raises (for abdomen)":3,"Seated calf raises":1,"Poliquin step ups":1,"Slant board squats":2,"ATG Split squats":4,"Nordics":5,"Reverse Nordics":2,"Tibialis raises,":2,"IsoTib ankle rotations":1,"Pull ups":3,"Chin ups":3,"10 min HIIT":1}],"supplement_vars":[{"N-Acetyl-L-Cysteine (NAC)":0.0135,"N-Acetyl-L-Cysteine (NAC) 2":0.015,"Nicotinamide Riboside Chloride (NR)":0.0081,"Zeaxanthin":0.009,"Phosphorus":0.0031,"Astaxanthin (Natural)":0.0188,"Boron Glycinate":0.0306,"CaAKG":0.0126,"Ashwagandha KSM66":0.0044,"Calcium L-5- Methyltetrahydrofolate (L-5-MTHF-Ca)":0.0633,"Cocoa Powder (Non-Alkalised) 8+% Flavanols":0.0001,"Red Yeast Rice (2% Monacolin K)":0.0032,"Creatine Monohydrate":0.0194,"Ginger":0.0332,"Glucosamine Sulfate KCI":0.0578,"Grape Seed Extract 90% polyphenols":0.0027,"Broccoli Extract (glucoraphanin 10%)":0.0129,"Glycine":0.0224,"Theanine":0.0567,"Lactobacillus Acidophilus":0.009,"Lithium orotate":0.0038,"Pomegranate Juice Extract (50% Polyphenols)":0.0422,"Potassium Iodate":0.0292,"Rhodiola 3% Rosavins / Salidroside 1%":0.0595,"Selenium":0.0352,"Glutathione reduced":0.0566,"Lutein":0,"Luteolin":0.0046,"Cinnamon powder (ceylon) organic":0.0165,"Sodium Hyaluronate":0.0089,"Spermidine":0.0271,"Vitamin B1 (Thiamine HCl)":0.0134,"Vitamin B12 (Methylcobalamin)":0.0662,"Vitamin B2 (Riboflavin-5-Phosphate)":0.0382,"Vitamin B3 (Niacinamide)":0.035,"Vitamin B5 (Calcium-D-Pantothenate)":0.0097,"Vitamin B6 (Pyridoxal-5- Phosphate)":0.0162,"Vitamin B7 (D-Biotin)":0.0109,"Vitamin C (Ascorbic Acid)":0.0057,"Vitamin D Veg D3":0.0469,"Vitamin E (d-alpha tocopherol)":0.032,"Vitamin K1":0.0007,"Vitamin K2 MK-7 MCT Oil":0.017,"Vitamin K2 MK-4 MCT Oil":0.011,"Sunflower lecithin non-GMO":0.0325,"Phosphatidylcholine":0.0011,"Choline":0.0009,"Lycopene":0.0027,"Lysine":0.0129,"Taurine":0.0277,"Glucoraphanin":0.0022,"Ubiquinol":0.0073,"Zinc Citrate":0.0051,"Fiber":0.0028,"Blueberries":0.0251,"Macadamia nuts":0.0635,"Walnuts":0.0079,"Omega 3":0.0278,"Omega 6":0.0205,"Calcium":0.0126,"EVOO polyphenols":0.0055,"Oleic acid":0.0102,"Protein (plant)":0.0014,"Copper":0.0221,"Caffeine":0.0338,"Magnesium Citrate":0.0509,"Manganese Citrate":0.0566,"Curcuminoids":0.0297,"Fisetin (smoketree extract)":0.0139,"Garlic extract 12:1 odorless":0.0222,"Genistein (Japonica extract)":0.0001,"Milled Golden Flaxseed":0.0081,"SDG lignan":0.0037,"Phosphatidylinositol":0.0139,"Phosphatidylethanolamine":0.0035}],"vo2_max":32.0876}
