{"personal_data":[{"age":21,"gender":"F"}],"fitness_data":[{"Backwards Sled, 2 min":2,"Posture exercises":2,"Tricep extensions":1,"Face pulls":4,"Butterfly":3,"Band pull apart (back muscles)":3,"Back extensions (on a hyperextension)":1,"Obliques (each side, on a hyperextension)":3,"StretchesKneeling shin_Kneeling shin_":4,"StretchesHip flexor_Hip flexor_":6,"StretchesCouch_Couch_":1,"Leg raises (for abdomen)":2,"Seated calf raises":1,"Poliquin step ups":0,"Slant board squats":4,"ATG Split squats":3,"Nordics":2,"Reverse Nordics":3,"Tibialis raises,":0,"IsoTib ankle rotations":1,"Pull ups":3,"Chin ups":4,"10 min HIIT":3}],"supplement_vars":[{"N-Acetyl-L-Cysteine (NAC)":0.0101,"N-Acetyl-L-Cysteine (NAC) 2":0.0059,"Nicotinamide Riboside Chloride (NR)":0.0155,"Zeaxanthin":0.0137,"Phosphorus":0.0378,"Astaxanthin (Natural)":0.0019,"Boron Glycinate":0.0118,"CaAKG":0.0102,"Ashwagandha KSM66":0.0064,"Calcium L-5- Methyltetrahydrofolate (L-5-MTHF-Ca)":0.0392,"Cocoa Powder (Non-Alkalised) 8+% Flavanols":0.0079,"Red Yeast Rice (2% Monacolin K)":0.0293,"Creatine Monohydrate":0.0258,"Ginger":0.0105,"Glucosamine Sulfate KCI":0.0384,"Grape Seed Extract 90% polyphenols":0.0122,"Broccoli Extract (glucoraphanin 10%)":0.0266,"Glycine":0.0193,"Theanine":0.004,"Lactobacillus Acidophilus":0.0614,"Lithium orotate":0.0036,"Pomegranate Juice Extract (50% Polyphenols)":0.0595,"Potassium Iodate":0.0048,"Rhodiola 3% Rosavins / Salidroside 1%":0.0336,"Selenium":0.0048,"Glutathione reduced":0.0295,"Lutein":0.0184,"Luteolin":0.0004,"Cinnamon powder (ceylon) organic":0.0014,"Sodium Hyaluronate":0.0023,"Spermidine":0.0666,"Vitamin B1 (Thiamine HCl)":0.0096,"Vitamin B12 (Methylcobalamin)":0.0394,"Vitamin B2 (Riboflavin-5-Phosphate)":0.0434,"Vitamin B3 (Niacinamide)":0.0344,"Vitamin B5 (Calcium-D-Pantothenate)":0.0156,"Vitamin B6 (Pyridoxal-5- Phosphate)":0.0101,"Vitamin B7 (D-Biotin)":0.0317,"Vitamin C (Ascorbic Acid)":0.0067,"Vitamin D Veg D3":0.02,"Vitamin E (d-alpha tocopherol)":0.0337,"Vitamin K1":0.0613,"Vitamin K2 MK-7 MCT Oil":0.0037,"Vitamin K2 MK-4 MCT Oil":0.0361,"Sunflower lecithin non-GMO":0.02,"Phosphatidylcholine":0.0228,"Choline":0.0234,"Lycopene":0.057,"Lysine":0.0028,"Taurine":0.003,"Glucoraphanin":0.0056,"Ubiquinol":0.006,"Zinc Citrate":0.0221,"Fiber":0.0059,"Blueberries":0.052,"Macadamia nuts":0.033,"Walnuts":0.0018,"Omega 3":0.0372,"Omega 6":0.0021,"Calcium":0.0004,"EVOO polyphenols":0.0002,"Oleic acid":0.0186,"Protein (plant)":0.0041,"Copper":0.0157,"Caffeine":0.0307,"Magnesium Citrate":0.0322,"Manganese Citrate":0.0264,"Curcuminoids":0.0491,"Fisetin (smoketree extract)":0.0304,"Garlic extract 12:1 odorless":0.0185,"Genistein (Japonica extract)":0.0091,"Milled Golden Flaxseed":0.0113,"SDG lignan":0.0393,"Phosphatidylinositol":0.0209,"Phosphatidylethanolamine":0.0181}],"vo2_max":37.4373}
