{"personal_data":[{"age":53,"gender":"M","name":"Mr. Mae Cronin Sr."}],"fitness_data":[{"Backwards Sled, 2 min":2,"Posture exercises":0,"Tricep extensions":1,"Face pulls":0,"Butterfly":5,"Band pull apart (back muscles)":4,"Back extensions (on a hyperextension)":1,"Obliques (each side, on a hyperextension)":2,"StretchesKneeling shin_Kneeling shin_":3,"StretchesHip flexor_Hip flexor_":1,"StretchesCouch_Couch_":3,"Leg raises (for abdomen)":4,"Seated calf raises":3,"Poliquin step ups":1,"Slant board squats":5,"ATG Split squats":1,"Nordics":6,"Reverse Nordics":4,"Tibialis raises,":3,"IsoTib ankle rotations":5,"Pull ups":3,"Chin ups":4,"10 min HIIT":1}],"supplement_vars":[{"N-Acetyl-L-Cysteine (NAC)":0.0078,"N-Acetyl-L-Cysteine (NAC) 2":0.0123,"Nicotinamide Riboside Chloride (NR)":0.0122,"Zeaxanthin":0.0118,"Phosphorus":0.0306,"Astaxanthin (Natural)":0.0027,"Boron Glycinate":0.0433,"CaAKG":0.0065,"Ashwagandha KSM66":0.0002,"Calcium L-5- Methyltetrahydrofolate (L-5-MTHF-Ca)":0.0041,"Cocoa Powder (Non-Alkalised) 8+% Flavanols":0.0186,"Red Yeast Rice (2% Monacolin K)":0.001,"Creatine Monohydrate":0.0454,"Ginger":0.0322,"Glucosamine Sulfate KCI":0.0272,"Grape Seed Extract 90% polyphenols":0.006,"Broccoli Extract (glucoraphanin 10%)":0.0148,"Glycine":0.031,"Theanine":0.0376,"Lactobacillus Acidophilus":0.0103,"Lithium orotate":0.0019,"Pomegranate Juice Extract (50% Polyphenols)":0.0007,"Potassium Iodate":0.0445,"Rhodiola 3% Rosavins / Salidroside 1%":0.0125,"Selenium":0.0202,"Glutathione reduced":0.0331,"Lutein":0.0126,"Luteolin":0.0003,"Cinnamon powder (ceylon) organic":0.0043,"Sodium Hyaluronate":0.008,"Spermidine":0.0103,"Vitamin B1 (Thiamine HCl)":0.0145,"Vitamin B12 (Methylcobalamin)":0.024,"Vitamin B2 (Riboflavin-5-Phosphate)":0.0287,"Vitamin B3 (Niacinamide)":0.0546,"Vitamin B5 (Calcium-D-Pantothenate)":0.0056,"Vitamin B6 (Pyridoxal-5- Phosphate)":0.0104,"Vitamin B7 (D-Biotin)":0.0308,"Vitamin C (Ascorbic Acid)":0.0052,"Vitamin D Veg D3":0.0236,"Vitamin E (d-alpha tocopherol)":0.0282,"Vitamin K1":0.0438,"Vitamin K2 MK-7 MCT Oil":0.0203,"Vitamin K2 MK-4 MCT Oil":0.0169,"Sunflower lecithin non-GMO":0.0424,"Phosphatidylcholine":0.0241,"Choline":0.0332,"Lycopene":0.0025,"Lysine":0.0047,"Taurine":0.0066,"Glucoraphanin":0.0136,"Ubiquinol":0.004,"Zinc Citrate":0.0119,"Fiber":0.002,"Blueberries":0.0658,"Macadamia nuts":0.0416,"Walnuts":0.0497,"Omega 3":0.0471,"Omega 6":0.0409,"Calcium":0.0431,"EVOO polyphenols":0.0045,"Oleic acid":0.005,"Protein (plant)":0.003,"Copper":0.0047,"Caffeine":0.0487,"Magnesium Citrate":0.0433,"Manganese Citrate":0.0902,"Curcuminoids":0.0443,"Fisetin (smoketree extract)":0.0158,"Garlic extract 12:1 odorless":0.0177,"Genistein (Japonica extract)":0.0097,"Milled Golden Flaxseed":0.0122,"SDG lignan":0.0537,"Phosphatidylinositol":0.0139,"Phosphatidylethanolamine":0.0352}],"vo2_max":27.2941}
