{"personal_data":[{"age":43,"gender":"M","name":"Ms. Danna Hagenes"}],"fitness_data":[{"Backwards Sled, 2 min":4,"Posture exercises":2,"Tricep extensions":3,"Face pulls":0,"Butterfly":5,"Band pull apart (back muscles)":3,"Back extensions (on a hyperextension)":0,"Obliques (each side, on a hyperextension)":0,"StretchesKneeling shin_Kneeling shin_":4,"StretchesHip flexor_Hip flexor_":1,"StretchesCouch_Couch_":2,"Leg raises (for abdomen)":4,"Seated calf raises":3,"Poliquin step ups":1,"Slant board squats":1,"ATG Split squats":3,"Nordics":4,"Reverse Nordics":3,"Tibialis raises,":3,"IsoTib ankle rotations":4,"Pull ups":1,"Chin ups":2,"10 min HIIT":4}],"supplement_vars":[{"N-Acetyl-L-Cysteine (NAC)":0.0086,"N-Acetyl-L-Cysteine (NAC) 2":0.0007,"Nicotinamide Riboside Chloride (NR)":0.0171,"Zeaxanthin":0.0056,"Phosphorus":0.0145,"Astaxanthin (Natural)":0.0034,"Boron Glycinate":0.0431,"CaAKG":0.0051,"Ashwagandha KSM66":0.007,"Calcium L-5- Methyltetrahydrofolate (L-5-MTHF-Ca)":0.0683,"Cocoa Powder (Non-Alkalised) 8+% Flavanols":0.0158,"Red Yeast Rice (2% Monacolin K)":0.0225,"Creatine Monohydrate":0.0244,"Ginger":0.0156,"Glucosamine Sulfate KCI":0,"Grape Seed Extract 90% polyphenols":0.0048,"Broccoli Extract (glucoraphanin 10%)":0.0183,"Glycine":0.0164,"Theanine":0.0193,"Lactobacillus Acidophilus":0.059,"Lithium orotate":0.0031,"Pomegranate Juice Extract (50% Polyphenols)":0.0695,"Potassium Iodate":0.0116,"Rhodiola 3% Rosavins / Salidroside 1%":0.048,"Selenium":0.0226,"Glutathione reduced":0.0232,"Lutein":0.0131,"Luteolin":0.0087,"Cinnamon powder (ceylon) organic":0.0197,"Sodium Hyaluronate":0.0079,"Spermidine":0.0466,"Vitamin B1 (Thiamine HCl)":0.015,"Vitamin B12 (Methylcobalamin)":0.0784,"Vitamin B2 (Riboflavin-5-Phosphate)":0.0123,"Vitamin B3 (Niacinamide)":0.0202,"Vitamin B5 (Calcium-D-Pantothenate)":0.0008,"Vitamin B6 (Pyridoxal-5- Phosphate)":0.0167,"Vitamin B7 (D-Biotin)":0.0099,"Vitamin C (Ascorbic Acid)":0.0125,"Vitamin D Veg D3":0.0081,"Vitamin E (d-alpha tocopherol)":0.042,"Vitamin K1":0.0253,"Vitamin K2 MK-7 MCT Oil":0.0183,"Vitamin K2 MK-4 MCT Oil":0.0069,"Sunflower lecithin non-GMO":0.0302,"Phosphatidylcholine":0.0335,"Choline":0.0197,"Lycopene":0.0345,"Lysine":0.0001,"Taurine":0.01,"Glucoraphanin":0.003,"Ubiquinol":0.0009,"Zinc Citrate":0.0225,"Fiber":0.0033,"Blueberries":0.0656,"Macadamia nuts":0.0703,"Walnuts":0.0201,"Omega 3":0.0492,"Omega 6":0.0336,"Calcium":0.0329,"EVOO polyphenols":0.001,"Oleic acid":0.0199,"Protein (plant)":0.0019,"Copper":0.0085,"Caffeine":0.0181,"Magnesium Citrate":0.0307,"Manganese Citrate":0.0251,"Curcuminoids":0.0453,"Fisetin (smoketree extract)":0.0324,"Garlic extract 12:1 odorless":0.0301,"Genistein (Japonica extract)":0.0085,"Milled Golden Flaxseed":0.0196,"SDG lignan":0.0269,"Phosphatidylinositol":0.0206,"Phosphatidylethanolamine":0.0388}],"vo2_max":29.0137}
