{"personal_data":[{"age":71,"gender":"F","name":"Harris Corwin"}],"fitness_data":[{"Backwards Sled, 2 min":2,"Posture exercises":1,"Tricep extensions":4,"Face pulls":2,"Butterfly":3,"Band pull apart (back muscles)":3,"Back extensions (on a hyperextension)":2,"Obliques (each side, on a hyperextension)":2,"StretchesKneeling shin_Kneeling shin_":1,"StretchesHip flexor_Hip flexor_":3,"StretchesCouch_Couch_":2,"Leg raises (for abdomen)":0,"Seated calf raises":4,"Poliquin step ups":2,"Slant board squats":4,"ATG Split squats":1,"Nordics":1,"Reverse Nordics":1,"Tibialis raises,":1,"IsoTib ankle rotations":6,"Pull ups":4,"Chin ups":3,"10 min HIIT":3}],"supplement_vars":[{"N-Acetyl-L-Cysteine (NAC)":0.0139,"N-Acetyl-L-Cysteine (NAC) 2":0.0088,"Nicotinamide Riboside Chloride (NR)":0.0044,"Zeaxanthin":0.0101,"Phosphorus":0.0049,"Astaxanthin (Natural)":0.0211,"Boron Glycinate":0.0035,"CaAKG":0.0035,"Ashwagandha KSM66":0.0021,"Calcium L-5- Methyltetrahydrofolate (L-5-MTHF-Ca)":0.0363,"Cocoa Powder (Non-Alkalised) 8+% Flavanols":0.0188,"Red Yeast Rice (2% Monacolin K)":0.0217,"Creatine Monohydrate":0.0695,"Ginger":0.0528,"Glucosamine Sulfate KCI":0.0683,"Grape Seed Extract 90% polyphenols":0.0129,"Broccoli Extract (glucoraphanin 10%)":0.0301,"Glycine":0.0226,"Theanine":0.0284,"Lactobacillus Acidophilus":0.0322,"Lithium orotate":0.0022,"Pomegranate Juice Extract (50% Polyphenols)":0.0131,"Potassium Iodate":0.0202,"Rhodiola 3% Rosavins / Salidroside 1%":0.0346,"Selenium":0.0123,"Glutathione reduced":0.0017,"Lutein":0.0213,"Luteolin":0.0017,"Cinnamon powder (ceylon) organic":0.0157,"Sodium Hyaluronate":0.0006,"Spermidine":0.0205,"Vitamin B1 (Thiamine HCl)":0.0098,"Vitamin B12 (Methylcobalamin)":0.0612,"Vitamin B2 (Riboflavin-5-Phosphate)":0.0021,"Vitamin B3 (Niacinamide)":0.0087,"Vitamin B5 (Calcium-D-Pantothenate)":0.0047,"Vitamin B6 (Pyridoxal-5- Phosphate)":0.0098,"Vitamin B7 (D-Biotin)":0.0149,"Vitamin C (Ascorbic Acid)":0.0038,"Vitamin D Veg D3":0.0212,"Vitamin E (d-alpha tocopherol)":0.0417,"Vitamin K1":0.0281,"Vitamin K2 MK-7 MCT Oil":0.019,"Vitamin K2 MK-4 MCT Oil":0.0324,"Sunflower lecithin non-GMO":0.0315,"Phosphatidylcholine":0.0191,"Choline":0.06,"Lycopene":0.0619,"Lysine":0.0121,"Taurine":0.0062,"Glucoraphanin":0.022,"Ubiquinol":0.0058,"Zinc Citrate":0.0041,"Fiber":0.0046,"Blueberries":0.0688,"Macadamia nuts":0.0626,"Walnuts":0.0674,"Omega 3":0.0242,"Omega 6":0.0532,"Calcium":0.0591,"EVOO polyphenols":0.0069,"Oleic acid":0.0304,"Protein (plant)":0.002,"Copper":0.0064,"Caffeine":0.0235,"Magnesium Citrate":0.0125,"Manganese Citrate":0.0964,"Curcuminoids":0.027,"Fisetin (smoketree extract)":0.0116,"Garlic extract 12:1 odorless":0.0285,"Genistein (Japonica extract)":0.0152,"Milled Golden Flaxseed":0.0121,"SDG lignan":0.0343,"Phosphatidylinositol":0.0128,"Phosphatidylethanolamine":0.0307}],"vo2_max":18.1186}
