{"personal_data":[{"age":65,"gender":"M","name":"Miss Karli Beer DDS"}],"fitness_data":[{"Backwards Sled, 2 min":4,"Posture exercises":2,"Tricep extensions":1,"Face pulls":3,"Butterfly":3,"Band pull apart (back muscles)":3,"Back extensions (on a hyperextension)":4,"Obliques (each side, on a hyperextension)":2,"StretchesKneeling shin_Kneeling shin_":1,"StretchesHip flexor_Hip flexor_":6,"StretchesCouch_Couch_":3,"Leg raises (for abdomen)":2,"Seated calf raises":2,"Poliquin step ups":0,"Slant board squats":3,"ATG Split squats":6,"Nordics":4,"Reverse Nordics":2,"Tibialis raises,":0,"IsoTib ankle rotations":4,"Pull ups":1,"Chin ups":4,"10 min HIIT":3}],"supplement_vars":[{"N-Acetyl-L-Cysteine (NAC)":0.0062,"N-Acetyl-L-Cysteine (NAC) 2":0.003,"Nicotinamide Riboside Chloride (NR)":0.0158,"Zeaxanthin":0.0132,"Phosphorus":0.0303,"Astaxanthin (Natural)":0.0073,"Boron Glycinate":0.0147,"CaAKG":0.009,"Ashwagandha KSM66":0.0056,"Calcium L-5- Methyltetrahydrofolate (L-5-MTHF-Ca)":0.0016,"Cocoa Powder (Non-Alkalised) 8+% Flavanols":0.0218,"Red Yeast Rice (2% Monacolin K)":0.01,"Creatine Monohydrate":0.0252,"Ginger":0.0675,"Glucosamine Sulfate KCI":0.0079,"Grape Seed Extract 90% polyphenols":0.0028,"Broccoli Extract (glucoraphanin 10%)":0.0255,"Glycine":0.0123,"Theanine":0.0003,"Lactobacillus Acidophilus":0.0504,"Lithium orotate":0.0056,"Pomegranate Juice Extract (50% Polyphenols)":0.0551,"Potassium Iodate":0.0237,"Rhodiola 3% Rosavins / Salidroside 1%":0.0215,"Selenium":0.0079,"Glutathione reduced":0.044,"Lutein":0.0229,"Luteolin":0.0044,"Cinnamon powder (ceylon) organic":0.0093,"Sodium Hyaluronate":0.0031,"Spermidine":0.0509,"Vitamin B1 (Thiamine HCl)":0.0167,"Vitamin B12 (Methylcobalamin)":0.0151,"Vitamin B2 (Riboflavin-5-Phosphate)":0.0408,"Vitamin B3 (Niacinamide)":0.0235,"Vitamin B5 (Calcium-D-Pantothenate)":0.0039,"Vitamin B6 (Pyridoxal-5- Phosphate)":0.031,"Vitamin B7 (D-Biotin)":0.0349,"Vitamin C (Ascorbic Acid)":0.0031,"Vitamin D Veg D3":0.0437,"Vitamin E (d-alpha tocopherol)":0.0469,"Vitamin K1":0.0462,"Vitamin K2 MK-7 MCT Oil":0.0173,"Vitamin K2 MK-4 MCT Oil":0.0253,"Sunflower lecithin non-GMO":0.0071,"Phosphatidylcholine":0.0034,"Choline":0.0335,"Lycopene":0.0128,"Lysine":0.0031,"Taurine":0.0023,"Glucoraphanin":0.0113,"Ubiquinol":0.002,"Zinc Citrate":0.0187,"Fiber":0.0032,"Blueberries":0.0411,"Macadamia nuts":0.0414,"Walnuts":0.0119,"Omega 3":0.0201,"Omega 6":0.0253,"Calcium":0.0031,"EVOO polyphenols":0.0057,"Oleic acid":0.0287,"Protein (plant)":0.0018,"Copper":0.0114,"Caffeine":0.0051,"Magnesium Citrate":0.018,"Manganese Citrate":0.0709,"Curcuminoids":0.0494,"Fisetin (smoketree extract)":0.0054,"Garlic extract 12:1 odorless":0.0272,"Genistein (Japonica extract)":0.0174,"Milled Golden Flaxseed":0.0005,"SDG lignan":0.0111,"Phosphatidylinositol":0.0092,"Phosphatidylethanolamine":0.0533}],"vo2_max":24.6166}
