{"personal_data":[{"age":32,"gender":"M","name":"Dolphus Adams"}],"fitness_data":[{"Backwards Sled, 2 min":2,"Posture exercises":1,"Tricep extensions":0,"Face pulls":4,"Butterfly":2,"Band pull apart (back muscles)":1,"Back extensions (on a hyperextension)":3,"Obliques (each side, on a hyperextension)":3,"StretchesKneeling shin_Kneeling shin_":1,"StretchesHip flexor_Hip flexor_":2,"StretchesCouch_Couch_":1,"Leg raises (for abdomen)":0,"Seated calf raises":2,"Poliquin step ups":1,"Slant board squats":4,"ATG Split squats":0,"Nordics":1,"Reverse Nordics":3,"Tibialis raises,":3,"IsoTib ankle rotations":5,"Pull ups":1,"Chin ups":3,"10 min HIIT":2}],"supplement_vars":[{"N-Acetyl-L-Cysteine (NAC)":0.0007,"N-Acetyl-L-Cysteine (NAC) 2":0.007,"Nicotinamide Riboside Chloride (NR)":0.0026,"Zeaxanthin":0.0127,"Phosphorus":0.0297,"Astaxanthin (Natural)":0.0156,"Boron Glycinate":0.0101,"CaAKG":0.0047,"Ashwagandha KSM66":0.0043,"Calcium L-5- Methyltetrahydrofolate (L-5-MTHF-Ca)":0.0498,"Cocoa Powder (Non-Alkalised) 8+% Flavanols":0.0076,"Red Yeast Rice (2% Monacolin K)":0.0163,"Creatine Monohydrate":0.0126,"Ginger":0.0139,"Glucosamine Sulfate KCI":0.0368,"Grape Seed Extract 90% polyphenols":0.0061,"Broccoli Extract (glucoraphanin 10%)":0.026,"Glycine":0.025,"Theanine":0.0471,"Lactobacillus Acidophilus":0.0252,"Lithium orotate":0.0056,"Pomegranate Juice Extract (50% Polyphenols)":0.0619,"Potassium Iodate":0.0323,"Rhodiola 3% Rosavins / Salidroside 1%":0.0537,"Selenium":0.0143,"Glutathione reduced":0.0371,"Lutein":0.0167,"Luteolin":0.0017,"Cinnamon powder (ceylon) organic":0.0038,"Sodium Hyaluronate":0.0048,"Spermidine":0.0522,"Vitamin B1 (Thiamine HCl)":0.0019,"Vitamin B12 (Methylcobalamin)":0.0186,"Vitamin B2 (Riboflavin-5-Phosphate)":0.0585,"Vitamin B3 (Niacinamide)":0.0662,"Vitamin B5 (Calcium-D-Pantothenate)":0.0194,"Vitamin B6 (Pyridoxal-5- Phosphate)":0.0288,"Vitamin B7 (D-Biotin)":0.0336,"Vitamin C (Ascorbic Acid)":0.0058,"Vitamin D Veg D3":0.0046,"Vitamin E (d-alpha tocopherol)":0.0301,"Vitamin K1":0.0473,"Vitamin K2 MK-7 MCT Oil":0.0132,"Vitamin K2 MK-4 MCT Oil":0.0282,"Sunflower lecithin non-GMO":0.0425,"Phosphatidylcholine":0.025,"Choline":0.0589,"Lycopene":0.0457,"Lysine":0.0024,"Taurine":0.013,"Glucoraphanin":0.0196,"Ubiquinol":0.0075,"Zinc Citrate":0.0148,"Fiber":0.0041,"Blueberries":0.0263,"Macadamia nuts":0.0943,"Walnuts":0.009,"Omega 3":0.0036,"Omega 6":0.0672,"Calcium":0.0665,"EVOO polyphenols":0.0048,"Oleic acid":0.0073,"Protein (plant)":0.0017,"Copper":0.0084,"Caffeine":0.0595,"Magnesium Citrate":0.0404,"Manganese Citrate":0.0667,"Curcuminoids":0.0258,"Fisetin (smoketree extract)":0.0344,"Garlic extract 12:1 odorless":0.0262,"Genistein (Japonica extract)":0.0097,"Milled Golden Flaxseed":0.0238,"SDG lignan":0.0026,"Phosphatidylinositol":0.022,"Phosphatidylethanolamine":0.039}],"vo2_max":33.7242}
