{"personal_data":[{"age":80,"gender":"M","name":"Silvester Hyatt"}],"fitness_data":[{"Backwards Sled, 2 min":4,"Posture exercises":3,"Tricep extensions":3,"Face pulls":0,"Butterfly":1,"Band pull apart (back muscles)":1,"Back extensions (on a hyperextension)":3,"Obliques (each side, on a hyperextension)":2,"StretchesKneeling shin_Kneeling shin_":3,"StretchesHip flexor_Hip flexor_":1,"StretchesCouch_Couch_":2,"Leg raises (for abdomen)":1,"Seated calf raises":0,"Poliquin step ups":3,"Slant board squats":3,"ATG Split squats":6,"Nordics":1,"Reverse Nordics":1,"Tibialis raises,":1,"IsoTib ankle rotations":4,"Pull ups":0,"Chin ups":3,"10 min HIIT":3}],"supplement_vars":[{"N-Acetyl-L-Cysteine (NAC)":0.0003,"N-Acetyl-L-Cysteine (NAC) 2":0.0151,"Nicotinamide Riboside Chloride (NR)":0.0074,"Zeaxanthin":0.0021,"Phosphorus":0.0204,"Astaxanthin (Natural)":0.0233,"Boron Glycinate":0.0001,"CaAKG":0.01,"Ashwagandha KSM66":0.0088,"Calcium L-5- Methyltetrahydrofolate (L-5-MTHF-Ca)":0.0547,"Cocoa Powder (Non-Alkalised) 8+% Flavanols":0.007,"Red Yeast Rice (2% Monacolin K)":0.0033,"Creatine Monohydrate":0.0558,"Ginger":0.0069,"Glucosamine Sulfate KCI":0.0709,"Grape Seed Extract 90% polyphenols":0.0117,"Broccoli Extract (glucoraphanin 10%)":0.0096,"Glycine":0.0296,"Theanine":0.0255,"Lactobacillus Acidophilus":0.0661,"Lithium orotate":0.0067,"Pomegranate Juice Extract (50% Polyphenols)":0.0355,"Potassium Iodate":0.0101,"Rhodiola 3% Rosavins / Salidroside 1%":0.0009,"Selenium":0.0286,"Glutathione reduced":0.0047,"Lutein":0.0155,"Luteolin":0.0015,"Cinnamon powder (ceylon) organic":0.0175,"Sodium Hyaluronate":0.0021,"Spermidine":0.067,"Vitamin B1 (Thiamine HCl)":0.0139,"Vitamin B12 (Methylcobalamin)":0.078,"Vitamin B2 (Riboflavin-5-Phosphate)":0.0083,"Vitamin B3 (Niacinamide)":0.0504,"Vitamin B5 (Calcium-D-Pantothenate)":0.0013,"Vitamin B6 (Pyridoxal-5- Phosphate)":0.0142,"Vitamin B7 (D-Biotin)":0.0288,"Vitamin C (Ascorbic Acid)":0.001,"Vitamin D Veg D3":0.029,"Vitamin E (d-alpha tocopherol)":0.0115,"Vitamin K1":0.0507,"Vitamin K2 MK-7 MCT Oil":0.019,"Vitamin K2 MK-4 MCT Oil":0.0007,"Sunflower lecithin non-GMO":0.0217,"Phosphatidylcholine":0.0237,"Choline":0.0313,"Lycopene":0.0214,"Lysine":0.0125,"Taurine":0.0136,"Glucoraphanin":0.0014,"Ubiquinol":0.0043,"Zinc Citrate":0.0165,"Fiber":0.0049,"Blueberries":0.0693,"Macadamia nuts":0.0662,"Walnuts":0.0145,"Omega 3":0.0487,"Omega 6":0.055,"Calcium":0.001,"EVOO polyphenols":0.0038,"Oleic acid":0.0003,"Protein (plant)":0.0007,"Copper":0.0023,"Caffeine":0.0375,"Magnesium Citrate":0.0307,"Manganese Citrate":0.0185,"Curcuminoids":0.0303,"Fisetin (smoketree extract)":0.0195,"Garlic extract 12:1 odorless":0.0444,"Genistein (Japonica extract)":0.0077,"Milled Golden Flaxseed":0.0128,"SDG lignan":0.014,"Phosphatidylinositol":0.0117,"Phosphatidylethanolamine":0.0287}],"vo2_max":16.8739}
