{"personal_data":[{"age":52,"gender":"F","name":"Dr. Elwin Wolff"}],"fitness_data":[{"Backwards Sled, 2 min":4,"Posture exercises":1,"Tricep extensions":3,"Face pulls":3,"Butterfly":1,"Band pull apart (back muscles)":6,"Back extensions (on a hyperextension)":1,"Obliques (each side, on a hyperextension)":1,"StretchesKneeling shin_Kneeling shin_":3,"StretchesHip flexor_Hip flexor_":6,"StretchesCouch_Couch_":2,"Leg raises (for abdomen)":1,"Seated calf raises":2,"Poliquin step ups":1,"Slant board squats":7,"ATG Split squats":5,"Nordics":2,"Reverse Nordics":2,"Tibialis raises,":2,"IsoTib ankle rotations":1,"Pull ups":0,"Chin ups":4,"10 min HIIT":1}],"supplement_vars":[{"N-Acetyl-L-Cysteine (NAC)":0.0031,"N-Acetyl-L-Cysteine (NAC) 2":0.0097,"Nicotinamide Riboside Chloride (NR)":0.0044,"Zeaxanthin":0.0117,"Phosphorus":0.0399,"Astaxanthin (Natural)":0.0096,"Boron Glycinate":0.0467,"CaAKG":0.0125,"Ashwagandha KSM66":0.0038,"Calcium L-5- Methyltetrahydrofolate (L-5-MTHF-Ca)":0.0395,"Cocoa Powder (Non-Alkalised) 8+% Flavanols":0.0075,"Red Yeast Rice (2% Monacolin K)":0.0338,"Creatine Monohydrate":0.0266,"Ginger":0.0857,"Glucosamine Sulfate KCI":0.0525,"Grape Seed Extract 90% polyphenols":0.0056,"Broccoli Extract (glucoraphanin 10%)":0.0247,"Glycine":0.0009,"Theanine":0.0016,"Lactobacillus Acidophilus":0.0762,"Lithium orotate":0.0064,"Pomegranate Juice Extract (50% Polyphenols)":0.0489,"Potassium Iodate":0.0172,"Rhodiola 3% Rosavins / Salidroside 1%":0.0301,"Selenium":0.0025,"Glutathione reduced":0.0554,"Lutein":0.006,"Luteolin":0.0042,"Cinnamon powder (ceylon) organic":0.0206,"Sodium Hyaluronate":0.0061,"Spermidine":0.0476,"Vitamin B1 (Thiamine HCl)":0.0107,"Vitamin B12 (Methylcobalamin)":0.0077,"Vitamin B2 (Riboflavin-5-Phosphate)":0.0105,"Vitamin B3 (Niacinamide)":0.0679,"Vitamin B5 (Calcium-D-Pantothenate)":0.0095,"Vitamin B6 (Pyridoxal-5- Phosphate)":0.0411,"Vitamin B7 (D-Biotin)":0.0342,"Vitamin C (Ascorbic Acid)":0.0055,"Vitamin D Veg D3":0.0086,"Vitamin E (d-alpha tocopherol)":0.0028,"Vitamin K1":0.0395,"Vitamin K2 MK-7 MCT Oil":0.0102,"Vitamin K2 MK-4 MCT Oil":0.0096,"Sunflower lecithin non-GMO":0.0439,"Phosphatidylcholine":0.0107,"Choline":0.046,"Lycopene":0.0064,"Lysine":0.011,"Taurine":0.0367,"Glucoraphanin":0.032,"Ubiquinol":0.002,"Zinc Citrate":0.03,"Fiber":0.0044,"Blueberries":0.0284,"Macadamia nuts":0.068,"Walnuts":0.0655,"Omega 3":0.0182,"Omega 6":0.0659,"Calcium":0.0093,"EVOO polyphenols":0.004,"Oleic acid":0.0116,"Protein (plant)":0.0001,"Copper":0.0066,"Caffeine":0.0046,"Magnesium Citrate":0.0529,"Manganese Citrate":0.0118,"Curcuminoids":0.0511,"Fisetin (smoketree extract)":0.0255,"Garlic extract 12:1 odorless":0.015,"Genistein (Japonica extract)":0.0002,"Milled Golden Flaxseed":0.028,"SDG lignan":0.0292,"Phosphatidylinositol":0.0092,"Phosphatidylethanolamine":0.0362}],"vo2_max":28.4817}
