{"personal_data":[{"age":79,"gender":"F","name":"Abdullah Welch"}],"fitness_data":[{"Backwards Sled, 2 min":1,"Posture exercises":2,"Tricep extensions":3,"Face pulls":2,"Butterfly":2,"Band pull apart (back muscles)":3,"Back extensions (on a hyperextension)":3,"Obliques (each side, on a hyperextension)":4,"StretchesKneeling shin_Kneeling shin_":5,"StretchesHip flexor_Hip flexor_":4,"StretchesCouch_Couch_":1,"Leg raises (for abdomen)":1,"Seated calf raises":3,"Poliquin step ups":1,"Slant board squats":1,"ATG Split squats":3,"Nordics":2,"Reverse Nordics":1,"Tibialis raises,":1,"IsoTib ankle rotations":1,"Pull ups":2,"Chin ups":3,"10 min HIIT":4}],"supplement_vars":[{"N-Acetyl-L-Cysteine (NAC)":0.016,"N-Acetyl-L-Cysteine (NAC) 2":0.0086,"Nicotinamide Riboside Chloride (NR)":0.0102,"Zeaxanthin":0.0112,"Phosphorus":0.0103,"Astaxanthin (Natural)":0.017,"Boron Glycinate":0.0061,"CaAKG":0.0055,"Ashwagandha KSM66":0.0075,"Calcium L-5- Methyltetrahydrofolate (L-5-MTHF-Ca)":0.0323,"Cocoa Powder (Non-Alkalised) 8+% Flavanols":0.0175,"Red Yeast Rice (2% Monacolin K)":0.0191,"Creatine Monohydrate":0.0339,"Ginger":0.001,"Glucosamine Sulfate KCI":0.0422,"Grape Seed Extract 90% polyphenols":0.0015,"Broccoli Extract (glucoraphanin 10%)":0.0118,"Glycine":0.0045,"Theanine":0.0284,"Lactobacillus Acidophilus":0.0286,"Lithium orotate":0.0097,"Pomegranate Juice Extract (50% Polyphenols)":0.001,"Potassium Iodate":0.0196,"Rhodiola 3% Rosavins / Salidroside 1%":0.0071,"Selenium":0.0167,"Glutathione reduced":0.0006,"Lutein":0.0152,"Luteolin":0.0036,"Cinnamon powder (ceylon) organic":0.0177,"Sodium Hyaluronate":0.0027,"Spermidine":0.0802,"Vitamin B1 (Thiamine HCl)":0.0131,"Vitamin B12 (Methylcobalamin)":0.0505,"Vitamin B2 (Riboflavin-5-Phosphate)":0.0314,"Vitamin B3 (Niacinamide)":0.0341,"Vitamin B5 (Calcium-D-Pantothenate)":0.0112,"Vitamin B6 (Pyridoxal-5- Phosphate)":0.0298,"Vitamin B7 (D-Biotin)":0.022,"Vitamin C (Ascorbic Acid)":0.0104,"Vitamin D Veg D3":0.0205,"Vitamin E (d-alpha tocopherol)":0.0124,"Vitamin K1":0.0048,"Vitamin K2 MK-7 MCT Oil":0.001,"Vitamin K2 MK-4 MCT Oil":0.0256,"Sunflower lecithin non-GMO":0.0291,"Phosphatidylcholine":0.031,"Choline":0.0589,"Lycopene":0.0248,"Lysine":0.0076,"Taurine":0.041,"Glucoraphanin":0.017,"Ubiquinol":0.0135,"Zinc Citrate":0.0095,"Fiber":0.0057,"Blueberries":0.0477,"Macadamia nuts":0.0267,"Walnuts":0.0485,"Omega 3":0.0058,"Omega 6":0.0179,"Calcium":0.0447,"EVOO polyphenols":0.001,"Oleic acid":0.018,"Protein (plant)":0.0024,"Copper":0.0083,"Caffeine":0.059,"Magnesium Citrate":0.0432,"Manganese Citrate":0.0012,"Curcuminoids":0.0453,"Fisetin (smoketree extract)":0.0226,"Garlic extract 12:1 odorless":0.0062,"Genistein (Japonica extract)":0.0152,"Milled Golden Flaxseed":0.0022,"SDG lignan":0.0428,"Phosphatidylinositol":0.0033,"Phosphatidylethanolamine":0.0108}],"vo2_max":17.6662}
