{"personal_data":[{"age":53,"gender":"M","name":"Valencia Hessel"}],"fitness_data":[{"Backwards Sled, 2 min":1,"Posture exercises":4,"Tricep extensions":1,"Face pulls":0,"Butterfly":3,"Band pull apart (back muscles)":5,"Back extensions (on a hyperextension)":3,"Obliques (each side, on a hyperextension)":0,"StretchesKneeling shin_Kneeling shin_":1,"StretchesHip flexor_Hip flexor_":2,"StretchesCouch_Couch_":0,"Leg raises (for abdomen)":3,"Seated calf raises":4,"Poliquin step ups":2,"Slant board squats":1,"ATG Split squats":5,"Nordics":5,"Reverse Nordics":3,"Tibialis raises,":3,"IsoTib ankle rotations":3,"Pull ups":2,"Chin ups":1,"10 min HIIT":0}],"supplement_vars":[{"N-Acetyl-L-Cysteine (NAC)":0.0186,"N-Acetyl-L-Cysteine (NAC) 2":0.0202,"Nicotinamide Riboside Chloride (NR)":0.001,"Zeaxanthin":0.0025,"Phosphorus":0.0131,"Astaxanthin (Natural)":0.011,"Boron Glycinate":0.0272,"CaAKG":0.0078,"Ashwagandha KSM66":0.0044,"Calcium L-5- Methyltetrahydrofolate (L-5-MTHF-Ca)":0.0129,"Cocoa Powder (Non-Alkalised) 8+% Flavanols":0.0072,"Red Yeast Rice (2% Monacolin K)":0.0016,"Creatine Monohydrate":0.0533,"Ginger":0.0687,"Glucosamine Sulfate KCI":0.0065,"Grape Seed Extract 90% polyphenols":0.0106,"Broccoli Extract (glucoraphanin 10%)":0.0008,"Glycine":0.0094,"Theanine":0.0049,"Lactobacillus Acidophilus":0.0821,"Lithium orotate":0.0026,"Pomegranate Juice Extract (50% Polyphenols)":0.0527,"Potassium Iodate":0.0241,"Rhodiola 3% Rosavins / Salidroside 1%":0.0201,"Selenium":0.0032,"Glutathione reduced":0.0256,"Lutein":0.001,"Luteolin":0.0074,"Cinnamon powder (ceylon) organic":0.0144,"Sodium Hyaluronate":0.0085,"Spermidine":0.0862,"Vitamin B1 (Thiamine HCl)":0.0138,"Vitamin B12 (Methylcobalamin)":0.0686,"Vitamin B2 (Riboflavin-5-Phosphate)":0.0315,"Vitamin B3 (Niacinamide)":0.0177,"Vitamin B5 (Calcium-D-Pantothenate)":0.0096,"Vitamin B6 (Pyridoxal-5- Phosphate)":0.0102,"Vitamin B7 (D-Biotin)":0.0186,"Vitamin C (Ascorbic Acid)":0.0085,"Vitamin D Veg D3":0.0318,"Vitamin E (d-alpha tocopherol)":0.024,"Vitamin K1":0.0003,"Vitamin K2 MK-7 MCT Oil":0.035,"Vitamin K2 MK-4 MCT Oil":0.0049,"Sunflower lecithin non-GMO":0.0172,"Phosphatidylcholine":0.0314,"Choline":0.0103,"Lycopene":0.0601,"Lysine":0.009,"Taurine":0.0377,"Glucoraphanin":0.0242,"Ubiquinol":0.0126,"Zinc Citrate":0.0138,"Fiber":0.0043,"Blueberries":0.0748,"Macadamia nuts":0.0422,"Walnuts":0.0588,"Omega 3":0.0459,"Omega 6":0.0284,"Calcium":0.048,"EVOO polyphenols":0.0063,"Oleic acid":0.0174,"Protein (plant)":0.0003,"Copper":0.0199,"Caffeine":0.0306,"Magnesium Citrate":0.0109,"Manganese Citrate":0.0662,"Curcuminoids":0.0172,"Fisetin (smoketree extract)":0.0269,"Garlic extract 12:1 odorless":0.032,"Genistein (Japonica extract)":0.0022,"Milled Golden Flaxseed":0.022,"SDG lignan":0.0208,"Phosphatidylinositol":0.0081,"Phosphatidylethanolamine":0.0311}],"vo2_max":26.5702}
