{"personal_data":[{"age":41,"gender":"M","name":"Jamya Schmitt PhD"}],"fitness_data":[{"Backwards Sled, 2 min":0,"Posture exercises":3,"Tricep extensions":4,"Face pulls":2,"Butterfly":4,"Band pull apart (back muscles)":3,"Back extensions (on a hyperextension)":0,"Obliques (each side, on a hyperextension)":3,"StretchesKneeling shin_Kneeling shin_":3,"StretchesHip flexor_Hip flexor_":3,"StretchesCouch_Couch_":2,"Leg raises (for abdomen)":2,"Seated calf raises":3,"Poliquin step ups":2,"Slant board squats":1,"ATG Split squats":0,"Nordics":6,"Reverse Nordics":2,"Tibialis raises,":5,"IsoTib ankle rotations":4,"Pull ups":2,"Chin ups":1,"10 min HIIT":1}],"supplement_vars":[{"N-Acetyl-L-Cysteine (NAC)":0.0001,"N-Acetyl-L-Cysteine (NAC) 2":0.0054,"Nicotinamide Riboside Chloride (NR)":0.0114,"Zeaxanthin":0.0132,"Phosphorus":0.0183,"Astaxanthin (Natural)":0.0105,"Boron Glycinate":0.0428,"CaAKG":0.0005,"Ashwagandha KSM66":0.0086,"Calcium L-5- Methyltetrahydrofolate (L-5-MTHF-Ca)":0.0392,"Cocoa Powder (Non-Alkalised) 8+% Flavanols":0.0002,"Red Yeast Rice (2% Monacolin K)":0.0304,"Creatine Monohydrate":0.0446,"Ginger":0.0557,"Glucosamine Sulfate KCI":0.0671,"Grape Seed Extract 90% polyphenols":0.0044,"Broccoli Extract (glucoraphanin 10%)":0.0034,"Glycine":0.0038,"Theanine":0.0551,"Lactobacillus Acidophilus":0.0688,"Lithium orotate":0.0093,"Pomegranate Juice Extract (50% Polyphenols)":0.0065,"Potassium Iodate":0.0358,"Rhodiola 3% Rosavins / Salidroside 1%":0.0213,"Selenium":0.0017,"Glutathione reduced":0.0286,"Lutein":0.0221,"Luteolin":0.0048,"Cinnamon powder (ceylon) organic":0.0155,"Sodium Hyaluronate":0.0048,"Spermidine":0.0897,"Vitamin B1 (Thiamine HCl)":0.0103,"Vitamin B12 (Methylcobalamin)":0.007,"Vitamin B2 (Riboflavin-5-Phosphate)":0.0272,"Vitamin B3 (Niacinamide)":0.0113,"Vitamin B5 (Calcium-D-Pantothenate)":0.0095,"Vitamin B6 (Pyridoxal-5- Phosphate)":0.0288,"Vitamin B7 (D-Biotin)":0.0002,"Vitamin C (Ascorbic Acid)":0.0089,"Vitamin D Veg D3":0.047,"Vitamin E (d-alpha tocopherol)":0.0147,"Vitamin K1":0.042,"Vitamin K2 MK-7 MCT Oil":0.0021,"Vitamin K2 MK-4 MCT Oil":0.0035,"Sunflower lecithin non-GMO":0.0109,"Phosphatidylcholine":0.0269,"Choline":0.0345,"Lycopene":0.0028,"Lysine":0,"Taurine":0.0435,"Glucoraphanin":0.0319,"Ubiquinol":0.0045,"Zinc Citrate":0.0066,"Fiber":0.0015,"Blueberries":0.0207,"Macadamia nuts":0.0513,"Walnuts":0.0232,"Omega 3":0.0151,"Omega 6":0.0453,"Calcium":0.055,"EVOO polyphenols":0.0012,"Oleic acid":0.0284,"Protein (plant)":0.0041,"Copper":0.0194,"Caffeine":0.0591,"Magnesium Citrate":0.0368,"Manganese Citrate":0.0173,"Curcuminoids":0.0429,"Fisetin (smoketree extract)":0.0125,"Garlic extract 12:1 odorless":0.0146,"Genistein (Japonica extract)":0.0144,"Milled Golden Flaxseed":0.0206,"SDG lignan":0.0116,"Phosphatidylinositol":0.0255,"Phosphatidylethanolamine":0.0138}],"vo2_max":29.2008}
