{"personal_data":[{"age":80,"gender":"F","name":"Lyndon Feest"}],"fitness_data":[{"Backwards Sled, 2 min":1,"Posture exercises":3,"Tricep extensions":3,"Face pulls":5,"Butterfly":4,"Band pull apart (back muscles)":0,"Back extensions (on a hyperextension)":2,"Obliques (each side, on a hyperextension)":0,"StretchesKneeling shin_Kneeling shin_":5,"StretchesHip flexor_Hip flexor_":1,"StretchesCouch_Couch_":2,"Leg raises (for abdomen)":3,"Seated calf raises":1,"Poliquin step ups":2,"Slant board squats":3,"ATG Split squats":3,"Nordics":3,"Reverse Nordics":2,"Tibialis raises,":2,"IsoTib ankle rotations":4,"Pull ups":1,"Chin ups":2,"10 min HIIT":3}],"supplement_vars":[{"N-Acetyl-L-Cysteine (NAC)":0.0085,"N-Acetyl-L-Cysteine (NAC) 2":0.0055,"Nicotinamide Riboside Chloride (NR)":0.0177,"Zeaxanthin":0.0059,"Phosphorus":0.0201,"Astaxanthin (Natural)":0.0075,"Boron Glycinate":0.0287,"CaAKG":0.0055,"Ashwagandha KSM66":0.0066,"Calcium L-5- Methyltetrahydrofolate (L-5-MTHF-Ca)":0.0324,"Cocoa Powder (Non-Alkalised) 8+% Flavanols":0.0145,"Red Yeast Rice (2% Monacolin K)":0.0097,"Creatine Monohydrate":0.0532,"Ginger":0.0128,"Glucosamine Sulfate KCI":0.071,"Grape Seed Extract 90% polyphenols":0.013,"Broccoli Extract (glucoraphanin 10%)":0.0256,"Glycine":0.031,"Theanine":0.0463,"Lactobacillus Acidophilus":0.083,"Lithium orotate":0.0066,"Pomegranate Juice Extract (50% Polyphenols)":0.0631,"Potassium Iodate":0.0077,"Rhodiola 3% Rosavins / Salidroside 1%":0.0396,"Selenium":0.0091,"Glutathione reduced":0.0184,"Lutein":0.017,"Luteolin":0.0025,"Cinnamon powder (ceylon) organic":0.0189,"Sodium Hyaluronate":0.0024,"Spermidine":0.0847,"Vitamin B1 (Thiamine HCl)":0.0169,"Vitamin B12 (Methylcobalamin)":0.0847,"Vitamin B2 (Riboflavin-5-Phosphate)":0.0561,"Vitamin B3 (Niacinamide)":0.016,"Vitamin B5 (Calcium-D-Pantothenate)":0.0153,"Vitamin B6 (Pyridoxal-5- Phosphate)":0.0129,"Vitamin B7 (D-Biotin)":0.0215,"Vitamin C (Ascorbic Acid)":0.0014,"Vitamin D Veg D3":0.0014,"Vitamin E (d-alpha tocopherol)":0.0411,"Vitamin K1":0.0575,"Vitamin K2 MK-7 MCT Oil":0.0138,"Vitamin K2 MK-4 MCT Oil":0.0052,"Sunflower lecithin non-GMO":0.0369,"Phosphatidylcholine":0.0321,"Choline":0.0438,"Lycopene":0.0194,"Lysine":0.0012,"Taurine":0.0072,"Glucoraphanin":0.0091,"Ubiquinol":0.0092,"Zinc Citrate":0.0301,"Fiber":0.0025,"Blueberries":0.0482,"Macadamia nuts":0.02,"Walnuts":0.045,"Omega 3":0.0416,"Omega 6":0.0243,"Calcium":0.0439,"EVOO polyphenols":0.0047,"Oleic acid":0.0104,"Protein (plant)":0.0004,"Copper":0.0174,"Caffeine":0.0104,"Magnesium Citrate":0.0364,"Manganese Citrate":0.0032,"Curcuminoids":0.0355,"Fisetin (smoketree extract)":0.0276,"Garlic extract 12:1 odorless":0.0309,"Genistein (Japonica extract)":0.0072,"Milled Golden Flaxseed":0.0229,"SDG lignan":0.0209,"Phosphatidylinositol":0.0138,"Phosphatidylethanolamine":0.0268}],"vo2_max":19.0378}
