{"personal_data":[{"age":34,"gender":"M","name":"Dr. Paris Towne"}],"fitness_data":[{"Backwards Sled, 2 min":5,"Posture exercises":5,"Tricep extensions":3,"Face pulls":0,"Butterfly":1,"Band pull apart (back muscles)":2,"Back extensions (on a hyperextension)":2,"Obliques (each side, on a hyperextension)":3,"StretchesKneeling shin_Kneeling shin_":3,"StretchesHip flexor_Hip flexor_":3,"StretchesCouch_Couch_":3,"Leg raises (for abdomen)":4,"Seated calf raises":4,"Poliquin step ups":0,"Slant board squats":7,"ATG Split squats":5,"Nordics":4,"Reverse Nordics":0,"Tibialis raises,":2,"IsoTib ankle rotations":2,"Pull ups":3,"Chin ups":0,"10 min HIIT":3}],"supplement_vars":[{"N-Acetyl-L-Cysteine (NAC)":0.0167,"N-Acetyl-L-Cysteine (NAC) 2":0.0001,"Nicotinamide Riboside Chloride (NR)":0.018,"Zeaxanthin":0.0138,"Phosphorus":0.038,"Astaxanthin (Natural)":0.0223,"Boron Glycinate":0.0312,"CaAKG":0.0031,"Ashwagandha KSM66":0.0021,"Calcium L-5- Methyltetrahydrofolate (L-5-MTHF-Ca)":0.0167,"Cocoa Powder (Non-Alkalised) 8+% Flavanols":0.0017,"Red Yeast Rice (2% Monacolin K)":0.0056,"Creatine Monohydrate":0.0435,"Ginger":0.0846,"Glucosamine Sulfate KCI":0.0561,"Grape Seed Extract 90% polyphenols":0.0028,"Broccoli Extract (glucoraphanin 10%)":0.0301,"Glycine":0.0019,"Theanine":0.0405,"Lactobacillus Acidophilus":0.0232,"Lithium orotate":0.0041,"Pomegranate Juice Extract (50% Polyphenols)":0.0022,"Potassium Iodate":0.0198,"Rhodiola 3% Rosavins / Salidroside 1%":0.0249,"Selenium":0.0031,"Glutathione reduced":0.0472,"Lutein":0.0122,"Luteolin":0.0057,"Cinnamon powder (ceylon) organic":0.0092,"Sodium Hyaluronate":0.0002,"Spermidine":0.007,"Vitamin B1 (Thiamine HCl)":0.0149,"Vitamin B12 (Methylcobalamin)":0.0517,"Vitamin B2 (Riboflavin-5-Phosphate)":0.0325,"Vitamin B3 (Niacinamide)":0.0163,"Vitamin B5 (Calcium-D-Pantothenate)":0.0163,"Vitamin B6 (Pyridoxal-5- Phosphate)":0.0146,"Vitamin B7 (D-Biotin)":0.0076,"Vitamin C (Ascorbic Acid)":0.0036,"Vitamin D Veg D3":0.0472,"Vitamin E (d-alpha tocopherol)":0.0445,"Vitamin K1":0.0226,"Vitamin K2 MK-7 MCT Oil":0.0133,"Vitamin K2 MK-4 MCT Oil":0.0308,"Sunflower lecithin non-GMO":0.0344,"Phosphatidylcholine":0.0337,"Choline":0.0033,"Lycopene":0.0381,"Lysine":0.0096,"Taurine":0.0185,"Glucoraphanin":0.0159,"Ubiquinol":0.0127,"Zinc Citrate":0.0004,"Fiber":0.0037,"Blueberries":0.0276,"Macadamia nuts":0.0357,"Walnuts":0.0166,"Omega 3":0.0127,"Omega 6":0.0521,"Calcium":0.0239,"EVOO polyphenols":0.0054,"Oleic acid":0.037,"Protein (plant)":0.0041,"Copper":0.011,"Caffeine":0.0397,"Magnesium Citrate":0.0215,"Manganese Citrate":0.0169,"Curcuminoids":0.0442,"Fisetin (smoketree extract)":0.0348,"Garlic extract 12:1 odorless":0.0437,"Genistein (Japonica extract)":0.0189,"Milled Golden Flaxseed":0.0353,"SDG lignan":0.025,"Phosphatidylinositol":0.0211,"Phosphatidylethanolamine":0.0312}],"vo2_max":37.286}
