{"personal_data":[{"age":55,"gender":"F","name":"Maxie Kautzer"}],"fitness_data":[{"Backwards Sled, 2 min":5,"Posture exercises":1,"Tricep extensions":3,"Face pulls":3,"Butterfly":4,"Band pull apart (back muscles)":2,"Back extensions (on a hyperextension)":3,"Obliques (each side, on a hyperextension)":2,"StretchesKneeling shin_Kneeling shin_":4,"StretchesHip flexor_Hip flexor_":5,"StretchesCouch_Couch_":2,"Leg raises (for abdomen)":1,"Seated calf raises":0,"Poliquin step ups":2,"Slant board squats":5,"ATG Split squats":1,"Nordics":4,"Reverse Nordics":1,"Tibialis raises,":4,"IsoTib ankle rotations":0,"Pull ups":1,"Chin ups":2,"10 min HIIT":2}],"supplement_vars":[{"N-Acetyl-L-Cysteine (NAC)":0.003,"N-Acetyl-L-Cysteine (NAC) 2":0.01,"Nicotinamide Riboside Chloride (NR)":0.0062,"Zeaxanthin":0.0016,"Phosphorus":0.019,"Astaxanthin (Natural)":0.0024,"Boron Glycinate":0.0344,"CaAKG":0.0116,"Ashwagandha KSM66":0.0049,"Calcium L-5- Methyltetrahydrofolate (L-5-MTHF-Ca)":0.0529,"Cocoa Powder (Non-Alkalised) 8+% Flavanols":0.0092,"Red Yeast Rice (2% Monacolin K)":0.0174,"Creatine Monohydrate":0.003,"Ginger":0.0429,"Glucosamine Sulfate KCI":0.068,"Grape Seed Extract 90% polyphenols":0.0027,"Broccoli Extract (glucoraphanin 10%)":0.0234,"Glycine":0.0261,"Theanine":0.0573,"Lactobacillus Acidophilus":0.0257,"Lithium orotate":0.0053,"Pomegranate Juice Extract (50% Polyphenols)":0.0606,"Potassium Iodate":0.0061,"Rhodiola 3% Rosavins / Salidroside 1%":0.0206,"Selenium":0.0326,"Glutathione reduced":0.0325,"Lutein":0.0117,"Luteolin":0.0025,"Cinnamon powder (ceylon) organic":0.0151,"Sodium Hyaluronate":0.0009,"Spermidine":0.0131,"Vitamin B1 (Thiamine HCl)":0.0138,"Vitamin B12 (Methylcobalamin)":0.0172,"Vitamin B2 (Riboflavin-5-Phosphate)":0.0327,"Vitamin B3 (Niacinamide)":0.0014,"Vitamin B5 (Calcium-D-Pantothenate)":0.0144,"Vitamin B6 (Pyridoxal-5- Phosphate)":0.0296,"Vitamin B7 (D-Biotin)":0.0328,"Vitamin C (Ascorbic Acid)":0.0012,"Vitamin D Veg D3":0.0477,"Vitamin E (d-alpha tocopherol)":0.0204,"Vitamin K1":0.0062,"Vitamin K2 MK-7 MCT Oil":0.002,"Vitamin K2 MK-4 MCT Oil":0.0114,"Sunflower lecithin non-GMO":0.0299,"Phosphatidylcholine":0.0335,"Choline":0.0219,"Lycopene":0.0084,"Lysine":0.008,"Taurine":0.0119,"Glucoraphanin":0.0097,"Ubiquinol":0.0134,"Zinc Citrate":0.0022,"Fiber":0.0054,"Blueberries":0.0255,"Macadamia nuts":0.0136,"Walnuts":0.0361,"Omega 3":0.0318,"Omega 6":0.0248,"Calcium":0.0492,"EVOO polyphenols":0.0056,"Oleic acid":0.0275,"Protein (plant)":0.0047,"Copper":0.014,"Caffeine":0.0077,"Magnesium Citrate":0.0596,"Manganese Citrate":0.0129,"Curcuminoids":0.0018,"Fisetin (smoketree extract)":0.0055,"Garlic extract 12:1 odorless":0.013,"Genistein (Japonica extract)":0.002,"Milled Golden Flaxseed":0.0176,"SDG lignan":0.0393,"Phosphatidylinositol":0.0086,"Phosphatidylethanolamine":0.0088}],"vo2_max":27.6895}
