{"personal_data":[{"age":54,"gender":"M","name":"Carleen Gerhold"}],"fitness_data":[{"Backwards Sled, 2 min":2,"Posture exercises":4,"Tricep extensions":2,"Face pulls":2,"Butterfly":0,"Band pull apart (back muscles)":4,"Back extensions (on a hyperextension)":3,"Obliques (each side, on a hyperextension)":0,"StretchesKneeling shin_Kneeling shin_":3,"StretchesHip flexor_Hip flexor_":3,"StretchesCouch_Couch_":0,"Leg raises (for abdomen)":2,"Seated calf raises":2,"Poliquin step ups":3,"Slant board squats":4,"ATG Split squats":4,"Nordics":5,"Reverse Nordics":2,"Tibialis raises,":3,"IsoTib ankle rotations":5,"Pull ups":2,"Chin ups":1,"10 min HIIT":3}],"supplement_vars":[{"N-Acetyl-L-Cysteine (NAC)":0.0185,"N-Acetyl-L-Cysteine (NAC) 2":0.0193,"Nicotinamide Riboside Chloride (NR)":0.0178,"Zeaxanthin":0.0047,"Phosphorus":0.01,"Astaxanthin (Natural)":0.0176,"Boron Glycinate":0.0438,"CaAKG":0.0025,"Ashwagandha KSM66":0.0015,"Calcium L-5- Methyltetrahydrofolate (L-5-MTHF-Ca)":0.0316,"Cocoa Powder (Non-Alkalised) 8+% Flavanols":0.0124,"Red Yeast Rice (2% Monacolin K)":0.0303,"Creatine Monohydrate":0.0689,"Ginger":0.0284,"Glucosamine Sulfate KCI":0.0335,"Grape Seed Extract 90% polyphenols":0.0118,"Broccoli Extract (glucoraphanin 10%)":0.0116,"Glycine":0.0225,"Theanine":0.0513,"Lactobacillus Acidophilus":0.0493,"Lithium orotate":0.01,"Pomegranate Juice Extract (50% Polyphenols)":0.0676,"Potassium Iodate":0.0213,"Rhodiola 3% Rosavins / Salidroside 1%":0.0337,"Selenium":0,"Glutathione reduced":0.0465,"Lutein":0.02,"Luteolin":0.0097,"Cinnamon powder (ceylon) organic":0.0183,"Sodium Hyaluronate":0.0075,"Spermidine":0.0164,"Vitamin B1 (Thiamine HCl)":0.007,"Vitamin B12 (Methylcobalamin)":0.0225,"Vitamin B2 (Riboflavin-5-Phosphate)":0.0309,"Vitamin B3 (Niacinamide)":0.0055,"Vitamin B5 (Calcium-D-Pantothenate)":0.0157,"Vitamin B6 (Pyridoxal-5- Phosphate)":0.0448,"Vitamin B7 (D-Biotin)":0.012,"Vitamin C (Ascorbic Acid)":0.0102,"Vitamin D Veg D3":0.0128,"Vitamin E (d-alpha tocopherol)":0.0214,"Vitamin K1":0.0285,"Vitamin K2 MK-7 MCT Oil":0.0173,"Vitamin K2 MK-4 MCT Oil":0.0077,"Sunflower lecithin non-GMO":0.0235,"Phosphatidylcholine":0.0067,"Choline":0.0101,"Lycopene":0.0017,"Lysine":0.0124,"Taurine":0.0301,"Glucoraphanin":0.0299,"Ubiquinol":0.0058,"Zinc Citrate":0.0184,"Fiber":0.0054,"Blueberries":0.0025,"Macadamia nuts":0.0236,"Walnuts":0.0586,"Omega 3":0.0287,"Omega 6":0.011,"Calcium":0.0017,"EVOO polyphenols":0.0052,"Oleic acid":0.012,"Protein (plant)":0.0042,"Copper":0.0224,"Caffeine":0.0411,"Magnesium Citrate":0.0293,"Manganese Citrate":0.0935,"Curcuminoids":0.0211,"Fisetin (smoketree extract)":0.0214,"Garlic extract 12:1 odorless":0.0374,"Genistein (Japonica extract)":0.0183,"Milled Golden Flaxseed":0.0139,"SDG lignan":0.0232,"Phosphatidylinositol":0.0098,"Phosphatidylethanolamine":0.0504}],"vo2_max":29.1059}
