{"personal_data":[{"age":29,"gender":"M","name":"Mr. Ole Harris MD"}],"fitness_data":[{"Backwards Sled, 2 min":4,"Posture exercises":2,"Tricep extensions":3,"Face pulls":3,"Butterfly":5,"Band pull apart (back muscles)":1,"Back extensions (on a hyperextension)":2,"Obliques (each side, on a hyperextension)":1,"StretchesKneeling shin_Kneeling shin_":0,"StretchesHip flexor_Hip flexor_":4,"StretchesCouch_Couch_":1,"Leg raises (for abdomen)":1,"Seated calf raises":3,"Poliquin step ups":3,"Slant board squats":4,"ATG Split squats":3,"Nordics":1,"Reverse Nordics":3,"Tibialis raises,":2,"IsoTib ankle rotations":1,"Pull ups":0,"Chin ups":2,"10 min HIIT":3}],"supplement_vars":[{"N-Acetyl-L-Cysteine (NAC)":0.0183,"N-Acetyl-L-Cysteine (NAC) 2":0.0134,"Nicotinamide Riboside Chloride (NR)":0.0092,"Zeaxanthin":0.0082,"Phosphorus":0.0235,"Astaxanthin (Natural)":0.0044,"Boron Glycinate":0.0381,"CaAKG":0.0108,"Ashwagandha KSM66":0.0062,"Calcium L-5- Methyltetrahydrofolate (L-5-MTHF-Ca)":0.0573,"Cocoa Powder (Non-Alkalised) 8+% Flavanols":0.023,"Red Yeast Rice (2% Monacolin K)":0.0011,"Creatine Monohydrate":0.0262,"Ginger":0.0712,"Glucosamine Sulfate KCI":0.0021,"Grape Seed Extract 90% polyphenols":0.0122,"Broccoli Extract (glucoraphanin 10%)":0.0158,"Glycine":0.0269,"Theanine":0.0139,"Lactobacillus Acidophilus":0.0873,"Lithium orotate":0.0082,"Pomegranate Juice Extract (50% Polyphenols)":0.0047,"Potassium Iodate":0.0045,"Rhodiola 3% Rosavins / Salidroside 1%":0.004,"Selenium":0.005,"Glutathione reduced":0.0072,"Lutein":0.0097,"Luteolin":0.0006,"Cinnamon powder (ceylon) organic":0.0257,"Sodium Hyaluronate":0.0105,"Spermidine":0.0829,"Vitamin B1 (Thiamine HCl)":0.0072,"Vitamin B12 (Methylcobalamin)":0.0809,"Vitamin B2 (Riboflavin-5-Phosphate)":0.0176,"Vitamin B3 (Niacinamide)":0.0355,"Vitamin B5 (Calcium-D-Pantothenate)":0.0058,"Vitamin B6 (Pyridoxal-5- Phosphate)":0.0306,"Vitamin B7 (D-Biotin)":0.0266,"Vitamin C (Ascorbic Acid)":0.0043,"Vitamin D Veg D3":0.0056,"Vitamin E (d-alpha tocopherol)":0.0339,"Vitamin K1":0.0221,"Vitamin K2 MK-7 MCT Oil":0.0338,"Vitamin K2 MK-4 MCT Oil":0.0188,"Sunflower lecithin non-GMO":0.0072,"Phosphatidylcholine":0.0191,"Choline":0.0378,"Lycopene":0.0133,"Lysine":0.0105,"Taurine":0.0083,"Glucoraphanin":0.0113,"Ubiquinol":0.0116,"Zinc Citrate":0.0084,"Fiber":0.0003,"Blueberries":0.0785,"Macadamia nuts":0.0699,"Walnuts":0.0705,"Omega 3":0.0378,"Omega 6":0.0609,"Calcium":0.0545,"EVOO polyphenols":0.0019,"Oleic acid":0.0257,"Protein (plant)":0.002,"Copper":0.0147,"Caffeine":0.0335,"Magnesium Citrate":0.0529,"Manganese Citrate":0.0497,"Curcuminoids":0.0175,"Fisetin (smoketree extract)":0.0267,"Garlic extract 12:1 odorless":0.0427,"Genistein (Japonica extract)":0.0143,"Milled Golden Flaxseed":0.0344,"SDG lignan":0.0411,"Phosphatidylinositol":0.0085,"Phosphatidylethanolamine":0.0037}],"vo2_max":35.1222}
