{"personal_data":[{"age":60,"gender":"F","name":"Dr. Nanna Schumm"}],"fitness_data":[{"Backwards Sled, 2 min":4,"Posture exercises":3,"Tricep extensions":2,"Face pulls":4,"Butterfly":5,"Band pull apart (back muscles)":6,"Back extensions (on a hyperextension)":1,"Obliques (each side, on a hyperextension)":3,"StretchesKneeling shin_Kneeling shin_":4,"StretchesHip flexor_Hip flexor_":2,"StretchesCouch_Couch_":1,"Leg raises (for abdomen)":4,"Seated calf raises":0,"Poliquin step ups":2,"Slant board squats":1,"ATG Split squats":5,"Nordics":1,"Reverse Nordics":4,"Tibialis raises,":5,"IsoTib ankle rotations":4,"Pull ups":1,"Chin ups":0,"10 min HIIT":1}],"supplement_vars":[{"N-Acetyl-L-Cysteine (NAC)":0.0113,"N-Acetyl-L-Cysteine (NAC) 2":0.0089,"Nicotinamide Riboside Chloride (NR)":0.0117,"Zeaxanthin":0.0008,"Phosphorus":0.0295,"Astaxanthin (Natural)":0.0188,"Boron Glycinate":0.0426,"CaAKG":0.002,"Ashwagandha KSM66":0.0012,"Calcium L-5- Methyltetrahydrofolate (L-5-MTHF-Ca)":0.0595,"Cocoa Powder (Non-Alkalised) 8+% Flavanols":0.0078,"Red Yeast Rice (2% Monacolin K)":0.002,"Creatine Monohydrate":0.0526,"Ginger":0.0214,"Glucosamine Sulfate KCI":0.0021,"Grape Seed Extract 90% polyphenols":0.0073,"Broccoli Extract (glucoraphanin 10%)":0.0145,"Glycine":0.0231,"Theanine":0.0529,"Lactobacillus Acidophilus":0.0006,"Lithium orotate":0.0021,"Pomegranate Juice Extract (50% Polyphenols)":0.0559,"Potassium Iodate":0.0343,"Rhodiola 3% Rosavins / Salidroside 1%":0.0091,"Selenium":0.0323,"Glutathione reduced":0.0543,"Lutein":0.001,"Luteolin":0.0082,"Cinnamon powder (ceylon) organic":0.0156,"Sodium Hyaluronate":0.0104,"Spermidine":0.0626,"Vitamin B1 (Thiamine HCl)":0.0024,"Vitamin B12 (Methylcobalamin)":0.018,"Vitamin B2 (Riboflavin-5-Phosphate)":0.0484,"Vitamin B3 (Niacinamide)":0.0565,"Vitamin B5 (Calcium-D-Pantothenate)":0.0081,"Vitamin B6 (Pyridoxal-5- Phosphate)":0.0136,"Vitamin B7 (D-Biotin)":0.0107,"Vitamin C (Ascorbic Acid)":0.0116,"Vitamin D Veg D3":0.0238,"Vitamin E (d-alpha tocopherol)":0.0439,"Vitamin K1":0.049,"Vitamin K2 MK-7 MCT Oil":0.0288,"Vitamin K2 MK-4 MCT Oil":0.0236,"Sunflower lecithin non-GMO":0.0318,"Phosphatidylcholine":0.0117,"Choline":0.0478,"Lycopene":0.0466,"Lysine":0.0047,"Taurine":0.0302,"Glucoraphanin":0.0321,"Ubiquinol":0.0124,"Zinc Citrate":0.0198,"Fiber":0.0059,"Blueberries":0.0618,"Macadamia nuts":0.0026,"Walnuts":0.0573,"Omega 3":0.0465,"Omega 6":0.0497,"Calcium":0.0052,"EVOO polyphenols":0.0025,"Oleic acid":0.0158,"Protein (plant)":0.0019,"Copper":0.0047,"Caffeine":0.0345,"Magnesium Citrate":0.0437,"Manganese Citrate":0.0202,"Curcuminoids":0.0362,"Fisetin (smoketree extract)":0.0281,"Garlic extract 12:1 odorless":0.0384,"Genistein (Japonica extract)":0.0001,"Milled Golden Flaxseed":0.0067,"SDG lignan":0.0181,"Phosphatidylinositol":0.0232,"Phosphatidylethanolamine":0.0018}],"vo2_max":23.6319}
