{"personal_data":[{"age":48,"gender":"M","name":"Mannie Goldner"}],"fitness_data":[{"Backwards Sled, 2 min":3,"Posture exercises":2,"Tricep extensions":3,"Face pulls":1,"Butterfly":5,"Band pull apart (back muscles)":4,"Back extensions (on a hyperextension)":1,"Obliques (each side, on a hyperextension)":4,"StretchesKneeling shin_Kneeling shin_":3,"StretchesHip flexor_Hip flexor_":1,"StretchesCouch_Couch_":2,"Leg raises (for abdomen)":3,"Seated calf raises":3,"Poliquin step ups":2,"Slant board squats":2,"ATG Split squats":5,"Nordics":3,"Reverse Nordics":4,"Tibialis raises,":4,"IsoTib ankle rotations":3,"Pull ups":3,"Chin ups":3,"10 min HIIT":2}],"supplement_vars":[{"N-Acetyl-L-Cysteine (NAC)":0.0052,"N-Acetyl-L-Cysteine (NAC) 2":0.0006,"Nicotinamide Riboside Chloride (NR)":0.0042,"Zeaxanthin":0.0096,"Phosphorus":0.0307,"Astaxanthin (Natural)":0.0162,"Boron Glycinate":0.0041,"CaAKG":0.0084,"Ashwagandha KSM66":0.0013,"Calcium L-5- Methyltetrahydrofolate (L-5-MTHF-Ca)":0.0635,"Cocoa Powder (Non-Alkalised) 8+% Flavanols":0.0142,"Red Yeast Rice (2% Monacolin K)":0.007,"Creatine Monohydrate":0.0336,"Ginger":0.04,"Glucosamine Sulfate KCI":0.0566,"Grape Seed Extract 90% polyphenols":0.0045,"Broccoli Extract (glucoraphanin 10%)":0.0246,"Glycine":0.0018,"Theanine":0.0189,"Lactobacillus Acidophilus":0.0144,"Lithium orotate":0.0099,"Pomegranate Juice Extract (50% Polyphenols)":0.0371,"Potassium Iodate":0.041,"Rhodiola 3% Rosavins / Salidroside 1%":0.0477,"Selenium":0.0221,"Glutathione reduced":0.0222,"Lutein":0.0241,"Luteolin":0.0083,"Cinnamon powder (ceylon) organic":0.0041,"Sodium Hyaluronate":0.0009,"Spermidine":0.0854,"Vitamin B1 (Thiamine HCl)":0.0034,"Vitamin B12 (Methylcobalamin)":0.0831,"Vitamin B2 (Riboflavin-5-Phosphate)":0.0025,"Vitamin B3 (Niacinamide)":0.0585,"Vitamin B5 (Calcium-D-Pantothenate)":0.011,"Vitamin B6 (Pyridoxal-5- Phosphate)":0.0394,"Vitamin B7 (D-Biotin)":0.0088,"Vitamin C (Ascorbic Acid)":0.0106,"Vitamin D Veg D3":0.0141,"Vitamin E (d-alpha tocopherol)":0.0085,"Vitamin K1":0.0554,"Vitamin K2 MK-7 MCT Oil":0.0136,"Vitamin K2 MK-4 MCT Oil":0.0295,"Sunflower lecithin non-GMO":0.0209,"Phosphatidylcholine":0.0041,"Choline":0.0327,"Lycopene":0.03,"Lysine":0.0016,"Taurine":0.0182,"Glucoraphanin":0.0096,"Ubiquinol":0.0037,"Zinc Citrate":0.0267,"Fiber":0.0041,"Blueberries":0.0515,"Macadamia nuts":0.0307,"Walnuts":0.0407,"Omega 3":0.003,"Omega 6":0.0271,"Calcium":0.0052,"EVOO polyphenols":0.0038,"Oleic acid":0.007,"Protein (plant)":0.0017,"Copper":0.0239,"Caffeine":0.0606,"Magnesium Citrate":0.0219,"Manganese Citrate":0.0352,"Curcuminoids":0.0012,"Fisetin (smoketree extract)":0.0315,"Garlic extract 12:1 odorless":0.0216,"Genistein (Japonica extract)":0.0017,"Milled Golden Flaxseed":0.0248,"SDG lignan":0.0353,"Phosphatidylinositol":0.0156,"Phosphatidylethanolamine":0.0369}],"vo2_max":29.0817}
