{"personal_data":[{"age":47,"gender":"F","name":"Neva Prosacco-McCullough"}],"fitness_data":[{"Backwards Sled, 2 min":4,"Posture exercises":2,"Tricep extensions":4,"Face pulls":2,"Butterfly":1,"Band pull apart (back muscles)":4,"Back extensions (on a hyperextension)":4,"Obliques (each side, on a hyperextension)":2,"StretchesKneeling shin_Kneeling shin_":5,"StretchesHip flexor_Hip flexor_":0,"StretchesCouch_Couch_":3,"Leg raises (for abdomen)":3,"Seated calf raises":0,"Poliquin step ups":1,"Slant board squats":3,"ATG Split squats":4,"Nordics":3,"Reverse Nordics":3,"Tibialis raises,":4,"IsoTib ankle rotations":3,"Pull ups":0,"Chin ups":0,"10 min HIIT":0}],"supplement_vars":[{"N-Acetyl-L-Cysteine (NAC)":0.0166,"N-Acetyl-L-Cysteine (NAC) 2":0.005,"Nicotinamide Riboside Chloride (NR)":0.011,"Zeaxanthin":0.013,"Phosphorus":0.0259,"Astaxanthin (Natural)":0.0033,"Boron Glycinate":0.0153,"CaAKG":0.0027,"Ashwagandha KSM66":0.0073,"Calcium L-5- Methyltetrahydrofolate (L-5-MTHF-Ca)":0.0252,"Cocoa Powder (Non-Alkalised) 8+% Flavanols":0.0066,"Red Yeast Rice (2% Monacolin K)":0.0154,"Creatine Monohydrate":0.0103,"Ginger":0.0276,"Glucosamine Sulfate KCI":0.0103,"Grape Seed Extract 90% polyphenols":0.0078,"Broccoli Extract (glucoraphanin 10%)":0.0334,"Glycine":0.0276,"Theanine":0.0389,"Lactobacillus Acidophilus":0.0802,"Lithium orotate":0.0051,"Pomegranate Juice Extract (50% Polyphenols)":0.0107,"Potassium Iodate":0.0357,"Rhodiola 3% Rosavins / Salidroside 1%":0.0199,"Selenium":0.0209,"Glutathione reduced":0.0371,"Lutein":0.0184,"Luteolin":0.0005,"Cinnamon powder (ceylon) organic":0.0217,"Sodium Hyaluronate":0.006,"Spermidine":0.0355,"Vitamin B1 (Thiamine HCl)":0.0122,"Vitamin B12 (Methylcobalamin)":0.08,"Vitamin B2 (Riboflavin-5-Phosphate)":0.0609,"Vitamin B3 (Niacinamide)":0.0276,"Vitamin B5 (Calcium-D-Pantothenate)":0.0175,"Vitamin B6 (Pyridoxal-5- Phosphate)":0.0382,"Vitamin B7 (D-Biotin)":0.0064,"Vitamin C (Ascorbic Acid)":0.0079,"Vitamin D Veg D3":0.015,"Vitamin E (d-alpha tocopherol)":0.0225,"Vitamin K1":0.0217,"Vitamin K2 MK-7 MCT Oil":0.0229,"Vitamin K2 MK-4 MCT Oil":0.0055,"Sunflower lecithin non-GMO":0.0019,"Phosphatidylcholine":0.0021,"Choline":0.0596,"Lycopene":0.04,"Lysine":0.0063,"Taurine":0.0008,"Glucoraphanin":0.0178,"Ubiquinol":0.0068,"Zinc Citrate":0.0224,"Fiber":0.0025,"Blueberries":0.0623,"Macadamia nuts":0.091,"Walnuts":0.0215,"Omega 3":0.0128,"Omega 6":0.0627,"Calcium":0.0259,"EVOO polyphenols":0.0066,"Oleic acid":0.0009,"Protein (plant)":0.0013,"Copper":0.0195,"Caffeine":0.016,"Magnesium Citrate":0.0553,"Manganese Citrate":0.0723,"Curcuminoids":0.0015,"Fisetin (smoketree extract)":0.0246,"Garlic extract 12:1 odorless":0.0308,"Genistein (Japonica extract)":0.0128,"Milled Golden Flaxseed":0.0176,"SDG lignan":0.0079,"Phosphatidylinositol":0.0139,"Phosphatidylethanolamine":0.0498}],"vo2_max":29.978}
