{"personal_data":[{"age":32,"gender":"M","name":"Benjaman Haley"}],"fitness_data":[{"Backwards Sled, 2 min":3,"Posture exercises":2,"Tricep extensions":1,"Face pulls":3,"Butterfly":6,"Band pull apart (back muscles)":5,"Back extensions (on a hyperextension)":3,"Obliques (each side, on a hyperextension)":3,"StretchesKneeling shin_Kneeling shin_":4,"StretchesHip flexor_Hip flexor_":6,"StretchesCouch_Couch_":2,"Leg raises (for abdomen)":2,"Seated calf raises":4,"Poliquin step ups":3,"Slant board squats":7,"ATG Split squats":4,"Nordics":4,"Reverse Nordics":1,"Tibialis raises,":4,"IsoTib ankle rotations":2,"Pull ups":2,"Chin ups":3,"10 min HIIT":1}],"supplement_vars":[{"N-Acetyl-L-Cysteine (NAC)":0.0126,"N-Acetyl-L-Cysteine (NAC) 2":0.0164,"Nicotinamide Riboside Chloride (NR)":0.0085,"Zeaxanthin":0.0126,"Phosphorus":0.0211,"Astaxanthin (Natural)":0.0177,"Boron Glycinate":0.0119,"CaAKG":0.0025,"Ashwagandha KSM66":0.0008,"Calcium L-5- Methyltetrahydrofolate (L-5-MTHF-Ca)":0.0532,"Cocoa Powder (Non-Alkalised) 8+% Flavanols":0.009,"Red Yeast Rice (2% Monacolin K)":0.01,"Creatine Monohydrate":0.033,"Ginger":0.0437,"Glucosamine Sulfate KCI":0.0222,"Grape Seed Extract 90% polyphenols":0.0033,"Broccoli Extract (glucoraphanin 10%)":0.0295,"Glycine":0.0092,"Theanine":0.0096,"Lactobacillus Acidophilus":0.0625,"Lithium orotate":0.0033,"Pomegranate Juice Extract (50% Polyphenols)":0.0304,"Potassium Iodate":0.0042,"Rhodiola 3% Rosavins / Salidroside 1%":0.0599,"Selenium":0.0121,"Glutathione reduced":0.0323,"Lutein":0.023,"Luteolin":0.0051,"Cinnamon powder (ceylon) organic":0.0034,"Sodium Hyaluronate":0.0092,"Spermidine":0.0372,"Vitamin B1 (Thiamine HCl)":0.0111,"Vitamin B12 (Methylcobalamin)":0.0641,"Vitamin B2 (Riboflavin-5-Phosphate)":0.06,"Vitamin B3 (Niacinamide)":0.0452,"Vitamin B5 (Calcium-D-Pantothenate)":0.0161,"Vitamin B6 (Pyridoxal-5- Phosphate)":0.0429,"Vitamin B7 (D-Biotin)":0.0044,"Vitamin C (Ascorbic Acid)":0.0014,"Vitamin D Veg D3":0.0185,"Vitamin E (d-alpha tocopherol)":0.0104,"Vitamin K1":0.0397,"Vitamin K2 MK-7 MCT Oil":0.0049,"Vitamin K2 MK-4 MCT Oil":0.0341,"Sunflower lecithin non-GMO":0.0062,"Phosphatidylcholine":0.0181,"Choline":0.0474,"Lycopene":0.0416,"Lysine":0.001,"Taurine":0.0024,"Glucoraphanin":0.0335,"Ubiquinol":0.0127,"Zinc Citrate":0.0037,"Fiber":0.0056,"Blueberries":0.0518,"Macadamia nuts":0.048,"Walnuts":0.0388,"Omega 3":0.0084,"Omega 6":0.0609,"Calcium":0.052,"EVOO polyphenols":0.0014,"Oleic acid":0.0194,"Protein (plant)":0.0008,"Copper":0.007,"Caffeine":0.0233,"Magnesium Citrate":0.0234,"Manganese Citrate":0.0502,"Curcuminoids":0.0173,"Fisetin (smoketree extract)":0.0102,"Garlic extract 12:1 odorless":0.03,"Genistein (Japonica extract)":0.0217,"Milled Golden Flaxseed":0.002,"SDG lignan":0.013,"Phosphatidylinositol":0.006,"Phosphatidylethanolamine":0.0413}],"vo2_max":35.8947}
