{"personal_data":[{"age":59,"gender":"M","name":"Judyth Parker"}],"fitness_data":[{"Backwards Sled, 2 min":2,"Posture exercises":2,"Tricep extensions":4,"Face pulls":3,"Butterfly":2,"Band pull apart (back muscles)":3,"Back extensions (on a hyperextension)":2,"Obliques (each side, on a hyperextension)":2,"StretchesKneeling shin_Kneeling shin_":4,"StretchesHip flexor_Hip flexor_":4,"StretchesCouch_Couch_":3,"Leg raises (for abdomen)":1,"Seated calf raises":1,"Poliquin step ups":1,"Slant board squats":4,"ATG Split squats":2,"Nordics":1,"Reverse Nordics":3,"Tibialis raises,":4,"IsoTib ankle rotations":3,"Pull ups":1,"Chin ups":3,"10 min HIIT":2}],"supplement_vars":[{"N-Acetyl-L-Cysteine (NAC)":0.002,"N-Acetyl-L-Cysteine (NAC) 2":0.009,"Nicotinamide Riboside Chloride (NR)":0.003,"Zeaxanthin":0.0059,"Phosphorus":0.0174,"Astaxanthin (Natural)":0.0139,"Boron Glycinate":0.0317,"CaAKG":0.0107,"Ashwagandha KSM66":0.0074,"Calcium L-5- Methyltetrahydrofolate (L-5-MTHF-Ca)":0.0198,"Cocoa Powder (Non-Alkalised) 8+% Flavanols":0.022,"Red Yeast Rice (2% Monacolin K)":0.0083,"Creatine Monohydrate":0.0591,"Ginger":0.0504,"Glucosamine Sulfate KCI":0.0766,"Grape Seed Extract 90% polyphenols":0.0061,"Broccoli Extract (glucoraphanin 10%)":0.026,"Glycine":0.0037,"Theanine":0.0442,"Lactobacillus Acidophilus":0.0605,"Lithium orotate":0.0074,"Pomegranate Juice Extract (50% Polyphenols)":0.0361,"Potassium Iodate":0.0277,"Rhodiola 3% Rosavins / Salidroside 1%":0.0416,"Selenium":0.0153,"Glutathione reduced":0.0064,"Lutein":0.0201,"Luteolin":0.0091,"Cinnamon powder (ceylon) organic":0.007,"Sodium Hyaluronate":0.0105,"Spermidine":0.0608,"Vitamin B1 (Thiamine HCl)":0.0088,"Vitamin B12 (Methylcobalamin)":0.0339,"Vitamin B2 (Riboflavin-5-Phosphate)":0.0102,"Vitamin B3 (Niacinamide)":0.0111,"Vitamin B5 (Calcium-D-Pantothenate)":0.0208,"Vitamin B6 (Pyridoxal-5- Phosphate)":0.0322,"Vitamin B7 (D-Biotin)":0.0318,"Vitamin C (Ascorbic Acid)":0.0065,"Vitamin D Veg D3":0.0457,"Vitamin E (d-alpha tocopherol)":0.0042,"Vitamin K1":0.0396,"Vitamin K2 MK-7 MCT Oil":0.0251,"Vitamin K2 MK-4 MCT Oil":0.0291,"Sunflower lecithin non-GMO":0.0438,"Phosphatidylcholine":0.0302,"Choline":0.0594,"Lycopene":0.0241,"Lysine":0.0013,"Taurine":0.0212,"Glucoraphanin":0.0069,"Ubiquinol":0.008,"Zinc Citrate":0.011,"Fiber":0.0045,"Blueberries":0.0431,"Macadamia nuts":0.0357,"Walnuts":0.001,"Omega 3":0.0291,"Omega 6":0.0647,"Calcium":0.0531,"EVOO polyphenols":0.0032,"Oleic acid":0.0081,"Protein (plant)":0.0007,"Copper":0.0213,"Caffeine":0.0156,"Magnesium Citrate":0.0046,"Manganese Citrate":0.0253,"Curcuminoids":0.0386,"Fisetin (smoketree extract)":0.0065,"Garlic extract 12:1 odorless":0.0184,"Genistein (Japonica extract)":0.0117,"Milled Golden Flaxseed":0.0019,"SDG lignan":0.0524,"Phosphatidylinositol":0.0189,"Phosphatidylethanolamine":0.0329}],"vo2_max":27.2536}
