{"personal_data":[{"age":29,"gender":"M","name":"Dr. Ibrahim Hodkiewicz"}],"fitness_data":[{"Backwards Sled, 2 min":2,"Posture exercises":2,"Tricep extensions":0,"Face pulls":2,"Butterfly":5,"Band pull apart (back muscles)":5,"Back extensions (on a hyperextension)":0,"Obliques (each side, on a hyperextension)":3,"StretchesKneeling shin_Kneeling shin_":1,"StretchesHip flexor_Hip flexor_":6,"StretchesCouch_Couch_":1,"Leg raises (for abdomen)":3,"Seated calf raises":3,"Poliquin step ups":2,"Slant board squats":6,"ATG Split squats":2,"Nordics":5,"Reverse Nordics":3,"Tibialis raises,":5,"IsoTib ankle rotations":5,"Pull ups":3,"Chin ups":3,"10 min HIIT":4}],"supplement_vars":[{"N-Acetyl-L-Cysteine (NAC)":0.0018,"N-Acetyl-L-Cysteine (NAC) 2":0.0054,"Nicotinamide Riboside Chloride (NR)":0.014,"Zeaxanthin":0.0068,"Phosphorus":0.0002,"Astaxanthin (Natural)":0.0229,"Boron Glycinate":0.0271,"CaAKG":0.0115,"Ashwagandha KSM66":0.003,"Calcium L-5- Methyltetrahydrofolate (L-5-MTHF-Ca)":0.0363,"Cocoa Powder (Non-Alkalised) 8+% Flavanols":0.0129,"Red Yeast Rice (2% Monacolin K)":0.0132,"Creatine Monohydrate":0.0598,"Ginger":0.0612,"Glucosamine Sulfate KCI":0.0192,"Grape Seed Extract 90% polyphenols":0.0002,"Broccoli Extract (glucoraphanin 10%)":0.0101,"Glycine":0.0273,"Theanine":0.0529,"Lactobacillus Acidophilus":0.0143,"Lithium orotate":0.0064,"Pomegranate Juice Extract (50% Polyphenols)":0.0018,"Potassium Iodate":0.0153,"Rhodiola 3% Rosavins / Salidroside 1%":0.058,"Selenium":0.0345,"Glutathione reduced":0.038,"Lutein":0.0032,"Luteolin":0.0083,"Cinnamon powder (ceylon) organic":0.0025,"Sodium Hyaluronate":0,"Spermidine":0.0704,"Vitamin B1 (Thiamine HCl)":0.0054,"Vitamin B12 (Methylcobalamin)":0.0744,"Vitamin B2 (Riboflavin-5-Phosphate)":0.0641,"Vitamin B3 (Niacinamide)":0.0364,"Vitamin B5 (Calcium-D-Pantothenate)":0.0055,"Vitamin B6 (Pyridoxal-5- Phosphate)":0.0086,"Vitamin B7 (D-Biotin)":0.0148,"Vitamin C (Ascorbic Acid)":0.0118,"Vitamin D Veg D3":0.0423,"Vitamin E (d-alpha tocopherol)":0.0172,"Vitamin K1":0.0351,"Vitamin K2 MK-7 MCT Oil":0.0058,"Vitamin K2 MK-4 MCT Oil":0.0021,"Sunflower lecithin non-GMO":0.0023,"Phosphatidylcholine":0.033,"Choline":0.0524,"Lycopene":0.0673,"Lysine":0.004,"Taurine":0.0042,"Glucoraphanin":0.0036,"Ubiquinol":0.0118,"Zinc Citrate":0.0202,"Fiber":0.0011,"Blueberries":0.0446,"Macadamia nuts":0.0677,"Walnuts":0.0257,"Omega 3":0.0464,"Omega 6":0.0495,"Calcium":0.0561,"EVOO polyphenols":0.0049,"Oleic acid":0.021,"Protein (plant)":0.001,"Copper":0.02,"Caffeine":0.0145,"Magnesium Citrate":0.008,"Manganese Citrate":0.0872,"Curcuminoids":0.0157,"Fisetin (smoketree extract)":0.0276,"Garlic extract 12:1 odorless":0.0448,"Genistein (Japonica extract)":0.0095,"Milled Golden Flaxseed":0.0345,"SDG lignan":0.0575,"Phosphatidylinositol":0.0095,"Phosphatidylethanolamine":0.0408}],"vo2_max":36.0945}
