{"personal_data":[{"age":41,"gender":"M","name":"Micky Konopelski-Bradtke"}],"fitness_data":[{"Backwards Sled, 2 min":3,"Posture exercises":1,"Tricep extensions":1,"Face pulls":1,"Butterfly":1,"Band pull apart (back muscles)":1,"Back extensions (on a hyperextension)":2,"Obliques (each side, on a hyperextension)":3,"StretchesKneeling shin_Kneeling shin_":2,"StretchesHip flexor_Hip flexor_":4,"StretchesCouch_Couch_":2,"Leg raises (for abdomen)":5,"Seated calf raises":3,"Poliquin step ups":4,"Slant board squats":2,"ATG Split squats":2,"Nordics":4,"Reverse Nordics":1,"Tibialis raises,":0,"IsoTib ankle rotations":2,"Pull ups":3,"Chin ups":2,"10 min HIIT":2}],"supplement_vars":[{"N-Acetyl-L-Cysteine (NAC)":0.01,"N-Acetyl-L-Cysteine (NAC) 2":0.0041,"Nicotinamide Riboside Chloride (NR)":0.01,"Zeaxanthin":0.0027,"Phosphorus":0.0265,"Astaxanthin (Natural)":0.0001,"Boron Glycinate":0.0219,"CaAKG":0.0046,"Ashwagandha KSM66":0.0056,"Calcium L-5- Methyltetrahydrofolate (L-5-MTHF-Ca)":0.0303,"Cocoa Powder (Non-Alkalised) 8+% Flavanols":0.0082,"Red Yeast Rice (2% Monacolin K)":0.0078,"Creatine Monohydrate":0.0256,"Ginger":0.0368,"Glucosamine Sulfate KCI":0.015,"Grape Seed Extract 90% polyphenols":0.008,"Broccoli Extract (glucoraphanin 10%)":0.0163,"Glycine":0.0055,"Theanine":0.0104,"Lactobacillus Acidophilus":0.0206,"Lithium orotate":0.0035,"Pomegranate Juice Extract (50% Polyphenols)":0.0523,"Potassium Iodate":0.0388,"Rhodiola 3% Rosavins / Salidroside 1%":0.0271,"Selenium":0.0282,"Glutathione reduced":0.0107,"Lutein":0.0093,"Luteolin":0.0095,"Cinnamon powder (ceylon) organic":0.0137,"Sodium Hyaluronate":0.0039,"Spermidine":0.0014,"Vitamin B1 (Thiamine HCl)":0.0066,"Vitamin B12 (Methylcobalamin)":0.0456,"Vitamin B2 (Riboflavin-5-Phosphate)":0.0225,"Vitamin B3 (Niacinamide)":0.0499,"Vitamin B5 (Calcium-D-Pantothenate)":0.0052,"Vitamin B6 (Pyridoxal-5- Phosphate)":0.0401,"Vitamin B7 (D-Biotin)":0.0009,"Vitamin C (Ascorbic Acid)":0.0004,"Vitamin D Veg D3":0.0455,"Vitamin E (d-alpha tocopherol)":0.0431,"Vitamin K1":0.055,"Vitamin K2 MK-7 MCT Oil":0.001,"Vitamin K2 MK-4 MCT Oil":0.0215,"Sunflower lecithin non-GMO":0.0109,"Phosphatidylcholine":0.0356,"Choline":0.0292,"Lycopene":0.0154,"Lysine":0.0115,"Taurine":0.0365,"Glucoraphanin":0.0149,"Ubiquinol":0.0108,"Zinc Citrate":0.0023,"Fiber":0.0004,"Blueberries":0.0173,"Macadamia nuts":0.0197,"Walnuts":0.0318,"Omega 3":0.0021,"Omega 6":0.0421,"Calcium":0.0259,"EVOO polyphenols":0.0055,"Oleic acid":0.0271,"Protein (plant)":0.0043,"Copper":0.0111,"Caffeine":0.0275,"Magnesium Citrate":0.0239,"Manganese Citrate":0.0325,"Curcuminoids":0.0287,"Fisetin (smoketree extract)":0.0245,"Garlic extract 12:1 odorless":0.0445,"Genistein (Japonica extract)":0.0178,"Milled Golden Flaxseed":0.0096,"SDG lignan":0.0587,"Phosphatidylinositol":0.0012,"Phosphatidylethanolamine":0.0477}],"vo2_max":29.1309}
