{"personal_data":[{"age":73,"gender":"F","name":"Tevin Wilkinson"}],"fitness_data":[{"Backwards Sled, 2 min":4,"Posture exercises":5,"Tricep extensions":3,"Face pulls":3,"Butterfly":6,"Band pull apart (back muscles)":6,"Back extensions (on a hyperextension)":1,"Obliques (each side, on a hyperextension)":3,"StretchesKneeling shin_Kneeling shin_":1,"StretchesHip flexor_Hip flexor_":0,"StretchesCouch_Couch_":0,"Leg raises (for abdomen)":1,"Seated calf raises":4,"Poliquin step ups":1,"Slant board squats":4,"ATG Split squats":2,"Nordics":3,"Reverse Nordics":4,"Tibialis raises,":4,"IsoTib ankle rotations":1,"Pull ups":4,"Chin ups":1,"10 min HIIT":3}],"supplement_vars":[{"N-Acetyl-L-Cysteine (NAC)":0.0129,"N-Acetyl-L-Cysteine (NAC) 2":0.003,"Nicotinamide Riboside Chloride (NR)":0.0126,"Zeaxanthin":0.0024,"Phosphorus":0.0081,"Astaxanthin (Natural)":0.0012,"Boron Glycinate":0.0086,"CaAKG":0.0032,"Ashwagandha KSM66":0.0074,"Calcium L-5- Methyltetrahydrofolate (L-5-MTHF-Ca)":0.0065,"Cocoa Powder (Non-Alkalised) 8+% Flavanols":0.0093,"Red Yeast Rice (2% Monacolin K)":0.0179,"Creatine Monohydrate":0.0436,"Ginger":0.0215,"Glucosamine Sulfate KCI":0.0509,"Grape Seed Extract 90% polyphenols":0.0025,"Broccoli Extract (glucoraphanin 10%)":0.0133,"Glycine":0.0206,"Theanine":0.0029,"Lactobacillus Acidophilus":0.0176,"Lithium orotate":0.0005,"Pomegranate Juice Extract (50% Polyphenols)":0.0165,"Potassium Iodate":0.0006,"Rhodiola 3% Rosavins / Salidroside 1%":0.018,"Selenium":0.028,"Glutathione reduced":0.042,"Lutein":0.0215,"Luteolin":0.003,"Cinnamon powder (ceylon) organic":0.0136,"Sodium Hyaluronate":0.009,"Spermidine":0.0635,"Vitamin B1 (Thiamine HCl)":0.0122,"Vitamin B12 (Methylcobalamin)":0.0474,"Vitamin B2 (Riboflavin-5-Phosphate)":0.0093,"Vitamin B3 (Niacinamide)":0.0221,"Vitamin B5 (Calcium-D-Pantothenate)":0.0149,"Vitamin B6 (Pyridoxal-5- Phosphate)":0.034,"Vitamin B7 (D-Biotin)":0.0092,"Vitamin C (Ascorbic Acid)":0.0125,"Vitamin D Veg D3":0.0175,"Vitamin E (d-alpha tocopherol)":0.0258,"Vitamin K1":0.0462,"Vitamin K2 MK-7 MCT Oil":0.0266,"Vitamin K2 MK-4 MCT Oil":0.0031,"Sunflower lecithin non-GMO":0.0205,"Phosphatidylcholine":0.0138,"Choline":0.0391,"Lycopene":0.0743,"Lysine":0.0031,"Taurine":0.0084,"Glucoraphanin":0.0166,"Ubiquinol":0.0101,"Zinc Citrate":0.0304,"Fiber":0.0041,"Blueberries":0.0622,"Macadamia nuts":0.0448,"Walnuts":0.0645,"Omega 3":0.0264,"Omega 6":0.0543,"Calcium":0.0144,"EVOO polyphenols":0.0021,"Oleic acid":0.0132,"Protein (plant)":0.0029,"Copper":0.0085,"Caffeine":0.0023,"Magnesium Citrate":0.0004,"Manganese Citrate":0.0873,"Curcuminoids":0.0277,"Fisetin (smoketree extract)":0.015,"Garlic extract 12:1 odorless":0.0403,"Genistein (Japonica extract)":0.0092,"Milled Golden Flaxseed":0.0056,"SDG lignan":0.0353,"Phosphatidylinositol":0.0031,"Phosphatidylethanolamine":0.0378}],"vo2_max":18.9809}
