{"personal_data":[{"age":46,"gender":"M","name":"Kaeden Macejkovic"}],"fitness_data":[{"Backwards Sled, 2 min":4,"Posture exercises":2,"Tricep extensions":2,"Face pulls":3,"Butterfly":0,"Band pull apart (back muscles)":2,"Back extensions (on a hyperextension)":4,"Obliques (each side, on a hyperextension)":0,"StretchesKneeling shin_Kneeling shin_":4,"StretchesHip flexor_Hip flexor_":3,"StretchesCouch_Couch_":1,"Leg raises (for abdomen)":2,"Seated calf raises":2,"Poliquin step ups":2,"Slant board squats":4,"ATG Split squats":4,"Nordics":1,"Reverse Nordics":1,"Tibialis raises,":3,"IsoTib ankle rotations":1,"Pull ups":3,"Chin ups":3,"10 min HIIT":1}],"supplement_vars":[{"N-Acetyl-L-Cysteine (NAC)":0.0026,"N-Acetyl-L-Cysteine (NAC) 2":0.0187,"Nicotinamide Riboside Chloride (NR)":0.0164,"Zeaxanthin":0.0081,"Phosphorus":0.017,"Astaxanthin (Natural)":0.0147,"Boron Glycinate":0.0206,"CaAKG":0.0104,"Ashwagandha KSM66":0.0057,"Calcium L-5- Methyltetrahydrofolate (L-5-MTHF-Ca)":0.0588,"Cocoa Powder (Non-Alkalised) 8+% Flavanols":0.0023,"Red Yeast Rice (2% Monacolin K)":0.0113,"Creatine Monohydrate":0.0386,"Ginger":0.079,"Glucosamine Sulfate KCI":0.0664,"Grape Seed Extract 90% polyphenols":0.0044,"Broccoli Extract (glucoraphanin 10%)":0.0137,"Glycine":0.0018,"Theanine":0.0054,"Lactobacillus Acidophilus":0.0766,"Lithium orotate":0.0009,"Pomegranate Juice Extract (50% Polyphenols)":0.0033,"Potassium Iodate":0.0419,"Rhodiola 3% Rosavins / Salidroside 1%":0.0198,"Selenium":0.0135,"Glutathione reduced":0.0509,"Lutein":0.0207,"Luteolin":0.003,"Cinnamon powder (ceylon) organic":0.0101,"Sodium Hyaluronate":0.001,"Spermidine":0.0536,"Vitamin B1 (Thiamine HCl)":0.0044,"Vitamin B12 (Methylcobalamin)":0.0725,"Vitamin B2 (Riboflavin-5-Phosphate)":0.0687,"Vitamin B3 (Niacinamide)":0.0658,"Vitamin B5 (Calcium-D-Pantothenate)":0.0166,"Vitamin B6 (Pyridoxal-5- Phosphate)":0.0278,"Vitamin B7 (D-Biotin)":0.0201,"Vitamin C (Ascorbic Acid)":0.0102,"Vitamin D Veg D3":0.0061,"Vitamin E (d-alpha tocopherol)":0.044,"Vitamin K1":0.0205,"Vitamin K2 MK-7 MCT Oil":0.0278,"Vitamin K2 MK-4 MCT Oil":0.0274,"Sunflower lecithin non-GMO":0.0063,"Phosphatidylcholine":0.0108,"Choline":0.0433,"Lycopene":0.0051,"Lysine":0.0074,"Taurine":0.0344,"Glucoraphanin":0.0243,"Ubiquinol":0.0018,"Zinc Citrate":0.0111,"Fiber":0.003,"Blueberries":0.0088,"Macadamia nuts":0.0508,"Walnuts":0.0267,"Omega 3":0.0479,"Omega 6":0.0664,"Calcium":0.0215,"EVOO polyphenols":0.0053,"Oleic acid":0.0314,"Protein (plant)":0.0042,"Copper":0.0079,"Caffeine":0.0534,"Magnesium Citrate":0.0032,"Manganese Citrate":0.0797,"Curcuminoids":0.0526,"Fisetin (smoketree extract)":0.0155,"Garlic extract 12:1 odorless":0.0118,"Genistein (Japonica extract)":0.0096,"Milled Golden Flaxseed":0.0345,"SDG lignan":0.0466,"Phosphatidylinositol":0.0054,"Phosphatidylethanolamine":0.0131}],"vo2_max":30.9453}
