{"personal_data":[{"age":35,"gender":"M","name":"Elliot Glover"}],"fitness_data":[{"Backwards Sled, 2 min":3,"Posture exercises":5,"Tricep extensions":4,"Face pulls":4,"Butterfly":3,"Band pull apart (back muscles)":5,"Back extensions (on a hyperextension)":0,"Obliques (each side, on a hyperextension)":1,"StretchesKneeling shin_Kneeling shin_":3,"StretchesHip flexor_Hip flexor_":3,"StretchesCouch_Couch_":2,"Leg raises (for abdomen)":2,"Seated calf raises":3,"Poliquin step ups":3,"Slant board squats":4,"ATG Split squats":1,"Nordics":5,"Reverse Nordics":1,"Tibialis raises,":4,"IsoTib ankle rotations":0,"Pull ups":1,"Chin ups":0,"10 min HIIT":2}],"supplement_vars":[{"N-Acetyl-L-Cysteine (NAC)":0.019,"N-Acetyl-L-Cysteine (NAC) 2":0.0034,"Nicotinamide Riboside Chloride (NR)":0.0102,"Zeaxanthin":0.0124,"Phosphorus":0.0263,"Astaxanthin (Natural)":0.0079,"Boron Glycinate":0.0438,"CaAKG":0.006,"Ashwagandha KSM66":0.0044,"Calcium L-5- Methyltetrahydrofolate (L-5-MTHF-Ca)":0.0246,"Cocoa Powder (Non-Alkalised) 8+% Flavanols":0.0021,"Red Yeast Rice (2% Monacolin K)":0.0018,"Creatine Monohydrate":0.0466,"Ginger":0.0345,"Glucosamine Sulfate KCI":0.0527,"Grape Seed Extract 90% polyphenols":0.0105,"Broccoli Extract (glucoraphanin 10%)":0.0259,"Glycine":0.0201,"Theanine":0.0279,"Lactobacillus Acidophilus":0.0626,"Lithium orotate":0.0035,"Pomegranate Juice Extract (50% Polyphenols)":0.0109,"Potassium Iodate":0.0433,"Rhodiola 3% Rosavins / Salidroside 1%":0.027,"Selenium":0.0337,"Glutathione reduced":0.0123,"Lutein":0.0175,"Luteolin":0.0046,"Cinnamon powder (ceylon) organic":0.0138,"Sodium Hyaluronate":0.0059,"Spermidine":0.0232,"Vitamin B1 (Thiamine HCl)":0.0066,"Vitamin B12 (Methylcobalamin)":0.0523,"Vitamin B2 (Riboflavin-5-Phosphate)":0.0654,"Vitamin B3 (Niacinamide)":0.0025,"Vitamin B5 (Calcium-D-Pantothenate)":0.0033,"Vitamin B6 (Pyridoxal-5- Phosphate)":0.0361,"Vitamin B7 (D-Biotin)":0.0034,"Vitamin C (Ascorbic Acid)":0.0118,"Vitamin D Veg D3":0.0268,"Vitamin E (d-alpha tocopherol)":0.0346,"Vitamin K1":0.0399,"Vitamin K2 MK-7 MCT Oil":0.0107,"Vitamin K2 MK-4 MCT Oil":0.0351,"Sunflower lecithin non-GMO":0.0067,"Phosphatidylcholine":0.0337,"Choline":0.0455,"Lycopene":0.0154,"Lysine":0.0058,"Taurine":0.0244,"Glucoraphanin":0.0286,"Ubiquinol":0.0006,"Zinc Citrate":0.0223,"Fiber":0.0001,"Blueberries":0.0025,"Macadamia nuts":0.0038,"Walnuts":0.0506,"Omega 3":0.0183,"Omega 6":0.015,"Calcium":0.0377,"EVOO polyphenols":0.0054,"Oleic acid":0.0132,"Protein (plant)":0.0009,"Copper":0.0104,"Caffeine":0.0544,"Magnesium Citrate":0.0209,"Manganese Citrate":0.0481,"Curcuminoids":0.0288,"Fisetin (smoketree extract)":0.0069,"Garlic extract 12:1 odorless":0.0295,"Genistein (Japonica extract)":0.0092,"Milled Golden Flaxseed":0.0093,"SDG lignan":0.017,"Phosphatidylinositol":0.0117,"Phosphatidylethanolamine":0.0171}],"vo2_max":32.6424}
