{"personal_data":[{"age":37,"gender":"M","name":"Laverne Sauer"}],"fitness_data":[{"Backwards Sled, 2 min":0,"Posture exercises":3,"Tricep extensions":2,"Face pulls":0,"Butterfly":2,"Band pull apart (back muscles)":6,"Back extensions (on a hyperextension)":3,"Obliques (each side, on a hyperextension)":0,"StretchesKneeling shin_Kneeling shin_":4,"StretchesHip flexor_Hip flexor_":1,"StretchesCouch_Couch_":3,"Leg raises (for abdomen)":2,"Seated calf raises":1,"Poliquin step ups":3,"Slant board squats":2,"ATG Split squats":0,"Nordics":0,"Reverse Nordics":4,"Tibialis raises,":3,"IsoTib ankle rotations":5,"Pull ups":2,"Chin ups":0,"10 min HIIT":4}],"supplement_vars":[{"N-Acetyl-L-Cysteine (NAC)":0.0141,"N-Acetyl-L-Cysteine (NAC) 2":0.0101,"Nicotinamide Riboside Chloride (NR)":0.0072,"Zeaxanthin":0.0122,"Phosphorus":0.0418,"Astaxanthin (Natural)":0.0195,"Boron Glycinate":0.0379,"CaAKG":0.0049,"Ashwagandha KSM66":0.0018,"Calcium L-5- Methyltetrahydrofolate (L-5-MTHF-Ca)":0.0488,"Cocoa Powder (Non-Alkalised) 8+% Flavanols":0.0193,"Red Yeast Rice (2% Monacolin K)":0.0265,"Creatine Monohydrate":0.0145,"Ginger":0.084,"Glucosamine Sulfate KCI":0.0555,"Grape Seed Extract 90% polyphenols":0.0122,"Broccoli Extract (glucoraphanin 10%)":0.0013,"Glycine":0.0272,"Theanine":0.0379,"Lactobacillus Acidophilus":0.0724,"Lithium orotate":0.0063,"Pomegranate Juice Extract (50% Polyphenols)":0.0572,"Potassium Iodate":0.0089,"Rhodiola 3% Rosavins / Salidroside 1%":0.0329,"Selenium":0.0121,"Glutathione reduced":0.0242,"Lutein":0.0225,"Luteolin":0.0087,"Cinnamon powder (ceylon) organic":0.0137,"Sodium Hyaluronate":0.0058,"Spermidine":0.0385,"Vitamin B1 (Thiamine HCl)":0.0099,"Vitamin B12 (Methylcobalamin)":0.0103,"Vitamin B2 (Riboflavin-5-Phosphate)":0.0695,"Vitamin B3 (Niacinamide)":0.0293,"Vitamin B5 (Calcium-D-Pantothenate)":0.0015,"Vitamin B6 (Pyridoxal-5- Phosphate)":0.0417,"Vitamin B7 (D-Biotin)":0.0099,"Vitamin C (Ascorbic Acid)":0.0115,"Vitamin D Veg D3":0.0094,"Vitamin E (d-alpha tocopherol)":0.0394,"Vitamin K1":0.0064,"Vitamin K2 MK-7 MCT Oil":0.0129,"Vitamin K2 MK-4 MCT Oil":0.0268,"Sunflower lecithin non-GMO":0.0375,"Phosphatidylcholine":0.0133,"Choline":0.059,"Lycopene":0.0255,"Lysine":0.012,"Taurine":0.0408,"Glucoraphanin":0.0082,"Ubiquinol":0.0123,"Zinc Citrate":0.0224,"Fiber":0.0003,"Blueberries":0.017,"Macadamia nuts":0.0384,"Walnuts":0.018,"Omega 3":0.0041,"Omega 6":0.0187,"Calcium":0.0164,"EVOO polyphenols":0.0046,"Oleic acid":0.0327,"Protein (plant)":0.0049,"Copper":0.0105,"Caffeine":0.0032,"Magnesium Citrate":0.0516,"Manganese Citrate":0.0577,"Curcuminoids":0.0184,"Fisetin (smoketree extract)":0.0192,"Garlic extract 12:1 odorless":0.0358,"Genistein (Japonica extract)":0.0045,"Milled Golden Flaxseed":0.0262,"SDG lignan":0.0302,"Phosphatidylinositol":0.0145,"Phosphatidylethanolamine":0.0146}],"vo2_max":32.6272}
