{"personal_data":[{"age":33,"gender":"M","name":"Sasha Ward"}],"fitness_data":[{"Backwards Sled, 2 min":0,"Posture exercises":1,"Tricep extensions":1,"Face pulls":1,"Butterfly":2,"Band pull apart (back muscles)":2,"Back extensions (on a hyperextension)":3,"Obliques (each side, on a hyperextension)":2,"StretchesKneeling shin_Kneeling shin_":4,"StretchesHip flexor_Hip flexor_":3,"StretchesCouch_Couch_":2,"Leg raises (for abdomen)":2,"Seated calf raises":2,"Poliquin step ups":3,"Slant board squats":6,"ATG Split squats":4,"Nordics":1,"Reverse Nordics":1,"Tibialis raises,":4,"IsoTib ankle rotations":4,"Pull ups":3,"Chin ups":3,"10 min HIIT":2}],"supplement_vars":[{"N-Acetyl-L-Cysteine (NAC)":0.0083,"N-Acetyl-L-Cysteine (NAC) 2":0.0079,"Nicotinamide Riboside Chloride (NR)":0.0145,"Zeaxanthin":0.0039,"Phosphorus":0.0351,"Astaxanthin (Natural)":0.0233,"Boron Glycinate":0.035,"CaAKG":0.0095,"Ashwagandha KSM66":0.0056,"Calcium L-5- Methyltetrahydrofolate (L-5-MTHF-Ca)":0.0342,"Cocoa Powder (Non-Alkalised) 8+% Flavanols":0.0053,"Red Yeast Rice (2% Monacolin K)":0.0114,"Creatine Monohydrate":0.0246,"Ginger":0.0875,"Glucosamine Sulfate KCI":0.0583,"Grape Seed Extract 90% polyphenols":0.0035,"Broccoli Extract (glucoraphanin 10%)":0.0241,"Glycine":0.0308,"Theanine":0.0463,"Lactobacillus Acidophilus":0.0493,"Lithium orotate":0.0015,"Pomegranate Juice Extract (50% Polyphenols)":0.0292,"Potassium Iodate":0.0157,"Rhodiola 3% Rosavins / Salidroside 1%":0.0115,"Selenium":0.0307,"Glutathione reduced":0.0338,"Lutein":0.0026,"Luteolin":0.0091,"Cinnamon powder (ceylon) organic":0.0227,"Sodium Hyaluronate":0.0045,"Spermidine":0.0567,"Vitamin B1 (Thiamine HCl)":0.0139,"Vitamin B12 (Methylcobalamin)":0.0099,"Vitamin B2 (Riboflavin-5-Phosphate)":0.0194,"Vitamin B3 (Niacinamide)":0.0406,"Vitamin B5 (Calcium-D-Pantothenate)":0.0056,"Vitamin B6 (Pyridoxal-5- Phosphate)":0.0051,"Vitamin B7 (D-Biotin)":0.0113,"Vitamin C (Ascorbic Acid)":0.008,"Vitamin D Veg D3":0.0406,"Vitamin E (d-alpha tocopherol)":0.0186,"Vitamin K1":0.027,"Vitamin K2 MK-7 MCT Oil":0.0321,"Vitamin K2 MK-4 MCT Oil":0.01,"Sunflower lecithin non-GMO":0.0088,"Phosphatidylcholine":0.0098,"Choline":0.0522,"Lycopene":0.0646,"Lysine":0.0028,"Taurine":0.042,"Glucoraphanin":0.0104,"Ubiquinol":0.009,"Zinc Citrate":0.0286,"Fiber":0.0054,"Blueberries":0.0603,"Macadamia nuts":0.0589,"Walnuts":0.0639,"Omega 3":0.0373,"Omega 6":0.0054,"Calcium":0.0442,"EVOO polyphenols":0.005,"Oleic acid":0.0046,"Protein (plant)":0.002,"Copper":0.0176,"Caffeine":0.0434,"Magnesium Citrate":0.0376,"Manganese Citrate":0.096,"Curcuminoids":0.0424,"Fisetin (smoketree extract)":0.0285,"Garlic extract 12:1 odorless":0.0015,"Genistein (Japonica extract)":0.0142,"Milled Golden Flaxseed":0.0258,"SDG lignan":0.0411,"Phosphatidylinositol":0.0054,"Phosphatidylethanolamine":0.014}],"vo2_max":32.7352}
