{"personal_data":[{"age":28,"gender":"F"}],"fitness_data":[{"Backwards Sled, 2 min":4,"Posture exercises":1,"Tricep extensions":3,"Face pulls":4,"Butterfly":1,"Band pull apart (back muscles)":3,"Back extensions (on a hyperextension)":0,"Obliques (each side, on a hyperextension)":0,"StretchesKneeling shin_Kneeling shin_":4,"StretchesHip flexor_Hip flexor_":3,"StretchesCouch_Couch_":3,"Leg raises (for abdomen)":2,"Seated calf raises":1,"Poliquin step ups":2,"Slant board squats":1,"ATG Split squats":2,"Nordics":0,"Reverse Nordics":3,"Tibialis raises,":0,"IsoTib ankle rotations":4,"Pull ups":2,"Chin ups":0,"10 min HIIT":4}],"supplement_vars":[{"N-Acetyl-L-Cysteine (NAC)":0.0064,"N-Acetyl-L-Cysteine (NAC) 2":0.0123,"Nicotinamide Riboside Chloride (NR)":0.0001,"Zeaxanthin":0.007,"Phosphorus":0.0042,"Astaxanthin (Natural)":0.0011,"Boron Glycinate":0.0287,"CaAKG":0.0112,"Ashwagandha KSM66":0.0009,"Calcium L-5- Methyltetrahydrofolate (L-5-MTHF-Ca)":0.0298,"Cocoa Powder (Non-Alkalised) 8+% Flavanols":0.0111,"Red Yeast Rice (2% Monacolin K)":0.0165,"Creatine Monohydrate":0.0173,"Ginger":0.0323,"Glucosamine Sulfate KCI":0.0733,"Grape Seed Extract 90% polyphenols":0.0126,"Broccoli Extract (glucoraphanin 10%)":0.0203,"Glycine":0.0118,"Theanine":0.0189,"Lactobacillus Acidophilus":0.0286,"Lithium orotate":0.0051,"Pomegranate Juice Extract (50% Polyphenols)":0.0157,"Potassium Iodate":0.0249,"Rhodiola 3% Rosavins / Salidroside 1%":0.0288,"Selenium":0.0114,"Glutathione reduced":0.0156,"Lutein":0.0068,"Luteolin":0.0056,"Cinnamon powder (ceylon) organic":0.0088,"Sodium Hyaluronate":0.0044,"Spermidine":0.0774,"Vitamin B1 (Thiamine HCl)":0.0056,"Vitamin B12 (Methylcobalamin)":0.0321,"Vitamin B2 (Riboflavin-5-Phosphate)":0.0027,"Vitamin B3 (Niacinamide)":0.0464,"Vitamin B5 (Calcium-D-Pantothenate)":0.0017,"Vitamin B6 (Pyridoxal-5- Phosphate)":0.0045,"Vitamin B7 (D-Biotin)":0.0317,"Vitamin C (Ascorbic Acid)":0.0102,"Vitamin D Veg D3":0.0151,"Vitamin E (d-alpha tocopherol)":0.0166,"Vitamin K1":0.007,"Vitamin K2 MK-7 MCT Oil":0.0177,"Vitamin K2 MK-4 MCT Oil":0.0178,"Sunflower lecithin non-GMO":0.0374,"Phosphatidylcholine":0.0351,"Choline":0.0582,"Lycopene":0.0265,"Lysine":0.0036,"Taurine":0.0328,"Glucoraphanin":0.0063,"Ubiquinol":0.0003,"Zinc Citrate":0.0051,"Fiber":0.0051,"Blueberries":0.0726,"Macadamia nuts":0.013,"Walnuts":0.0666,"Omega 3":0.0089,"Omega 6":0.0371,"Calcium":0.0547,"EVOO polyphenols":0.0031,"Oleic acid":0.0124,"Protein (plant)":0.0045,"Copper":0.0167,"Caffeine":0.0627,"Magnesium Citrate":0.0562,"Manganese Citrate":0.0983,"Curcuminoids":0.0463,"Fisetin (smoketree extract)":0.0172,"Garlic extract 12:1 odorless":0.0249,"Genistein (Japonica extract)":0.0048,"Milled Golden Flaxseed":0.0009,"SDG lignan":0.0425,"Phosphatidylinositol":0.0191,"Phosphatidylethanolamine":0.04}],"vo2_max":34.1634}
