{"personal_data":[{"age":64,"gender":"F","name":"Adam Gulgowski PhD"}],"fitness_data":[{"Backwards Sled, 2 min":3,"Posture exercises":4,"Tricep extensions":1,"Face pulls":5,"Butterfly":0,"Band pull apart (back muscles)":6,"Back extensions (on a hyperextension)":2,"Obliques (each side, on a hyperextension)":0,"StretchesKneeling shin_Kneeling shin_":3,"StretchesHip flexor_Hip flexor_":1,"StretchesCouch_Couch_":1,"Leg raises (for abdomen)":5,"Seated calf raises":2,"Poliquin step ups":2,"Slant board squats":6,"ATG Split squats":3,"Nordics":5,"Reverse Nordics":0,"Tibialis raises,":0,"IsoTib ankle rotations":3,"Pull ups":4,"Chin ups":0,"10 min HIIT":2}],"supplement_vars":[{"N-Acetyl-L-Cysteine (NAC)":0,"N-Acetyl-L-Cysteine (NAC) 2":0.0169,"Nicotinamide Riboside Chloride (NR)":0.0167,"Zeaxanthin":0.0013,"Phosphorus":0.0257,"Astaxanthin (Natural)":0.0073,"Boron Glycinate":0.0078,"CaAKG":0.0009,"Ashwagandha KSM66":0.0007,"Calcium L-5- Methyltetrahydrofolate (L-5-MTHF-Ca)":0.0271,"Cocoa Powder (Non-Alkalised) 8+% Flavanols":0.0203,"Red Yeast Rice (2% Monacolin K)":0.0141,"Creatine Monohydrate":0.023,"Ginger":0.055,"Glucosamine Sulfate KCI":0.0084,"Grape Seed Extract 90% polyphenols":0.0035,"Broccoli Extract (glucoraphanin 10%)":0.0025,"Glycine":0.0118,"Theanine":0.0312,"Lactobacillus Acidophilus":0.0568,"Lithium orotate":0.0067,"Pomegranate Juice Extract (50% Polyphenols)":0.0113,"Potassium Iodate":0.0191,"Rhodiola 3% Rosavins / Salidroside 1%":0.011,"Selenium":0.032,"Glutathione reduced":0.0509,"Lutein":0.0236,"Luteolin":5.537e-07,"Cinnamon powder (ceylon) organic":0.0139,"Sodium Hyaluronate":0.002,"Spermidine":0.0697,"Vitamin B1 (Thiamine HCl)":0.0015,"Vitamin B12 (Methylcobalamin)":0.0001,"Vitamin B2 (Riboflavin-5-Phosphate)":0.047,"Vitamin B3 (Niacinamide)":0.0051,"Vitamin B5 (Calcium-D-Pantothenate)":0.0037,"Vitamin B6 (Pyridoxal-5- Phosphate)":0.0217,"Vitamin B7 (D-Biotin)":0.0217,"Vitamin C (Ascorbic Acid)":0.0012,"Vitamin D Veg D3":0.0291,"Vitamin E (d-alpha tocopherol)":0.0443,"Vitamin K1":0.0003,"Vitamin K2 MK-7 MCT Oil":0.011,"Vitamin K2 MK-4 MCT Oil":0.0227,"Sunflower lecithin non-GMO":0.0236,"Phosphatidylcholine":0.0285,"Choline":0.0062,"Lycopene":0.0266,"Lysine":0.0006,"Taurine":0.0185,"Glucoraphanin":0.022,"Ubiquinol":0.0004,"Zinc Citrate":0.0243,"Fiber":0.0001,"Blueberries":0.0334,"Macadamia nuts":0.0086,"Walnuts":0.0612,"Omega 3":0.0495,"Omega 6":0.0601,"Calcium":0.0618,"EVOO polyphenols":0.0026,"Oleic acid":0.0055,"Protein (plant)":0.0027,"Copper":0.0223,"Caffeine":0.0099,"Magnesium Citrate":0.0404,"Manganese Citrate":0.0428,"Curcuminoids":0.0467,"Fisetin (smoketree extract)":0.0166,"Garlic extract 12:1 odorless":0.0193,"Genistein (Japonica extract)":0.0135,"Milled Golden Flaxseed":0.0048,"SDG lignan":0.0127,"Phosphatidylinositol":0.004,"Phosphatidylethanolamine":0.0441}],"vo2_max":23.2296}
