{"personal_data":[{"age":34,"gender":"F"}],"fitness_data":[{"Backwards Sled, 2 min":0,"Posture exercises":3,"Tricep extensions":2,"Face pulls":4,"Butterfly":4,"Band pull apart (back muscles)":5,"Back extensions (on a hyperextension)":3,"Obliques (each side, on a hyperextension)":0,"StretchesKneeling shin_Kneeling shin_":1,"StretchesHip flexor_Hip flexor_":2,"StretchesCouch_Couch_":0,"Leg raises (for abdomen)":4,"Seated calf raises":4,"Poliquin step ups":3,"Slant board squats":3,"ATG Split squats":4,"Nordics":3,"Reverse Nordics":0,"Tibialis raises,":5,"IsoTib ankle rotations":0,"Pull ups":2,"Chin ups":4,"10 min HIIT":1}],"supplement_vars":[{"N-Acetyl-L-Cysteine (NAC)":0.0079,"N-Acetyl-L-Cysteine (NAC) 2":0.0064,"Nicotinamide Riboside Chloride (NR)":0.0091,"Zeaxanthin":0.011,"Phosphorus":0.0157,"Astaxanthin (Natural)":0.0153,"Boron Glycinate":0.0453,"CaAKG":0.0014,"Ashwagandha KSM66":0.0024,"Calcium L-5- Methyltetrahydrofolate (L-5-MTHF-Ca)":0.0457,"Cocoa Powder (Non-Alkalised) 8+% Flavanols":0.0041,"Red Yeast Rice (2% Monacolin K)":0.0319,"Creatine Monohydrate":0.0571,"Ginger":0.0842,"Glucosamine Sulfate KCI":0.0495,"Grape Seed Extract 90% polyphenols":0.0113,"Broccoli Extract (glucoraphanin 10%)":0.0201,"Glycine":0.0073,"Theanine":0.0349,"Lactobacillus Acidophilus":0.0194,"Lithium orotate":0.0039,"Pomegranate Juice Extract (50% Polyphenols)":0.0415,"Potassium Iodate":0.0419,"Rhodiola 3% Rosavins / Salidroside 1%":0.0441,"Selenium":0.0347,"Glutathione reduced":0.0161,"Lutein":0.0247,"Luteolin":0.004,"Cinnamon powder (ceylon) organic":0.0077,"Sodium Hyaluronate":0.0018,"Spermidine":0.0567,"Vitamin B1 (Thiamine HCl)":0.0089,"Vitamin B12 (Methylcobalamin)":0.0026,"Vitamin B2 (Riboflavin-5-Phosphate)":0.046,"Vitamin B3 (Niacinamide)":0.0462,"Vitamin B5 (Calcium-D-Pantothenate)":0.0207,"Vitamin B6 (Pyridoxal-5- Phosphate)":0.0048,"Vitamin B7 (D-Biotin)":0.0202,"Vitamin C (Ascorbic Acid)":0.0117,"Vitamin D Veg D3":0.024,"Vitamin E (d-alpha tocopherol)":0.0331,"Vitamin K1":0.0671,"Vitamin K2 MK-7 MCT Oil":0.0066,"Vitamin K2 MK-4 MCT Oil":0.0277,"Sunflower lecithin non-GMO":0.0038,"Phosphatidylcholine":0.0286,"Choline":0.0174,"Lycopene":0.0586,"Lysine":0.0067,"Taurine":0.0212,"Glucoraphanin":0.0005,"Ubiquinol":0.0048,"Zinc Citrate":0.0262,"Fiber":0.0045,"Blueberries":0.0203,"Macadamia nuts":0.0579,"Walnuts":0.004,"Omega 3":0.0236,"Omega 6":0.0337,"Calcium":0.0148,"EVOO polyphenols":0.0045,"Oleic acid":0.0128,"Protein (plant)":0.0034,"Copper":0.0112,"Caffeine":0.0192,"Magnesium Citrate":0.0106,"Manganese Citrate":0.0903,"Curcuminoids":0.0202,"Fisetin (smoketree extract)":0.0026,"Garlic extract 12:1 odorless":0.0263,"Genistein (Japonica extract)":0.0014,"Milled Golden Flaxseed":0.0277,"SDG lignan":0.0514,"Phosphatidylinositol":0.0198,"Phosphatidylethanolamine":0.0327}],"vo2_max":34.2462}
