{"personal_data":[{"age":62,"gender":"F","name":"Mr. Reuben Braun"}],"fitness_data":[{"Backwards Sled, 2 min":4,"Posture exercises":3,"Tricep extensions":4,"Face pulls":3,"Butterfly":0,"Band pull apart (back muscles)":0,"Back extensions (on a hyperextension)":2,"Obliques (each side, on a hyperextension)":1,"StretchesKneeling shin_Kneeling shin_":1,"StretchesHip flexor_Hip flexor_":5,"StretchesCouch_Couch_":1,"Leg raises (for abdomen)":0,"Seated calf raises":1,"Poliquin step ups":0,"Slant board squats":1,"ATG Split squats":3,"Nordics":4,"Reverse Nordics":2,"Tibialis raises,":3,"IsoTib ankle rotations":4,"Pull ups":4,"Chin ups":1,"10 min HIIT":2}],"supplement_vars":[{"N-Acetyl-L-Cysteine (NAC)":0.0139,"N-Acetyl-L-Cysteine (NAC) 2":0.0168,"Nicotinamide Riboside Chloride (NR)":0.0024,"Zeaxanthin":0.0044,"Phosphorus":0.0044,"Astaxanthin (Natural)":0.0122,"Boron Glycinate":0.0153,"CaAKG":0.0078,"Ashwagandha KSM66":0.0007,"Calcium L-5- Methyltetrahydrofolate (L-5-MTHF-Ca)":0.0234,"Cocoa Powder (Non-Alkalised) 8+% Flavanols":0.0219,"Red Yeast Rice (2% Monacolin K)":0.0105,"Creatine Monohydrate":0.0265,"Ginger":0.0418,"Glucosamine Sulfate KCI":0.059,"Grape Seed Extract 90% polyphenols":0.0003,"Broccoli Extract (glucoraphanin 10%)":0.0302,"Glycine":0.0079,"Theanine":0.0525,"Lactobacillus Acidophilus":0.0735,"Lithium orotate":0.0027,"Pomegranate Juice Extract (50% Polyphenols)":0.0259,"Potassium Iodate":0.0362,"Rhodiola 3% Rosavins / Salidroside 1%":0.0461,"Selenium":0.0008,"Glutathione reduced":0.0482,"Lutein":0.0213,"Luteolin":0.0027,"Cinnamon powder (ceylon) organic":0.0183,"Sodium Hyaluronate":0.0087,"Spermidine":0.0858,"Vitamin B1 (Thiamine HCl)":0.0154,"Vitamin B12 (Methylcobalamin)":0.0109,"Vitamin B2 (Riboflavin-5-Phosphate)":0.0388,"Vitamin B3 (Niacinamide)":0.0599,"Vitamin B5 (Calcium-D-Pantothenate)":0.0097,"Vitamin B6 (Pyridoxal-5- Phosphate)":0.0295,"Vitamin B7 (D-Biotin)":0.0009,"Vitamin C (Ascorbic Acid)":0.0032,"Vitamin D Veg D3":0.0074,"Vitamin E (d-alpha tocopherol)":0.0139,"Vitamin K1":0.0645,"Vitamin K2 MK-7 MCT Oil":0.0298,"Vitamin K2 MK-4 MCT Oil":0.0312,"Sunflower lecithin non-GMO":0.0388,"Phosphatidylcholine":0.0197,"Choline":0.0337,"Lycopene":0.0435,"Lysine":0.0067,"Taurine":0.0227,"Glucoraphanin":0.0027,"Ubiquinol":0,"Zinc Citrate":0.0288,"Fiber":0.0007,"Blueberries":0.0467,"Macadamia nuts":0.0378,"Walnuts":0.0394,"Omega 3":0.0218,"Omega 6":0.0116,"Calcium":0.0536,"EVOO polyphenols":0.0029,"Oleic acid":0.0145,"Protein (plant)":0.0002,"Copper":0.0029,"Caffeine":0.0205,"Magnesium Citrate":0.0249,"Manganese Citrate":0.063,"Curcuminoids":0.0387,"Fisetin (smoketree extract)":0.0298,"Garlic extract 12:1 odorless":0.0381,"Genistein (Japonica extract)":0.0128,"Milled Golden Flaxseed":0.0305,"SDG lignan":0.0178,"Phosphatidylinositol":0.0228,"Phosphatidylethanolamine":0.0353}],"vo2_max":20.9119}
