{"personal_data":[{"age":52,"gender":"M","name":"Mr. Hervey Hammes"}],"fitness_data":[{"Backwards Sled, 2 min":2,"Posture exercises":1,"Tricep extensions":2,"Face pulls":1,"Butterfly":3,"Band pull apart (back muscles)":6,"Back extensions (on a hyperextension)":1,"Obliques (each side, on a hyperextension)":3,"StretchesKneeling shin_Kneeling shin_":3,"StretchesHip flexor_Hip flexor_":4,"StretchesCouch_Couch_":0,"Leg raises (for abdomen)":0,"Seated calf raises":3,"Poliquin step ups":2,"Slant board squats":4,"ATG Split squats":3,"Nordics":6,"Reverse Nordics":1,"Tibialis raises,":4,"IsoTib ankle rotations":5,"Pull ups":1,"Chin ups":1,"10 min HIIT":3}],"supplement_vars":[{"N-Acetyl-L-Cysteine (NAC)":0.0003,"N-Acetyl-L-Cysteine (NAC) 2":0.0131,"Nicotinamide Riboside Chloride (NR)":0.0022,"Zeaxanthin":0.0121,"Phosphorus":0.001,"Astaxanthin (Natural)":0.0095,"Boron Glycinate":0.011,"CaAKG":0.0087,"Ashwagandha KSM66":0.0063,"Calcium L-5- Methyltetrahydrofolate (L-5-MTHF-Ca)":0.0022,"Cocoa Powder (Non-Alkalised) 8+% Flavanols":0.0139,"Red Yeast Rice (2% Monacolin K)":0.0291,"Creatine Monohydrate":0.0502,"Ginger":0.0505,"Glucosamine Sulfate KCI":0.0294,"Grape Seed Extract 90% polyphenols":0.0051,"Broccoli Extract (glucoraphanin 10%)":0.0301,"Glycine":0.017,"Theanine":0.0236,"Lactobacillus Acidophilus":0.0713,"Lithium orotate":0.0096,"Pomegranate Juice Extract (50% Polyphenols)":0.0307,"Potassium Iodate":0.0266,"Rhodiola 3% Rosavins / Salidroside 1%":0.0447,"Selenium":0.0034,"Glutathione reduced":0.0365,"Lutein":0.0205,"Luteolin":0.0092,"Cinnamon powder (ceylon) organic":0.0231,"Sodium Hyaluronate":0.0002,"Spermidine":0.0743,"Vitamin B1 (Thiamine HCl)":0.0057,"Vitamin B12 (Methylcobalamin)":0.0255,"Vitamin B2 (Riboflavin-5-Phosphate)":0.0085,"Vitamin B3 (Niacinamide)":0.0257,"Vitamin B5 (Calcium-D-Pantothenate)":0.0116,"Vitamin B6 (Pyridoxal-5- Phosphate)":0.0292,"Vitamin B7 (D-Biotin)":0.0001,"Vitamin C (Ascorbic Acid)":0.0078,"Vitamin D Veg D3":0.045,"Vitamin E (d-alpha tocopherol)":0.0418,"Vitamin K1":0.0521,"Vitamin K2 MK-7 MCT Oil":0.0022,"Vitamin K2 MK-4 MCT Oil":0.0033,"Sunflower lecithin non-GMO":0.0077,"Phosphatidylcholine":0.0231,"Choline":0.0187,"Lycopene":0.0246,"Lysine":0.0115,"Taurine":0.0282,"Glucoraphanin":0.0041,"Ubiquinol":0.0107,"Zinc Citrate":0.0201,"Fiber":0.0045,"Blueberries":0.0007,"Macadamia nuts":0.0722,"Walnuts":0.0592,"Omega 3":0.0428,"Omega 6":0.0416,"Calcium":0.0416,"EVOO polyphenols":0.0009,"Oleic acid":0.0339,"Protein (plant)":0.0011,"Copper":0.0197,"Caffeine":0.0365,"Magnesium Citrate":0.0267,"Manganese Citrate":0.0758,"Curcuminoids":0.0505,"Fisetin (smoketree extract)":0.0125,"Garlic extract 12:1 odorless":0.038,"Genistein (Japonica extract)":0.02,"Milled Golden Flaxseed":0.0179,"SDG lignan":0.0551,"Phosphatidylinositol":0.0204,"Phosphatidylethanolamine":0.0373}],"vo2_max":23.549}
