{"personal_data":[{"age":24,"gender":"F","name":"Wylie Kling-Sauer"}],"fitness_data":[{"Backwards Sled, 2 min":3,"Posture exercises":4,"Tricep extensions":3,"Face pulls":1,"Butterfly":1,"Band pull apart (back muscles)":5,"Back extensions (on a hyperextension)":1,"Obliques (each side, on a hyperextension)":3,"StretchesKneeling shin_Kneeling shin_":4,"StretchesHip flexor_Hip flexor_":1,"StretchesCouch_Couch_":1,"Leg raises (for abdomen)":4,"Seated calf raises":1,"Poliquin step ups":4,"Slant board squats":7,"ATG Split squats":6,"Nordics":5,"Reverse Nordics":0,"Tibialis raises,":2,"IsoTib ankle rotations":6,"Pull ups":3,"Chin ups":2,"10 min HIIT":1}],"supplement_vars":[{"N-Acetyl-L-Cysteine (NAC)":0.0001,"N-Acetyl-L-Cysteine (NAC) 2":0.0056,"Nicotinamide Riboside Chloride (NR)":0.0107,"Zeaxanthin":0.0072,"Phosphorus":0.0304,"Astaxanthin (Natural)":0.0077,"Boron Glycinate":0.0326,"CaAKG":0.0059,"Ashwagandha KSM66":0.0018,"Calcium L-5- Methyltetrahydrofolate (L-5-MTHF-Ca)":0.0501,"Cocoa Powder (Non-Alkalised) 8+% Flavanols":0.0193,"Red Yeast Rice (2% Monacolin K)":0.0083,"Creatine Monohydrate":0.0146,"Ginger":0.0507,"Glucosamine Sulfate KCI":0.0549,"Grape Seed Extract 90% polyphenols":0.0019,"Broccoli Extract (glucoraphanin 10%)":0.0295,"Glycine":0.0323,"Theanine":0.0151,"Lactobacillus Acidophilus":0.0324,"Lithium orotate":0.0011,"Pomegranate Juice Extract (50% Polyphenols)":0.0546,"Potassium Iodate":0.0358,"Rhodiola 3% Rosavins / Salidroside 1%":0.0349,"Selenium":0.0098,"Glutathione reduced":0.0396,"Lutein":0.0072,"Luteolin":0.0079,"Cinnamon powder (ceylon) organic":0.012,"Sodium Hyaluronate":0.0051,"Spermidine":0.015,"Vitamin B1 (Thiamine HCl)":0.0158,"Vitamin B12 (Methylcobalamin)":0.0629,"Vitamin B2 (Riboflavin-5-Phosphate)":0.0111,"Vitamin B3 (Niacinamide)":0.0329,"Vitamin B5 (Calcium-D-Pantothenate)":0.0205,"Vitamin B6 (Pyridoxal-5- Phosphate)":0.0318,"Vitamin B7 (D-Biotin)":0.0082,"Vitamin C (Ascorbic Acid)":0.0106,"Vitamin D Veg D3":0.0465,"Vitamin E (d-alpha tocopherol)":0.0225,"Vitamin K1":0.0016,"Vitamin K2 MK-7 MCT Oil":0.0225,"Vitamin K2 MK-4 MCT Oil":0.0279,"Sunflower lecithin non-GMO":0.0259,"Phosphatidylcholine":0.034,"Choline":0.0359,"Lycopene":0.0146,"Lysine":0.0082,"Taurine":0.0395,"Glucoraphanin":0.005,"Ubiquinol":0.0037,"Zinc Citrate":0.0274,"Fiber":0.0047,"Blueberries":0.0694,"Macadamia nuts":0.0938,"Walnuts":0.0554,"Omega 3":0.0014,"Omega 6":0.0629,"Calcium":0.0368,"EVOO polyphenols":0.0038,"Oleic acid":0.0136,"Protein (plant)":0.0002,"Copper":0.0049,"Caffeine":0.0639,"Magnesium Citrate":0.0454,"Manganese Citrate":0.0041,"Curcuminoids":0.027,"Fisetin (smoketree extract)":0.015,"Garlic extract 12:1 odorless":0.0415,"Genistein (Japonica extract)":0.0089,"Milled Golden Flaxseed":0.0338,"SDG lignan":0.0158,"Phosphatidylinositol":0.0248,"Phosphatidylethanolamine":0.0297}],"vo2_max":38.385}
