{"personal_data":[{"age":58,"gender":"M","name":"Harvy Olson"}],"fitness_data":[{"Backwards Sled, 2 min":2,"Posture exercises":0,"Tricep extensions":2,"Face pulls":3,"Butterfly":0,"Band pull apart (back muscles)":2,"Back extensions (on a hyperextension)":1,"Obliques (each side, on a hyperextension)":2,"StretchesKneeling shin_Kneeling shin_":3,"StretchesHip flexor_Hip flexor_":4,"StretchesCouch_Couch_":2,"Leg raises (for abdomen)":4,"Seated calf raises":1,"Poliquin step ups":3,"Slant board squats":2,"ATG Split squats":0,"Nordics":1,"Reverse Nordics":4,"Tibialis raises,":5,"IsoTib ankle rotations":2,"Pull ups":0,"Chin ups":3,"10 min HIIT":1}],"supplement_vars":[{"N-Acetyl-L-Cysteine (NAC)":0.0021,"N-Acetyl-L-Cysteine (NAC) 2":0.0115,"Nicotinamide Riboside Chloride (NR)":0.0041,"Zeaxanthin":0.0073,"Phosphorus":0.0236,"Astaxanthin (Natural)":0.0138,"Boron Glycinate":0.0265,"CaAKG":0.0016,"Ashwagandha KSM66":0.0021,"Calcium L-5- Methyltetrahydrofolate (L-5-MTHF-Ca)":0.0431,"Cocoa Powder (Non-Alkalised) 8+% Flavanols":0.0176,"Red Yeast Rice (2% Monacolin K)":0.0073,"Creatine Monohydrate":0.0313,"Ginger":0.0486,"Glucosamine Sulfate KCI":0.0331,"Grape Seed Extract 90% polyphenols":0.0087,"Broccoli Extract (glucoraphanin 10%)":0.001,"Glycine":0.012,"Theanine":0.0297,"Lactobacillus Acidophilus":0.0849,"Lithium orotate":0.008,"Pomegranate Juice Extract (50% Polyphenols)":0.0078,"Potassium Iodate":0.0446,"Rhodiola 3% Rosavins / Salidroside 1%":0.0179,"Selenium":0.0097,"Glutathione reduced":0.0307,"Lutein":0.0239,"Luteolin":0.0042,"Cinnamon powder (ceylon) organic":0.0221,"Sodium Hyaluronate":0.0002,"Spermidine":0.0511,"Vitamin B1 (Thiamine HCl)":0.007,"Vitamin B12 (Methylcobalamin)":0.028,"Vitamin B2 (Riboflavin-5-Phosphate)":0.0209,"Vitamin B3 (Niacinamide)":0.0025,"Vitamin B5 (Calcium-D-Pantothenate)":0.02,"Vitamin B6 (Pyridoxal-5- Phosphate)":0.034,"Vitamin B7 (D-Biotin)":0.0291,"Vitamin C (Ascorbic Acid)":0.0069,"Vitamin D Veg D3":0.0197,"Vitamin E (d-alpha tocopherol)":0.0323,"Vitamin K1":0.0234,"Vitamin K2 MK-7 MCT Oil":0.0323,"Vitamin K2 MK-4 MCT Oil":0.0259,"Sunflower lecithin non-GMO":0.0081,"Phosphatidylcholine":0.0199,"Choline":0.0252,"Lycopene":0.0074,"Lysine":0.013,"Taurine":0.0365,"Glucoraphanin":0.033,"Ubiquinol":0.0014,"Zinc Citrate":0.013,"Fiber":0.005,"Blueberries":0.0556,"Macadamia nuts":0.0633,"Walnuts":0.0033,"Omega 3":0.0074,"Omega 6":0.0011,"Calcium":0.0066,"EVOO polyphenols":0.0067,"Oleic acid":0.0147,"Protein (plant)":0.0017,"Copper":0.0018,"Caffeine":0.0161,"Magnesium Citrate":0.0271,"Manganese Citrate":0.0562,"Curcuminoids":0.0174,"Fisetin (smoketree extract)":0.0217,"Garlic extract 12:1 odorless":0.0202,"Genistein (Japonica extract)":0.0082,"Milled Golden Flaxseed":0.012,"SDG lignan":0.0504,"Phosphatidylinositol":0.0013,"Phosphatidylethanolamine":0.0279}],"vo2_max":27.0496}
