{"personal_data":[{"age":62,"gender":"F","name":"Ms. Cara Hayes MD"}],"fitness_data":[{"Backwards Sled, 2 min":5,"Posture exercises":3,"Tricep extensions":3,"Face pulls":2,"Butterfly":4,"Band pull apart (back muscles)":1,"Back extensions (on a hyperextension)":0,"Obliques (each side, on a hyperextension)":2,"StretchesKneeling shin_Kneeling shin_":4,"StretchesHip flexor_Hip flexor_":2,"StretchesCouch_Couch_":3,"Leg raises (for abdomen)":0,"Seated calf raises":0,"Poliquin step ups":3,"Slant board squats":1,"ATG Split squats":3,"Nordics":2,"Reverse Nordics":0,"Tibialis raises,":2,"IsoTib ankle rotations":3,"Pull ups":1,"Chin ups":3,"10 min HIIT":0}],"supplement_vars":[{"N-Acetyl-L-Cysteine (NAC)":0.0167,"N-Acetyl-L-Cysteine (NAC) 2":0.015,"Nicotinamide Riboside Chloride (NR)":0.0175,"Zeaxanthin":0.0008,"Phosphorus":0.0219,"Astaxanthin (Natural)":0.0139,"Boron Glycinate":0.0126,"CaAKG":0.0104,"Ashwagandha KSM66":0.0059,"Calcium L-5- Methyltetrahydrofolate (L-5-MTHF-Ca)":0.0578,"Cocoa Powder (Non-Alkalised) 8+% Flavanols":0.0194,"Red Yeast Rice (2% Monacolin K)":0.0283,"Creatine Monohydrate":0.0674,"Ginger":0.0648,"Glucosamine Sulfate KCI":0.0732,"Grape Seed Extract 90% polyphenols":0.0136,"Broccoli Extract (glucoraphanin 10%)":0.0079,"Glycine":0.0141,"Theanine":0.0089,"Lactobacillus Acidophilus":0.0764,"Lithium orotate":0.0002,"Pomegranate Juice Extract (50% Polyphenols)":0.0143,"Potassium Iodate":0.0209,"Rhodiola 3% Rosavins / Salidroside 1%":0.0231,"Selenium":0.0247,"Glutathione reduced":0.0029,"Lutein":0.0025,"Luteolin":0.0084,"Cinnamon powder (ceylon) organic":0.0154,"Sodium Hyaluronate":0.0082,"Spermidine":0.0626,"Vitamin B1 (Thiamine HCl)":0.0015,"Vitamin B12 (Methylcobalamin)":0.018,"Vitamin B2 (Riboflavin-5-Phosphate)":0.0676,"Vitamin B3 (Niacinamide)":0.0563,"Vitamin B5 (Calcium-D-Pantothenate)":0.0033,"Vitamin B6 (Pyridoxal-5- Phosphate)":0.0078,"Vitamin B7 (D-Biotin)":0.0294,"Vitamin C (Ascorbic Acid)":0.0077,"Vitamin D Veg D3":0.0015,"Vitamin E (d-alpha tocopherol)":0.0014,"Vitamin K1":0.014,"Vitamin K2 MK-7 MCT Oil":0.0239,"Vitamin K2 MK-4 MCT Oil":0.0151,"Sunflower lecithin non-GMO":0.0133,"Phosphatidylcholine":0.0309,"Choline":0.0148,"Lycopene":0.0062,"Lysine":0.0109,"Taurine":0.0396,"Glucoraphanin":0.0264,"Ubiquinol":0.0002,"Zinc Citrate":0.0055,"Fiber":0.002,"Blueberries":0.0175,"Macadamia nuts":0.0242,"Walnuts":0.0472,"Omega 3":0.0257,"Omega 6":0.0147,"Calcium":0.0145,"EVOO polyphenols":0.0017,"Oleic acid":0.0308,"Protein (plant)":0.0026,"Copper":0.0186,"Caffeine":0.0487,"Magnesium Citrate":0.0123,"Manganese Citrate":0.0788,"Curcuminoids":0.0105,"Fisetin (smoketree extract)":0.01,"Garlic extract 12:1 odorless":0.0114,"Genistein (Japonica extract)":0.0173,"Milled Golden Flaxseed":0.0111,"SDG lignan":0.0397,"Phosphatidylinositol":0.0247,"Phosphatidylethanolamine":0.0449}],"vo2_max":23.6043}
