{"personal_data":[{"age":45,"gender":"F","name":"Dillard Graham"}],"fitness_data":[{"Backwards Sled, 2 min":0,"Posture exercises":1,"Tricep extensions":2,"Face pulls":3,"Butterfly":2,"Band pull apart (back muscles)":2,"Back extensions (on a hyperextension)":1,"Obliques (each side, on a hyperextension)":0,"StretchesKneeling shin_Kneeling shin_":3,"StretchesHip flexor_Hip flexor_":3,"StretchesCouch_Couch_":1,"Leg raises (for abdomen)":3,"Seated calf raises":4,"Poliquin step ups":1,"Slant board squats":3,"ATG Split squats":0,"Nordics":2,"Reverse Nordics":3,"Tibialis raises,":2,"IsoTib ankle rotations":2,"Pull ups":1,"Chin ups":3,"10 min HIIT":3}],"supplement_vars":[{"N-Acetyl-L-Cysteine (NAC)":0.0194,"N-Acetyl-L-Cysteine (NAC) 2":0.0206,"Nicotinamide Riboside Chloride (NR)":0.013,"Zeaxanthin":0.009,"Phosphorus":0.0413,"Astaxanthin (Natural)":0.0224,"Boron Glycinate":0.0066,"CaAKG":0.0091,"Ashwagandha KSM66":0.0087,"Calcium L-5- Methyltetrahydrofolate (L-5-MTHF-Ca)":0.0049,"Cocoa Powder (Non-Alkalised) 8+% Flavanols":0.0192,"Red Yeast Rice (2% Monacolin K)":0.0083,"Creatine Monohydrate":0.0239,"Ginger":0.0043,"Glucosamine Sulfate KCI":0.0154,"Grape Seed Extract 90% polyphenols":0.0123,"Broccoli Extract (glucoraphanin 10%)":0.024,"Glycine":0.02,"Theanine":0.0362,"Lactobacillus Acidophilus":0.0164,"Lithium orotate":0.0016,"Pomegranate Juice Extract (50% Polyphenols)":0.0247,"Potassium Iodate":0.0028,"Rhodiola 3% Rosavins / Salidroside 1%":0.0336,"Selenium":0.0105,"Glutathione reduced":0.0062,"Lutein":0.0101,"Luteolin":0.0005,"Cinnamon powder (ceylon) organic":0.0195,"Sodium Hyaluronate":0.0001,"Spermidine":0.0333,"Vitamin B1 (Thiamine HCl)":0.0008,"Vitamin B12 (Methylcobalamin)":0.0606,"Vitamin B2 (Riboflavin-5-Phosphate)":0.0224,"Vitamin B3 (Niacinamide)":0.0371,"Vitamin B5 (Calcium-D-Pantothenate)":0.0063,"Vitamin B6 (Pyridoxal-5- Phosphate)":0.0133,"Vitamin B7 (D-Biotin)":0.01,"Vitamin C (Ascorbic Acid)":0.0112,"Vitamin D Veg D3":0.0103,"Vitamin E (d-alpha tocopherol)":0.0144,"Vitamin K1":0.0699,"Vitamin K2 MK-7 MCT Oil":0.0058,"Vitamin K2 MK-4 MCT Oil":0.0243,"Sunflower lecithin non-GMO":0.0138,"Phosphatidylcholine":0.0159,"Choline":0.0283,"Lycopene":0.0606,"Lysine":0.011,"Taurine":0.0218,"Glucoraphanin":0.004,"Ubiquinol":0.004,"Zinc Citrate":0.0121,"Fiber":0.0058,"Blueberries":0.0044,"Macadamia nuts":0.0845,"Walnuts":0.0317,"Omega 3":0.0497,"Omega 6":0.0032,"Calcium":0.0268,"EVOO polyphenols":0.0013,"Oleic acid":0.0207,"Protein (plant)":0.0045,"Copper":0.0177,"Caffeine":0.0564,"Magnesium Citrate":0.0603,"Manganese Citrate":0.0409,"Curcuminoids":0.041,"Fisetin (smoketree extract)":0.0159,"Garlic extract 12:1 odorless":0.0155,"Genistein (Japonica extract)":0.0089,"Milled Golden Flaxseed":0.0051,"SDG lignan":0.0045,"Phosphatidylinositol":0.0034,"Phosphatidylethanolamine":0.0194}],"vo2_max":26.3838}
