{"personal_data":[{"age":26,"gender":"M","name":"Josefina Reichert"}],"fitness_data":[{"Backwards Sled, 2 min":3,"Posture exercises":2,"Tricep extensions":0,"Face pulls":5,"Butterfly":3,"Band pull apart (back muscles)":2,"Back extensions (on a hyperextension)":3,"Obliques (each side, on a hyperextension)":2,"StretchesKneeling shin_Kneeling shin_":2,"StretchesHip flexor_Hip flexor_":6,"StretchesCouch_Couch_":2,"Leg raises (for abdomen)":2,"Seated calf raises":4,"Poliquin step ups":2,"Slant board squats":4,"ATG Split squats":3,"Nordics":2,"Reverse Nordics":2,"Tibialis raises,":0,"IsoTib ankle rotations":3,"Pull ups":4,"Chin ups":1,"10 min HIIT":3}],"supplement_vars":[{"N-Acetyl-L-Cysteine (NAC)":0.0193,"N-Acetyl-L-Cysteine (NAC) 2":0.0136,"Nicotinamide Riboside Chloride (NR)":0.0071,"Zeaxanthin":0.0046,"Phosphorus":0.0176,"Astaxanthin (Natural)":0.0062,"Boron Glycinate":0.0007,"CaAKG":0.0064,"Ashwagandha KSM66":0.0068,"Calcium L-5- Methyltetrahydrofolate (L-5-MTHF-Ca)":0.0598,"Cocoa Powder (Non-Alkalised) 8+% Flavanols":0.016,"Red Yeast Rice (2% Monacolin K)":0.0221,"Creatine Monohydrate":0.0481,"Ginger":0.0574,"Glucosamine Sulfate KCI":0.0718,"Grape Seed Extract 90% polyphenols":0.0065,"Broccoli Extract (glucoraphanin 10%)":0.0315,"Glycine":0.015,"Theanine":0.0571,"Lactobacillus Acidophilus":0.0552,"Lithium orotate":0.0096,"Pomegranate Juice Extract (50% Polyphenols)":0.0228,"Potassium Iodate":0.0041,"Rhodiola 3% Rosavins / Salidroside 1%":0.0344,"Selenium":0.0283,"Glutathione reduced":0.0527,"Lutein":0.0028,"Luteolin":0.0077,"Cinnamon powder (ceylon) organic":0.0106,"Sodium Hyaluronate":0.0033,"Spermidine":0.0592,"Vitamin B1 (Thiamine HCl)":0.0045,"Vitamin B12 (Methylcobalamin)":0.0174,"Vitamin B2 (Riboflavin-5-Phosphate)":0.0333,"Vitamin B3 (Niacinamide)":0.0436,"Vitamin B5 (Calcium-D-Pantothenate)":0.0136,"Vitamin B6 (Pyridoxal-5- Phosphate)":0.0419,"Vitamin B7 (D-Biotin)":0.0245,"Vitamin C (Ascorbic Acid)":0.0038,"Vitamin D Veg D3":0.0413,"Vitamin E (d-alpha tocopherol)":0.0349,"Vitamin K1":0.0322,"Vitamin K2 MK-7 MCT Oil":0.0031,"Vitamin K2 MK-4 MCT Oil":0.0082,"Sunflower lecithin non-GMO":0.0421,"Phosphatidylcholine":0.0117,"Choline":0.0044,"Lycopene":0.0613,"Lysine":0.0123,"Taurine":0.045,"Glucoraphanin":0.029,"Ubiquinol":0.0063,"Zinc Citrate":0.0185,"Fiber":0.0007,"Blueberries":0.0054,"Macadamia nuts":0.0712,"Walnuts":0.0299,"Omega 3":0.0408,"Omega 6":0.0353,"Calcium":0.0476,"EVOO polyphenols":0.0033,"Oleic acid":0.0147,"Protein (plant)":0.0038,"Copper":0.0232,"Caffeine":0.0127,"Magnesium Citrate":0.0408,"Manganese Citrate":0.0581,"Curcuminoids":0.014,"Fisetin (smoketree extract)":0.0267,"Garlic extract 12:1 odorless":0.0412,"Genistein (Japonica extract)":0.0068,"Milled Golden Flaxseed":0.029,"SDG lignan":0.0165,"Phosphatidylinositol":0.0138,"Phosphatidylethanolamine":0.014}],"vo2_max":33.5789}
