{"personal_data":[{"age":59,"gender":"F","name":"Milford Lesch"}],"fitness_data":[{"Backwards Sled, 2 min":1,"Posture exercises":2,"Tricep extensions":3,"Face pulls":2,"Butterfly":5,"Band pull apart (back muscles)":3,"Back extensions (on a hyperextension)":1,"Obliques (each side, on a hyperextension)":4,"StretchesKneeling shin_Kneeling shin_":5,"StretchesHip flexor_Hip flexor_":6,"StretchesCouch_Couch_":2,"Leg raises (for abdomen)":0,"Seated calf raises":3,"Poliquin step ups":3,"Slant board squats":2,"ATG Split squats":5,"Nordics":4,"Reverse Nordics":2,"Tibialis raises,":0,"IsoTib ankle rotations":1,"Pull ups":3,"Chin ups":3,"10 min HIIT":1}],"supplement_vars":[{"N-Acetyl-L-Cysteine (NAC)":0.0065,"N-Acetyl-L-Cysteine (NAC) 2":0.001,"Nicotinamide Riboside Chloride (NR)":0.014,"Zeaxanthin":0.0086,"Phosphorus":0.0139,"Astaxanthin (Natural)":0.0117,"Boron Glycinate":0.0314,"CaAKG":0.0055,"Ashwagandha KSM66":0.007,"Calcium L-5- Methyltetrahydrofolate (L-5-MTHF-Ca)":0.0292,"Cocoa Powder (Non-Alkalised) 8+% Flavanols":0.0226,"Red Yeast Rice (2% Monacolin K)":0.0263,"Creatine Monohydrate":0.0408,"Ginger":0.0561,"Glucosamine Sulfate KCI":0.0467,"Grape Seed Extract 90% polyphenols":0.0089,"Broccoli Extract (glucoraphanin 10%)":0.0033,"Glycine":0.0195,"Theanine":0.0447,"Lactobacillus Acidophilus":0.0364,"Lithium orotate":0.003,"Pomegranate Juice Extract (50% Polyphenols)":0.0559,"Potassium Iodate":0.0001,"Rhodiola 3% Rosavins / Salidroside 1%":0.031,"Selenium":0.0346,"Glutathione reduced":0.0036,"Lutein":0.0073,"Luteolin":0.0094,"Cinnamon powder (ceylon) organic":0.0092,"Sodium Hyaluronate":0.0033,"Spermidine":0.0089,"Vitamin B1 (Thiamine HCl)":0.003,"Vitamin B12 (Methylcobalamin)":0.0728,"Vitamin B2 (Riboflavin-5-Phosphate)":0.0289,"Vitamin B3 (Niacinamide)":0.018,"Vitamin B5 (Calcium-D-Pantothenate)":0.017,"Vitamin B6 (Pyridoxal-5- Phosphate)":0.0092,"Vitamin B7 (D-Biotin)":0.0106,"Vitamin C (Ascorbic Acid)":0.0036,"Vitamin D Veg D3":0.0379,"Vitamin E (d-alpha tocopherol)":0.0257,"Vitamin K1":0.0105,"Vitamin K2 MK-7 MCT Oil":0.0116,"Vitamin K2 MK-4 MCT Oil":0.0218,"Sunflower lecithin non-GMO":0.0008,"Phosphatidylcholine":0.0019,"Choline":0.0438,"Lycopene":0.0381,"Lysine":0.0021,"Taurine":0.0404,"Glucoraphanin":0.03,"Ubiquinol":0.0052,"Zinc Citrate":0.0273,"Fiber":0.0055,"Blueberries":0.0404,"Macadamia nuts":0.027,"Walnuts":0.0725,"Omega 3":0.0118,"Omega 6":0.0447,"Calcium":0.0043,"EVOO polyphenols":0.0064,"Oleic acid":0.0089,"Protein (plant)":0.0023,"Copper":0.0219,"Caffeine":0.0379,"Magnesium Citrate":0.0172,"Manganese Citrate":0.0403,"Curcuminoids":0.0146,"Fisetin (smoketree extract)":0.0199,"Garlic extract 12:1 odorless":0.014,"Genistein (Japonica extract)":0.0036,"Milled Golden Flaxseed":0.0239,"SDG lignan":0.0443,"Phosphatidylinositol":0.0243,"Phosphatidylethanolamine":0.0278}],"vo2_max":26.1677}
