{"personal_data":[{"age":69,"gender":"F","name":"Jalissa Rohan"}],"fitness_data":[{"Backwards Sled, 2 min":4,"Posture exercises":3,"Tricep extensions":3,"Face pulls":5,"Butterfly":1,"Band pull apart (back muscles)":3,"Back extensions (on a hyperextension)":0,"Obliques (each side, on a hyperextension)":0,"StretchesKneeling shin_Kneeling shin_":2,"StretchesHip flexor_Hip flexor_":5,"StretchesCouch_Couch_":1,"Leg raises (for abdomen)":4,"Seated calf raises":1,"Poliquin step ups":2,"Slant board squats":4,"ATG Split squats":6,"Nordics":1,"Reverse Nordics":4,"Tibialis raises,":1,"IsoTib ankle rotations":1,"Pull ups":1,"Chin ups":3,"10 min HIIT":3}],"supplement_vars":[{"N-Acetyl-L-Cysteine (NAC)":0.0051,"N-Acetyl-L-Cysteine (NAC) 2":0.0032,"Nicotinamide Riboside Chloride (NR)":0.0154,"Zeaxanthin":0.0086,"Phosphorus":0.0035,"Astaxanthin (Natural)":0.011,"Boron Glycinate":0.0075,"CaAKG":0.0125,"Ashwagandha KSM66":0.0069,"Calcium L-5- Methyltetrahydrofolate (L-5-MTHF-Ca)":0.0656,"Cocoa Powder (Non-Alkalised) 8+% Flavanols":0.0055,"Red Yeast Rice (2% Monacolin K)":0.0153,"Creatine Monohydrate":0.0156,"Ginger":0.0431,"Glucosamine Sulfate KCI":0.0156,"Grape Seed Extract 90% polyphenols":0.0101,"Broccoli Extract (glucoraphanin 10%)":0.0294,"Glycine":0.0093,"Theanine":0.0364,"Lactobacillus Acidophilus":0.0344,"Lithium orotate":0.0079,"Pomegranate Juice Extract (50% Polyphenols)":0.0029,"Potassium Iodate":0.0405,"Rhodiola 3% Rosavins / Salidroside 1%":0.0181,"Selenium":0.0107,"Glutathione reduced":0.0406,"Lutein":0.0209,"Luteolin":0.0034,"Cinnamon powder (ceylon) organic":0.009,"Sodium Hyaluronate":0.0097,"Spermidine":0.0019,"Vitamin B1 (Thiamine HCl)":0.0127,"Vitamin B12 (Methylcobalamin)":0.0424,"Vitamin B2 (Riboflavin-5-Phosphate)":0.0009,"Vitamin B3 (Niacinamide)":0.0022,"Vitamin B5 (Calcium-D-Pantothenate)":0.003,"Vitamin B6 (Pyridoxal-5- Phosphate)":0.0358,"Vitamin B7 (D-Biotin)":0.0038,"Vitamin C (Ascorbic Acid)":0.0061,"Vitamin D Veg D3":0.0215,"Vitamin E (d-alpha tocopherol)":0.0355,"Vitamin K1":0.0698,"Vitamin K2 MK-7 MCT Oil":0.0245,"Vitamin K2 MK-4 MCT Oil":0.0039,"Sunflower lecithin non-GMO":0.0073,"Phosphatidylcholine":0.0324,"Choline":0.0062,"Lycopene":0.0237,"Lysine":0.0043,"Taurine":0.0213,"Glucoraphanin":0.0148,"Ubiquinol":0.0095,"Zinc Citrate":0.0204,"Fiber":0.0055,"Blueberries":0.0301,"Macadamia nuts":0.0635,"Walnuts":0.0602,"Omega 3":0.0144,"Omega 6":0.0036,"Calcium":0.0409,"EVOO polyphenols":0.0064,"Oleic acid":0.019,"Protein (plant)":0.0037,"Copper":0.0177,"Caffeine":0.0064,"Magnesium Citrate":0.017,"Manganese Citrate":0.0537,"Curcuminoids":0.0432,"Fisetin (smoketree extract)":0.031,"Garlic extract 12:1 odorless":0.0216,"Genistein (Japonica extract)":0.0118,"Milled Golden Flaxseed":0.012,"SDG lignan":0.0529,"Phosphatidylinositol":0.0109,"Phosphatidylethanolamine":0.041}],"vo2_max":22.7755}
