{"personal_data":[{"age":45,"gender":"M","name":"Lasonya Johns"}],"fitness_data":[{"Backwards Sled, 2 min":1,"Posture exercises":1,"Tricep extensions":1,"Face pulls":0,"Butterfly":4,"Band pull apart (back muscles)":6,"Back extensions (on a hyperextension)":1,"Obliques (each side, on a hyperextension)":1,"StretchesKneeling shin_Kneeling shin_":3,"StretchesHip flexor_Hip flexor_":2,"StretchesCouch_Couch_":1,"Leg raises (for abdomen)":2,"Seated calf raises":2,"Poliquin step ups":4,"Slant board squats":4,"ATG Split squats":4,"Nordics":1,"Reverse Nordics":3,"Tibialis raises,":3,"IsoTib ankle rotations":3,"Pull ups":2,"Chin ups":1,"10 min HIIT":3}],"supplement_vars":[{"N-Acetyl-L-Cysteine (NAC)":0.0165,"N-Acetyl-L-Cysteine (NAC) 2":0.0018,"Nicotinamide Riboside Chloride (NR)":0.0043,"Zeaxanthin":0.0057,"Phosphorus":0.0156,"Astaxanthin (Natural)":0.0011,"Boron Glycinate":0.0118,"CaAKG":0.0086,"Ashwagandha KSM66":0.0004,"Calcium L-5- Methyltetrahydrofolate (L-5-MTHF-Ca)":0.0196,"Cocoa Powder (Non-Alkalised) 8+% Flavanols":0.0021,"Red Yeast Rice (2% Monacolin K)":0.0124,"Creatine Monohydrate":0.0361,"Ginger":0.077,"Glucosamine Sulfate KCI":0.0506,"Grape Seed Extract 90% polyphenols":0.0045,"Broccoli Extract (glucoraphanin 10%)":0.0007,"Glycine":0.0026,"Theanine":0.0271,"Lactobacillus Acidophilus":0.032,"Lithium orotate":0.0022,"Pomegranate Juice Extract (50% Polyphenols)":0.0066,"Potassium Iodate":0.0092,"Rhodiola 3% Rosavins / Salidroside 1%":0.0607,"Selenium":0.0306,"Glutathione reduced":0.008,"Lutein":0.0068,"Luteolin":0.001,"Cinnamon powder (ceylon) organic":0.0072,"Sodium Hyaluronate":0.0045,"Spermidine":0.0431,"Vitamin B1 (Thiamine HCl)":0.0139,"Vitamin B12 (Methylcobalamin)":0.0716,"Vitamin B2 (Riboflavin-5-Phosphate)":0.0097,"Vitamin B3 (Niacinamide)":0.0381,"Vitamin B5 (Calcium-D-Pantothenate)":0.0118,"Vitamin B6 (Pyridoxal-5- Phosphate)":0.0021,"Vitamin B7 (D-Biotin)":0.0342,"Vitamin C (Ascorbic Acid)":0.0091,"Vitamin D Veg D3":0.0058,"Vitamin E (d-alpha tocopherol)":0.0246,"Vitamin K1":0.0676,"Vitamin K2 MK-7 MCT Oil":0.0086,"Vitamin K2 MK-4 MCT Oil":0.0077,"Sunflower lecithin non-GMO":0.0052,"Phosphatidylcholine":0.0349,"Choline":0.0166,"Lycopene":0.0309,"Lysine":0.0062,"Taurine":0.0414,"Glucoraphanin":0.0326,"Ubiquinol":0.0015,"Zinc Citrate":0.0082,"Fiber":0.0034,"Blueberries":0.0458,"Macadamia nuts":0.0294,"Walnuts":0.0317,"Omega 3":0.0466,"Omega 6":0.0523,"Calcium":0.005,"EVOO polyphenols":0.0004,"Oleic acid":0.0117,"Protein (plant)":0.0003,"Copper":0.0051,"Caffeine":0.0076,"Magnesium Citrate":0.0584,"Manganese Citrate":0.0739,"Curcuminoids":0.0032,"Fisetin (smoketree extract)":0.0025,"Garlic extract 12:1 odorless":0.0424,"Genistein (Japonica extract)":0.0078,"Milled Golden Flaxseed":0.0062,"SDG lignan":0.0147,"Phosphatidylinositol":0.0156,"Phosphatidylethanolamine":0.0227}],"vo2_max":30.5209}
