{"personal_data":[{"age":38,"gender":"M","name":"Alcee Fahey"}],"fitness_data":[{"Backwards Sled, 2 min":3,"Posture exercises":3,"Tricep extensions":1,"Face pulls":4,"Butterfly":6,"Band pull apart (back muscles)":5,"Back extensions (on a hyperextension)":4,"Obliques (each side, on a hyperextension)":0,"StretchesKneeling shin_Kneeling shin_":2,"StretchesHip flexor_Hip flexor_":4,"StretchesCouch_Couch_":3,"Leg raises (for abdomen)":4,"Seated calf raises":3,"Poliquin step ups":2,"Slant board squats":3,"ATG Split squats":0,"Nordics":3,"Reverse Nordics":2,"Tibialis raises,":4,"IsoTib ankle rotations":1,"Pull ups":3,"Chin ups":0,"10 min HIIT":3}],"supplement_vars":[{"N-Acetyl-L-Cysteine (NAC)":0.0198,"N-Acetyl-L-Cysteine (NAC) 2":0.0026,"Nicotinamide Riboside Chloride (NR)":0.01,"Zeaxanthin":0.009,"Phosphorus":0.0218,"Astaxanthin (Natural)":0.0118,"Boron Glycinate":0.035,"CaAKG":0.0055,"Ashwagandha KSM66":0.0016,"Calcium L-5- Methyltetrahydrofolate (L-5-MTHF-Ca)":0.0184,"Cocoa Powder (Non-Alkalised) 8+% Flavanols":0.0006,"Red Yeast Rice (2% Monacolin K)":0.0011,"Creatine Monohydrate":0.0213,"Ginger":0.0609,"Glucosamine Sulfate KCI":0.0534,"Grape Seed Extract 90% polyphenols":0.0094,"Broccoli Extract (glucoraphanin 10%)":0.0248,"Glycine":0.0066,"Theanine":0.0372,"Lactobacillus Acidophilus":0.0709,"Lithium orotate":0.0012,"Pomegranate Juice Extract (50% Polyphenols)":0.0577,"Potassium Iodate":0.0399,"Rhodiola 3% Rosavins / Salidroside 1%":0.0486,"Selenium":0.036,"Glutathione reduced":0.0331,"Lutein":0.0176,"Luteolin":0.0003,"Cinnamon powder (ceylon) organic":0.0019,"Sodium Hyaluronate":0.0067,"Spermidine":0.0321,"Vitamin B1 (Thiamine HCl)":0.0141,"Vitamin B12 (Methylcobalamin)":0.0257,"Vitamin B2 (Riboflavin-5-Phosphate)":0.0502,"Vitamin B3 (Niacinamide)":0.0553,"Vitamin B5 (Calcium-D-Pantothenate)":0.0156,"Vitamin B6 (Pyridoxal-5- Phosphate)":0.0061,"Vitamin B7 (D-Biotin)":0.0144,"Vitamin C (Ascorbic Acid)":0.0046,"Vitamin D Veg D3":0.0289,"Vitamin E (d-alpha tocopherol)":0.0176,"Vitamin K1":0.0561,"Vitamin K2 MK-7 MCT Oil":0.0025,"Vitamin K2 MK-4 MCT Oil":0.0166,"Sunflower lecithin non-GMO":0.0318,"Phosphatidylcholine":0.0058,"Choline":0.0393,"Lycopene":0.0681,"Lysine":0.0052,"Taurine":0.0114,"Glucoraphanin":0.0227,"Ubiquinol":0.0132,"Zinc Citrate":0.026,"Fiber":0.0018,"Blueberries":0.0332,"Macadamia nuts":0.0845,"Walnuts":0.0605,"Omega 3":0.037,"Omega 6":0.0187,"Calcium":0.0051,"EVOO polyphenols":0.0037,"Oleic acid":0.0123,"Protein (plant)":0.0009,"Copper":0.0213,"Caffeine":0.005,"Magnesium Citrate":0.0246,"Manganese Citrate":0.0619,"Curcuminoids":0.0514,"Fisetin (smoketree extract)":0.0247,"Garlic extract 12:1 odorless":0.0122,"Genistein (Japonica extract)":0.0135,"Milled Golden Flaxseed":0.0225,"SDG lignan":0.031,"Phosphatidylinositol":0.007,"Phosphatidylethanolamine":0.0211}],"vo2_max":32.1511}
