{"personal_data":[{"age":21,"gender":"M","name":"Wyatt Franecki"}],"fitness_data":[{"Backwards Sled, 2 min":4,"Posture exercises":3,"Tricep extensions":4,"Face pulls":0,"Butterfly":0,"Band pull apart (back muscles)":5,"Back extensions (on a hyperextension)":4,"Obliques (each side, on a hyperextension)":1,"StretchesKneeling shin_Kneeling shin_":3,"StretchesHip flexor_Hip flexor_":2,"StretchesCouch_Couch_":1,"Leg raises (for abdomen)":4,"Seated calf raises":3,"Poliquin step ups":3,"Slant board squats":1,"ATG Split squats":2,"Nordics":3,"Reverse Nordics":2,"Tibialis raises,":5,"IsoTib ankle rotations":5,"Pull ups":3,"Chin ups":1,"10 min HIIT":4}],"supplement_vars":[{"N-Acetyl-L-Cysteine (NAC)":0.0039,"N-Acetyl-L-Cysteine (NAC) 2":0.0059,"Nicotinamide Riboside Chloride (NR)":0.0108,"Zeaxanthin":0.0024,"Phosphorus":0.0103,"Astaxanthin (Natural)":0.0012,"Boron Glycinate":0.0432,"CaAKG":0.004,"Ashwagandha KSM66":0.0036,"Calcium L-5- Methyltetrahydrofolate (L-5-MTHF-Ca)":0.0412,"Cocoa Powder (Non-Alkalised) 8+% Flavanols":0.0049,"Red Yeast Rice (2% Monacolin K)":0.0317,"Creatine Monohydrate":0.0515,"Ginger":0.0603,"Glucosamine Sulfate KCI":0.024,"Grape Seed Extract 90% polyphenols":0.0026,"Broccoli Extract (glucoraphanin 10%)":0.0293,"Glycine":0.0158,"Theanine":0.0597,"Lactobacillus Acidophilus":0.0158,"Lithium orotate":0.0054,"Pomegranate Juice Extract (50% Polyphenols)":0.0296,"Potassium Iodate":0.0074,"Rhodiola 3% Rosavins / Salidroside 1%":0.0603,"Selenium":0.0287,"Glutathione reduced":0.0306,"Lutein":0.0077,"Luteolin":0.0057,"Cinnamon powder (ceylon) organic":0.0029,"Sodium Hyaluronate":0.0083,"Spermidine":0.026,"Vitamin B1 (Thiamine HCl)":0.0094,"Vitamin B12 (Methylcobalamin)":0.0546,"Vitamin B2 (Riboflavin-5-Phosphate)":0.0299,"Vitamin B3 (Niacinamide)":0.0562,"Vitamin B5 (Calcium-D-Pantothenate)":0.0126,"Vitamin B6 (Pyridoxal-5- Phosphate)":0.0324,"Vitamin B7 (D-Biotin)":0.0151,"Vitamin C (Ascorbic Acid)":0.0127,"Vitamin D Veg D3":0.0044,"Vitamin E (d-alpha tocopherol)":0.0026,"Vitamin K1":0.0389,"Vitamin K2 MK-7 MCT Oil":0.021,"Vitamin K2 MK-4 MCT Oil":0.0038,"Sunflower lecithin non-GMO":0.0354,"Phosphatidylcholine":0.0122,"Choline":0.033,"Lycopene":0.0609,"Lysine":0.0101,"Taurine":0.0107,"Glucoraphanin":0.0096,"Ubiquinol":0.0103,"Zinc Citrate":0.0071,"Fiber":0.0047,"Blueberries":0.0709,"Macadamia nuts":0.0273,"Walnuts":0.0568,"Omega 3":0.0101,"Omega 6":0.0573,"Calcium":0.0556,"EVOO polyphenols":0.0038,"Oleic acid":0.0044,"Protein (plant)":0.0026,"Copper":0.0101,"Caffeine":0.0614,"Magnesium Citrate":0.0075,"Manganese Citrate":0.0457,"Curcuminoids":0.0491,"Fisetin (smoketree extract)":0.0212,"Garlic extract 12:1 odorless":0.0333,"Genistein (Japonica extract)":0.0065,"Milled Golden Flaxseed":0.029,"SDG lignan":0.029,"Phosphatidylinositol":0.0181,"Phosphatidylethanolamine":0.0125}],"vo2_max":37.2816}
