{"personal_data":[{"age":72,"gender":"F","name":"Manerva Ratke"}],"fitness_data":[{"Backwards Sled, 2 min":1,"Posture exercises":1,"Tricep extensions":2,"Face pulls":2,"Butterfly":4,"Band pull apart (back muscles)":6,"Back extensions (on a hyperextension)":2,"Obliques (each side, on a hyperextension)":1,"StretchesKneeling shin_Kneeling shin_":4,"StretchesHip flexor_Hip flexor_":3,"StretchesCouch_Couch_":0,"Leg raises (for abdomen)":3,"Seated calf raises":4,"Poliquin step ups":2,"Slant board squats":5,"ATG Split squats":2,"Nordics":4,"Reverse Nordics":2,"Tibialis raises,":3,"IsoTib ankle rotations":6,"Pull ups":0,"Chin ups":1,"10 min HIIT":2}],"supplement_vars":[{"N-Acetyl-L-Cysteine (NAC)":0.0193,"N-Acetyl-L-Cysteine (NAC) 2":0.0015,"Nicotinamide Riboside Chloride (NR)":0.0083,"Zeaxanthin":0.0072,"Phosphorus":0.0377,"Astaxanthin (Natural)":0.0111,"Boron Glycinate":0.0402,"CaAKG":0.009,"Ashwagandha KSM66":0.0009,"Calcium L-5- Methyltetrahydrofolate (L-5-MTHF-Ca)":0.0479,"Cocoa Powder (Non-Alkalised) 8+% Flavanols":0.0055,"Red Yeast Rice (2% Monacolin K)":0.0339,"Creatine Monohydrate":0.066,"Ginger":0.0204,"Glucosamine Sulfate KCI":0.0775,"Grape Seed Extract 90% polyphenols":0.011,"Broccoli Extract (glucoraphanin 10%)":0.012,"Glycine":0.0277,"Theanine":0.0586,"Lactobacillus Acidophilus":0.0054,"Lithium orotate":0.0084,"Pomegranate Juice Extract (50% Polyphenols)":0.0094,"Potassium Iodate":0.0047,"Rhodiola 3% Rosavins / Salidroside 1%":0.0133,"Selenium":0.0279,"Glutathione reduced":0.0103,"Lutein":0.0213,"Luteolin":0.0042,"Cinnamon powder (ceylon) organic":0.0238,"Sodium Hyaluronate":0.0093,"Spermidine":0.0368,"Vitamin B1 (Thiamine HCl)":0.0018,"Vitamin B12 (Methylcobalamin)":0.0266,"Vitamin B2 (Riboflavin-5-Phosphate)":0.0227,"Vitamin B3 (Niacinamide)":0.0361,"Vitamin B5 (Calcium-D-Pantothenate)":0.0057,"Vitamin B6 (Pyridoxal-5- Phosphate)":0.0348,"Vitamin B7 (D-Biotin)":0.0205,"Vitamin C (Ascorbic Acid)":0.0119,"Vitamin D Veg D3":0.0056,"Vitamin E (d-alpha tocopherol)":0.0372,"Vitamin K1":0.0298,"Vitamin K2 MK-7 MCT Oil":0.0092,"Vitamin K2 MK-4 MCT Oil":0.0332,"Sunflower lecithin non-GMO":0.0184,"Phosphatidylcholine":0.0217,"Choline":0.0382,"Lycopene":0.006,"Lysine":0.0055,"Taurine":0.0068,"Glucoraphanin":0.0211,"Ubiquinol":0.012,"Zinc Citrate":0.0011,"Fiber":0.0034,"Blueberries":0.0811,"Macadamia nuts":0.056,"Walnuts":0.0297,"Omega 3":0.0346,"Omega 6":0.0646,"Calcium":0.0032,"EVOO polyphenols":0.0041,"Oleic acid":0.0104,"Protein (plant)":0.0014,"Copper":0.0059,"Caffeine":0.0478,"Magnesium Citrate":0.0045,"Manganese Citrate":0.0863,"Curcuminoids":0.018,"Fisetin (smoketree extract)":0.0361,"Garlic extract 12:1 odorless":0.0321,"Genistein (Japonica extract)":0.0067,"Milled Golden Flaxseed":0.0067,"SDG lignan":0.0505,"Phosphatidylinositol":0.004,"Phosphatidylethanolamine":0.0294}],"vo2_max":19.5606}
