{"personal_data":[{"age":41,"gender":"M","name":"Sibbie Stracke"}],"fitness_data":[{"Backwards Sled, 2 min":2,"Posture exercises":5,"Tricep extensions":4,"Face pulls":2,"Butterfly":1,"Band pull apart (back muscles)":1,"Back extensions (on a hyperextension)":1,"Obliques (each side, on a hyperextension)":1,"StretchesKneeling shin_Kneeling shin_":2,"StretchesHip flexor_Hip flexor_":1,"StretchesCouch_Couch_":2,"Leg raises (for abdomen)":5,"Seated calf raises":2,"Poliquin step ups":1,"Slant board squats":1,"ATG Split squats":1,"Nordics":4,"Reverse Nordics":1,"Tibialis raises,":4,"IsoTib ankle rotations":2,"Pull ups":3,"Chin ups":1,"10 min HIIT":3}],"supplement_vars":[{"N-Acetyl-L-Cysteine (NAC)":0.0117,"N-Acetyl-L-Cysteine (NAC) 2":0.0174,"Nicotinamide Riboside Chloride (NR)":0.0048,"Zeaxanthin":0.0119,"Phosphorus":0.0267,"Astaxanthin (Natural)":0.0108,"Boron Glycinate":0.0219,"CaAKG":0.0025,"Ashwagandha KSM66":0.0071,"Calcium L-5- Methyltetrahydrofolate (L-5-MTHF-Ca)":0.0245,"Cocoa Powder (Non-Alkalised) 8+% Flavanols":0.0179,"Red Yeast Rice (2% Monacolin K)":0.0082,"Creatine Monohydrate":0.0321,"Ginger":0.0456,"Glucosamine Sulfate KCI":0.0712,"Grape Seed Extract 90% polyphenols":0.0049,"Broccoli Extract (glucoraphanin 10%)":0.0201,"Glycine":0.0104,"Theanine":0.0601,"Lactobacillus Acidophilus":0.0167,"Lithium orotate":0.0083,"Pomegranate Juice Extract (50% Polyphenols)":0.0601,"Potassium Iodate":0.0342,"Rhodiola 3% Rosavins / Salidroside 1%":0.0594,"Selenium":0.0395,"Glutathione reduced":0.0313,"Lutein":0.002,"Luteolin":0.0064,"Cinnamon powder (ceylon) organic":0.0098,"Sodium Hyaluronate":0.0054,"Spermidine":0.0223,"Vitamin B1 (Thiamine HCl)":0.0122,"Vitamin B12 (Methylcobalamin)":0.0177,"Vitamin B2 (Riboflavin-5-Phosphate)":0.0631,"Vitamin B3 (Niacinamide)":0.0325,"Vitamin B5 (Calcium-D-Pantothenate)":0.0164,"Vitamin B6 (Pyridoxal-5- Phosphate)":0.0283,"Vitamin B7 (D-Biotin)":0.0046,"Vitamin C (Ascorbic Acid)":0.0123,"Vitamin D Veg D3":0.0437,"Vitamin E (d-alpha tocopherol)":0.0229,"Vitamin K1":0.0204,"Vitamin K2 MK-7 MCT Oil":0.0353,"Vitamin K2 MK-4 MCT Oil":0.0081,"Sunflower lecithin non-GMO":0.0223,"Phosphatidylcholine":0.0165,"Choline":0.0301,"Lycopene":0.0559,"Lysine":0.0103,"Taurine":0.0392,"Glucoraphanin":0.0199,"Ubiquinol":0.0045,"Zinc Citrate":0.0291,"Fiber":0.0032,"Blueberries":0.0749,"Macadamia nuts":0.0554,"Walnuts":0.0097,"Omega 3":0.0167,"Omega 6":0.0578,"Calcium":0.0623,"EVOO polyphenols":0.0041,"Oleic acid":0.0326,"Protein (plant)":4.8287e-07,"Copper":0.014,"Caffeine":0.0562,"Magnesium Citrate":0.0187,"Manganese Citrate":0.0464,"Curcuminoids":0.03,"Fisetin (smoketree extract)":0.0053,"Garlic extract 12:1 odorless":0.0323,"Genistein (Japonica extract)":0.0203,"Milled Golden Flaxseed":0.014,"SDG lignan":0.0133,"Phosphatidylinositol":0.0177,"Phosphatidylethanolamine":0.0091}],"vo2_max":27.7752}
