{"personal_data":[{"age":26,"gender":"F","name":"Stoney Hyatt"}],"fitness_data":[{"Backwards Sled, 2 min":2,"Posture exercises":2,"Tricep extensions":2,"Face pulls":0,"Butterfly":1,"Band pull apart (back muscles)":1,"Back extensions (on a hyperextension)":2,"Obliques (each side, on a hyperextension)":0,"StretchesKneeling shin_Kneeling shin_":2,"StretchesHip flexor_Hip flexor_":3,"StretchesCouch_Couch_":1,"Leg raises (for abdomen)":3,"Seated calf raises":0,"Poliquin step ups":0,"Slant board squats":5,"ATG Split squats":2,"Nordics":1,"Reverse Nordics":2,"Tibialis raises,":2,"IsoTib ankle rotations":5,"Pull ups":2,"Chin ups":1,"10 min HIIT":0}],"supplement_vars":[{"N-Acetyl-L-Cysteine (NAC)":0.0193,"N-Acetyl-L-Cysteine (NAC) 2":0.0119,"Nicotinamide Riboside Chloride (NR)":0.0134,"Zeaxanthin":0.005,"Phosphorus":0.0356,"Astaxanthin (Natural)":0.0119,"Boron Glycinate":0.0229,"CaAKG":0.0028,"Ashwagandha KSM66":0.0082,"Calcium L-5- Methyltetrahydrofolate (L-5-MTHF-Ca)":0.0022,"Cocoa Powder (Non-Alkalised) 8+% Flavanols":0.0107,"Red Yeast Rice (2% Monacolin K)":0.0198,"Creatine Monohydrate":0.0343,"Ginger":0.0389,"Glucosamine Sulfate KCI":0.0333,"Grape Seed Extract 90% polyphenols":0.0139,"Broccoli Extract (glucoraphanin 10%)":0.0157,"Glycine":0.0213,"Theanine":0.0366,"Lactobacillus Acidophilus":0.088,"Lithium orotate":0.0017,"Pomegranate Juice Extract (50% Polyphenols)":0.0509,"Potassium Iodate":0.013,"Rhodiola 3% Rosavins / Salidroside 1%":0.0576,"Selenium":0.0135,"Glutathione reduced":0.0424,"Lutein":0.0241,"Luteolin":0.0004,"Cinnamon powder (ceylon) organic":0.0136,"Sodium Hyaluronate":0.0032,"Spermidine":0.0391,"Vitamin B1 (Thiamine HCl)":0.0026,"Vitamin B12 (Methylcobalamin)":0.0593,"Vitamin B2 (Riboflavin-5-Phosphate)":0.0379,"Vitamin B3 (Niacinamide)":0.0371,"Vitamin B5 (Calcium-D-Pantothenate)":0.0077,"Vitamin B6 (Pyridoxal-5- Phosphate)":0.037,"Vitamin B7 (D-Biotin)":0.0294,"Vitamin C (Ascorbic Acid)":0.0004,"Vitamin D Veg D3":0.0327,"Vitamin E (d-alpha tocopherol)":0.0014,"Vitamin K1":0.0617,"Vitamin K2 MK-7 MCT Oil":0.0266,"Vitamin K2 MK-4 MCT Oil":0.0307,"Sunflower lecithin non-GMO":0.0108,"Phosphatidylcholine":0.0359,"Choline":0.0336,"Lycopene":0.027,"Lysine":0.0074,"Taurine":0.0027,"Glucoraphanin":0.022,"Ubiquinol":0.0008,"Zinc Citrate":0.0216,"Fiber":0.0022,"Blueberries":0.0579,"Macadamia nuts":0.0118,"Walnuts":0.0738,"Omega 3":0.0187,"Omega 6":0.013,"Calcium":0.005,"EVOO polyphenols":0.005,"Oleic acid":0.0012,"Protein (plant)":0.002,"Copper":0.0124,"Caffeine":0.0008,"Magnesium Citrate":0.0353,"Manganese Citrate":0.0391,"Curcuminoids":0.0169,"Fisetin (smoketree extract)":0.0083,"Garlic extract 12:1 odorless":0.0209,"Genistein (Japonica extract)":0.0067,"Milled Golden Flaxseed":0.0212,"SDG lignan":0.0511,"Phosphatidylinositol":0.0026,"Phosphatidylethanolamine":0.0191}],"vo2_max":39.9422}
