{"personal_data":[{"age":79,"gender":"M","name":"Mr. Emit Hammes"}],"fitness_data":[{"Backwards Sled, 2 min":0,"Posture exercises":4,"Tricep extensions":3,"Face pulls":2,"Butterfly":3,"Band pull apart (back muscles)":5,"Back extensions (on a hyperextension)":3,"Obliques (each side, on a hyperextension)":3,"StretchesKneeling shin_Kneeling shin_":3,"StretchesHip flexor_Hip flexor_":5,"StretchesCouch_Couch_":0,"Leg raises (for abdomen)":1,"Seated calf raises":2,"Poliquin step ups":4,"Slant board squats":7,"ATG Split squats":3,"Nordics":6,"Reverse Nordics":3,"Tibialis raises,":2,"IsoTib ankle rotations":2,"Pull ups":3,"Chin ups":2,"10 min HIIT":2}],"supplement_vars":[{"N-Acetyl-L-Cysteine (NAC)":0.0197,"N-Acetyl-L-Cysteine (NAC) 2":0.0119,"Nicotinamide Riboside Chloride (NR)":0.0015,"Zeaxanthin":0.0004,"Phosphorus":0.0256,"Astaxanthin (Natural)":0.0188,"Boron Glycinate":0.042,"CaAKG":0.0035,"Ashwagandha KSM66":0.0028,"Calcium L-5- Methyltetrahydrofolate (L-5-MTHF-Ca)":0.0682,"Cocoa Powder (Non-Alkalised) 8+% Flavanols":0.0164,"Red Yeast Rice (2% Monacolin K)":0.0269,"Creatine Monohydrate":0.0015,"Ginger":0.0425,"Glucosamine Sulfate KCI":0.068,"Grape Seed Extract 90% polyphenols":0.0029,"Broccoli Extract (glucoraphanin 10%)":0.0254,"Glycine":0.0129,"Theanine":0.0276,"Lactobacillus Acidophilus":0.0455,"Lithium orotate":0.0058,"Pomegranate Juice Extract (50% Polyphenols)":0.0319,"Potassium Iodate":0.0372,"Rhodiola 3% Rosavins / Salidroside 1%":0.0358,"Selenium":0.0219,"Glutathione reduced":0.0176,"Lutein":0.0244,"Luteolin":0.0073,"Cinnamon powder (ceylon) organic":0.0182,"Sodium Hyaluronate":0.0089,"Spermidine":0.0794,"Vitamin B1 (Thiamine HCl)":0.0041,"Vitamin B12 (Methylcobalamin)":0.0373,"Vitamin B2 (Riboflavin-5-Phosphate)":0.0518,"Vitamin B3 (Niacinamide)":0.0219,"Vitamin B5 (Calcium-D-Pantothenate)":0.0114,"Vitamin B6 (Pyridoxal-5- Phosphate)":0.0076,"Vitamin B7 (D-Biotin)":0.0119,"Vitamin C (Ascorbic Acid)":0.009,"Vitamin D Veg D3":0.0201,"Vitamin E (d-alpha tocopherol)":0.0256,"Vitamin K1":0.0467,"Vitamin K2 MK-7 MCT Oil":0.0187,"Vitamin K2 MK-4 MCT Oil":0.0098,"Sunflower lecithin non-GMO":0.0168,"Phosphatidylcholine":0.012,"Choline":0.0345,"Lycopene":0.0724,"Lysine":0.0071,"Taurine":0.0154,"Glucoraphanin":0.0241,"Ubiquinol":0.0107,"Zinc Citrate":0.0044,"Fiber":0.0005,"Blueberries":0.0158,"Macadamia nuts":0.0673,"Walnuts":0.0216,"Omega 3":0.0203,"Omega 6":0.0341,"Calcium":0.0114,"EVOO polyphenols":0.0037,"Oleic acid":0.0144,"Protein (plant)":0.0045,"Copper":0.0013,"Caffeine":0.0083,"Magnesium Citrate":0.0315,"Manganese Citrate":0.0365,"Curcuminoids":0.0393,"Fisetin (smoketree extract)":0.0023,"Garlic extract 12:1 odorless":0.0215,"Genistein (Japonica extract)":0.0089,"Milled Golden Flaxseed":0.0368,"SDG lignan":0.0074,"Phosphatidylinositol":0.02,"Phosphatidylethanolamine":0.0087}],"vo2_max":19.3239}
