{"personal_data":[{"age":22,"gender":"F","name":"Rollie Ryan"}],"fitness_data":[{"Backwards Sled, 2 min":3,"Posture exercises":2,"Tricep extensions":1,"Face pulls":5,"Butterfly":3,"Band pull apart (back muscles)":6,"Back extensions (on a hyperextension)":2,"Obliques (each side, on a hyperextension)":3,"StretchesKneeling shin_Kneeling shin_":2,"StretchesHip flexor_Hip flexor_":3,"StretchesCouch_Couch_":2,"Leg raises (for abdomen)":4,"Seated calf raises":2,"Poliquin step ups":1,"Slant board squats":4,"ATG Split squats":1,"Nordics":1,"Reverse Nordics":2,"Tibialis raises,":3,"IsoTib ankle rotations":3,"Pull ups":3,"Chin ups":3,"10 min HIIT":2}],"supplement_vars":[{"N-Acetyl-L-Cysteine (NAC)":0.0174,"N-Acetyl-L-Cysteine (NAC) 2":0.0096,"Nicotinamide Riboside Chloride (NR)":0.0026,"Zeaxanthin":0.0012,"Phosphorus":0.0164,"Astaxanthin (Natural)":0.0015,"Boron Glycinate":0.0192,"CaAKG":0.0113,"Ashwagandha KSM66":0.004,"Calcium L-5- Methyltetrahydrofolate (L-5-MTHF-Ca)":0.0405,"Cocoa Powder (Non-Alkalised) 8+% Flavanols":0.0025,"Red Yeast Rice (2% Monacolin K)":0.015,"Creatine Monohydrate":0.0146,"Ginger":0.0697,"Glucosamine Sulfate KCI":0.016,"Grape Seed Extract 90% polyphenols":0.014,"Broccoli Extract (glucoraphanin 10%)":0.0169,"Glycine":0.0313,"Theanine":0.0478,"Lactobacillus Acidophilus":0.0758,"Lithium orotate":0.0061,"Pomegranate Juice Extract (50% Polyphenols)":0.0109,"Potassium Iodate":0.0269,"Rhodiola 3% Rosavins / Salidroside 1%":0.0488,"Selenium":0.0154,"Glutathione reduced":0.0388,"Lutein":0.0064,"Luteolin":0.0001,"Cinnamon powder (ceylon) organic":0.005,"Sodium Hyaluronate":0.0075,"Spermidine":0.059,"Vitamin B1 (Thiamine HCl)":0.0137,"Vitamin B12 (Methylcobalamin)":0.0174,"Vitamin B2 (Riboflavin-5-Phosphate)":0.0259,"Vitamin B3 (Niacinamide)":0.0214,"Vitamin B5 (Calcium-D-Pantothenate)":0.0148,"Vitamin B6 (Pyridoxal-5- Phosphate)":0.0133,"Vitamin B7 (D-Biotin)":0.0272,"Vitamin C (Ascorbic Acid)":0.0114,"Vitamin D Veg D3":0.0351,"Vitamin E (d-alpha tocopherol)":0.008,"Vitamin K1":0.0624,"Vitamin K2 MK-7 MCT Oil":0.0172,"Vitamin K2 MK-4 MCT Oil":0.0367,"Sunflower lecithin non-GMO":0.0049,"Phosphatidylcholine":0.0167,"Choline":0.0113,"Lycopene":0.0075,"Lysine":0.0047,"Taurine":0.0393,"Glucoraphanin":0.0165,"Ubiquinol":0.012,"Zinc Citrate":0.0251,"Fiber":0.002,"Blueberries":0.0675,"Macadamia nuts":0.0574,"Walnuts":0.0436,"Omega 3":0.0033,"Omega 6":0.044,"Calcium":0.0458,"EVOO polyphenols":0.0048,"Oleic acid":0.0006,"Protein (plant)":0.0046,"Copper":0.0152,"Caffeine":0.022,"Magnesium Citrate":0.0589,"Manganese Citrate":0.0567,"Curcuminoids":0.0074,"Fisetin (smoketree extract)":0.0221,"Garlic extract 12:1 odorless":0.0381,"Genistein (Japonica extract)":0.0049,"Milled Golden Flaxseed":0.0142,"SDG lignan":0.0513,"Phosphatidylinositol":0.0004,"Phosphatidylethanolamine":0.0278}],"vo2_max":39.6336}
