{"personal_data":[{"age":41,"gender":"F","name":"Classie Harvey"}],"fitness_data":[{"Backwards Sled, 2 min":0,"Posture exercises":1,"Tricep extensions":2,"Face pulls":3,"Butterfly":3,"Band pull apart (back muscles)":3,"Back extensions (on a hyperextension)":2,"Obliques (each side, on a hyperextension)":3,"StretchesKneeling shin_Kneeling shin_":0,"StretchesHip flexor_Hip flexor_":2,"StretchesCouch_Couch_":1,"Leg raises (for abdomen)":4,"Seated calf raises":1,"Poliquin step ups":3,"Slant board squats":6,"ATG Split squats":0,"Nordics":4,"Reverse Nordics":2,"Tibialis raises,":2,"IsoTib ankle rotations":4,"Pull ups":3,"Chin ups":1,"10 min HIIT":3}],"supplement_vars":[{"N-Acetyl-L-Cysteine (NAC)":0.016,"N-Acetyl-L-Cysteine (NAC) 2":0.0034,"Nicotinamide Riboside Chloride (NR)":0.0062,"Zeaxanthin":0.0133,"Phosphorus":0.0039,"Astaxanthin (Natural)":0.0143,"Boron Glycinate":0.0203,"CaAKG":0.0124,"Ashwagandha KSM66":0.0023,"Calcium L-5- Methyltetrahydrofolate (L-5-MTHF-Ca)":0.0323,"Cocoa Powder (Non-Alkalised) 8+% Flavanols":0.0151,"Red Yeast Rice (2% Monacolin K)":0.0322,"Creatine Monohydrate":0.0217,"Ginger":0.0474,"Glucosamine Sulfate KCI":0.0297,"Grape Seed Extract 90% polyphenols":0.0128,"Broccoli Extract (glucoraphanin 10%)":0.0072,"Glycine":0.0035,"Theanine":0.049,"Lactobacillus Acidophilus":0.0078,"Lithium orotate":0.0022,"Pomegranate Juice Extract (50% Polyphenols)":0.0502,"Potassium Iodate":0.0093,"Rhodiola 3% Rosavins / Salidroside 1%":0.0056,"Selenium":0.026,"Glutathione reduced":0.0225,"Lutein":0.0004,"Luteolin":0.0084,"Cinnamon powder (ceylon) organic":0.0058,"Sodium Hyaluronate":0.0032,"Spermidine":0.0772,"Vitamin B1 (Thiamine HCl)":0.005,"Vitamin B12 (Methylcobalamin)":0.0034,"Vitamin B2 (Riboflavin-5-Phosphate)":0.0562,"Vitamin B3 (Niacinamide)":0.0302,"Vitamin B5 (Calcium-D-Pantothenate)":0.0031,"Vitamin B6 (Pyridoxal-5- Phosphate)":0.0432,"Vitamin B7 (D-Biotin)":0.0156,"Vitamin C (Ascorbic Acid)":0.0052,"Vitamin D Veg D3":0.0226,"Vitamin E (d-alpha tocopherol)":0.0419,"Vitamin K1":0.0452,"Vitamin K2 MK-7 MCT Oil":0.0055,"Vitamin K2 MK-4 MCT Oil":0.023,"Sunflower lecithin non-GMO":0.0423,"Phosphatidylcholine":0.0141,"Choline":0.01,"Lycopene":0.0492,"Lysine":0.0017,"Taurine":0.0346,"Glucoraphanin":0.0282,"Ubiquinol":0.0038,"Zinc Citrate":0.0154,"Fiber":0.0056,"Blueberries":0.0775,"Macadamia nuts":0.0031,"Walnuts":0.0121,"Omega 3":0.0465,"Omega 6":0.0315,"Calcium":0.0112,"EVOO polyphenols":0.0001,"Oleic acid":0.0007,"Protein (plant)":0.0021,"Copper":0.0168,"Caffeine":0.0261,"Magnesium Citrate":0.0354,"Manganese Citrate":0.0275,"Curcuminoids":0.0029,"Fisetin (smoketree extract)":0.024,"Garlic extract 12:1 odorless":0.0289,"Genistein (Japonica extract)":0.0214,"Milled Golden Flaxseed":0.0331,"SDG lignan":0.0445,"Phosphatidylinositol":0.0169,"Phosphatidylethanolamine":0.0292}],"vo2_max":30.3938}
