{"personal_data":[{"age":62,"gender":"M","name":"Dr. Che Tillman"}],"fitness_data":[{"Backwards Sled, 2 min":3,"Posture exercises":1,"Tricep extensions":1,"Face pulls":3,"Butterfly":0,"Band pull apart (back muscles)":3,"Back extensions (on a hyperextension)":4,"Obliques (each side, on a hyperextension)":3,"StretchesKneeling shin_Kneeling shin_":2,"StretchesHip flexor_Hip flexor_":4,"StretchesCouch_Couch_":3,"Leg raises (for abdomen)":0,"Seated calf raises":0,"Poliquin step ups":1,"Slant board squats":0,"ATG Split squats":1,"Nordics":4,"Reverse Nordics":1,"Tibialis raises,":3,"IsoTib ankle rotations":3,"Pull ups":2,"Chin ups":1,"10 min HIIT":0}],"supplement_vars":[{"N-Acetyl-L-Cysteine (NAC)":0.0134,"N-Acetyl-L-Cysteine (NAC) 2":0.0113,"Nicotinamide Riboside Chloride (NR)":0.007,"Zeaxanthin":0.0012,"Phosphorus":0.0226,"Astaxanthin (Natural)":0.0003,"Boron Glycinate":0.003,"CaAKG":0.0085,"Ashwagandha KSM66":0.0077,"Calcium L-5- Methyltetrahydrofolate (L-5-MTHF-Ca)":0.063,"Cocoa Powder (Non-Alkalised) 8+% Flavanols":0.0088,"Red Yeast Rice (2% Monacolin K)":0.0032,"Creatine Monohydrate":0.0499,"Ginger":0.0892,"Glucosamine Sulfate KCI":0.0601,"Grape Seed Extract 90% polyphenols":0.0017,"Broccoli Extract (glucoraphanin 10%)":0.0287,"Glycine":0.0306,"Theanine":0.0268,"Lactobacillus Acidophilus":0.0578,"Lithium orotate":0.0078,"Pomegranate Juice Extract (50% Polyphenols)":0.012,"Potassium Iodate":0.0041,"Rhodiola 3% Rosavins / Salidroside 1%":0.0468,"Selenium":0.0271,"Glutathione reduced":0.0434,"Lutein":0.0169,"Luteolin":0.0044,"Cinnamon powder (ceylon) organic":0.0021,"Sodium Hyaluronate":0.0098,"Spermidine":0.0557,"Vitamin B1 (Thiamine HCl)":0.0086,"Vitamin B12 (Methylcobalamin)":0.0265,"Vitamin B2 (Riboflavin-5-Phosphate)":0.0698,"Vitamin B3 (Niacinamide)":0.0139,"Vitamin B5 (Calcium-D-Pantothenate)":0.0065,"Vitamin B6 (Pyridoxal-5- Phosphate)":0.0242,"Vitamin B7 (D-Biotin)":0.0217,"Vitamin C (Ascorbic Acid)":0.0041,"Vitamin D Veg D3":0.0268,"Vitamin E (d-alpha tocopherol)":0.0027,"Vitamin K1":0.0424,"Vitamin K2 MK-7 MCT Oil":0.0138,"Vitamin K2 MK-4 MCT Oil":0.0125,"Sunflower lecithin non-GMO":0.0019,"Phosphatidylcholine":0.0184,"Choline":0.0228,"Lycopene":0.0107,"Lysine":0.0103,"Taurine":0.0371,"Glucoraphanin":0.011,"Ubiquinol":0.0044,"Zinc Citrate":0.0123,"Fiber":0.004,"Blueberries":0.0705,"Macadamia nuts":0.0229,"Walnuts":0.028,"Omega 3":0.0251,"Omega 6":0.0459,"Calcium":0.0526,"EVOO polyphenols":0.0001,"Oleic acid":0.0334,"Protein (plant)":0.0025,"Copper":0.0129,"Caffeine":0.0462,"Magnesium Citrate":0.0483,"Manganese Citrate":0.0482,"Curcuminoids":0.0087,"Fisetin (smoketree extract)":0.0184,"Garlic extract 12:1 odorless":0.012,"Genistein (Japonica extract)":0.0073,"Milled Golden Flaxseed":0.0168,"SDG lignan":0.0439,"Phosphatidylinositol":0.0053,"Phosphatidylethanolamine":0.0376}],"vo2_max":22.4966}
