{"personal_data":[{"age":40,"gender":"F","name":"Brittni Barton"}],"fitness_data":[{"Backwards Sled, 2 min":0,"Posture exercises":1,"Tricep extensions":3,"Face pulls":5,"Butterfly":5,"Band pull apart (back muscles)":4,"Back extensions (on a hyperextension)":0,"Obliques (each side, on a hyperextension)":4,"StretchesKneeling shin_Kneeling shin_":1,"StretchesHip flexor_Hip flexor_":3,"StretchesCouch_Couch_":2,"Leg raises (for abdomen)":4,"Seated calf raises":1,"Poliquin step ups":2,"Slant board squats":1,"ATG Split squats":1,"Nordics":5,"Reverse Nordics":3,"Tibialis raises,":4,"IsoTib ankle rotations":3,"Pull ups":2,"Chin ups":3,"10 min HIIT":3}],"supplement_vars":[{"N-Acetyl-L-Cysteine (NAC)":0.0139,"N-Acetyl-L-Cysteine (NAC) 2":0.0169,"Nicotinamide Riboside Chloride (NR)":0.0185,"Zeaxanthin":0.0048,"Phosphorus":0.0321,"Astaxanthin (Natural)":0.0107,"Boron Glycinate":0.0058,"CaAKG":0.0002,"Ashwagandha KSM66":0.005,"Calcium L-5- Methyltetrahydrofolate (L-5-MTHF-Ca)":0.0014,"Cocoa Powder (Non-Alkalised) 8+% Flavanols":0.0106,"Red Yeast Rice (2% Monacolin K)":0.0083,"Creatine Monohydrate":0.0035,"Ginger":0.0096,"Glucosamine Sulfate KCI":0.0612,"Grape Seed Extract 90% polyphenols":0.0121,"Broccoli Extract (glucoraphanin 10%)":0.0249,"Glycine":0.0226,"Theanine":0.0603,"Lactobacillus Acidophilus":0.0137,"Lithium orotate":0.0015,"Pomegranate Juice Extract (50% Polyphenols)":0.0493,"Potassium Iodate":0.0161,"Rhodiola 3% Rosavins / Salidroside 1%":0.0534,"Selenium":0.0029,"Glutathione reduced":0.0447,"Lutein":0.0062,"Luteolin":0.0001,"Cinnamon powder (ceylon) organic":0.0139,"Sodium Hyaluronate":0.0046,"Spermidine":0.0219,"Vitamin B1 (Thiamine HCl)":0.0167,"Vitamin B12 (Methylcobalamin)":0.0751,"Vitamin B2 (Riboflavin-5-Phosphate)":0.0583,"Vitamin B3 (Niacinamide)":0.0137,"Vitamin B5 (Calcium-D-Pantothenate)":0.0078,"Vitamin B6 (Pyridoxal-5- Phosphate)":0.0097,"Vitamin B7 (D-Biotin)":0.0309,"Vitamin C (Ascorbic Acid)":0.0046,"Vitamin D Veg D3":0.0457,"Vitamin E (d-alpha tocopherol)":0.0121,"Vitamin K1":0.0696,"Vitamin K2 MK-7 MCT Oil":0.0217,"Vitamin K2 MK-4 MCT Oil":0.0327,"Sunflower lecithin non-GMO":0.0427,"Phosphatidylcholine":0.0227,"Choline":0.0094,"Lycopene":0.0237,"Lysine":0.0091,"Taurine":0.0328,"Glucoraphanin":0.0012,"Ubiquinol":0.0108,"Zinc Citrate":0.0228,"Fiber":0.0021,"Blueberries":0.0826,"Macadamia nuts":0.022,"Walnuts":0.0248,"Omega 3":0.0002,"Omega 6":0.0467,"Calcium":0.0422,"EVOO polyphenols":0.0062,"Oleic acid":0.0061,"Protein (plant)":0.0018,"Copper":0.0186,"Caffeine":0.0519,"Magnesium Citrate":0.0288,"Manganese Citrate":0.0541,"Curcuminoids":0.0233,"Fisetin (smoketree extract)":0.0288,"Garlic extract 12:1 odorless":0.0067,"Genistein (Japonica extract)":0.0121,"Milled Golden Flaxseed":0.0178,"SDG lignan":0.0149,"Phosphatidylinositol":0.0048,"Phosphatidylethanolamine":0.0118}],"vo2_max":31.333}
