{"personal_data":[{"age":78,"gender":"F","name":"Pranav Okuneva-Hettinger"}],"fitness_data":[{"Backwards Sled, 2 min":2,"Posture exercises":1,"Tricep extensions":1,"Face pulls":3,"Butterfly":4,"Band pull apart (back muscles)":5,"Back extensions (on a hyperextension)":3,"Obliques (each side, on a hyperextension)":3,"StretchesKneeling shin_Kneeling shin_":4,"StretchesHip flexor_Hip flexor_":2,"StretchesCouch_Couch_":2,"Leg raises (for abdomen)":2,"Seated calf raises":0,"Poliquin step ups":1,"Slant board squats":0,"ATG Split squats":4,"Nordics":2,"Reverse Nordics":2,"Tibialis raises,":2,"IsoTib ankle rotations":3,"Pull ups":2,"Chin ups":1,"10 min HIIT":2}],"supplement_vars":[{"N-Acetyl-L-Cysteine (NAC)":0.0194,"N-Acetyl-L-Cysteine (NAC) 2":0.0033,"Nicotinamide Riboside Chloride (NR)":0.0169,"Zeaxanthin":0.0134,"Phosphorus":0.0003,"Astaxanthin (Natural)":0.0043,"Boron Glycinate":0.0165,"CaAKG":0.0062,"Ashwagandha KSM66":0.005,"Calcium L-5- Methyltetrahydrofolate (L-5-MTHF-Ca)":0.051,"Cocoa Powder (Non-Alkalised) 8+% Flavanols":0.0058,"Red Yeast Rice (2% Monacolin K)":0.0289,"Creatine Monohydrate":0.0468,"Ginger":0.0432,"Glucosamine Sulfate KCI":0.0631,"Grape Seed Extract 90% polyphenols":0.0093,"Broccoli Extract (glucoraphanin 10%)":0.0079,"Glycine":0.0095,"Theanine":0.0174,"Lactobacillus Acidophilus":0.0088,"Lithium orotate":0.0044,"Pomegranate Juice Extract (50% Polyphenols)":0.0487,"Potassium Iodate":0.0355,"Rhodiola 3% Rosavins / Salidroside 1%":0.0021,"Selenium":0.0355,"Glutathione reduced":0.0431,"Lutein":0.0019,"Luteolin":0.0018,"Cinnamon powder (ceylon) organic":0.0202,"Sodium Hyaluronate":0.0078,"Spermidine":0.0733,"Vitamin B1 (Thiamine HCl)":0.0062,"Vitamin B12 (Methylcobalamin)":0.0836,"Vitamin B2 (Riboflavin-5-Phosphate)":0.0048,"Vitamin B3 (Niacinamide)":0.0646,"Vitamin B5 (Calcium-D-Pantothenate)":0.0203,"Vitamin B6 (Pyridoxal-5- Phosphate)":0.0397,"Vitamin B7 (D-Biotin)":0.03,"Vitamin C (Ascorbic Acid)":0.0088,"Vitamin D Veg D3":0.0398,"Vitamin E (d-alpha tocopherol)":0.0385,"Vitamin K1":0.053,"Vitamin K2 MK-7 MCT Oil":0.0181,"Vitamin K2 MK-4 MCT Oil":0.0016,"Sunflower lecithin non-GMO":0.0317,"Phosphatidylcholine":0.0042,"Choline":0.0589,"Lycopene":0.0332,"Lysine":0.0037,"Taurine":0.0441,"Glucoraphanin":0.0307,"Ubiquinol":0.0126,"Zinc Citrate":0.0219,"Fiber":0.0028,"Blueberries":0.0342,"Macadamia nuts":0.0771,"Walnuts":0.0406,"Omega 3":0.0078,"Omega 6":0.0234,"Calcium":0.0397,"EVOO polyphenols":0.0045,"Oleic acid":0.0158,"Protein (plant)":0.0023,"Copper":0.0149,"Caffeine":0.0089,"Magnesium Citrate":0.0588,"Manganese Citrate":0.0964,"Curcuminoids":0.0457,"Fisetin (smoketree extract)":0.0152,"Garlic extract 12:1 odorless":0.0169,"Genistein (Japonica extract)":0.0088,"Milled Golden Flaxseed":0.0027,"SDG lignan":0.0276,"Phosphatidylinositol":0.0188,"Phosphatidylethanolamine":0.0449}],"vo2_max":18.4391}
