{"personal_data":[{"age":21,"gender":"M","name":"King Volkman"}],"fitness_data":[{"Backwards Sled, 2 min":4,"Posture exercises":4,"Tricep extensions":1,"Face pulls":0,"Butterfly":3,"Band pull apart (back muscles)":3,"Back extensions (on a hyperextension)":4,"Obliques (each side, on a hyperextension)":1,"StretchesKneeling shin_Kneeling shin_":2,"StretchesHip flexor_Hip flexor_":1,"StretchesCouch_Couch_":1,"Leg raises (for abdomen)":2,"Seated calf raises":1,"Poliquin step ups":1,"Slant board squats":3,"ATG Split squats":5,"Nordics":3,"Reverse Nordics":2,"Tibialis raises,":4,"IsoTib ankle rotations":2,"Pull ups":4,"Chin ups":0,"10 min HIIT":4}],"supplement_vars":[{"N-Acetyl-L-Cysteine (NAC)":0.0025,"N-Acetyl-L-Cysteine (NAC) 2":0.0179,"Nicotinamide Riboside Chloride (NR)":0.0186,"Zeaxanthin":0.0003,"Phosphorus":0.0167,"Astaxanthin (Natural)":0.0051,"Boron Glycinate":0.0141,"CaAKG":0.0043,"Ashwagandha KSM66":0.0077,"Calcium L-5- Methyltetrahydrofolate (L-5-MTHF-Ca)":0.0562,"Cocoa Powder (Non-Alkalised) 8+% Flavanols":0.0074,"Red Yeast Rice (2% Monacolin K)":0.0312,"Creatine Monohydrate":0.0664,"Ginger":0.0896,"Glucosamine Sulfate KCI":0.0273,"Grape Seed Extract 90% polyphenols":0.0009,"Broccoli Extract (glucoraphanin 10%)":0.0215,"Glycine":0.0074,"Theanine":0.004,"Lactobacillus Acidophilus":0.0722,"Lithium orotate":0.0055,"Pomegranate Juice Extract (50% Polyphenols)":0.0224,"Potassium Iodate":0.0325,"Rhodiola 3% Rosavins / Salidroside 1%":0.0238,"Selenium":0.0276,"Glutathione reduced":0.0182,"Lutein":0.0063,"Luteolin":0.0044,"Cinnamon powder (ceylon) organic":0.0178,"Sodium Hyaluronate":0.0107,"Spermidine":0.0586,"Vitamin B1 (Thiamine HCl)":0.0145,"Vitamin B12 (Methylcobalamin)":0.0308,"Vitamin B2 (Riboflavin-5-Phosphate)":0.0481,"Vitamin B3 (Niacinamide)":0.037,"Vitamin B5 (Calcium-D-Pantothenate)":0.0138,"Vitamin B6 (Pyridoxal-5- Phosphate)":0.0097,"Vitamin B7 (D-Biotin)":0.016,"Vitamin C (Ascorbic Acid)":0.0115,"Vitamin D Veg D3":0.0171,"Vitamin E (d-alpha tocopherol)":0.0086,"Vitamin K1":0.0274,"Vitamin K2 MK-7 MCT Oil":0.0196,"Vitamin K2 MK-4 MCT Oil":0.0023,"Sunflower lecithin non-GMO":0.0213,"Phosphatidylcholine":0.0196,"Choline":0.0555,"Lycopene":0.0302,"Lysine":0.0025,"Taurine":0.0341,"Glucoraphanin":0.0291,"Ubiquinol":0.0033,"Zinc Citrate":0.0281,"Fiber":0.0045,"Blueberries":0.0334,"Macadamia nuts":0.0673,"Walnuts":0.0188,"Omega 3":0.0371,"Omega 6":0.0018,"Calcium":0.0652,"EVOO polyphenols":0.0009,"Oleic acid":0.0251,"Protein (plant)":0.0038,"Copper":0.0005,"Caffeine":0.003,"Magnesium Citrate":0.0205,"Manganese Citrate":0.0388,"Curcuminoids":0.0078,"Fisetin (smoketree extract)":0.0279,"Garlic extract 12:1 odorless":0.0432,"Genistein (Japonica extract)":0.0014,"Milled Golden Flaxseed":0.0164,"SDG lignan":0.0206,"Phosphatidylinositol":0.0181,"Phosphatidylethanolamine":0.0394}],"vo2_max":41.7953}
