{"personal_data":[{"age":31,"gender":"M","name":"Lorri Denesik"}],"fitness_data":[{"Backwards Sled, 2 min":4,"Posture exercises":4,"Tricep extensions":3,"Face pulls":3,"Butterfly":4,"Band pull apart (back muscles)":1,"Back extensions (on a hyperextension)":1,"Obliques (each side, on a hyperextension)":3,"StretchesKneeling shin_Kneeling shin_":3,"StretchesHip flexor_Hip flexor_":4,"StretchesCouch_Couch_":0,"Leg raises (for abdomen)":2,"Seated calf raises":3,"Poliquin step ups":3,"Slant board squats":0,"ATG Split squats":3,"Nordics":4,"Reverse Nordics":2,"Tibialis raises,":2,"IsoTib ankle rotations":3,"Pull ups":1,"Chin ups":3,"10 min HIIT":2}],"supplement_vars":[{"N-Acetyl-L-Cysteine (NAC)":0.0076,"N-Acetyl-L-Cysteine (NAC) 2":0.0105,"Nicotinamide Riboside Chloride (NR)":0.0184,"Zeaxanthin":0.0068,"Phosphorus":0.0417,"Astaxanthin (Natural)":0.0192,"Boron Glycinate":0.0025,"CaAKG":0.0068,"Ashwagandha KSM66":0.0042,"Calcium L-5- Methyltetrahydrofolate (L-5-MTHF-Ca)":0.0109,"Cocoa Powder (Non-Alkalised) 8+% Flavanols":0.0189,"Red Yeast Rice (2% Monacolin K)":0.0092,"Creatine Monohydrate":0.0237,"Ginger":0.0896,"Glucosamine Sulfate KCI":0.0319,"Grape Seed Extract 90% polyphenols":0.0091,"Broccoli Extract (glucoraphanin 10%)":0.0297,"Glycine":0.0052,"Theanine":0.0301,"Lactobacillus Acidophilus":0.0512,"Lithium orotate":0.0095,"Pomegranate Juice Extract (50% Polyphenols)":0.0041,"Potassium Iodate":0.0325,"Rhodiola 3% Rosavins / Salidroside 1%":0.0199,"Selenium":0.0272,"Glutathione reduced":0.0264,"Lutein":0.0071,"Luteolin":0.0029,"Cinnamon powder (ceylon) organic":0.0051,"Sodium Hyaluronate":0.0107,"Spermidine":0.0889,"Vitamin B1 (Thiamine HCl)":0.0044,"Vitamin B12 (Methylcobalamin)":0.0413,"Vitamin B2 (Riboflavin-5-Phosphate)":0.0484,"Vitamin B3 (Niacinamide)":0.0325,"Vitamin B5 (Calcium-D-Pantothenate)":0.0183,"Vitamin B6 (Pyridoxal-5- Phosphate)":0.0145,"Vitamin B7 (D-Biotin)":0.0065,"Vitamin C (Ascorbic Acid)":0.0042,"Vitamin D Veg D3":0.0303,"Vitamin E (d-alpha tocopherol)":0.0305,"Vitamin K1":0.0505,"Vitamin K2 MK-7 MCT Oil":0.0103,"Vitamin K2 MK-4 MCT Oil":0.0015,"Sunflower lecithin non-GMO":0.0426,"Phosphatidylcholine":0.0126,"Choline":0.0134,"Lycopene":0.0711,"Lysine":0.0064,"Taurine":0.0126,"Glucoraphanin":0.0057,"Ubiquinol":0.001,"Zinc Citrate":0.0166,"Fiber":0.002,"Blueberries":0.0486,"Macadamia nuts":0.0121,"Walnuts":0.0739,"Omega 3":0.014,"Omega 6":0.0483,"Calcium":0.0075,"EVOO polyphenols":0.0041,"Oleic acid":0.0258,"Protein (plant)":0.0021,"Copper":0.0227,"Caffeine":0.0269,"Magnesium Citrate":0.0046,"Manganese Citrate":0.0454,"Curcuminoids":0.0417,"Fisetin (smoketree extract)":0.0314,"Garlic extract 12:1 odorless":0.0275,"Genistein (Japonica extract)":0.0066,"Milled Golden Flaxseed":0.0203,"SDG lignan":0.0296,"Phosphatidylinositol":0.0188,"Phosphatidylethanolamine":0.0378}],"vo2_max":30.783}
