{"personal_data":[{"age":23,"gender":"M","name":"Mr. Keshaun Dach"}],"fitness_data":[{"Backwards Sled, 2 min":4,"Posture exercises":3,"Tricep extensions":1,"Face pulls":3,"Butterfly":5,"Band pull apart (back muscles)":3,"Back extensions (on a hyperextension)":1,"Obliques (each side, on a hyperextension)":1,"StretchesKneeling shin_Kneeling shin_":0,"StretchesHip flexor_Hip flexor_":3,"StretchesCouch_Couch_":2,"Leg raises (for abdomen)":0,"Seated calf raises":2,"Poliquin step ups":3,"Slant board squats":5,"ATG Split squats":5,"Nordics":3,"Reverse Nordics":3,"Tibialis raises,":2,"IsoTib ankle rotations":4,"Pull ups":3,"Chin ups":1,"10 min HIIT":0}],"supplement_vars":[{"N-Acetyl-L-Cysteine (NAC)":0.0009,"N-Acetyl-L-Cysteine (NAC) 2":0.0043,"Nicotinamide Riboside Chloride (NR)":0.0047,"Zeaxanthin":0.0013,"Phosphorus":0.0295,"Astaxanthin (Natural)":0.0119,"Boron Glycinate":0.0466,"CaAKG":0.0099,"Ashwagandha KSM66":0.0024,"Calcium L-5- Methyltetrahydrofolate (L-5-MTHF-Ca)":0.0328,"Cocoa Powder (Non-Alkalised) 8+% Flavanols":0.0011,"Red Yeast Rice (2% Monacolin K)":0.0269,"Creatine Monohydrate":0.0223,"Ginger":0.0162,"Glucosamine Sulfate KCI":0.0484,"Grape Seed Extract 90% polyphenols":0.0054,"Broccoli Extract (glucoraphanin 10%)":0.0049,"Glycine":0.0261,"Theanine":0.006,"Lactobacillus Acidophilus":0.0587,"Lithium orotate":0.01,"Pomegranate Juice Extract (50% Polyphenols)":0.0245,"Potassium Iodate":0.0084,"Rhodiola 3% Rosavins / Salidroside 1%":0.0557,"Selenium":0.0061,"Glutathione reduced":0.0334,"Lutein":0.0153,"Luteolin":0.0028,"Cinnamon powder (ceylon) organic":0.0096,"Sodium Hyaluronate":0.0068,"Spermidine":0.0227,"Vitamin B1 (Thiamine HCl)":0.0119,"Vitamin B12 (Methylcobalamin)":0.0808,"Vitamin B2 (Riboflavin-5-Phosphate)":0.0084,"Vitamin B3 (Niacinamide)":0.0638,"Vitamin B5 (Calcium-D-Pantothenate)":0.0173,"Vitamin B6 (Pyridoxal-5- Phosphate)":0.0173,"Vitamin B7 (D-Biotin)":0.0016,"Vitamin C (Ascorbic Acid)":0.0088,"Vitamin D Veg D3":0.0387,"Vitamin E (d-alpha tocopherol)":0.0059,"Vitamin K1":0.0432,"Vitamin K2 MK-7 MCT Oil":0.0143,"Vitamin K2 MK-4 MCT Oil":0.0285,"Sunflower lecithin non-GMO":0.0333,"Phosphatidylcholine":0.0262,"Choline":0.0139,"Lycopene":0.0009,"Lysine":0.0074,"Taurine":0.0313,"Glucoraphanin":0.0005,"Ubiquinol":0.0006,"Zinc Citrate":0.0057,"Fiber":0,"Blueberries":0.0642,"Macadamia nuts":0.0897,"Walnuts":0.0366,"Omega 3":0.0039,"Omega 6":0.0491,"Calcium":0.0084,"EVOO polyphenols":0.0028,"Oleic acid":0.035,"Protein (plant)":0,"Copper":0.0187,"Caffeine":0.0634,"Magnesium Citrate":0.0384,"Manganese Citrate":0.0474,"Curcuminoids":0.0472,"Fisetin (smoketree extract)":0.0102,"Garlic extract 12:1 odorless":0.0158,"Genistein (Japonica extract)":0.0102,"Milled Golden Flaxseed":0.0034,"SDG lignan":0.0217,"Phosphatidylinositol":0.0015,"Phosphatidylethanolamine":0.0142}],"vo2_max":35.2587}
