{"personal_data":[{"age":54,"gender":"M","name":"Cleta Renner DVM"}],"fitness_data":[{"Backwards Sled, 2 min":0,"Posture exercises":3,"Tricep extensions":3,"Face pulls":0,"Butterfly":2,"Band pull apart (back muscles)":5,"Back extensions (on a hyperextension)":2,"Obliques (each side, on a hyperextension)":2,"StretchesKneeling shin_Kneeling shin_":4,"StretchesHip flexor_Hip flexor_":4,"StretchesCouch_Couch_":3,"Leg raises (for abdomen)":4,"Seated calf raises":0,"Poliquin step ups":3,"Slant board squats":1,"ATG Split squats":5,"Nordics":2,"Reverse Nordics":4,"Tibialis raises,":5,"IsoTib ankle rotations":4,"Pull ups":2,"Chin ups":3,"10 min HIIT":4}],"supplement_vars":[{"N-Acetyl-L-Cysteine (NAC)":0.0105,"N-Acetyl-L-Cysteine (NAC) 2":0.0034,"Nicotinamide Riboside Chloride (NR)":0.0057,"Zeaxanthin":0.0044,"Phosphorus":0.0076,"Astaxanthin (Natural)":0.0015,"Boron Glycinate":0.0206,"CaAKG":0.0125,"Ashwagandha KSM66":0.0003,"Calcium L-5- Methyltetrahydrofolate (L-5-MTHF-Ca)":0.0339,"Cocoa Powder (Non-Alkalised) 8+% Flavanols":0.0179,"Red Yeast Rice (2% Monacolin K)":0.008,"Creatine Monohydrate":0.0591,"Ginger":0.049,"Glucosamine Sulfate KCI":0.0519,"Grape Seed Extract 90% polyphenols":0.0014,"Broccoli Extract (glucoraphanin 10%)":0.0145,"Glycine":0.0272,"Theanine":0.0367,"Lactobacillus Acidophilus":0.0223,"Lithium orotate":0.0001,"Pomegranate Juice Extract (50% Polyphenols)":0.0415,"Potassium Iodate":0.0407,"Rhodiola 3% Rosavins / Salidroside 1%":0.0424,"Selenium":0.0156,"Glutathione reduced":0.0509,"Lutein":0.0167,"Luteolin":0.0049,"Cinnamon powder (ceylon) organic":0.0049,"Sodium Hyaluronate":0.0067,"Spermidine":0.0779,"Vitamin B1 (Thiamine HCl)":0.0135,"Vitamin B12 (Methylcobalamin)":0.0658,"Vitamin B2 (Riboflavin-5-Phosphate)":0.027,"Vitamin B3 (Niacinamide)":0.0513,"Vitamin B5 (Calcium-D-Pantothenate)":0.0039,"Vitamin B6 (Pyridoxal-5- Phosphate)":0.0421,"Vitamin B7 (D-Biotin)":0.0198,"Vitamin C (Ascorbic Acid)":0.0075,"Vitamin D Veg D3":0.004,"Vitamin E (d-alpha tocopherol)":0.0061,"Vitamin K1":0.0465,"Vitamin K2 MK-7 MCT Oil":0.0109,"Vitamin K2 MK-4 MCT Oil":0.017,"Sunflower lecithin non-GMO":0.0193,"Phosphatidylcholine":0.0171,"Choline":0.0564,"Lycopene":0.0053,"Lysine":0.0062,"Taurine":0.0012,"Glucoraphanin":0.012,"Ubiquinol":0.0001,"Zinc Citrate":0.0132,"Fiber":0.0013,"Blueberries":0.0738,"Macadamia nuts":0.0414,"Walnuts":0.0119,"Omega 3":0.0089,"Omega 6":0.0234,"Calcium":0.0583,"EVOO polyphenols":0.0015,"Oleic acid":0.0076,"Protein (plant)":0.0031,"Copper":0.0195,"Caffeine":0.0155,"Magnesium Citrate":0.0239,"Manganese Citrate":0.0334,"Curcuminoids":0.0282,"Fisetin (smoketree extract)":0.0241,"Garlic extract 12:1 odorless":0.0369,"Genistein (Japonica extract)":0.0034,"Milled Golden Flaxseed":0.022,"SDG lignan":0.0053,"Phosphatidylinositol":0.0043,"Phosphatidylethanolamine":0.0022}],"vo2_max":27.6437}
