{"personal_data":[{"age":67,"gender":"M","name":"Mordechai Cummings PhD"}],"fitness_data":[{"Backwards Sled, 2 min":3,"Posture exercises":5,"Tricep extensions":3,"Face pulls":4,"Butterfly":0,"Band pull apart (back muscles)":4,"Back extensions (on a hyperextension)":1,"Obliques (each side, on a hyperextension)":2,"StretchesKneeling shin_Kneeling shin_":5,"StretchesHip flexor_Hip flexor_":0,"StretchesCouch_Couch_":2,"Leg raises (for abdomen)":3,"Seated calf raises":1,"Poliquin step ups":3,"Slant board squats":1,"ATG Split squats":1,"Nordics":1,"Reverse Nordics":0,"Tibialis raises,":4,"IsoTib ankle rotations":3,"Pull ups":2,"Chin ups":2,"10 min HIIT":3}],"supplement_vars":[{"N-Acetyl-L-Cysteine (NAC)":0.0088,"N-Acetyl-L-Cysteine (NAC) 2":0.0154,"Nicotinamide Riboside Chloride (NR)":0.0004,"Zeaxanthin":0.0083,"Phosphorus":0.0373,"Astaxanthin (Natural)":0.0184,"Boron Glycinate":0.0382,"CaAKG":0.0101,"Ashwagandha KSM66":0.0001,"Calcium L-5- Methyltetrahydrofolate (L-5-MTHF-Ca)":0.0307,"Cocoa Powder (Non-Alkalised) 8+% Flavanols":0.0186,"Red Yeast Rice (2% Monacolin K)":0.0329,"Creatine Monohydrate":0.0171,"Ginger":0.009,"Glucosamine Sulfate KCI":0.0333,"Grape Seed Extract 90% polyphenols":0.0066,"Broccoli Extract (glucoraphanin 10%)":0.0297,"Glycine":0.0297,"Theanine":0.042,"Lactobacillus Acidophilus":0.0137,"Lithium orotate":0.0023,"Pomegranate Juice Extract (50% Polyphenols)":0.0415,"Potassium Iodate":0.007,"Rhodiola 3% Rosavins / Salidroside 1%":0.0429,"Selenium":0.0196,"Glutathione reduced":0.0143,"Lutein":0.0229,"Luteolin":0.0088,"Cinnamon powder (ceylon) organic":0.0158,"Sodium Hyaluronate":0.0085,"Spermidine":0.0832,"Vitamin B1 (Thiamine HCl)":0.0152,"Vitamin B12 (Methylcobalamin)":0.025,"Vitamin B2 (Riboflavin-5-Phosphate)":0.0489,"Vitamin B3 (Niacinamide)":0.0578,"Vitamin B5 (Calcium-D-Pantothenate)":0.0197,"Vitamin B6 (Pyridoxal-5- Phosphate)":0.0241,"Vitamin B7 (D-Biotin)":0.0249,"Vitamin C (Ascorbic Acid)":0.0036,"Vitamin D Veg D3":0.0068,"Vitamin E (d-alpha tocopherol)":0.0034,"Vitamin K1":0.0416,"Vitamin K2 MK-7 MCT Oil":0.0134,"Vitamin K2 MK-4 MCT Oil":0.0297,"Sunflower lecithin non-GMO":0.0113,"Phosphatidylcholine":0.0301,"Choline":0.0129,"Lycopene":0.0556,"Lysine":0.0015,"Taurine":0.0404,"Glucoraphanin":0.0346,"Ubiquinol":0.0109,"Zinc Citrate":0.0112,"Fiber":0.0001,"Blueberries":0.0778,"Macadamia nuts":0.0585,"Walnuts":0.0256,"Omega 3":0.0102,"Omega 6":0.0319,"Calcium":0.0287,"EVOO polyphenols":0.0047,"Oleic acid":0.0104,"Protein (plant)":0.0039,"Copper":0.0012,"Caffeine":0.007,"Magnesium Citrate":0.0378,"Manganese Citrate":0.0324,"Curcuminoids":0.0083,"Fisetin (smoketree extract)":0.0038,"Garlic extract 12:1 odorless":0.0243,"Genistein (Japonica extract)":0.008,"Milled Golden Flaxseed":0.0227,"SDG lignan":0.0495,"Phosphatidylinositol":0.0031,"Phosphatidylethanolamine":0.042}],"vo2_max":25.0111}
