{"personal_data":[{"age":58,"gender":"M","name":"Lavon Prohaska"}],"fitness_data":[{"Backwards Sled, 2 min":2,"Posture exercises":1,"Tricep extensions":3,"Face pulls":3,"Butterfly":4,"Band pull apart (back muscles)":1,"Back extensions (on a hyperextension)":1,"Obliques (each side, on a hyperextension)":1,"StretchesKneeling shin_Kneeling shin_":2,"StretchesHip flexor_Hip flexor_":1,"StretchesCouch_Couch_":1,"Leg raises (for abdomen)":3,"Seated calf raises":4,"Poliquin step ups":1,"Slant board squats":1,"ATG Split squats":2,"Nordics":2,"Reverse Nordics":1,"Tibialis raises,":3,"IsoTib ankle rotations":3,"Pull ups":4,"Chin ups":0,"10 min HIIT":1}],"supplement_vars":[{"N-Acetyl-L-Cysteine (NAC)":0.0161,"N-Acetyl-L-Cysteine (NAC) 2":0.0017,"Nicotinamide Riboside Chloride (NR)":0.0046,"Zeaxanthin":0.003,"Phosphorus":0.0069,"Astaxanthin (Natural)":0.0096,"Boron Glycinate":0.0411,"CaAKG":0.0068,"Ashwagandha KSM66":0.0087,"Calcium L-5- Methyltetrahydrofolate (L-5-MTHF-Ca)":0.0531,"Cocoa Powder (Non-Alkalised) 8+% Flavanols":0.0076,"Red Yeast Rice (2% Monacolin K)":0.0086,"Creatine Monohydrate":0.0342,"Ginger":0.0583,"Glucosamine Sulfate KCI":0.045,"Grape Seed Extract 90% polyphenols":0.0138,"Broccoli Extract (glucoraphanin 10%)":0.0098,"Glycine":0.0137,"Theanine":0.028,"Lactobacillus Acidophilus":0.0808,"Lithium orotate":0.0022,"Pomegranate Juice Extract (50% Polyphenols)":0.0061,"Potassium Iodate":0.0385,"Rhodiola 3% Rosavins / Salidroside 1%":0.0017,"Selenium":0.028,"Glutathione reduced":0.0411,"Lutein":0.0152,"Luteolin":0.0093,"Cinnamon powder (ceylon) organic":0.0157,"Sodium Hyaluronate":0.0049,"Spermidine":0.0276,"Vitamin B1 (Thiamine HCl)":0.0125,"Vitamin B12 (Methylcobalamin)":0.0451,"Vitamin B2 (Riboflavin-5-Phosphate)":0.01,"Vitamin B3 (Niacinamide)":0.0314,"Vitamin B5 (Calcium-D-Pantothenate)":0.0077,"Vitamin B6 (Pyridoxal-5- Phosphate)":0.0423,"Vitamin B7 (D-Biotin)":0.013,"Vitamin C (Ascorbic Acid)":0.0018,"Vitamin D Veg D3":0.044,"Vitamin E (d-alpha tocopherol)":0.004,"Vitamin K1":0.0372,"Vitamin K2 MK-7 MCT Oil":0.0064,"Vitamin K2 MK-4 MCT Oil":0.0251,"Sunflower lecithin non-GMO":0.0191,"Phosphatidylcholine":0.0138,"Choline":0.0488,"Lycopene":0.0053,"Lysine":0.0038,"Taurine":0.0034,"Glucoraphanin":0.0226,"Ubiquinol":0.0134,"Zinc Citrate":0.0005,"Fiber":0.0004,"Blueberries":0.0066,"Macadamia nuts":0.003,"Walnuts":0.0108,"Omega 3":0.0489,"Omega 6":0.024,"Calcium":0.0214,"EVOO polyphenols":0.003,"Oleic acid":0.0022,"Protein (plant)":0.0013,"Copper":0.0012,"Caffeine":0.0391,"Magnesium Citrate":0.0389,"Manganese Citrate":0.0882,"Curcuminoids":0.0516,"Fisetin (smoketree extract)":0,"Garlic extract 12:1 odorless":0.0067,"Genistein (Japonica extract)":0.0218,"Milled Golden Flaxseed":0.0176,"SDG lignan":0.0148,"Phosphatidylinositol":0.0212,"Phosphatidylethanolamine":0.0417}],"vo2_max":25.7268}
