{"personal_data":[{"age":49,"gender":"M","name":"Mr. Rolf Smitham II"}],"fitness_data":[{"Backwards Sled, 2 min":4,"Posture exercises":4,"Tricep extensions":1,"Face pulls":4,"Butterfly":5,"Band pull apart (back muscles)":4,"Back extensions (on a hyperextension)":0,"Obliques (each side, on a hyperextension)":1,"StretchesKneeling shin_Kneeling shin_":3,"StretchesHip flexor_Hip flexor_":4,"StretchesCouch_Couch_":3,"Leg raises (for abdomen)":3,"Seated calf raises":3,"Poliquin step ups":3,"Slant board squats":4,"ATG Split squats":6,"Nordics":2,"Reverse Nordics":1,"Tibialis raises,":1,"IsoTib ankle rotations":3,"Pull ups":1,"Chin ups":3,"10 min HIIT":3}],"supplement_vars":[{"N-Acetyl-L-Cysteine (NAC)":0.0143,"N-Acetyl-L-Cysteine (NAC) 2":0.0178,"Nicotinamide Riboside Chloride (NR)":0.0069,"Zeaxanthin":0.012,"Phosphorus":0.0319,"Astaxanthin (Natural)":0.0219,"Boron Glycinate":0.0218,"CaAKG":0.0111,"Ashwagandha KSM66":0.0046,"Calcium L-5- Methyltetrahydrofolate (L-5-MTHF-Ca)":0.0016,"Cocoa Powder (Non-Alkalised) 8+% Flavanols":0.0078,"Red Yeast Rice (2% Monacolin K)":0.0096,"Creatine Monohydrate":0.0163,"Ginger":0.0494,"Glucosamine Sulfate KCI":0.0072,"Grape Seed Extract 90% polyphenols":0.0034,"Broccoli Extract (glucoraphanin 10%)":0.0262,"Glycine":0.0181,"Theanine":0.0379,"Lactobacillus Acidophilus":0.0787,"Lithium orotate":0.0013,"Pomegranate Juice Extract (50% Polyphenols)":0.0149,"Potassium Iodate":0.017,"Rhodiola 3% Rosavins / Salidroside 1%":0.0538,"Selenium":0.0298,"Glutathione reduced":0.02,"Lutein":0.0205,"Luteolin":0.0095,"Cinnamon powder (ceylon) organic":0.0068,"Sodium Hyaluronate":0.0109,"Spermidine":0.0898,"Vitamin B1 (Thiamine HCl)":0.001,"Vitamin B12 (Methylcobalamin)":0.0353,"Vitamin B2 (Riboflavin-5-Phosphate)":0.0333,"Vitamin B3 (Niacinamide)":0.0548,"Vitamin B5 (Calcium-D-Pantothenate)":0.0055,"Vitamin B6 (Pyridoxal-5- Phosphate)":0.0226,"Vitamin B7 (D-Biotin)":0.0281,"Vitamin C (Ascorbic Acid)":0.0126,"Vitamin D Veg D3":0.0159,"Vitamin E (d-alpha tocopherol)":0.0339,"Vitamin K1":0.0376,"Vitamin K2 MK-7 MCT Oil":0.0204,"Vitamin K2 MK-4 MCT Oil":0.0152,"Sunflower lecithin non-GMO":0.004,"Phosphatidylcholine":0.0104,"Choline":0.0099,"Lycopene":0.0649,"Lysine":0.0056,"Taurine":0.0157,"Glucoraphanin":0.0295,"Ubiquinol":0.0095,"Zinc Citrate":0.0125,"Fiber":0.0016,"Blueberries":0.0659,"Macadamia nuts":0.0639,"Walnuts":0.0194,"Omega 3":0.0229,"Omega 6":0.0094,"Calcium":0.012,"EVOO polyphenols":0.0056,"Oleic acid":0.0233,"Protein (plant)":0.0033,"Copper":0.0204,"Caffeine":0.0584,"Magnesium Citrate":0.0544,"Manganese Citrate":0.0968,"Curcuminoids":0.0371,"Fisetin (smoketree extract)":0.0125,"Garlic extract 12:1 odorless":0.009,"Genistein (Japonica extract)":0.0091,"Milled Golden Flaxseed":0.0005,"SDG lignan":0.0019,"Phosphatidylinositol":0.0158,"Phosphatidylethanolamine":0.0064}],"vo2_max":30.034}
