{"personal_data":[{"age":80,"gender":"M","name":"Kendall Orn"}],"fitness_data":[{"Backwards Sled, 2 min":3,"Posture exercises":4,"Tricep extensions":4,"Face pulls":3,"Butterfly":3,"Band pull apart (back muscles)":3,"Back extensions (on a hyperextension)":0,"Obliques (each side, on a hyperextension)":1,"StretchesKneeling shin_Kneeling shin_":1,"StretchesHip flexor_Hip flexor_":0,"StretchesCouch_Couch_":0,"Leg raises (for abdomen)":1,"Seated calf raises":4,"Poliquin step ups":2,"Slant board squats":5,"ATG Split squats":6,"Nordics":0,"Reverse Nordics":2,"Tibialis raises,":1,"IsoTib ankle rotations":2,"Pull ups":1,"Chin ups":0,"10 min HIIT":1}],"supplement_vars":[{"N-Acetyl-L-Cysteine (NAC)":0.0027,"N-Acetyl-L-Cysteine (NAC) 2":0.0106,"Nicotinamide Riboside Chloride (NR)":0.0002,"Zeaxanthin":0.0068,"Phosphorus":0.0105,"Astaxanthin (Natural)":0.0216,"Boron Glycinate":0.0134,"CaAKG":0.0062,"Ashwagandha KSM66":0.0057,"Calcium L-5- Methyltetrahydrofolate (L-5-MTHF-Ca)":0.0619,"Cocoa Powder (Non-Alkalised) 8+% Flavanols":0.0217,"Red Yeast Rice (2% Monacolin K)":0.0299,"Creatine Monohydrate":0.0561,"Ginger":0.0849,"Glucosamine Sulfate KCI":0.0642,"Grape Seed Extract 90% polyphenols":0.0009,"Broccoli Extract (glucoraphanin 10%)":0.0104,"Glycine":0.0285,"Theanine":0.0129,"Lactobacillus Acidophilus":0.0071,"Lithium orotate":0.008,"Pomegranate Juice Extract (50% Polyphenols)":0.0583,"Potassium Iodate":0.0181,"Rhodiola 3% Rosavins / Salidroside 1%":0.0544,"Selenium":0.0066,"Glutathione reduced":0.0261,"Lutein":0.0102,"Luteolin":0.0088,"Cinnamon powder (ceylon) organic":0.0172,"Sodium Hyaluronate":0.0048,"Spermidine":0.0312,"Vitamin B1 (Thiamine HCl)":0.0093,"Vitamin B12 (Methylcobalamin)":0.0016,"Vitamin B2 (Riboflavin-5-Phosphate)":0.0048,"Vitamin B3 (Niacinamide)":0.0338,"Vitamin B5 (Calcium-D-Pantothenate)":0.0004,"Vitamin B6 (Pyridoxal-5- Phosphate)":0.0285,"Vitamin B7 (D-Biotin)":0.0101,"Vitamin C (Ascorbic Acid)":0.006,"Vitamin D Veg D3":0.0175,"Vitamin E (d-alpha tocopherol)":0.0182,"Vitamin K1":0.0249,"Vitamin K2 MK-7 MCT Oil":0.0074,"Vitamin K2 MK-4 MCT Oil":0.0322,"Sunflower lecithin non-GMO":0.0333,"Phosphatidylcholine":0.0321,"Choline":0.0014,"Lycopene":0.074,"Lysine":0.0006,"Taurine":0.0291,"Glucoraphanin":0.0206,"Ubiquinol":0.0121,"Zinc Citrate":0.0202,"Fiber":0.0056,"Blueberries":0.0458,"Macadamia nuts":0.0707,"Walnuts":0.0444,"Omega 3":0.0222,"Omega 6":0.0116,"Calcium":0.0033,"EVOO polyphenols":0.0053,"Oleic acid":0.0309,"Protein (plant)":0.0015,"Copper":0.0137,"Caffeine":0.0486,"Magnesium Citrate":0.0165,"Manganese Citrate":0.0331,"Curcuminoids":0.0294,"Fisetin (smoketree extract)":0.013,"Garlic extract 12:1 odorless":0.0062,"Genistein (Japonica extract)":0.0218,"Milled Golden Flaxseed":0.0256,"SDG lignan":0.0401,"Phosphatidylinositol":0.0072,"Phosphatidylethanolamine":0.0078}],"vo2_max":17.9982}
