{"personal_data":[{"age":39,"gender":"M","name":"Trena Sauer"}],"fitness_data":[{"Backwards Sled, 2 min":5,"Posture exercises":2,"Tricep extensions":3,"Face pulls":4,"Butterfly":5,"Band pull apart (back muscles)":2,"Back extensions (on a hyperextension)":3,"Obliques (each side, on a hyperextension)":2,"StretchesKneeling shin_Kneeling shin_":3,"StretchesHip flexor_Hip flexor_":2,"StretchesCouch_Couch_":2,"Leg raises (for abdomen)":0,"Seated calf raises":1,"Poliquin step ups":4,"Slant board squats":6,"ATG Split squats":3,"Nordics":5,"Reverse Nordics":1,"Tibialis raises,":2,"IsoTib ankle rotations":3,"Pull ups":1,"Chin ups":3,"10 min HIIT":4}],"supplement_vars":[{"N-Acetyl-L-Cysteine (NAC)":0.0106,"N-Acetyl-L-Cysteine (NAC) 2":0.0064,"Nicotinamide Riboside Chloride (NR)":0.0028,"Zeaxanthin":0.0133,"Phosphorus":0.004,"Astaxanthin (Natural)":0.0089,"Boron Glycinate":0.026,"CaAKG":0.0027,"Ashwagandha KSM66":0.0062,"Calcium L-5- Methyltetrahydrofolate (L-5-MTHF-Ca)":0.041,"Cocoa Powder (Non-Alkalised) 8+% Flavanols":0.0208,"Red Yeast Rice (2% Monacolin K)":0.024,"Creatine Monohydrate":0.0509,"Ginger":0.0309,"Glucosamine Sulfate KCI":0.0721,"Grape Seed Extract 90% polyphenols":0.009,"Broccoli Extract (glucoraphanin 10%)":0.0268,"Glycine":0.0163,"Theanine":0.0301,"Lactobacillus Acidophilus":0.0131,"Lithium orotate":0.0063,"Pomegranate Juice Extract (50% Polyphenols)":0.0424,"Potassium Iodate":0.0275,"Rhodiola 3% Rosavins / Salidroside 1%":0.0063,"Selenium":0.0377,"Glutathione reduced":0.0482,"Lutein":0.0126,"Luteolin":0.0074,"Cinnamon powder (ceylon) organic":0.0179,"Sodium Hyaluronate":0.0018,"Spermidine":0.0023,"Vitamin B1 (Thiamine HCl)":0.0139,"Vitamin B12 (Methylcobalamin)":0.0055,"Vitamin B2 (Riboflavin-5-Phosphate)":0.0492,"Vitamin B3 (Niacinamide)":0.059,"Vitamin B5 (Calcium-D-Pantothenate)":0.0154,"Vitamin B6 (Pyridoxal-5- Phosphate)":0.0177,"Vitamin B7 (D-Biotin)":0.0318,"Vitamin C (Ascorbic Acid)":0.0034,"Vitamin D Veg D3":0.0246,"Vitamin E (d-alpha tocopherol)":0.0119,"Vitamin K1":0.0517,"Vitamin K2 MK-7 MCT Oil":0.0236,"Vitamin K2 MK-4 MCT Oil":0.0181,"Sunflower lecithin non-GMO":0.0418,"Phosphatidylcholine":0.0313,"Choline":0.0111,"Lycopene":0.0481,"Lysine":0.0078,"Taurine":0.0345,"Glucoraphanin":0.0015,"Ubiquinol":0.012,"Zinc Citrate":0.0286,"Fiber":0.0037,"Blueberries":0.0336,"Macadamia nuts":0.0736,"Walnuts":0.0119,"Omega 3":0.0227,"Omega 6":0.0552,"Calcium":0.0341,"EVOO polyphenols":0.0065,"Oleic acid":0.0003,"Protein (plant)":0.0022,"Copper":0.0211,"Caffeine":0.0376,"Magnesium Citrate":0.0023,"Manganese Citrate":0.0628,"Curcuminoids":0.0483,"Fisetin (smoketree extract)":0.0134,"Garlic extract 12:1 odorless":0.0438,"Genistein (Japonica extract)":0.0176,"Milled Golden Flaxseed":0.0047,"SDG lignan":0.0165,"Phosphatidylinositol":0.0242,"Phosphatidylethanolamine":0.0482}],"vo2_max":33.892}
