{"personal_data":[{"age":56,"gender":"F","name":"Chaney Lowe"}],"fitness_data":[{"Backwards Sled, 2 min":4,"Posture exercises":4,"Tricep extensions":3,"Face pulls":3,"Butterfly":2,"Band pull apart (back muscles)":1,"Back extensions (on a hyperextension)":3,"Obliques (each side, on a hyperextension)":1,"StretchesKneeling shin_Kneeling shin_":0,"StretchesHip flexor_Hip flexor_":2,"StretchesCouch_Couch_":0,"Leg raises (for abdomen)":3,"Seated calf raises":2,"Poliquin step ups":3,"Slant board squats":4,"ATG Split squats":3,"Nordics":2,"Reverse Nordics":3,"Tibialis raises,":4,"IsoTib ankle rotations":2,"Pull ups":3,"Chin ups":2,"10 min HIIT":3}],"supplement_vars":[{"N-Acetyl-L-Cysteine (NAC)":0.0125,"N-Acetyl-L-Cysteine (NAC) 2":0.0151,"Nicotinamide Riboside Chloride (NR)":0.0138,"Zeaxanthin":0.0042,"Phosphorus":0.0324,"Astaxanthin (Natural)":0.0095,"Boron Glycinate":0.0016,"CaAKG":0.0048,"Ashwagandha KSM66":0.0063,"Calcium L-5- Methyltetrahydrofolate (L-5-MTHF-Ca)":0.0523,"Cocoa Powder (Non-Alkalised) 8+% Flavanols":0.0189,"Red Yeast Rice (2% Monacolin K)":0.0337,"Creatine Monohydrate":0.0364,"Ginger":0.0274,"Glucosamine Sulfate KCI":0.0518,"Grape Seed Extract 90% polyphenols":0.0131,"Broccoli Extract (glucoraphanin 10%)":0.0029,"Glycine":0.0324,"Theanine":0.0004,"Lactobacillus Acidophilus":0.036,"Lithium orotate":0.0046,"Pomegranate Juice Extract (50% Polyphenols)":0.0236,"Potassium Iodate":0.019,"Rhodiola 3% Rosavins / Salidroside 1%":0.0451,"Selenium":0.0278,"Glutathione reduced":0.0288,"Lutein":0.0166,"Luteolin":0.0063,"Cinnamon powder (ceylon) organic":0.0211,"Sodium Hyaluronate":0.0024,"Spermidine":0.0111,"Vitamin B1 (Thiamine HCl)":0.017,"Vitamin B12 (Methylcobalamin)":0.0398,"Vitamin B2 (Riboflavin-5-Phosphate)":0.0401,"Vitamin B3 (Niacinamide)":0.0397,"Vitamin B5 (Calcium-D-Pantothenate)":0.0048,"Vitamin B6 (Pyridoxal-5- Phosphate)":0.001,"Vitamin B7 (D-Biotin)":0.0135,"Vitamin C (Ascorbic Acid)":0.0123,"Vitamin D Veg D3":0.0446,"Vitamin E (d-alpha tocopherol)":0.0177,"Vitamin K1":0.0502,"Vitamin K2 MK-7 MCT Oil":0.0335,"Vitamin K2 MK-4 MCT Oil":0.0287,"Sunflower lecithin non-GMO":0.0413,"Phosphatidylcholine":0.0041,"Choline":0.0081,"Lycopene":0.0589,"Lysine":0.0001,"Taurine":0.0093,"Glucoraphanin":0.0028,"Ubiquinol":0.0013,"Zinc Citrate":0.0317,"Fiber":0.0031,"Blueberries":0.0668,"Macadamia nuts":0.0143,"Walnuts":0.0048,"Omega 3":0.0008,"Omega 6":0.025,"Calcium":0.0101,"EVOO polyphenols":0.0037,"Oleic acid":0.0003,"Protein (plant)":0.0007,"Copper":0.0069,"Caffeine":0.0296,"Magnesium Citrate":0.0068,"Manganese Citrate":0.0147,"Curcuminoids":0.042,"Fisetin (smoketree extract)":0.0259,"Garlic extract 12:1 odorless":0.0338,"Genistein (Japonica extract)":0.0081,"Milled Golden Flaxseed":0.009,"SDG lignan":0.0319,"Phosphatidylinositol":0.0012,"Phosphatidylethanolamine":0.0224}],"vo2_max":26.8207}
