{"personal_data":[{"age":68,"gender":"F","name":"Dr. Von Hirthe V"}],"fitness_data":[{"Backwards Sled, 2 min":2,"Posture exercises":1,"Tricep extensions":1,"Face pulls":4,"Butterfly":1,"Band pull apart (back muscles)":3,"Back extensions (on a hyperextension)":2,"Obliques (each side, on a hyperextension)":2,"StretchesKneeling shin_Kneeling shin_":2,"StretchesHip flexor_Hip flexor_":5,"StretchesCouch_Couch_":2,"Leg raises (for abdomen)":1,"Seated calf raises":3,"Poliquin step ups":1,"Slant board squats":3,"ATG Split squats":3,"Nordics":2,"Reverse Nordics":3,"Tibialis raises,":2,"IsoTib ankle rotations":3,"Pull ups":0,"Chin ups":4,"10 min HIIT":3}],"supplement_vars":[{"N-Acetyl-L-Cysteine (NAC)":0.0011,"N-Acetyl-L-Cysteine (NAC) 2":0.0181,"Nicotinamide Riboside Chloride (NR)":0.0028,"Zeaxanthin":0.0017,"Phosphorus":0.0052,"Astaxanthin (Natural)":0.0043,"Boron Glycinate":0.0404,"CaAKG":0.0115,"Ashwagandha KSM66":0.0018,"Calcium L-5- Methyltetrahydrofolate (L-5-MTHF-Ca)":0.0567,"Cocoa Powder (Non-Alkalised) 8+% Flavanols":0.0152,"Red Yeast Rice (2% Monacolin K)":0.0271,"Creatine Monohydrate":0.0538,"Ginger":0.0857,"Glucosamine Sulfate KCI":0.0337,"Grape Seed Extract 90% polyphenols":0.0048,"Broccoli Extract (glucoraphanin 10%)":0.023,"Glycine":0.0327,"Theanine":0.0266,"Lactobacillus Acidophilus":0.0045,"Lithium orotate":0.0061,"Pomegranate Juice Extract (50% Polyphenols)":0.022,"Potassium Iodate":0.0416,"Rhodiola 3% Rosavins / Salidroside 1%":0.0167,"Selenium":0.032,"Glutathione reduced":0.0075,"Lutein":0.0223,"Luteolin":0.0052,"Cinnamon powder (ceylon) organic":0.0257,"Sodium Hyaluronate":0.0034,"Spermidine":0.0883,"Vitamin B1 (Thiamine HCl)":0.0021,"Vitamin B12 (Methylcobalamin)":0.0132,"Vitamin B2 (Riboflavin-5-Phosphate)":0.0531,"Vitamin B3 (Niacinamide)":0.0255,"Vitamin B5 (Calcium-D-Pantothenate)":0.01,"Vitamin B6 (Pyridoxal-5- Phosphate)":0.0115,"Vitamin B7 (D-Biotin)":0.0174,"Vitamin C (Ascorbic Acid)":0.0112,"Vitamin D Veg D3":0.0244,"Vitamin E (d-alpha tocopherol)":0.0107,"Vitamin K1":0.0524,"Vitamin K2 MK-7 MCT Oil":0.0356,"Vitamin K2 MK-4 MCT Oil":0.0023,"Sunflower lecithin non-GMO":0.0203,"Phosphatidylcholine":0.0247,"Choline":0.0087,"Lycopene":0.0477,"Lysine":0.0036,"Taurine":0.0188,"Glucoraphanin":0.0021,"Ubiquinol":0.0031,"Zinc Citrate":0.0265,"Fiber":0.004,"Blueberries":0.0072,"Macadamia nuts":0.0383,"Walnuts":0.0258,"Omega 3":0.0439,"Omega 6":0.0571,"Calcium":0.0464,"EVOO polyphenols":0.0063,"Oleic acid":0.0136,"Protein (plant)":0.0031,"Copper":0.0191,"Caffeine":0.0092,"Magnesium Citrate":0.0605,"Manganese Citrate":0.0181,"Curcuminoids":0.0042,"Fisetin (smoketree extract)":0.0107,"Garlic extract 12:1 odorless":0.0171,"Genistein (Japonica extract)":0.0157,"Milled Golden Flaxseed":0.0221,"SDG lignan":0.0578,"Phosphatidylinositol":0.0167,"Phosphatidylethanolamine":0.02}],"vo2_max":20.5795}
