{"personal_data":[{"age":74,"gender":"M","name":"Mr. Aryan Kunze"}],"fitness_data":[{"Backwards Sled, 2 min":1,"Posture exercises":2,"Tricep extensions":1,"Face pulls":1,"Butterfly":6,"Band pull apart (back muscles)":5,"Back extensions (on a hyperextension)":3,"Obliques (each side, on a hyperextension)":4,"StretchesKneeling shin_Kneeling shin_":3,"StretchesHip flexor_Hip flexor_":4,"StretchesCouch_Couch_":2,"Leg raises (for abdomen)":1,"Seated calf raises":1,"Poliquin step ups":4,"Slant board squats":4,"ATG Split squats":5,"Nordics":5,"Reverse Nordics":3,"Tibialis raises,":0,"IsoTib ankle rotations":4,"Pull ups":1,"Chin ups":1,"10 min HIIT":4}],"supplement_vars":[{"N-Acetyl-L-Cysteine (NAC)":0.019,"N-Acetyl-L-Cysteine (NAC) 2":0.0064,"Nicotinamide Riboside Chloride (NR)":0.0146,"Zeaxanthin":0.006,"Phosphorus":0.0099,"Astaxanthin (Natural)":0.0007,"Boron Glycinate":0.0168,"CaAKG":0.0092,"Ashwagandha KSM66":0.005,"Calcium L-5- Methyltetrahydrofolate (L-5-MTHF-Ca)":0.0079,"Cocoa Powder (Non-Alkalised) 8+% Flavanols":0.01,"Red Yeast Rice (2% Monacolin K)":0.0017,"Creatine Monohydrate":0.0538,"Ginger":0.058,"Glucosamine Sulfate KCI":0.0363,"Grape Seed Extract 90% polyphenols":0.0072,"Broccoli Extract (glucoraphanin 10%)":0.0324,"Glycine":0.0005,"Theanine":0.0058,"Lactobacillus Acidophilus":0.0468,"Lithium orotate":0,"Pomegranate Juice Extract (50% Polyphenols)":0.0587,"Potassium Iodate":0.0336,"Rhodiola 3% Rosavins / Salidroside 1%":0.0318,"Selenium":0.0216,"Glutathione reduced":0.0145,"Lutein":0.0221,"Luteolin":0.0031,"Cinnamon powder (ceylon) organic":0.0136,"Sodium Hyaluronate":0.002,"Spermidine":0.0813,"Vitamin B1 (Thiamine HCl)":0.0094,"Vitamin B12 (Methylcobalamin)":0.0822,"Vitamin B2 (Riboflavin-5-Phosphate)":0.0477,"Vitamin B3 (Niacinamide)":0.0518,"Vitamin B5 (Calcium-D-Pantothenate)":0.0052,"Vitamin B6 (Pyridoxal-5- Phosphate)":0.0393,"Vitamin B7 (D-Biotin)":0.0133,"Vitamin C (Ascorbic Acid)":0,"Vitamin D Veg D3":0.0069,"Vitamin E (d-alpha tocopherol)":0.0053,"Vitamin K1":0.0069,"Vitamin K2 MK-7 MCT Oil":0.016,"Vitamin K2 MK-4 MCT Oil":0.0257,"Sunflower lecithin non-GMO":0,"Phosphatidylcholine":0.0307,"Choline":0.0184,"Lycopene":0.0666,"Lysine":0.0002,"Taurine":0.0158,"Glucoraphanin":0.0034,"Ubiquinol":0.0038,"Zinc Citrate":0.0194,"Fiber":0.0002,"Blueberries":0.0795,"Macadamia nuts":0.0851,"Walnuts":0.0394,"Omega 3":0.0064,"Omega 6":0.0124,"Calcium":0.0298,"EVOO polyphenols":0.0011,"Oleic acid":0.0008,"Protein (plant)":0.001,"Copper":0.011,"Caffeine":0.0362,"Magnesium Citrate":0.0283,"Manganese Citrate":0.0065,"Curcuminoids":0.0463,"Fisetin (smoketree extract)":0.0079,"Garlic extract 12:1 odorless":0.043,"Genistein (Japonica extract)":0.0018,"Milled Golden Flaxseed":0.0165,"SDG lignan":0.0582,"Phosphatidylinositol":0.0194,"Phosphatidylethanolamine":0.0453}],"vo2_max":19.8518}
