{"personal_data":[{"age":59,"gender":"M","name":"Early Hirthe"}],"fitness_data":[{"Backwards Sled, 2 min":4,"Posture exercises":2,"Tricep extensions":0,"Face pulls":2,"Butterfly":2,"Band pull apart (back muscles)":0,"Back extensions (on a hyperextension)":2,"Obliques (each side, on a hyperextension)":3,"StretchesKneeling shin_Kneeling shin_":2,"StretchesHip flexor_Hip flexor_":5,"StretchesCouch_Couch_":2,"Leg raises (for abdomen)":5,"Seated calf raises":0,"Poliquin step ups":1,"Slant board squats":6,"ATG Split squats":2,"Nordics":0,"Reverse Nordics":0,"Tibialis raises,":4,"IsoTib ankle rotations":4,"Pull ups":3,"Chin ups":3,"10 min HIIT":3}],"supplement_vars":[{"N-Acetyl-L-Cysteine (NAC)":0.0146,"N-Acetyl-L-Cysteine (NAC) 2":0.0173,"Nicotinamide Riboside Chloride (NR)":0.0099,"Zeaxanthin":0.0107,"Phosphorus":0.0116,"Astaxanthin (Natural)":0.0044,"Boron Glycinate":0.0264,"CaAKG":0.0098,"Ashwagandha KSM66":0.0056,"Calcium L-5- Methyltetrahydrofolate (L-5-MTHF-Ca)":0.0466,"Cocoa Powder (Non-Alkalised) 8+% Flavanols":0.0107,"Red Yeast Rice (2% Monacolin K)":0.0131,"Creatine Monohydrate":0.0406,"Ginger":0.0096,"Glucosamine Sulfate KCI":0.0338,"Grape Seed Extract 90% polyphenols":0.0015,"Broccoli Extract (glucoraphanin 10%)":0.0061,"Glycine":0.0238,"Theanine":0.0484,"Lactobacillus Acidophilus":0.0507,"Lithium orotate":0.0089,"Pomegranate Juice Extract (50% Polyphenols)":0.0157,"Potassium Iodate":0.023,"Rhodiola 3% Rosavins / Salidroside 1%":0.0272,"Selenium":0.0312,"Glutathione reduced":0.0483,"Lutein":0.0171,"Luteolin":0.003,"Cinnamon powder (ceylon) organic":0.0013,"Sodium Hyaluronate":0.0035,"Spermidine":0.0676,"Vitamin B1 (Thiamine HCl)":0.0093,"Vitamin B12 (Methylcobalamin)":0.0734,"Vitamin B2 (Riboflavin-5-Phosphate)":0.0253,"Vitamin B3 (Niacinamide)":0.0132,"Vitamin B5 (Calcium-D-Pantothenate)":0.0096,"Vitamin B6 (Pyridoxal-5- Phosphate)":0.0174,"Vitamin B7 (D-Biotin)":0.0229,"Vitamin C (Ascorbic Acid)":0.0097,"Vitamin D Veg D3":0.0321,"Vitamin E (d-alpha tocopherol)":0.0257,"Vitamin K1":0.0398,"Vitamin K2 MK-7 MCT Oil":0.0013,"Vitamin K2 MK-4 MCT Oil":0.019,"Sunflower lecithin non-GMO":0.006,"Phosphatidylcholine":0.0293,"Choline":0.023,"Lycopene":0.0082,"Lysine":0.0072,"Taurine":0.0085,"Glucoraphanin":0.0277,"Ubiquinol":0.001,"Zinc Citrate":0.0274,"Fiber":0.0025,"Blueberries":0.0194,"Macadamia nuts":0.0869,"Walnuts":0.0172,"Omega 3":0.0198,"Omega 6":0.0578,"Calcium":0.0169,"EVOO polyphenols":0.0023,"Oleic acid":0.0078,"Protein (plant)":0.0012,"Copper":0.0054,"Caffeine":0.0479,"Magnesium Citrate":0.0035,"Manganese Citrate":0.0997,"Curcuminoids":0.0254,"Fisetin (smoketree extract)":0.0028,"Garlic extract 12:1 odorless":0.0288,"Genistein (Japonica extract)":0.0061,"Milled Golden Flaxseed":0.0304,"SDG lignan":0.0009,"Phosphatidylinositol":0.0017,"Phosphatidylethanolamine":0.0186}],"vo2_max":27.3964}
