{"personal_data":[{"age":54,"gender":"F","name":"Kamari Kuphal"}],"fitness_data":[{"Backwards Sled, 2 min":0,"Posture exercises":3,"Tricep extensions":4,"Face pulls":5,"Butterfly":1,"Band pull apart (back muscles)":3,"Back extensions (on a hyperextension)":3,"Obliques (each side, on a hyperextension)":1,"StretchesKneeling shin_Kneeling shin_":5,"StretchesHip flexor_Hip flexor_":3,"StretchesCouch_Couch_":0,"Leg raises (for abdomen)":4,"Seated calf raises":0,"Poliquin step ups":4,"Slant board squats":2,"ATG Split squats":3,"Nordics":4,"Reverse Nordics":2,"Tibialis raises,":2,"IsoTib ankle rotations":2,"Pull ups":3,"Chin ups":2,"10 min HIIT":3}],"supplement_vars":[{"N-Acetyl-L-Cysteine (NAC)":0.0118,"N-Acetyl-L-Cysteine (NAC) 2":0.0184,"Nicotinamide Riboside Chloride (NR)":0.004,"Zeaxanthin":0.0028,"Phosphorus":0.032,"Astaxanthin (Natural)":0.0028,"Boron Glycinate":0.0275,"CaAKG":0.0031,"Ashwagandha KSM66":0.0053,"Calcium L-5- Methyltetrahydrofolate (L-5-MTHF-Ca)":0.0163,"Cocoa Powder (Non-Alkalised) 8+% Flavanols":0.0021,"Red Yeast Rice (2% Monacolin K)":0.0099,"Creatine Monohydrate":0.0249,"Ginger":0.0854,"Glucosamine Sulfate KCI":0.001,"Grape Seed Extract 90% polyphenols":0.0001,"Broccoli Extract (glucoraphanin 10%)":0.0211,"Glycine":0.0142,"Theanine":0.0204,"Lactobacillus Acidophilus":0.0047,"Lithium orotate":0.0054,"Pomegranate Juice Extract (50% Polyphenols)":0.0045,"Potassium Iodate":0.0137,"Rhodiola 3% Rosavins / Salidroside 1%":0.0519,"Selenium":0.0023,"Glutathione reduced":0.0203,"Lutein":0.008,"Luteolin":0.0027,"Cinnamon powder (ceylon) organic":0.0009,"Sodium Hyaluronate":0.0058,"Spermidine":0.0425,"Vitamin B1 (Thiamine HCl)":0.0034,"Vitamin B12 (Methylcobalamin)":0.0211,"Vitamin B2 (Riboflavin-5-Phosphate)":0.0206,"Vitamin B3 (Niacinamide)":0.0675,"Vitamin B5 (Calcium-D-Pantothenate)":0.0141,"Vitamin B6 (Pyridoxal-5- Phosphate)":0.0431,"Vitamin B7 (D-Biotin)":0.0232,"Vitamin C (Ascorbic Acid)":0.0061,"Vitamin D Veg D3":0.0186,"Vitamin E (d-alpha tocopherol)":0.0143,"Vitamin K1":0.007,"Vitamin K2 MK-7 MCT Oil":0.0155,"Vitamin K2 MK-4 MCT Oil":0.0005,"Sunflower lecithin non-GMO":0.0029,"Phosphatidylcholine":0.0112,"Choline":0.0368,"Lycopene":0.0392,"Lysine":0.0118,"Taurine":0.0393,"Glucoraphanin":0.0105,"Ubiquinol":0.0029,"Zinc Citrate":0.0166,"Fiber":0.0056,"Blueberries":0.0749,"Macadamia nuts":0.0511,"Walnuts":0.0413,"Omega 3":0.0444,"Omega 6":0.0433,"Calcium":0.0156,"EVOO polyphenols":0.0047,"Oleic acid":0.0303,"Protein (plant)":0.0012,"Copper":0.0056,"Caffeine":0.0242,"Magnesium Citrate":0.0382,"Manganese Citrate":0.0769,"Curcuminoids":0.0078,"Fisetin (smoketree extract)":0.0283,"Garlic extract 12:1 odorless":0.0167,"Genistein (Japonica extract)":0.02,"Milled Golden Flaxseed":0.0136,"SDG lignan":0.0244,"Phosphatidylinositol":0.0186,"Phosphatidylethanolamine":0.0357}],"vo2_max":25.1618}
