{"personal_data":[{"age":30,"gender":"M","name":"Dr. Demetria Waelchi DDS"}],"fitness_data":[{"Backwards Sled, 2 min":4,"Posture exercises":0,"Tricep extensions":0,"Face pulls":4,"Butterfly":0,"Band pull apart (back muscles)":3,"Back extensions (on a hyperextension)":3,"Obliques (each side, on a hyperextension)":2,"StretchesKneeling shin_Kneeling shin_":2,"StretchesHip flexor_Hip flexor_":3,"StretchesCouch_Couch_":2,"Leg raises (for abdomen)":0,"Seated calf raises":1,"Poliquin step ups":4,"Slant board squats":4,"ATG Split squats":4,"Nordics":6,"Reverse Nordics":3,"Tibialis raises,":4,"IsoTib ankle rotations":2,"Pull ups":2,"Chin ups":1,"10 min HIIT":2}],"supplement_vars":[{"N-Acetyl-L-Cysteine (NAC)":0.0037,"N-Acetyl-L-Cysteine (NAC) 2":0.0182,"Nicotinamide Riboside Chloride (NR)":0.0174,"Zeaxanthin":0.0059,"Phosphorus":0.0174,"Astaxanthin (Natural)":0.0126,"Boron Glycinate":0.0005,"CaAKG":0.0061,"Ashwagandha KSM66":0.0015,"Calcium L-5- Methyltetrahydrofolate (L-5-MTHF-Ca)":0.0267,"Cocoa Powder (Non-Alkalised) 8+% Flavanols":0.0032,"Red Yeast Rice (2% Monacolin K)":0.008,"Creatine Monohydrate":0.0304,"Ginger":0.0225,"Glucosamine Sulfate KCI":0.0329,"Grape Seed Extract 90% polyphenols":0.0061,"Broccoli Extract (glucoraphanin 10%)":0.0036,"Glycine":0.0258,"Theanine":0.0395,"Lactobacillus Acidophilus":0.0621,"Lithium orotate":0.01,"Pomegranate Juice Extract (50% Polyphenols)":0.0356,"Potassium Iodate":0.0343,"Rhodiola 3% Rosavins / Salidroside 1%":0.0583,"Selenium":0.0306,"Glutathione reduced":0.0326,"Lutein":0.012,"Luteolin":0.0044,"Cinnamon powder (ceylon) organic":0.01,"Sodium Hyaluronate":0.009,"Spermidine":0.0232,"Vitamin B1 (Thiamine HCl)":0.0145,"Vitamin B12 (Methylcobalamin)":0.0091,"Vitamin B2 (Riboflavin-5-Phosphate)":0.0573,"Vitamin B3 (Niacinamide)":0.0487,"Vitamin B5 (Calcium-D-Pantothenate)":0.0129,"Vitamin B6 (Pyridoxal-5- Phosphate)":0.0472,"Vitamin B7 (D-Biotin)":0.0107,"Vitamin C (Ascorbic Acid)":0.0004,"Vitamin D Veg D3":0.006,"Vitamin E (d-alpha tocopherol)":0.0359,"Vitamin K1":0.0309,"Vitamin K2 MK-7 MCT Oil":0.0227,"Vitamin K2 MK-4 MCT Oil":0.0307,"Sunflower lecithin non-GMO":0.0183,"Phosphatidylcholine":0.0094,"Choline":0.0507,"Lycopene":0.027,"Lysine":0.0041,"Taurine":0.0424,"Glucoraphanin":0.0009,"Ubiquinol":0.0043,"Zinc Citrate":0.0111,"Fiber":0.0053,"Blueberries":0.0726,"Macadamia nuts":0.0421,"Walnuts":0.053,"Omega 3":0.0393,"Omega 6":0.0662,"Calcium":0.0565,"EVOO polyphenols":0.0022,"Oleic acid":0.0146,"Protein (plant)":0.0035,"Copper":0.0137,"Caffeine":0.0455,"Magnesium Citrate":0.0132,"Manganese Citrate":0.0876,"Curcuminoids":0.022,"Fisetin (smoketree extract)":0.0033,"Garlic extract 12:1 odorless":0.0091,"Genistein (Japonica extract)":0.011,"Milled Golden Flaxseed":0.007,"SDG lignan":0.0212,"Phosphatidylinositol":0.0161,"Phosphatidylethanolamine":0.0028}],"vo2_max":31.6119}
