{"personal_data":[{"age":45,"gender":"F"}],"fitness_data":[{"Backwards Sled, 2 min":4,"Posture exercises":5,"Tricep extensions":1,"Face pulls":1,"Butterfly":0,"Band pull apart (back muscles)":5,"Back extensions (on a hyperextension)":2,"Obliques (each side, on a hyperextension)":3,"StretchesKneeling shin_Kneeling shin_":2,"StretchesHip flexor_Hip flexor_":6,"StretchesCouch_Couch_":3,"Leg raises (for abdomen)":4,"Seated calf raises":2,"Poliquin step ups":0,"Slant board squats":7,"ATG Split squats":4,"Nordics":6,"Reverse Nordics":3,"Tibialis raises,":2,"IsoTib ankle rotations":4,"Pull ups":0,"Chin ups":0,"10 min HIIT":3}],"supplement_vars":[{"N-Acetyl-L-Cysteine (NAC)":0.0071,"N-Acetyl-L-Cysteine (NAC) 2":0.0118,"Nicotinamide Riboside Chloride (NR)":0.0134,"Zeaxanthin":0.0052,"Phosphorus":0.028,"Astaxanthin (Natural)":0.0029,"Boron Glycinate":0.012,"CaAKG":0.0128,"Ashwagandha KSM66":0.002,"Calcium L-5- Methyltetrahydrofolate (L-5-MTHF-Ca)":0.0404,"Cocoa Powder (Non-Alkalised) 8+% Flavanols":0.0172,"Red Yeast Rice (2% Monacolin K)":0.0232,"Creatine Monohydrate":0.0498,"Ginger":0.0817,"Glucosamine Sulfate KCI":0.0284,"Grape Seed Extract 90% polyphenols":0.0116,"Broccoli Extract (glucoraphanin 10%)":0.003,"Glycine":0.0024,"Theanine":0.0187,"Lactobacillus Acidophilus":0.0155,"Lithium orotate":0.0004,"Pomegranate Juice Extract (50% Polyphenols)":0.0632,"Potassium Iodate":0.0423,"Rhodiola 3% Rosavins / Salidroside 1%":0.0021,"Selenium":0.0049,"Glutathione reduced":0.0277,"Lutein":0.0035,"Luteolin":0.0088,"Cinnamon powder (ceylon) organic":0.0147,"Sodium Hyaluronate":0.0023,"Spermidine":0.0437,"Vitamin B1 (Thiamine HCl)":0.002,"Vitamin B12 (Methylcobalamin)":0.0205,"Vitamin B2 (Riboflavin-5-Phosphate)":0.0679,"Vitamin B3 (Niacinamide)":0.0003,"Vitamin B5 (Calcium-D-Pantothenate)":0.0018,"Vitamin B6 (Pyridoxal-5- Phosphate)":0.0027,"Vitamin B7 (D-Biotin)":0.0017,"Vitamin C (Ascorbic Acid)":0.0129,"Vitamin D Veg D3":0.0305,"Vitamin E (d-alpha tocopherol)":0.0373,"Vitamin K1":0.0338,"Vitamin K2 MK-7 MCT Oil":0.0296,"Vitamin K2 MK-4 MCT Oil":0.0324,"Sunflower lecithin non-GMO":0.0113,"Phosphatidylcholine":0.0203,"Choline":0.0583,"Lycopene":0.0008,"Lysine":0.007,"Taurine":0.0345,"Glucoraphanin":0.0285,"Ubiquinol":0.0028,"Zinc Citrate":0.0218,"Fiber":0.0013,"Blueberries":0.0148,"Macadamia nuts":0.0516,"Walnuts":0.0331,"Omega 3":0.0459,"Omega 6":0.028,"Calcium":0.053,"EVOO polyphenols":0.0045,"Oleic acid":0.029,"Protein (plant)":0.002,"Copper":0.0082,"Caffeine":0.0351,"Magnesium Citrate":0.0394,"Manganese Citrate":0.0634,"Curcuminoids":0.0297,"Fisetin (smoketree extract)":0.0151,"Garlic extract 12:1 odorless":0.031,"Genistein (Japonica extract)":0.0147,"Milled Golden Flaxseed":0.002,"SDG lignan":0.0574,"Phosphatidylinositol":0.0132,"Phosphatidylethanolamine":0.0279}],"vo2_max":31.3421}
