{"personal_data":[{"age":42,"gender":"M"}],"fitness_data":[{"Backwards Sled, 2 min":3,"Posture exercises":3,"Tricep extensions":3,"Face pulls":4,"Butterfly":2,"Band pull apart (back muscles)":3,"Back extensions (on a hyperextension)":1,"Obliques (each side, on a hyperextension)":2,"StretchesKneeling shin_Kneeling shin_":5,"StretchesHip flexor_Hip flexor_":5,"StretchesCouch_Couch_":1,"Leg raises (for abdomen)":3,"Seated calf raises":0,"Poliquin step ups":3,"Slant board squats":3,"ATG Split squats":4,"Nordics":3,"Reverse Nordics":2,"Tibialis raises,":3,"IsoTib ankle rotations":4,"Pull ups":1,"Chin ups":3,"10 min HIIT":0}],"supplement_vars":[{"N-Acetyl-L-Cysteine (NAC)":0.0162,"N-Acetyl-L-Cysteine (NAC) 2":0.0048,"Nicotinamide Riboside Chloride (NR)":0.0127,"Zeaxanthin":0.0137,"Phosphorus":0.0091,"Astaxanthin (Natural)":0.0054,"Boron Glycinate":0.0169,"CaAKG":0.0092,"Ashwagandha KSM66":0.0084,"Calcium L-5- Methyltetrahydrofolate (L-5-MTHF-Ca)":0.067,"Cocoa Powder (Non-Alkalised) 8+% Flavanols":0.0028,"Red Yeast Rice (2% Monacolin K)":0.029,"Creatine Monohydrate":0.0539,"Ginger":0.0458,"Glucosamine Sulfate KCI":0.0737,"Grape Seed Extract 90% polyphenols":0.0025,"Broccoli Extract (glucoraphanin 10%)":0.0325,"Glycine":0.0005,"Theanine":0.0589,"Lactobacillus Acidophilus":0.0583,"Lithium orotate":0.0092,"Pomegranate Juice Extract (50% Polyphenols)":0.0409,"Potassium Iodate":0.0277,"Rhodiola 3% Rosavins / Salidroside 1%":0.0122,"Selenium":0.0029,"Glutathione reduced":0.0492,"Lutein":0.0137,"Luteolin":0.0063,"Cinnamon powder (ceylon) organic":0.0175,"Sodium Hyaluronate":0.0016,"Spermidine":0.0689,"Vitamin B1 (Thiamine HCl)":0.0133,"Vitamin B12 (Methylcobalamin)":0.0312,"Vitamin B2 (Riboflavin-5-Phosphate)":0.0078,"Vitamin B3 (Niacinamide)":0.0271,"Vitamin B5 (Calcium-D-Pantothenate)":0.0154,"Vitamin B6 (Pyridoxal-5- Phosphate)":0.0184,"Vitamin B7 (D-Biotin)":0.0175,"Vitamin C (Ascorbic Acid)":0.0054,"Vitamin D Veg D3":0.0391,"Vitamin E (d-alpha tocopherol)":0.0258,"Vitamin K1":0.0302,"Vitamin K2 MK-7 MCT Oil":0.0176,"Vitamin K2 MK-4 MCT Oil":0.0095,"Sunflower lecithin non-GMO":0.0053,"Phosphatidylcholine":0.0305,"Choline":0.0097,"Lycopene":0.0243,"Lysine":0.011,"Taurine":0.003,"Glucoraphanin":0.0174,"Ubiquinol":0.0085,"Zinc Citrate":0.0274,"Fiber":0.0022,"Blueberries":0.0701,"Macadamia nuts":0.0062,"Walnuts":0.0694,"Omega 3":0.0028,"Omega 6":0.0648,"Calcium":0.0581,"EVOO polyphenols":0.0014,"Oleic acid":0.0313,"Protein (plant)":0.0022,"Copper":0.0164,"Caffeine":0.0326,"Magnesium Citrate":0.0043,"Manganese Citrate":0.0826,"Curcuminoids":0.0374,"Fisetin (smoketree extract)":0.0081,"Garlic extract 12:1 odorless":0.0388,"Genistein (Japonica extract)":0.0026,"Milled Golden Flaxseed":0.0293,"SDG lignan":0.0504,"Phosphatidylinositol":0.0054,"Phosphatidylethanolamine":0.0372}],"vo2_max":30.2476}
