{"personal_data":[{"age":76,"gender":"F"}],"fitness_data":[{"Backwards Sled, 2 min":2,"Posture exercises":3,"Tricep extensions":1,"Face pulls":5,"Butterfly":6,"Band pull apart (back muscles)":1,"Back extensions (on a hyperextension)":2,"Obliques (each side, on a hyperextension)":3,"StretchesKneeling shin_Kneeling shin_":0,"StretchesHip flexor_Hip flexor_":1,"StretchesCouch_Couch_":2,"Leg raises (for abdomen)":4,"Seated calf raises":3,"Poliquin step ups":3,"Slant board squats":3,"ATG Split squats":1,"Nordics":1,"Reverse Nordics":2,"Tibialis raises,":3,"IsoTib ankle rotations":3,"Pull ups":0,"Chin ups":1,"10 min HIIT":2}],"supplement_vars":[{"N-Acetyl-L-Cysteine (NAC)":0.0034,"N-Acetyl-L-Cysteine (NAC) 2":0.0166,"Nicotinamide Riboside Chloride (NR)":0.0189,"Zeaxanthin":0.0028,"Phosphorus":0.024,"Astaxanthin (Natural)":0.0162,"Boron Glycinate":0.0054,"CaAKG":0.012,"Ashwagandha KSM66":0.007,"Calcium L-5- Methyltetrahydrofolate (L-5-MTHF-Ca)":0.0373,"Cocoa Powder (Non-Alkalised) 8+% Flavanols":0.0043,"Red Yeast Rice (2% Monacolin K)":0.0209,"Creatine Monohydrate":0.0061,"Ginger":0.0099,"Glucosamine Sulfate KCI":0.0144,"Grape Seed Extract 90% polyphenols":0.0097,"Broccoli Extract (glucoraphanin 10%)":0.0104,"Glycine":0.0168,"Theanine":0.0114,"Lactobacillus Acidophilus":0.0157,"Lithium orotate":0.0098,"Pomegranate Juice Extract (50% Polyphenols)":0.0385,"Potassium Iodate":0.0037,"Rhodiola 3% Rosavins / Salidroside 1%":0.0003,"Selenium":0.0214,"Glutathione reduced":0.0411,"Lutein":0.0055,"Luteolin":0.0012,"Cinnamon powder (ceylon) organic":0.0242,"Sodium Hyaluronate":0.0046,"Spermidine":0.04,"Vitamin B1 (Thiamine HCl)":0.0002,"Vitamin B12 (Methylcobalamin)":0.043,"Vitamin B2 (Riboflavin-5-Phosphate)":0.0038,"Vitamin B3 (Niacinamide)":0.0094,"Vitamin B5 (Calcium-D-Pantothenate)":0.02,"Vitamin B6 (Pyridoxal-5- Phosphate)":0.0336,"Vitamin B7 (D-Biotin)":0.0222,"Vitamin C (Ascorbic Acid)":0.0126,"Vitamin D Veg D3":0.031,"Vitamin E (d-alpha tocopherol)":0.0285,"Vitamin K1":0.0361,"Vitamin K2 MK-7 MCT Oil":0.0006,"Vitamin K2 MK-4 MCT Oil":0.0259,"Sunflower lecithin non-GMO":0.0006,"Phosphatidylcholine":0.003,"Choline":0.0445,"Lycopene":0.0364,"Lysine":0.0029,"Taurine":0.0096,"Glucoraphanin":0.0036,"Ubiquinol":0.0094,"Zinc Citrate":0.0192,"Fiber":0.0027,"Blueberries":0.0047,"Macadamia nuts":0.0043,"Walnuts":0.0304,"Omega 3":0.0423,"Omega 6":0.0149,"Calcium":0.0106,"EVOO polyphenols":0.0059,"Oleic acid":0.0092,"Protein (plant)":0.0037,"Copper":0.0184,"Caffeine":0.0056,"Magnesium Citrate":0.0291,"Manganese Citrate":0.0146,"Curcuminoids":0.0512,"Fisetin (smoketree extract)":0.0217,"Garlic extract 12:1 odorless":0.0143,"Genistein (Japonica extract)":0.0059,"Milled Golden Flaxseed":0.0294,"SDG lignan":0.0445,"Phosphatidylinositol":0.0198,"Phosphatidylethanolamine":0.0209}],"vo2_max":18.1231}
