{"personal_data":[{"age":40,"gender":"M"}],"fitness_data":[{"Backwards Sled, 2 min":0,"Posture exercises":4,"Tricep extensions":0,"Face pulls":1,"Butterfly":1,"Band pull apart (back muscles)":5,"Back extensions (on a hyperextension)":0,"Obliques (each side, on a hyperextension)":4,"StretchesKneeling shin_Kneeling shin_":2,"StretchesHip flexor_Hip flexor_":3,"StretchesCouch_Couch_":0,"Leg raises (for abdomen)":5,"Seated calf raises":0,"Poliquin step ups":3,"Slant board squats":4,"ATG Split squats":2,"Nordics":6,"Reverse Nordics":1,"Tibialis raises,":2,"IsoTib ankle rotations":2,"Pull ups":1,"Chin ups":1,"10 min HIIT":4}],"supplement_vars":[{"N-Acetyl-L-Cysteine (NAC)":0.0058,"N-Acetyl-L-Cysteine (NAC) 2":0.0083,"Nicotinamide Riboside Chloride (NR)":0.018,"Zeaxanthin":0.0029,"Phosphorus":0.0068,"Astaxanthin (Natural)":0.0064,"Boron Glycinate":0.0262,"CaAKG":0.0004,"Ashwagandha KSM66":0.0089,"Calcium L-5- Methyltetrahydrofolate (L-5-MTHF-Ca)":0.0531,"Cocoa Powder (Non-Alkalised) 8+% Flavanols":0.0181,"Red Yeast Rice (2% Monacolin K)":0.0091,"Creatine Monohydrate":0.0191,"Ginger":0.0507,"Glucosamine Sulfate KCI":0.0524,"Grape Seed Extract 90% polyphenols":0.0032,"Broccoli Extract (glucoraphanin 10%)":0.0101,"Glycine":0.0056,"Theanine":0.0396,"Lactobacillus Acidophilus":0.0633,"Lithium orotate":0.0077,"Pomegranate Juice Extract (50% Polyphenols)":0.0074,"Potassium Iodate":0.0411,"Rhodiola 3% Rosavins / Salidroside 1%":0.0484,"Selenium":0.0207,"Glutathione reduced":0.037,"Lutein":0.0055,"Luteolin":0.0017,"Cinnamon powder (ceylon) organic":0.0114,"Sodium Hyaluronate":0.0082,"Spermidine":0.0858,"Vitamin B1 (Thiamine HCl)":0.0056,"Vitamin B12 (Methylcobalamin)":0.0661,"Vitamin B2 (Riboflavin-5-Phosphate)":0.0095,"Vitamin B3 (Niacinamide)":0.0111,"Vitamin B5 (Calcium-D-Pantothenate)":0.0139,"Vitamin B6 (Pyridoxal-5- Phosphate)":0.0073,"Vitamin B7 (D-Biotin)":0.0071,"Vitamin C (Ascorbic Acid)":0.0119,"Vitamin D Veg D3":0.0404,"Vitamin E (d-alpha tocopherol)":0.0393,"Vitamin K1":0.0451,"Vitamin K2 MK-7 MCT Oil":0.009,"Vitamin K2 MK-4 MCT Oil":0.0115,"Sunflower lecithin non-GMO":0.0054,"Phosphatidylcholine":0.0318,"Choline":0.0617,"Lycopene":0.0199,"Lysine":0.0011,"Taurine":0.0189,"Glucoraphanin":0.0247,"Ubiquinol":0.0106,"Zinc Citrate":0.0004,"Fiber":0.0013,"Blueberries":0.047,"Macadamia nuts":0.0038,"Walnuts":0.0482,"Omega 3":0.0398,"Omega 6":0.0368,"Calcium":0.0417,"EVOO polyphenols":0.0004,"Oleic acid":0.0286,"Protein (plant)":0.0041,"Copper":0.0079,"Caffeine":0.0118,"Magnesium Citrate":0.056,"Manganese Citrate":0.0515,"Curcuminoids":0.0492,"Fisetin (smoketree extract)":0.0232,"Garlic extract 12:1 odorless":0.0314,"Genistein (Japonica extract)":0.0036,"Milled Golden Flaxseed":0.0159,"SDG lignan":0.0176,"Phosphatidylinositol":0.0049,"Phosphatidylethanolamine":0.0148}],"vo2_max":31.1027}
