{"personal_data":[{"age":35,"gender":"M","name":"Arnetta Toy-Bergstrom"}],"fitness_data":[{"Backwards Sled, 2 min":1,"Posture exercises":3,"Tricep extensions":2,"Face pulls":4,"Butterfly":5,"Band pull apart (back muscles)":3,"Back extensions (on a hyperextension)":1,"Obliques (each side, on a hyperextension)":2,"StretchesKneeling shin_Kneeling shin_":5,"StretchesHip flexor_Hip flexor_":4,"StretchesCouch_Couch_":3,"Leg raises (for abdomen)":4,"Seated calf raises":4,"Poliquin step ups":1,"Slant board squats":6,"ATG Split squats":5,"Nordics":1,"Reverse Nordics":2,"Tibialis raises,":2,"IsoTib ankle rotations":6,"Pull ups":2,"Chin ups":4,"10 min HIIT":2}],"supplement_vars":[{"N-Acetyl-L-Cysteine (NAC)":0.0041,"N-Acetyl-L-Cysteine (NAC) 2":0.0094,"Nicotinamide Riboside Chloride (NR)":0.0067,"Zeaxanthin":0.0002,"Phosphorus":0.0354,"Astaxanthin (Natural)":0.0111,"Boron Glycinate":0.0309,"CaAKG":0.0124,"Ashwagandha KSM66":0.006,"Calcium L-5- Methyltetrahydrofolate (L-5-MTHF-Ca)":0.0211,"Cocoa Powder (Non-Alkalised) 8+% Flavanols":0.0168,"Red Yeast Rice (2% Monacolin K)":0.0173,"Creatine Monohydrate":0.0421,"Ginger":0.0732,"Glucosamine Sulfate KCI":0.0403,"Grape Seed Extract 90% polyphenols":0.0009,"Broccoli Extract (glucoraphanin 10%)":0.026,"Glycine":0.022,"Theanine":0.0392,"Lactobacillus Acidophilus":0.0524,"Lithium orotate":0.005,"Pomegranate Juice Extract (50% Polyphenols)":0.0481,"Potassium Iodate":0.0235,"Rhodiola 3% Rosavins / Salidroside 1%":0.0401,"Selenium":0.0249,"Glutathione reduced":0.0234,"Lutein":0.0098,"Luteolin":0.007,"Cinnamon powder (ceylon) organic":0.0015,"Sodium Hyaluronate":0.0026,"Spermidine":0.0624,"Vitamin B1 (Thiamine HCl)":0.0075,"Vitamin B12 (Methylcobalamin)":0.0701,"Vitamin B2 (Riboflavin-5-Phosphate)":0.0218,"Vitamin B3 (Niacinamide)":0.0046,"Vitamin B5 (Calcium-D-Pantothenate)":0.0176,"Vitamin B6 (Pyridoxal-5- Phosphate)":0.0268,"Vitamin B7 (D-Biotin)":0.0168,"Vitamin C (Ascorbic Acid)":0.0062,"Vitamin D Veg D3":0.023,"Vitamin E (d-alpha tocopherol)":0.0437,"Vitamin K1":0.038,"Vitamin K2 MK-7 MCT Oil":0.0325,"Vitamin K2 MK-4 MCT Oil":0.0053,"Sunflower lecithin non-GMO":0.0386,"Phosphatidylcholine":0.0337,"Choline":0.0248,"Lycopene":0.0741,"Lysine":0.0045,"Taurine":0.0367,"Glucoraphanin":0.0298,"Ubiquinol":0.006,"Zinc Citrate":0.0124,"Fiber":0.0049,"Blueberries":0.0583,"Macadamia nuts":0.0793,"Walnuts":0.0626,"Omega 3":0.0108,"Omega 6":0.0669,"Calcium":0.027,"EVOO polyphenols":0.0015,"Oleic acid":0.0162,"Protein (plant)":0.0046,"Copper":0.0203,"Caffeine":0.0194,"Magnesium Citrate":0.0054,"Manganese Citrate":0.0503,"Curcuminoids":0.0234,"Fisetin (smoketree extract)":0.0202,"Garlic extract 12:1 odorless":0.019,"Genistein (Japonica extract)":0.0056,"Milled Golden Flaxseed":0.0008,"SDG lignan":0.0211,"Phosphatidylinositol":0.0027,"Phosphatidylethanolamine":0.022}],"vo2_max":34.6545}
