{"personal_data":[{"age":65,"gender":"M","name":"Rupert Greenholt"}],"fitness_data":[{"Backwards Sled, 2 min":4,"Posture exercises":1,"Tricep extensions":0,"Face pulls":2,"Butterfly":5,"Band pull apart (back muscles)":0,"Back extensions (on a hyperextension)":1,"Obliques (each side, on a hyperextension)":3,"StretchesKneeling shin_Kneeling shin_":3,"StretchesHip flexor_Hip flexor_":3,"StretchesCouch_Couch_":0,"Leg raises (for abdomen)":4,"Seated calf raises":4,"Poliquin step ups":3,"Slant board squats":5,"ATG Split squats":3,"Nordics":2,"Reverse Nordics":4,"Tibialis raises,":2,"IsoTib ankle rotations":1,"Pull ups":2,"Chin ups":0,"10 min HIIT":2}],"supplement_vars":[{"N-Acetyl-L-Cysteine (NAC)":0.013,"N-Acetyl-L-Cysteine (NAC) 2":0.018,"Nicotinamide Riboside Chloride (NR)":0.0002,"Zeaxanthin":0.0057,"Phosphorus":0.0094,"Astaxanthin (Natural)":0.0202,"Boron Glycinate":0.0349,"CaAKG":0.0054,"Ashwagandha KSM66":0.0076,"Calcium L-5- Methyltetrahydrofolate (L-5-MTHF-Ca)":0.0608,"Cocoa Powder (Non-Alkalised) 8+% Flavanols":0.0168,"Red Yeast Rice (2% Monacolin K)":0.0263,"Creatine Monohydrate":0.0473,"Ginger":0.0897,"Glucosamine Sulfate KCI":0.0587,"Grape Seed Extract 90% polyphenols":0.0027,"Broccoli Extract (glucoraphanin 10%)":0.0219,"Glycine":0.0309,"Theanine":0.0014,"Lactobacillus Acidophilus":0.0857,"Lithium orotate":0.0016,"Pomegranate Juice Extract (50% Polyphenols)":0.0647,"Potassium Iodate":0.0072,"Rhodiola 3% Rosavins / Salidroside 1%":0.058,"Selenium":0.0325,"Glutathione reduced":0.0437,"Lutein":0.0246,"Luteolin":0.0027,"Cinnamon powder (ceylon) organic":0.0091,"Sodium Hyaluronate":0.0004,"Spermidine":0.0423,"Vitamin B1 (Thiamine HCl)":0.0125,"Vitamin B12 (Methylcobalamin)":0.0717,"Vitamin B2 (Riboflavin-5-Phosphate)":0.0411,"Vitamin B3 (Niacinamide)":0.035,"Vitamin B5 (Calcium-D-Pantothenate)":0.0183,"Vitamin B6 (Pyridoxal-5- Phosphate)":0.0143,"Vitamin B7 (D-Biotin)":0.0121,"Vitamin C (Ascorbic Acid)":0.0041,"Vitamin D Veg D3":0.0358,"Vitamin E (d-alpha tocopherol)":0.026,"Vitamin K1":0.0661,"Vitamin K2 MK-7 MCT Oil":0.0355,"Vitamin K2 MK-4 MCT Oil":0.0194,"Sunflower lecithin non-GMO":0.0099,"Phosphatidylcholine":0.0236,"Choline":0.0142,"Lycopene":0.0713,"Lysine":0.0015,"Taurine":0.0419,"Glucoraphanin":0.0099,"Ubiquinol":0.0104,"Zinc Citrate":0.0092,"Fiber":0.0018,"Blueberries":0.0445,"Macadamia nuts":0.09,"Walnuts":0.072,"Omega 3":0.0449,"Omega 6":0.0343,"Calcium":0.0083,"EVOO polyphenols":0.0024,"Oleic acid":0.0139,"Protein (plant)":0.0037,"Copper":0.0086,"Caffeine":0.0501,"Magnesium Citrate":0.0192,"Manganese Citrate":0.0031,"Curcuminoids":0.0458,"Fisetin (smoketree extract)":0.0331,"Garlic extract 12:1 odorless":0.0283,"Genistein (Japonica extract)":0.0084,"Milled Golden Flaxseed":0.0103,"SDG lignan":0.0472,"Phosphatidylinositol":0.0118,"Phosphatidylethanolamine":0.0114}],"vo2_max":22.6632}
