{"personal_data":[{"age":62,"gender":"M","name":"Jerry Beier"}],"fitness_data":[{"Backwards Sled, 2 min":5,"Posture exercises":5,"Tricep extensions":2,"Face pulls":4,"Butterfly":2,"Band pull apart (back muscles)":1,"Back extensions (on a hyperextension)":3,"Obliques (each side, on a hyperextension)":1,"StretchesKneeling shin_Kneeling shin_":4,"StretchesHip flexor_Hip flexor_":3,"StretchesCouch_Couch_":1,"Leg raises (for abdomen)":5,"Seated calf raises":1,"Poliquin step ups":0,"Slant board squats":3,"ATG Split squats":1,"Nordics":4,"Reverse Nordics":3,"Tibialis raises,":1,"IsoTib ankle rotations":2,"Pull ups":1,"Chin ups":4,"10 min HIIT":3}],"supplement_vars":[{"N-Acetyl-L-Cysteine (NAC)":0,"N-Acetyl-L-Cysteine (NAC) 2":0.0053,"Nicotinamide Riboside Chloride (NR)":0.0079,"Zeaxanthin":0.0129,"Phosphorus":0.0355,"Astaxanthin (Natural)":0.022,"Boron Glycinate":0.038,"CaAKG":0.0111,"Ashwagandha KSM66":0.006,"Calcium L-5- Methyltetrahydrofolate (L-5-MTHF-Ca)":0.0442,"Cocoa Powder (Non-Alkalised) 8+% Flavanols":0.0117,"Red Yeast Rice (2% Monacolin K)":0.0228,"Creatine Monohydrate":0.0142,"Ginger":0.0285,"Glucosamine Sulfate KCI":0.0366,"Grape Seed Extract 90% polyphenols":0.0042,"Broccoli Extract (glucoraphanin 10%)":0.0156,"Glycine":0.0168,"Theanine":0.0278,"Lactobacillus Acidophilus":0.0121,"Lithium orotate":0.006,"Pomegranate Juice Extract (50% Polyphenols)":0.0205,"Potassium Iodate":0.0259,"Rhodiola 3% Rosavins / Salidroside 1%":0.0156,"Selenium":0.0058,"Glutathione reduced":0.0205,"Lutein":0.0081,"Luteolin":0.0058,"Cinnamon powder (ceylon) organic":0.0038,"Sodium Hyaluronate":0.0027,"Spermidine":0.0767,"Vitamin B1 (Thiamine HCl)":0.0065,"Vitamin B12 (Methylcobalamin)":0.013,"Vitamin B2 (Riboflavin-5-Phosphate)":0.0506,"Vitamin B3 (Niacinamide)":0.0677,"Vitamin B5 (Calcium-D-Pantothenate)":0.0205,"Vitamin B6 (Pyridoxal-5- Phosphate)":0.0394,"Vitamin B7 (D-Biotin)":0.0329,"Vitamin C (Ascorbic Acid)":0.0017,"Vitamin D Veg D3":0.0413,"Vitamin E (d-alpha tocopherol)":0.0332,"Vitamin K1":0.0435,"Vitamin K2 MK-7 MCT Oil":0.0255,"Vitamin K2 MK-4 MCT Oil":0.026,"Sunflower lecithin non-GMO":0.0023,"Phosphatidylcholine":0.0213,"Choline":0.0436,"Lycopene":0.0248,"Lysine":0.0102,"Taurine":0.007,"Glucoraphanin":0.0273,"Ubiquinol":0.0032,"Zinc Citrate":0.0116,"Fiber":0.0017,"Blueberries":0.0069,"Macadamia nuts":0.0172,"Walnuts":0.0123,"Omega 3":0.0071,"Omega 6":0.0613,"Calcium":0.0061,"EVOO polyphenols":0.0048,"Oleic acid":0.021,"Protein (plant)":0.0021,"Copper":0.0112,"Caffeine":0.0054,"Magnesium Citrate":0.0114,"Manganese Citrate":0.0472,"Curcuminoids":0.0069,"Fisetin (smoketree extract)":0.0106,"Garlic extract 12:1 odorless":0.0078,"Genistein (Japonica extract)":0.0158,"Milled Golden Flaxseed":0.0237,"SDG lignan":0.0439,"Phosphatidylinositol":0.0141,"Phosphatidylethanolamine":0.0386}],"vo2_max":23.3593}
