{"personal_data":[{"age":80,"gender":"F","name":"Ned Murray"}],"fitness_data":[{"Backwards Sled, 2 min":4,"Posture exercises":4,"Tricep extensions":4,"Face pulls":3,"Butterfly":4,"Band pull apart (back muscles)":4,"Back extensions (on a hyperextension)":0,"Obliques (each side, on a hyperextension)":0,"StretchesKneeling shin_Kneeling shin_":2,"StretchesHip flexor_Hip flexor_":1,"StretchesCouch_Couch_":3,"Leg raises (for abdomen)":5,"Seated calf raises":0,"Poliquin step ups":0,"Slant board squats":3,"ATG Split squats":6,"Nordics":1,"Reverse Nordics":1,"Tibialis raises,":2,"IsoTib ankle rotations":3,"Pull ups":1,"Chin ups":2,"10 min HIIT":1}],"supplement_vars":[{"N-Acetyl-L-Cysteine (NAC)":0.017,"N-Acetyl-L-Cysteine (NAC) 2":0.0085,"Nicotinamide Riboside Chloride (NR)":0.0117,"Zeaxanthin":0.0087,"Phosphorus":0.0084,"Astaxanthin (Natural)":0.0106,"Boron Glycinate":0.0311,"CaAKG":0.0043,"Ashwagandha KSM66":0.0013,"Calcium L-5- Methyltetrahydrofolate (L-5-MTHF-Ca)":0.0016,"Cocoa Powder (Non-Alkalised) 8+% Flavanols":0.0218,"Red Yeast Rice (2% Monacolin K)":0.0023,"Creatine Monohydrate":0.0545,"Ginger":0.0616,"Glucosamine Sulfate KCI":0.0103,"Grape Seed Extract 90% polyphenols":0.0015,"Broccoli Extract (glucoraphanin 10%)":0.0218,"Glycine":0.0058,"Theanine":0.0496,"Lactobacillus Acidophilus":0.0788,"Lithium orotate":0.0099,"Pomegranate Juice Extract (50% Polyphenols)":0.039,"Potassium Iodate":0.0105,"Rhodiola 3% Rosavins / Salidroside 1%":0.011,"Selenium":0.0068,"Glutathione reduced":0.029,"Lutein":0.0175,"Luteolin":0.0034,"Cinnamon powder (ceylon) organic":0.0093,"Sodium Hyaluronate":0.002,"Spermidine":0.047,"Vitamin B1 (Thiamine HCl)":0.0005,"Vitamin B12 (Methylcobalamin)":0.0527,"Vitamin B2 (Riboflavin-5-Phosphate)":0.0529,"Vitamin B3 (Niacinamide)":0.0347,"Vitamin B5 (Calcium-D-Pantothenate)":0.0208,"Vitamin B6 (Pyridoxal-5- Phosphate)":0.0417,"Vitamin B7 (D-Biotin)":0.0076,"Vitamin C (Ascorbic Acid)":0.0072,"Vitamin D Veg D3":0.0092,"Vitamin E (d-alpha tocopherol)":0.0319,"Vitamin K1":0.0535,"Vitamin K2 MK-7 MCT Oil":0.0043,"Vitamin K2 MK-4 MCT Oil":0.0305,"Sunflower lecithin non-GMO":0.0036,"Phosphatidylcholine":0.0249,"Choline":0.04,"Lycopene":0.0135,"Lysine":0.0075,"Taurine":0.035,"Glucoraphanin":0.0217,"Ubiquinol":0.0037,"Zinc Citrate":0.011,"Fiber":0.0016,"Blueberries":0.0422,"Macadamia nuts":0.0442,"Walnuts":0.0715,"Omega 3":0.0041,"Omega 6":0.0122,"Calcium":0.0003,"EVOO polyphenols":0.0017,"Oleic acid":0.0368,"Protein (plant)":0.0028,"Copper":0.0089,"Caffeine":0.0447,"Magnesium Citrate":0.055,"Manganese Citrate":0.047,"Curcuminoids":0.0121,"Fisetin (smoketree extract)":0.0031,"Garlic extract 12:1 odorless":0.0324,"Genistein (Japonica extract)":0.0206,"Milled Golden Flaxseed":0.0098,"SDG lignan":0.0063,"Phosphatidylinositol":0.0166,"Phosphatidylethanolamine":0.0104}],"vo2_max":18.3041}
