{"personal_data":[{"age":31,"gender":"M","name":"Johnie Gottlieb III"}],"fitness_data":[{"Backwards Sled, 2 min":5,"Posture exercises":1,"Tricep extensions":4,"Face pulls":4,"Butterfly":0,"Band pull apart (back muscles)":5,"Back extensions (on a hyperextension)":2,"Obliques (each side, on a hyperextension)":2,"StretchesKneeling shin_Kneeling shin_":0,"StretchesHip flexor_Hip flexor_":5,"StretchesCouch_Couch_":2,"Leg raises (for abdomen)":0,"Seated calf raises":4,"Poliquin step ups":1,"Slant board squats":3,"ATG Split squats":4,"Nordics":5,"Reverse Nordics":1,"Tibialis raises,":4,"IsoTib ankle rotations":5,"Pull ups":2,"Chin ups":4,"10 min HIIT":3}],"supplement_vars":[{"N-Acetyl-L-Cysteine (NAC)":0.0182,"N-Acetyl-L-Cysteine (NAC) 2":0.0203,"Nicotinamide Riboside Chloride (NR)":0.013,"Zeaxanthin":0.004,"Phosphorus":0.0306,"Astaxanthin (Natural)":0.0042,"Boron Glycinate":0.0187,"CaAKG":0.0091,"Ashwagandha KSM66":0.0008,"Calcium L-5- Methyltetrahydrofolate (L-5-MTHF-Ca)":0.0332,"Cocoa Powder (Non-Alkalised) 8+% Flavanols":0.0207,"Red Yeast Rice (2% Monacolin K)":0.0319,"Creatine Monohydrate":0.025,"Ginger":0.0186,"Glucosamine Sulfate KCI":0.0642,"Grape Seed Extract 90% polyphenols":0.0002,"Broccoli Extract (glucoraphanin 10%)":0.0312,"Glycine":0.0262,"Theanine":0.0251,"Lactobacillus Acidophilus":0.0161,"Lithium orotate":0.0079,"Pomegranate Juice Extract (50% Polyphenols)":0.0523,"Potassium Iodate":0.0025,"Rhodiola 3% Rosavins / Salidroside 1%":0.0436,"Selenium":0.008,"Glutathione reduced":0.0294,"Lutein":0.0001,"Luteolin":0.0083,"Cinnamon powder (ceylon) organic":0.0189,"Sodium Hyaluronate":0.0088,"Spermidine":0.0379,"Vitamin B1 (Thiamine HCl)":0.0079,"Vitamin B12 (Methylcobalamin)":0.0421,"Vitamin B2 (Riboflavin-5-Phosphate)":0.0435,"Vitamin B3 (Niacinamide)":0.063,"Vitamin B5 (Calcium-D-Pantothenate)":0.0215,"Vitamin B6 (Pyridoxal-5- Phosphate)":0.0031,"Vitamin B7 (D-Biotin)":0.0218,"Vitamin C (Ascorbic Acid)":0.0099,"Vitamin D Veg D3":0.008,"Vitamin E (d-alpha tocopherol)":0.0255,"Vitamin K1":0.0334,"Vitamin K2 MK-7 MCT Oil":0.0097,"Vitamin K2 MK-4 MCT Oil":0.0175,"Sunflower lecithin non-GMO":0.0442,"Phosphatidylcholine":0.0079,"Choline":0.0389,"Lycopene":0.055,"Lysine":0.0001,"Taurine":0.013,"Glucoraphanin":0.0064,"Ubiquinol":0.0081,"Zinc Citrate":0.0237,"Fiber":0.0006,"Blueberries":0.0379,"Macadamia nuts":0.087,"Walnuts":0.0554,"Omega 3":0.0326,"Omega 6":0.0154,"Calcium":0.0283,"EVOO polyphenols":0.0051,"Oleic acid":0.0172,"Protein (plant)":0.0015,"Copper":0.0184,"Caffeine":0.0475,"Magnesium Citrate":0.0291,"Manganese Citrate":0.0806,"Curcuminoids":0.0104,"Fisetin (smoketree extract)":0.0313,"Garlic extract 12:1 odorless":0.0207,"Genistein (Japonica extract)":0.0042,"Milled Golden Flaxseed":0.0099,"SDG lignan":0.0085,"Phosphatidylinositol":0.0103,"Phosphatidylethanolamine":0.0136}],"vo2_max":31.3771}
