{"personal_data":[{"age":42,"gender":"M"}],"fitness_data":[{"Backwards Sled, 2 min":3,"Posture exercises":2,"Tricep extensions":3,"Face pulls":3,"Butterfly":3,"Band pull apart (back muscles)":6,"Back extensions (on a hyperextension)":3,"Obliques (each side, on a hyperextension)":3,"StretchesKneeling shin_Kneeling shin_":2,"StretchesHip flexor_Hip flexor_":2,"StretchesCouch_Couch_":2,"Leg raises (for abdomen)":1,"Seated calf raises":3,"Poliquin step ups":3,"Slant board squats":5,"ATG Split squats":3,"Nordics":6,"Reverse Nordics":0,"Tibialis raises,":0,"IsoTib ankle rotations":6,"Pull ups":0,"Chin ups":2,"10 min HIIT":2}],"supplement_vars":[{"N-Acetyl-L-Cysteine (NAC)":0.0097,"N-Acetyl-L-Cysteine (NAC) 2":0.0079,"Nicotinamide Riboside Chloride (NR)":0.0008,"Zeaxanthin":0.004,"Phosphorus":0.0233,"Astaxanthin (Natural)":0.008,"Boron Glycinate":0.0196,"CaAKG":0.0126,"Ashwagandha KSM66":0.0014,"Calcium L-5- Methyltetrahydrofolate (L-5-MTHF-Ca)":0.0413,"Cocoa Powder (Non-Alkalised) 8+% Flavanols":0.0079,"Red Yeast Rice (2% Monacolin K)":0.0009,"Creatine Monohydrate":0.0178,"Ginger":0.0642,"Glucosamine Sulfate KCI":0.0419,"Grape Seed Extract 90% polyphenols":0.0132,"Broccoli Extract (glucoraphanin 10%)":0.0339,"Glycine":0.0031,"Theanine":0.033,"Lactobacillus Acidophilus":0.0001,"Lithium orotate":0.0098,"Pomegranate Juice Extract (50% Polyphenols)":0.0555,"Potassium Iodate":0.0194,"Rhodiola 3% Rosavins / Salidroside 1%":0.014,"Selenium":0.0331,"Glutathione reduced":0.0133,"Lutein":0.023,"Luteolin":0.0056,"Cinnamon powder (ceylon) organic":0.0221,"Sodium Hyaluronate":0.0065,"Spermidine":0.0834,"Vitamin B1 (Thiamine HCl)":0.0125,"Vitamin B12 (Methylcobalamin)":0.0439,"Vitamin B2 (Riboflavin-5-Phosphate)":0.0083,"Vitamin B3 (Niacinamide)":0.0613,"Vitamin B5 (Calcium-D-Pantothenate)":0.0133,"Vitamin B6 (Pyridoxal-5- Phosphate)":0.0454,"Vitamin B7 (D-Biotin)":0.0097,"Vitamin C (Ascorbic Acid)":0.0092,"Vitamin D Veg D3":0.0434,"Vitamin E (d-alpha tocopherol)":0.014,"Vitamin K1":0.0089,"Vitamin K2 MK-7 MCT Oil":0.032,"Vitamin K2 MK-4 MCT Oil":0.0335,"Sunflower lecithin non-GMO":0.0422,"Phosphatidylcholine":0.0338,"Choline":0.0602,"Lycopene":0.0569,"Lysine":0.0088,"Taurine":0.0211,"Glucoraphanin":0.0093,"Ubiquinol":0.0031,"Zinc Citrate":0.0303,"Fiber":0.0025,"Blueberries":0.0561,"Macadamia nuts":0.0004,"Walnuts":0.0716,"Omega 3":0.0055,"Omega 6":0.0619,"Calcium":0.0554,"EVOO polyphenols":0.0008,"Oleic acid":0.0225,"Protein (plant)":0.0044,"Copper":0.0223,"Caffeine":0.0088,"Magnesium Citrate":0.0402,"Manganese Citrate":0.058,"Curcuminoids":0.0221,"Fisetin (smoketree extract)":0.0232,"Garlic extract 12:1 odorless":0.0402,"Genistein (Japonica extract)":0.012,"Milled Golden Flaxseed":0.0008,"SDG lignan":0.003,"Phosphatidylinositol":0.0029,"Phosphatidylethanolamine":0.02}],"vo2_max":30.3058}
