{"personal_data":[{"age":27,"gender":"F","name":"Mr. Eugenio Fisher"}],"fitness_data":[{"Backwards Sled, 2 min":3,"Posture exercises":4,"Tricep extensions":4,"Face pulls":0,"Butterfly":4,"Band pull apart (back muscles)":3,"Back extensions (on a hyperextension)":2,"Obliques (each side, on a hyperextension)":3,"StretchesKneeling shin_Kneeling shin_":4,"StretchesHip flexor_Hip flexor_":0,"StretchesCouch_Couch_":2,"Leg raises (for abdomen)":2,"Seated calf raises":4,"Poliquin step ups":2,"Slant board squats":2,"ATG Split squats":4,"Nordics":2,"Reverse Nordics":0,"Tibialis raises,":1,"IsoTib ankle rotations":1,"Pull ups":2,"Chin ups":4,"10 min HIIT":3}],"supplement_vars":[{"N-Acetyl-L-Cysteine (NAC)":0.0061,"N-Acetyl-L-Cysteine (NAC) 2":0.0156,"Nicotinamide Riboside Chloride (NR)":0.0164,"Zeaxanthin":0,"Phosphorus":0.042,"Astaxanthin (Natural)":0.0089,"Boron Glycinate":0.0393,"CaAKG":0.0037,"Ashwagandha KSM66":0.0071,"Calcium L-5- Methyltetrahydrofolate (L-5-MTHF-Ca)":0.0315,"Cocoa Powder (Non-Alkalised) 8+% Flavanols":0.0129,"Red Yeast Rice (2% Monacolin K)":0.0048,"Creatine Monohydrate":0.0034,"Ginger":0.0884,"Glucosamine Sulfate KCI":0.0731,"Grape Seed Extract 90% polyphenols":0.0105,"Broccoli Extract (glucoraphanin 10%)":0.0168,"Glycine":0.0002,"Theanine":0.0377,"Lactobacillus Acidophilus":0.0703,"Lithium orotate":0.0028,"Pomegranate Juice Extract (50% Polyphenols)":0.0313,"Potassium Iodate":0.0403,"Rhodiola 3% Rosavins / Salidroside 1%":0.0334,"Selenium":0.0111,"Glutathione reduced":0.0151,"Lutein":0.01,"Luteolin":0.0022,"Cinnamon powder (ceylon) organic":0.0115,"Sodium Hyaluronate":0.0003,"Spermidine":0.0899,"Vitamin B1 (Thiamine HCl)":0.0165,"Vitamin B12 (Methylcobalamin)":0.045,"Vitamin B2 (Riboflavin-5-Phosphate)":0.0614,"Vitamin B3 (Niacinamide)":0.0657,"Vitamin B5 (Calcium-D-Pantothenate)":0.0072,"Vitamin B6 (Pyridoxal-5- Phosphate)":0.0288,"Vitamin B7 (D-Biotin)":0.002,"Vitamin C (Ascorbic Acid)":0.0095,"Vitamin D Veg D3":0.0225,"Vitamin E (d-alpha tocopherol)":0.0073,"Vitamin K1":0.06,"Vitamin K2 MK-7 MCT Oil":0.0186,"Vitamin K2 MK-4 MCT Oil":0.0359,"Sunflower lecithin non-GMO":0.0111,"Phosphatidylcholine":0.0333,"Choline":0.0184,"Lycopene":0.0283,"Lysine":0.0058,"Taurine":0.0066,"Glucoraphanin":0.0187,"Ubiquinol":0.0063,"Zinc Citrate":0.0286,"Fiber":0.0034,"Blueberries":0.0554,"Macadamia nuts":0.0735,"Walnuts":0.0087,"Omega 3":0.028,"Omega 6":0.0392,"Calcium":0.0457,"EVOO polyphenols":0.0055,"Oleic acid":0.0057,"Protein (plant)":0.0047,"Copper":0.0122,"Caffeine":0.0194,"Magnesium Citrate":0.0376,"Manganese Citrate":0.0437,"Curcuminoids":0.0142,"Fisetin (smoketree extract)":0.0349,"Garlic extract 12:1 odorless":0.0411,"Genistein (Japonica extract)":0.0036,"Milled Golden Flaxseed":0.0174,"SDG lignan":0.0093,"Phosphatidylinositol":0.0257,"Phosphatidylethanolamine":0.0206}],"vo2_max":38.6873}
