{"personal_data":[{"age":76,"gender":"F","name":"Jenelle Romaguera"}],"fitness_data":[{"Backwards Sled, 2 min":3,"Posture exercises":3,"Tricep extensions":4,"Face pulls":0,"Butterfly":2,"Band pull apart (back muscles)":2,"Back extensions (on a hyperextension)":3,"Obliques (each side, on a hyperextension)":4,"StretchesKneeling shin_Kneeling shin_":4,"StretchesHip flexor_Hip flexor_":0,"StretchesCouch_Couch_":0,"Leg raises (for abdomen)":5,"Seated calf raises":3,"Poliquin step ups":2,"Slant board squats":1,"ATG Split squats":2,"Nordics":4,"Reverse Nordics":2,"Tibialis raises,":3,"IsoTib ankle rotations":4,"Pull ups":0,"Chin ups":4,"10 min HIIT":2}],"supplement_vars":[{"N-Acetyl-L-Cysteine (NAC)":0.016,"N-Acetyl-L-Cysteine (NAC) 2":0.0026,"Nicotinamide Riboside Chloride (NR)":0.0097,"Zeaxanthin":0.0121,"Phosphorus":0.0366,"Astaxanthin (Natural)":0.0208,"Boron Glycinate":0.0112,"CaAKG":0.0062,"Ashwagandha KSM66":0.0017,"Calcium L-5- Methyltetrahydrofolate (L-5-MTHF-Ca)":0.0028,"Cocoa Powder (Non-Alkalised) 8+% Flavanols":0.0054,"Red Yeast Rice (2% Monacolin K)":0.0131,"Creatine Monohydrate":0.0413,"Ginger":0.0314,"Glucosamine Sulfate KCI":0.0245,"Grape Seed Extract 90% polyphenols":0.0023,"Broccoli Extract (glucoraphanin 10%)":0.0005,"Glycine":0.0045,"Theanine":0.0555,"Lactobacillus Acidophilus":0.0658,"Lithium orotate":0.0008,"Pomegranate Juice Extract (50% Polyphenols)":0.0635,"Potassium Iodate":0.0107,"Rhodiola 3% Rosavins / Salidroside 1%":0.016,"Selenium":0.0096,"Glutathione reduced":0.0009,"Lutein":0.0244,"Luteolin":0.0047,"Cinnamon powder (ceylon) organic":0.0034,"Sodium Hyaluronate":0.0074,"Spermidine":0.0428,"Vitamin B1 (Thiamine HCl)":0.0167,"Vitamin B12 (Methylcobalamin)":0.0446,"Vitamin B2 (Riboflavin-5-Phosphate)":0.0213,"Vitamin B3 (Niacinamide)":0.0316,"Vitamin B5 (Calcium-D-Pantothenate)":0.0172,"Vitamin B6 (Pyridoxal-5- Phosphate)":0.0237,"Vitamin B7 (D-Biotin)":0.0045,"Vitamin C (Ascorbic Acid)":0.0109,"Vitamin D Veg D3":0.0397,"Vitamin E (d-alpha tocopherol)":0.0068,"Vitamin K1":0.0401,"Vitamin K2 MK-7 MCT Oil":0.0025,"Vitamin K2 MK-4 MCT Oil":0.0054,"Sunflower lecithin non-GMO":0.0117,"Phosphatidylcholine":0.0044,"Choline":0.0526,"Lycopene":0.0326,"Lysine":0.011,"Taurine":0.0435,"Glucoraphanin":0.0238,"Ubiquinol":0.0115,"Zinc Citrate":0.0197,"Fiber":0.0024,"Blueberries":0.0563,"Macadamia nuts":0.024,"Walnuts":0.0094,"Omega 3":0.0376,"Omega 6":0.0243,"Calcium":0.0039,"EVOO polyphenols":0.0005,"Oleic acid":0.0056,"Protein (plant)":0.0032,"Copper":0.0044,"Caffeine":0.0402,"Magnesium Citrate":0.0156,"Manganese Citrate":0.0358,"Curcuminoids":0.0141,"Fisetin (smoketree extract)":0.0193,"Garlic extract 12:1 odorless":0.009,"Genistein (Japonica extract)":0.0104,"Milled Golden Flaxseed":0.0067,"SDG lignan":0.0302,"Phosphatidylinositol":0.0161,"Phosphatidylethanolamine":0.0289}],"vo2_max":17.541}
