{"personal_data":[{"age":56,"gender":"M","name":"Francis Sipes-Daniel"}],"fitness_data":[{"Backwards Sled, 2 min":2,"Posture exercises":3,"Tricep extensions":3,"Face pulls":1,"Butterfly":4,"Band pull apart (back muscles)":0,"Back extensions (on a hyperextension)":0,"Obliques (each side, on a hyperextension)":3,"StretchesKneeling shin_Kneeling shin_":5,"StretchesHip flexor_Hip flexor_":3,"StretchesCouch_Couch_":0,"Leg raises (for abdomen)":2,"Seated calf raises":4,"Poliquin step ups":2,"Slant board squats":5,"ATG Split squats":3,"Nordics":1,"Reverse Nordics":3,"Tibialis raises,":1,"IsoTib ankle rotations":4,"Pull ups":3,"Chin ups":1,"10 min HIIT":0}],"supplement_vars":[{"N-Acetyl-L-Cysteine (NAC)":0.0041,"N-Acetyl-L-Cysteine (NAC) 2":0.0158,"Nicotinamide Riboside Chloride (NR)":0.0067,"Zeaxanthin":0.009,"Phosphorus":0.0315,"Astaxanthin (Natural)":0.0186,"Boron Glycinate":0.0305,"CaAKG":0.0104,"Ashwagandha KSM66":0.0026,"Calcium L-5- Methyltetrahydrofolate (L-5-MTHF-Ca)":0.0544,"Cocoa Powder (Non-Alkalised) 8+% Flavanols":0.0123,"Red Yeast Rice (2% Monacolin K)":0.01,"Creatine Monohydrate":0.0686,"Ginger":0.0414,"Glucosamine Sulfate KCI":0.0446,"Grape Seed Extract 90% polyphenols":0.0085,"Broccoli Extract (glucoraphanin 10%)":0.0065,"Glycine":0.0191,"Theanine":0.0348,"Lactobacillus Acidophilus":0.073,"Lithium orotate":0.008,"Pomegranate Juice Extract (50% Polyphenols)":0.0658,"Potassium Iodate":0.0184,"Rhodiola 3% Rosavins / Salidroside 1%":0.0248,"Selenium":0.0065,"Glutathione reduced":0.051,"Lutein":0.0084,"Luteolin":0.0091,"Cinnamon powder (ceylon) organic":0.0116,"Sodium Hyaluronate":0.0091,"Spermidine":0.0537,"Vitamin B1 (Thiamine HCl)":0.0049,"Vitamin B12 (Methylcobalamin)":0.0409,"Vitamin B2 (Riboflavin-5-Phosphate)":0.0112,"Vitamin B3 (Niacinamide)":0.0638,"Vitamin B5 (Calcium-D-Pantothenate)":0.0033,"Vitamin B6 (Pyridoxal-5- Phosphate)":0.0386,"Vitamin B7 (D-Biotin)":0.0214,"Vitamin C (Ascorbic Acid)":0.0054,"Vitamin D Veg D3":0.0167,"Vitamin E (d-alpha tocopherol)":0.0214,"Vitamin K1":0.002,"Vitamin K2 MK-7 MCT Oil":0.0194,"Vitamin K2 MK-4 MCT Oil":0.0002,"Sunflower lecithin non-GMO":0.0382,"Phosphatidylcholine":0.0056,"Choline":0.05,"Lycopene":0.0334,"Lysine":0.0102,"Taurine":0.0052,"Glucoraphanin":0.0032,"Ubiquinol":0.0134,"Zinc Citrate":0.0315,"Fiber":0.0019,"Blueberries":0.0671,"Macadamia nuts":0.073,"Walnuts":0.0597,"Omega 3":0.0245,"Omega 6":0.0429,"Calcium":0.0074,"EVOO polyphenols":0.0058,"Oleic acid":0.0105,"Protein (plant)":0.0047,"Copper":0.0214,"Caffeine":0.0118,"Magnesium Citrate":0.0442,"Manganese Citrate":0.058,"Curcuminoids":0.0192,"Fisetin (smoketree extract)":0.0035,"Garlic extract 12:1 odorless":0.0357,"Genistein (Japonica extract)":0.0192,"Milled Golden Flaxseed":0.022,"SDG lignan":0.0231,"Phosphatidylinositol":0.0164,"Phosphatidylethanolamine":0.0243}],"vo2_max":26.2979}
