{"personal_data":[{"age":35,"gender":"M","name":"Dr. Delvin Pouros I"}],"fitness_data":[{"Backwards Sled, 2 min":3,"Posture exercises":2,"Tricep extensions":2,"Face pulls":2,"Butterfly":5,"Band pull apart (back muscles)":5,"Back extensions (on a hyperextension)":1,"Obliques (each side, on a hyperextension)":0,"StretchesKneeling shin_Kneeling shin_":3,"StretchesHip flexor_Hip flexor_":4,"StretchesCouch_Couch_":1,"Leg raises (for abdomen)":3,"Seated calf raises":0,"Poliquin step ups":3,"Slant board squats":0,"ATG Split squats":1,"Nordics":3,"Reverse Nordics":3,"Tibialis raises,":1,"IsoTib ankle rotations":2,"Pull ups":1,"Chin ups":2,"10 min HIIT":3}],"supplement_vars":[{"N-Acetyl-L-Cysteine (NAC)":0.0144,"N-Acetyl-L-Cysteine (NAC) 2":0.0209,"Nicotinamide Riboside Chloride (NR)":0.0181,"Zeaxanthin":0.0133,"Phosphorus":0.0321,"Astaxanthin (Natural)":0.0057,"Boron Glycinate":0.016,"CaAKG":0.0019,"Ashwagandha KSM66":0.0011,"Calcium L-5- Methyltetrahydrofolate (L-5-MTHF-Ca)":0.0265,"Cocoa Powder (Non-Alkalised) 8+% Flavanols":0.006,"Red Yeast Rice (2% Monacolin K)":0.0306,"Creatine Monohydrate":0.0275,"Ginger":0.0865,"Glucosamine Sulfate KCI":0.006,"Grape Seed Extract 90% polyphenols":0.0036,"Broccoli Extract (glucoraphanin 10%)":0.0241,"Glycine":0.0107,"Theanine":0.0096,"Lactobacillus Acidophilus":0.0392,"Lithium orotate":0.0002,"Pomegranate Juice Extract (50% Polyphenols)":0.0565,"Potassium Iodate":0.0327,"Rhodiola 3% Rosavins / Salidroside 1%":0.0297,"Selenium":0.0173,"Glutathione reduced":0.041,"Lutein":0.0015,"Luteolin":0.0029,"Cinnamon powder (ceylon) organic":0.0092,"Sodium Hyaluronate":0.0029,"Spermidine":0.0368,"Vitamin B1 (Thiamine HCl)":0.0059,"Vitamin B12 (Methylcobalamin)":0.0652,"Vitamin B2 (Riboflavin-5-Phosphate)":0.0674,"Vitamin B3 (Niacinamide)":0.0171,"Vitamin B5 (Calcium-D-Pantothenate)":0.0179,"Vitamin B6 (Pyridoxal-5- Phosphate)":0.0216,"Vitamin B7 (D-Biotin)":0.0326,"Vitamin C (Ascorbic Acid)":0.0076,"Vitamin D Veg D3":0.0092,"Vitamin E (d-alpha tocopherol)":0.0149,"Vitamin K1":0.0311,"Vitamin K2 MK-7 MCT Oil":0.0327,"Vitamin K2 MK-4 MCT Oil":0.0142,"Sunflower lecithin non-GMO":0.02,"Phosphatidylcholine":0.0345,"Choline":0.039,"Lycopene":0.018,"Lysine":0.0069,"Taurine":0.0332,"Glucoraphanin":0.0147,"Ubiquinol":0.001,"Zinc Citrate":0.0161,"Fiber":0.0007,"Blueberries":0.0563,"Macadamia nuts":0.0773,"Walnuts":0.0437,"Omega 3":0.0236,"Omega 6":0.034,"Calcium":0.0214,"EVOO polyphenols":0.0053,"Oleic acid":0.002,"Protein (plant)":0.0045,"Copper":0.0145,"Caffeine":0.0474,"Magnesium Citrate":0.0461,"Manganese Citrate":0.0851,"Curcuminoids":0.0488,"Fisetin (smoketree extract)":0.0056,"Garlic extract 12:1 odorless":0.013,"Genistein (Japonica extract)":0.014,"Milled Golden Flaxseed":0.0233,"SDG lignan":0.0159,"Phosphatidylinositol":0.0211,"Phosphatidylethanolamine":0.0091}],"vo2_max":32.3814}
