{"personal_data":[{"age":58,"gender":"F","name":"Britney Mante"}],"fitness_data":[{"Backwards Sled, 2 min":4,"Posture exercises":2,"Tricep extensions":0,"Face pulls":0,"Butterfly":0,"Band pull apart (back muscles)":4,"Back extensions (on a hyperextension)":3,"Obliques (each side, on a hyperextension)":2,"StretchesKneeling shin_Kneeling shin_":2,"StretchesHip flexor_Hip flexor_":1,"StretchesCouch_Couch_":1,"Leg raises (for abdomen)":2,"Seated calf raises":3,"Poliquin step ups":2,"Slant board squats":7,"ATG Split squats":1,"Nordics":5,"Reverse Nordics":2,"Tibialis raises,":2,"IsoTib ankle rotations":2,"Pull ups":3,"Chin ups":1,"10 min HIIT":2}],"supplement_vars":[{"N-Acetyl-L-Cysteine (NAC)":0.004,"N-Acetyl-L-Cysteine (NAC) 2":0.0191,"Nicotinamide Riboside Chloride (NR)":0.0066,"Zeaxanthin":0.0022,"Phosphorus":0.041,"Astaxanthin (Natural)":0.0013,"Boron Glycinate":0.0137,"CaAKG":0.0018,"Ashwagandha KSM66":0.0055,"Calcium L-5- Methyltetrahydrofolate (L-5-MTHF-Ca)":0.0035,"Cocoa Powder (Non-Alkalised) 8+% Flavanols":0.0169,"Red Yeast Rice (2% Monacolin K)":0.027,"Creatine Monohydrate":0.0307,"Ginger":0.0741,"Glucosamine Sulfate KCI":0.0331,"Grape Seed Extract 90% polyphenols":0.0094,"Broccoli Extract (glucoraphanin 10%)":0.0038,"Glycine":0.0273,"Theanine":0.0449,"Lactobacillus Acidophilus":0.0071,"Lithium orotate":0.005,"Pomegranate Juice Extract (50% Polyphenols)":0.0437,"Potassium Iodate":0.0081,"Rhodiola 3% Rosavins / Salidroside 1%":0.0571,"Selenium":0.0408,"Glutathione reduced":0.0521,"Lutein":0.0196,"Luteolin":0.0052,"Cinnamon powder (ceylon) organic":0.0078,"Sodium Hyaluronate":0.008,"Spermidine":0.0798,"Vitamin B1 (Thiamine HCl)":0.0033,"Vitamin B12 (Methylcobalamin)":0.0082,"Vitamin B2 (Riboflavin-5-Phosphate)":0.0077,"Vitamin B3 (Niacinamide)":0.0488,"Vitamin B5 (Calcium-D-Pantothenate)":0.0158,"Vitamin B6 (Pyridoxal-5- Phosphate)":0.0047,"Vitamin B7 (D-Biotin)":0.033,"Vitamin C (Ascorbic Acid)":0.0018,"Vitamin D Veg D3":0.0344,"Vitamin E (d-alpha tocopherol)":0.0254,"Vitamin K1":0.0417,"Vitamin K2 MK-7 MCT Oil":0.0177,"Vitamin K2 MK-4 MCT Oil":0.007,"Sunflower lecithin non-GMO":0.0266,"Phosphatidylcholine":0.029,"Choline":0.0254,"Lycopene":0.0304,"Lysine":0.0021,"Taurine":0.0196,"Glucoraphanin":0.0057,"Ubiquinol":0.0125,"Zinc Citrate":0.029,"Fiber":0.0038,"Blueberries":0.0381,"Macadamia nuts":0.0583,"Walnuts":0.0206,"Omega 3":0.0101,"Omega 6":0.0126,"Calcium":0.0303,"EVOO polyphenols":0.0048,"Oleic acid":0.0364,"Protein (plant)":0.004,"Copper":0.01,"Caffeine":0.0409,"Magnesium Citrate":0.0125,"Manganese Citrate":0.0625,"Curcuminoids":0.0145,"Fisetin (smoketree extract)":0.0282,"Garlic extract 12:1 odorless":0.0127,"Genistein (Japonica extract)":0.0026,"Milled Golden Flaxseed":0.005,"SDG lignan":0.002,"Phosphatidylinositol":0.0073,"Phosphatidylethanolamine":0.0373}],"vo2_max":29.8777}
