{"personal_data":[{"age":74,"gender":"M"}],"fitness_data":[{"Backwards Sled, 2 min":5,"Posture exercises":0,"Tricep extensions":0,"Face pulls":4,"Butterfly":5,"Band pull apart (back muscles)":4,"Back extensions (on a hyperextension)":1,"Obliques (each side, on a hyperextension)":1,"StretchesKneeling shin_Kneeling shin_":4,"StretchesHip flexor_Hip flexor_":4,"StretchesCouch_Couch_":1,"Leg raises (for abdomen)":1,"Seated calf raises":3,"Poliquin step ups":0,"Slant board squats":7,"ATG Split squats":2,"Nordics":2,"Reverse Nordics":2,"Tibialis raises,":5,"IsoTib ankle rotations":5,"Pull ups":2,"Chin ups":3,"10 min HIIT":4}],"supplement_vars":[{"N-Acetyl-L-Cysteine (NAC)":0.0142,"N-Acetyl-L-Cysteine (NAC) 2":0.005,"Nicotinamide Riboside Chloride (NR)":0.0043,"Zeaxanthin":0.0125,"Phosphorus":0.023,"Astaxanthin (Natural)":0.0125,"Boron Glycinate":0.0108,"CaAKG":0.0064,"Ashwagandha KSM66":0.0047,"Calcium L-5- Methyltetrahydrofolate (L-5-MTHF-Ca)":0.0286,"Cocoa Powder (Non-Alkalised) 8+% Flavanols":0.0118,"Red Yeast Rice (2% Monacolin K)":0.0096,"Creatine Monohydrate":0.0477,"Ginger":0.0202,"Glucosamine Sulfate KCI":0.0207,"Grape Seed Extract 90% polyphenols":0.0119,"Broccoli Extract (glucoraphanin 10%)":0.0139,"Glycine":0.0138,"Theanine":0.0278,"Lactobacillus Acidophilus":0.0109,"Lithium orotate":0.0045,"Pomegranate Juice Extract (50% Polyphenols)":0.0615,"Potassium Iodate":0.0227,"Rhodiola 3% Rosavins / Salidroside 1%":0.0368,"Selenium":0.0257,"Glutathione reduced":0.0004,"Lutein":0.0248,"Luteolin":0.0078,"Cinnamon powder (ceylon) organic":0.0225,"Sodium Hyaluronate":0.0052,"Spermidine":0.0242,"Vitamin B1 (Thiamine HCl)":0.0164,"Vitamin B12 (Methylcobalamin)":0.0758,"Vitamin B2 (Riboflavin-5-Phosphate)":0.0117,"Vitamin B3 (Niacinamide)":0.0454,"Vitamin B5 (Calcium-D-Pantothenate)":0.0085,"Vitamin B6 (Pyridoxal-5- Phosphate)":0.0333,"Vitamin B7 (D-Biotin)":0.028,"Vitamin C (Ascorbic Acid)":0.006,"Vitamin D Veg D3":0.033,"Vitamin E (d-alpha tocopherol)":0.0401,"Vitamin K1":0.0339,"Vitamin K2 MK-7 MCT Oil":0.0317,"Vitamin K2 MK-4 MCT Oil":0.0149,"Sunflower lecithin non-GMO":0.0321,"Phosphatidylcholine":0.035,"Choline":0.0561,"Lycopene":0.0391,"Lysine":0.0096,"Taurine":0.03,"Glucoraphanin":0.011,"Ubiquinol":0.0006,"Zinc Citrate":0.0301,"Fiber":0.0031,"Blueberries":0.0498,"Macadamia nuts":0.0522,"Walnuts":0.065,"Omega 3":0.0342,"Omega 6":0.0018,"Calcium":0.0245,"EVOO polyphenols":0.0065,"Oleic acid":0.0168,"Protein (plant)":0.0008,"Copper":0.0006,"Caffeine":0.0404,"Magnesium Citrate":0.0141,"Manganese Citrate":0.0144,"Curcuminoids":0.0512,"Fisetin (smoketree extract)":0.0183,"Garlic extract 12:1 odorless":0.0234,"Genistein (Japonica extract)":0.0186,"Milled Golden Flaxseed":0.0363,"SDG lignan":0.0447,"Phosphatidylinositol":0.0004,"Phosphatidylethanolamine":0.025}],"vo2_max":18.5608}
