{"personal_data":[{"age":32,"gender":"M","name":"Mr. Casey Tremblay DVM"}],"fitness_data":[{"Backwards Sled, 2 min":3,"Posture exercises":5,"Tricep extensions":4,"Face pulls":0,"Butterfly":2,"Band pull apart (back muscles)":2,"Back extensions (on a hyperextension)":3,"Obliques (each side, on a hyperextension)":4,"StretchesKneeling shin_Kneeling shin_":4,"StretchesHip flexor_Hip flexor_":4,"StretchesCouch_Couch_":3,"Leg raises (for abdomen)":3,"Seated calf raises":2,"Poliquin step ups":4,"Slant board squats":5,"ATG Split squats":4,"Nordics":5,"Reverse Nordics":0,"Tibialis raises,":3,"IsoTib ankle rotations":5,"Pull ups":1,"Chin ups":4,"10 min HIIT":1}],"supplement_vars":[{"N-Acetyl-L-Cysteine (NAC)":0.0124,"N-Acetyl-L-Cysteine (NAC) 2":0.0098,"Nicotinamide Riboside Chloride (NR)":0.0178,"Zeaxanthin":0.003,"Phosphorus":0.0169,"Astaxanthin (Natural)":0.023,"Boron Glycinate":0.0213,"CaAKG":0.0114,"Ashwagandha KSM66":0.0068,"Calcium L-5- Methyltetrahydrofolate (L-5-MTHF-Ca)":0.0534,"Cocoa Powder (Non-Alkalised) 8+% Flavanols":0.0179,"Red Yeast Rice (2% Monacolin K)":0.0309,"Creatine Monohydrate":0.06,"Ginger":0.0723,"Glucosamine Sulfate KCI":0.0074,"Grape Seed Extract 90% polyphenols":0.0098,"Broccoli Extract (glucoraphanin 10%)":0.0231,"Glycine":0.0241,"Theanine":0.0497,"Lactobacillus Acidophilus":0.0769,"Lithium orotate":0.0081,"Pomegranate Juice Extract (50% Polyphenols)":0.0347,"Potassium Iodate":0.0197,"Rhodiola 3% Rosavins / Salidroside 1%":0.0583,"Selenium":0.0268,"Glutathione reduced":0.042,"Lutein":0.021,"Luteolin":0.0095,"Cinnamon powder (ceylon) organic":0.0094,"Sodium Hyaluronate":0.0109,"Spermidine":0.0194,"Vitamin B1 (Thiamine HCl)":0.0129,"Vitamin B12 (Methylcobalamin)":0.0114,"Vitamin B2 (Riboflavin-5-Phosphate)":0.0531,"Vitamin B3 (Niacinamide)":0.0082,"Vitamin B5 (Calcium-D-Pantothenate)":0.0073,"Vitamin B6 (Pyridoxal-5- Phosphate)":0.0146,"Vitamin B7 (D-Biotin)":0.0074,"Vitamin C (Ascorbic Acid)":0.0082,"Vitamin D Veg D3":0.0474,"Vitamin E (d-alpha tocopherol)":0.0333,"Vitamin K1":0.06,"Vitamin K2 MK-7 MCT Oil":0.0039,"Vitamin K2 MK-4 MCT Oil":0.0025,"Sunflower lecithin non-GMO":0.0428,"Phosphatidylcholine":0.03,"Choline":0.0315,"Lycopene":0.069,"Lysine":0.0029,"Taurine":0.0143,"Glucoraphanin":0.0103,"Ubiquinol":0.0065,"Zinc Citrate":0.0015,"Fiber":0.0005,"Blueberries":0.0658,"Macadamia nuts":0.0028,"Walnuts":0.0255,"Omega 3":0.035,"Omega 6":0.0252,"Calcium":0.0561,"EVOO polyphenols":0.0003,"Oleic acid":0.0016,"Protein (plant)":0.0048,"Copper":0.0033,"Caffeine":0.0467,"Magnesium Citrate":0.0487,"Manganese Citrate":0.0295,"Curcuminoids":0.0264,"Fisetin (smoketree extract)":0.0046,"Garlic extract 12:1 odorless":0.0082,"Genistein (Japonica extract)":0.0125,"Milled Golden Flaxseed":0.028,"SDG lignan":0.0155,"Phosphatidylinositol":0.0097,"Phosphatidylethanolamine":0.019}],"vo2_max":37.6888}
