{"personal_data":[{"age":79,"gender":"F","name":"Dwaine Marvin"}],"fitness_data":[{"Backwards Sled, 2 min":2,"Posture exercises":1,"Tricep extensions":2,"Face pulls":4,"Butterfly":5,"Band pull apart (back muscles)":3,"Back extensions (on a hyperextension)":3,"Obliques (each side, on a hyperextension)":3,"StretchesKneeling shin_Kneeling shin_":1,"StretchesHip flexor_Hip flexor_":4,"StretchesCouch_Couch_":1,"Leg raises (for abdomen)":3,"Seated calf raises":4,"Poliquin step ups":0,"Slant board squats":6,"ATG Split squats":1,"Nordics":2,"Reverse Nordics":2,"Tibialis raises,":2,"IsoTib ankle rotations":6,"Pull ups":0,"Chin ups":1,"10 min HIIT":1}],"supplement_vars":[{"N-Acetyl-L-Cysteine (NAC)":0.0143,"N-Acetyl-L-Cysteine (NAC) 2":0.0143,"Nicotinamide Riboside Chloride (NR)":0.0057,"Zeaxanthin":0.0026,"Phosphorus":0.0116,"Astaxanthin (Natural)":0.0017,"Boron Glycinate":0.0329,"CaAKG":0.0006,"Ashwagandha KSM66":0.0064,"Calcium L-5- Methyltetrahydrofolate (L-5-MTHF-Ca)":0.0505,"Cocoa Powder (Non-Alkalised) 8+% Flavanols":0.0198,"Red Yeast Rice (2% Monacolin K)":0.0279,"Creatine Monohydrate":0.0367,"Ginger":0.0172,"Glucosamine Sulfate KCI":0.035,"Grape Seed Extract 90% polyphenols":0.0125,"Broccoli Extract (glucoraphanin 10%)":0.0191,"Glycine":0.0065,"Theanine":0.0467,"Lactobacillus Acidophilus":0.0679,"Lithium orotate":0.0087,"Pomegranate Juice Extract (50% Polyphenols)":0.0214,"Potassium Iodate":0.037,"Rhodiola 3% Rosavins / Salidroside 1%":0.0203,"Selenium":0.0136,"Glutathione reduced":0.0244,"Lutein":0.0059,"Luteolin":0.0068,"Cinnamon powder (ceylon) organic":0.0057,"Sodium Hyaluronate":0.0073,"Spermidine":0.0372,"Vitamin B1 (Thiamine HCl)":0.0154,"Vitamin B12 (Methylcobalamin)":0.0746,"Vitamin B2 (Riboflavin-5-Phosphate)":0.06,"Vitamin B3 (Niacinamide)":0.0271,"Vitamin B5 (Calcium-D-Pantothenate)":0.0044,"Vitamin B6 (Pyridoxal-5- Phosphate)":0.0035,"Vitamin B7 (D-Biotin)":0.0334,"Vitamin C (Ascorbic Acid)":0.0068,"Vitamin D Veg D3":0.023,"Vitamin E (d-alpha tocopherol)":0.0129,"Vitamin K1":0.0527,"Vitamin K2 MK-7 MCT Oil":0.0019,"Vitamin K2 MK-4 MCT Oil":0.0217,"Sunflower lecithin non-GMO":0.0387,"Phosphatidylcholine":0.0283,"Choline":0.0553,"Lycopene":0.0472,"Lysine":0.0053,"Taurine":0.0436,"Glucoraphanin":0.0249,"Ubiquinol":0.0092,"Zinc Citrate":0.0001,"Fiber":0.0009,"Blueberries":0.0557,"Macadamia nuts":0.0888,"Walnuts":0.0392,"Omega 3":0.0363,"Omega 6":0.0461,"Calcium":0.0536,"EVOO polyphenols":0.0045,"Oleic acid":0.0303,"Protein (plant)":0.0006,"Copper":0.0233,"Caffeine":0.0406,"Magnesium Citrate":0.0169,"Manganese Citrate":0.0351,"Curcuminoids":0.0496,"Fisetin (smoketree extract)":0.0024,"Garlic extract 12:1 odorless":0.0295,"Genistein (Japonica extract)":0.013,"Milled Golden Flaxseed":0.0163,"SDG lignan":0.0374,"Phosphatidylinositol":0.0015,"Phosphatidylethanolamine":0.0351}],"vo2_max":20.2384}
