{"personal_data":[{"age":70,"gender":"M","name":"Dr. Cornelious Howell III"}],"fitness_data":[{"Backwards Sled, 2 min":2,"Posture exercises":0,"Tricep extensions":3,"Face pulls":1,"Butterfly":5,"Band pull apart (back muscles)":4,"Back extensions (on a hyperextension)":4,"Obliques (each side, on a hyperextension)":4,"StretchesKneeling shin_Kneeling shin_":3,"StretchesHip flexor_Hip flexor_":5,"StretchesCouch_Couch_":3,"Leg raises (for abdomen)":1,"Seated calf raises":1,"Poliquin step ups":2,"Slant board squats":7,"ATG Split squats":4,"Nordics":3,"Reverse Nordics":4,"Tibialis raises,":4,"IsoTib ankle rotations":4,"Pull ups":1,"Chin ups":3,"10 min HIIT":1}],"supplement_vars":[{"N-Acetyl-L-Cysteine (NAC)":0.0144,"N-Acetyl-L-Cysteine (NAC) 2":0.0181,"Nicotinamide Riboside Chloride (NR)":0.0154,"Zeaxanthin":0.0027,"Phosphorus":0.0207,"Astaxanthin (Natural)":0.0071,"Boron Glycinate":0.0282,"CaAKG":0.0098,"Ashwagandha KSM66":0.0014,"Calcium L-5- Methyltetrahydrofolate (L-5-MTHF-Ca)":0.0358,"Cocoa Powder (Non-Alkalised) 8+% Flavanols":0.0085,"Red Yeast Rice (2% Monacolin K)":0.0247,"Creatine Monohydrate":0.0608,"Ginger":0.0852,"Glucosamine Sulfate KCI":0.0149,"Grape Seed Extract 90% polyphenols":0.005,"Broccoli Extract (glucoraphanin 10%)":0.0295,"Glycine":0.0156,"Theanine":0.021,"Lactobacillus Acidophilus":0.0625,"Lithium orotate":0.0069,"Pomegranate Juice Extract (50% Polyphenols)":0.0108,"Potassium Iodate":0.0032,"Rhodiola 3% Rosavins / Salidroside 1%":0.0403,"Selenium":0.0273,"Glutathione reduced":0.0506,"Lutein":0.0243,"Luteolin":0.0084,"Cinnamon powder (ceylon) organic":0.0056,"Sodium Hyaluronate":0.0079,"Spermidine":0.0621,"Vitamin B1 (Thiamine HCl)":0.0075,"Vitamin B12 (Methylcobalamin)":0.0688,"Vitamin B2 (Riboflavin-5-Phosphate)":0.0094,"Vitamin B3 (Niacinamide)":0.0213,"Vitamin B5 (Calcium-D-Pantothenate)":0.0121,"Vitamin B6 (Pyridoxal-5- Phosphate)":0.0364,"Vitamin B7 (D-Biotin)":0.0312,"Vitamin C (Ascorbic Acid)":0.0055,"Vitamin D Veg D3":0.0113,"Vitamin E (d-alpha tocopherol)":0.0432,"Vitamin K1":0.0603,"Vitamin K2 MK-7 MCT Oil":0.0281,"Vitamin K2 MK-4 MCT Oil":0.0038,"Sunflower lecithin non-GMO":0.0203,"Phosphatidylcholine":0.034,"Choline":0.0488,"Lycopene":0.0012,"Lysine":0.0059,"Taurine":0.0084,"Glucoraphanin":0.0315,"Ubiquinol":0.0029,"Zinc Citrate":0.023,"Fiber":0.0042,"Blueberries":0.0617,"Macadamia nuts":0.0131,"Walnuts":0.0181,"Omega 3":0.0375,"Omega 6":0.0568,"Calcium":0.001,"EVOO polyphenols":0.0011,"Oleic acid":0.0159,"Protein (plant)":0.0039,"Copper":0.0054,"Caffeine":0.0485,"Magnesium Citrate":0.0606,"Manganese Citrate":0.0234,"Curcuminoids":0.017,"Fisetin (smoketree extract)":0.0164,"Garlic extract 12:1 odorless":0.0052,"Genistein (Japonica extract)":0.0188,"Milled Golden Flaxseed":0.0051,"SDG lignan":0.0387,"Phosphatidylinositol":0.0073,"Phosphatidylethanolamine":0.0065}],"vo2_max":21.9996}
