{"personal_data":[{"age":47,"gender":"M","name":"Dola Yundt"}],"fitness_data":[{"Backwards Sled, 2 min":2,"Posture exercises":2,"Tricep extensions":3,"Face pulls":5,"Butterfly":5,"Band pull apart (back muscles)":4,"Back extensions (on a hyperextension)":2,"Obliques (each side, on a hyperextension)":1,"StretchesKneeling shin_Kneeling shin_":3,"StretchesHip flexor_Hip flexor_":5,"StretchesCouch_Couch_":1,"Leg raises (for abdomen)":2,"Seated calf raises":3,"Poliquin step ups":1,"Slant board squats":6,"ATG Split squats":3,"Nordics":4,"Reverse Nordics":3,"Tibialis raises,":1,"IsoTib ankle rotations":3,"Pull ups":3,"Chin ups":3,"10 min HIIT":4}],"supplement_vars":[{"N-Acetyl-L-Cysteine (NAC)":0.0088,"N-Acetyl-L-Cysteine (NAC) 2":0.0014,"Nicotinamide Riboside Chloride (NR)":0.0047,"Zeaxanthin":0.0079,"Phosphorus":0.0334,"Astaxanthin (Natural)":0.0206,"Boron Glycinate":0.044,"CaAKG":0.0105,"Ashwagandha KSM66":0.0026,"Calcium L-5- Methyltetrahydrofolate (L-5-MTHF-Ca)":0.0144,"Cocoa Powder (Non-Alkalised) 8+% Flavanols":0.0072,"Red Yeast Rice (2% Monacolin K)":0.0133,"Creatine Monohydrate":0.0693,"Ginger":0.051,"Glucosamine Sulfate KCI":0.0315,"Grape Seed Extract 90% polyphenols":0.0095,"Broccoli Extract (glucoraphanin 10%)":0.0299,"Glycine":0.0062,"Theanine":0.0499,"Lactobacillus Acidophilus":0.0578,"Lithium orotate":0.0009,"Pomegranate Juice Extract (50% Polyphenols)":0.0012,"Potassium Iodate":0.0054,"Rhodiola 3% Rosavins / Salidroside 1%":0.0239,"Selenium":0.0051,"Glutathione reduced":0.0416,"Lutein":0.0104,"Luteolin":0.0036,"Cinnamon powder (ceylon) organic":0.0055,"Sodium Hyaluronate":0.0076,"Spermidine":0.0782,"Vitamin B1 (Thiamine HCl)":0.0088,"Vitamin B12 (Methylcobalamin)":0.054,"Vitamin B2 (Riboflavin-5-Phosphate)":0.0314,"Vitamin B3 (Niacinamide)":0.0214,"Vitamin B5 (Calcium-D-Pantothenate)":0.0002,"Vitamin B6 (Pyridoxal-5- Phosphate)":0.0044,"Vitamin B7 (D-Biotin)":0.0267,"Vitamin C (Ascorbic Acid)":0.0093,"Vitamin D Veg D3":0.0362,"Vitamin E (d-alpha tocopherol)":0.0018,"Vitamin K1":0.0641,"Vitamin K2 MK-7 MCT Oil":0.0214,"Vitamin K2 MK-4 MCT Oil":0.0299,"Sunflower lecithin non-GMO":0.0082,"Phosphatidylcholine":0.0108,"Choline":0.0039,"Lycopene":0.0429,"Lysine":0.0038,"Taurine":0.0343,"Glucoraphanin":0.0014,"Ubiquinol":0.0085,"Zinc Citrate":0.0148,"Fiber":0.0048,"Blueberries":0.0709,"Macadamia nuts":0.0466,"Walnuts":0.0228,"Omega 3":0.0362,"Omega 6":0.0556,"Calcium":0.0622,"EVOO polyphenols":0.0057,"Oleic acid":0.034,"Protein (plant)":0.0006,"Copper":0.0033,"Caffeine":0.003,"Magnesium Citrate":0.0309,"Manganese Citrate":0.032,"Curcuminoids":0.0029,"Fisetin (smoketree extract)":0.0034,"Garlic extract 12:1 odorless":0.0438,"Genistein (Japonica extract)":0.0084,"Milled Golden Flaxseed":0.0131,"SDG lignan":0.0146,"Phosphatidylinositol":0.0235,"Phosphatidylethanolamine":0.0195}],"vo2_max":33.8188}
