{"personal_data":[{"age":44,"gender":"F","name":"Florie Mueller"}],"fitness_data":[{"Backwards Sled, 2 min":4,"Posture exercises":4,"Tricep extensions":1,"Face pulls":5,"Butterfly":6,"Band pull apart (back muscles)":5,"Back extensions (on a hyperextension)":4,"Obliques (each side, on a hyperextension)":0,"StretchesKneeling shin_Kneeling shin_":2,"StretchesHip flexor_Hip flexor_":5,"StretchesCouch_Couch_":0,"Leg raises (for abdomen)":4,"Seated calf raises":3,"Poliquin step ups":3,"Slant board squats":6,"ATG Split squats":6,"Nordics":4,"Reverse Nordics":2,"Tibialis raises,":4,"IsoTib ankle rotations":1,"Pull ups":3,"Chin ups":3,"10 min HIIT":0}],"supplement_vars":[{"N-Acetyl-L-Cysteine (NAC)":0.004,"N-Acetyl-L-Cysteine (NAC) 2":0.0003,"Nicotinamide Riboside Chloride (NR)":0.0016,"Zeaxanthin":0.003,"Phosphorus":0.0045,"Astaxanthin (Natural)":0.0226,"Boron Glycinate":0.0464,"CaAKG":0.0058,"Ashwagandha KSM66":0.0034,"Calcium L-5- Methyltetrahydrofolate (L-5-MTHF-Ca)":0.0662,"Cocoa Powder (Non-Alkalised) 8+% Flavanols":0.0036,"Red Yeast Rice (2% Monacolin K)":0.0267,"Creatine Monohydrate":0.0672,"Ginger":0.0833,"Glucosamine Sulfate KCI":0.0503,"Grape Seed Extract 90% polyphenols":0.0104,"Broccoli Extract (glucoraphanin 10%)":0.0251,"Glycine":0.0254,"Theanine":0.0475,"Lactobacillus Acidophilus":0.0368,"Lithium orotate":0.0021,"Pomegranate Juice Extract (50% Polyphenols)":0.006,"Potassium Iodate":0.0182,"Rhodiola 3% Rosavins / Salidroside 1%":0.0296,"Selenium":0.0394,"Glutathione reduced":0.0096,"Lutein":0.0059,"Luteolin":0.0087,"Cinnamon powder (ceylon) organic":0.0142,"Sodium Hyaluronate":0.0048,"Spermidine":0.0442,"Vitamin B1 (Thiamine HCl)":0.013,"Vitamin B12 (Methylcobalamin)":0.0315,"Vitamin B2 (Riboflavin-5-Phosphate)":0.0442,"Vitamin B3 (Niacinamide)":0.0596,"Vitamin B5 (Calcium-D-Pantothenate)":0.0078,"Vitamin B6 (Pyridoxal-5- Phosphate)":0.0114,"Vitamin B7 (D-Biotin)":0.0173,"Vitamin C (Ascorbic Acid)":0.0074,"Vitamin D Veg D3":0.0019,"Vitamin E (d-alpha tocopherol)":0.0224,"Vitamin K1":0.0278,"Vitamin K2 MK-7 MCT Oil":0.0322,"Vitamin K2 MK-4 MCT Oil":0.0058,"Sunflower lecithin non-GMO":0.0381,"Phosphatidylcholine":0.0088,"Choline":0.0031,"Lycopene":0.0139,"Lysine":0.0052,"Taurine":0.0366,"Glucoraphanin":0.0151,"Ubiquinol":0.0101,"Zinc Citrate":0.0173,"Fiber":0.0041,"Blueberries":0.0088,"Macadamia nuts":0.0103,"Walnuts":0.0085,"Omega 3":0.0054,"Omega 6":0.0678,"Calcium":0.0008,"EVOO polyphenols":0.0042,"Oleic acid":0.0178,"Protein (plant)":0.003,"Copper":0.0125,"Caffeine":0.0131,"Magnesium Citrate":0.0193,"Manganese Citrate":0.0648,"Curcuminoids":0.0236,"Fisetin (smoketree extract)":0.019,"Garlic extract 12:1 odorless":0.0374,"Genistein (Japonica extract)":0.0087,"Milled Golden Flaxseed":0.0139,"SDG lignan":0.0531,"Phosphatidylinositol":0.001,"Phosphatidylethanolamine":0.0418}],"vo2_max":30.9615}
