{"personal_data":[{"age":22,"gender":"M","name":"Aarav Johnson V"}],"fitness_data":[{"Backwards Sled, 2 min":2,"Posture exercises":2,"Tricep extensions":0,"Face pulls":1,"Butterfly":5,"Band pull apart (back muscles)":6,"Back extensions (on a hyperextension)":3,"Obliques (each side, on a hyperextension)":2,"StretchesKneeling shin_Kneeling shin_":3,"StretchesHip flexor_Hip flexor_":2,"StretchesCouch_Couch_":1,"Leg raises (for abdomen)":1,"Seated calf raises":0,"Poliquin step ups":3,"Slant board squats":6,"ATG Split squats":0,"Nordics":5,"Reverse Nordics":3,"Tibialis raises,":0,"IsoTib ankle rotations":2,"Pull ups":2,"Chin ups":0,"10 min HIIT":2}],"supplement_vars":[{"N-Acetyl-L-Cysteine (NAC)":0.0157,"N-Acetyl-L-Cysteine (NAC) 2":0.02,"Nicotinamide Riboside Chloride (NR)":0.0063,"Zeaxanthin":0.0037,"Phosphorus":0.0009,"Astaxanthin (Natural)":0.0084,"Boron Glycinate":0.0271,"CaAKG":0.0028,"Ashwagandha KSM66":0.0056,"Calcium L-5- Methyltetrahydrofolate (L-5-MTHF-Ca)":0.006,"Cocoa Powder (Non-Alkalised) 8+% Flavanols":0.0019,"Red Yeast Rice (2% Monacolin K)":0.0015,"Creatine Monohydrate":0.0376,"Ginger":0.0128,"Glucosamine Sulfate KCI":0.0042,"Grape Seed Extract 90% polyphenols":0.0013,"Broccoli Extract (glucoraphanin 10%)":0.0291,"Glycine":0.0204,"Theanine":0.0547,"Lactobacillus Acidophilus":0.0841,"Lithium orotate":0.0083,"Pomegranate Juice Extract (50% Polyphenols)":0.0042,"Potassium Iodate":0.0238,"Rhodiola 3% Rosavins / Salidroside 1%":0.0484,"Selenium":0.0176,"Glutathione reduced":0.0103,"Lutein":0.0017,"Luteolin":0.0063,"Cinnamon powder (ceylon) organic":0.0085,"Sodium Hyaluronate":0.0096,"Spermidine":0.0841,"Vitamin B1 (Thiamine HCl)":0.0089,"Vitamin B12 (Methylcobalamin)":0.0598,"Vitamin B2 (Riboflavin-5-Phosphate)":0.0434,"Vitamin B3 (Niacinamide)":0.0595,"Vitamin B5 (Calcium-D-Pantothenate)":0.0187,"Vitamin B6 (Pyridoxal-5- Phosphate)":0.0315,"Vitamin B7 (D-Biotin)":0.0004,"Vitamin C (Ascorbic Acid)":0.0128,"Vitamin D Veg D3":0.0442,"Vitamin E (d-alpha tocopherol)":0.0218,"Vitamin K1":0.023,"Vitamin K2 MK-7 MCT Oil":0.0107,"Vitamin K2 MK-4 MCT Oil":0.007,"Sunflower lecithin non-GMO":0.0254,"Phosphatidylcholine":0.0167,"Choline":0.0182,"Lycopene":0.0608,"Lysine":0.0114,"Taurine":0.0048,"Glucoraphanin":0.0224,"Ubiquinol":0.0139,"Zinc Citrate":0.0084,"Fiber":0.0037,"Blueberries":0.0535,"Macadamia nuts":0.0945,"Walnuts":0.0032,"Omega 3":0.0489,"Omega 6":0.0501,"Calcium":0.0397,"EVOO polyphenols":0.0039,"Oleic acid":0.0361,"Protein (plant)":0.0017,"Copper":0.0038,"Caffeine":0.0602,"Magnesium Citrate":0.0253,"Manganese Citrate":0.0321,"Curcuminoids":0.0018,"Fisetin (smoketree extract)":0.0311,"Garlic extract 12:1 odorless":0.0143,"Genistein (Japonica extract)":0.0121,"Milled Golden Flaxseed":0.0176,"SDG lignan":0.0577,"Phosphatidylinositol":0.0051,"Phosphatidylethanolamine":0.0469}],"vo2_max":32.7549}
