{"personal_data":[{"age":57,"gender":"F","name":"Ethyle Kuvalis-Beier"}],"fitness_data":[{"Backwards Sled, 2 min":3,"Posture exercises":5,"Tricep extensions":3,"Face pulls":5,"Butterfly":5,"Band pull apart (back muscles)":4,"Back extensions (on a hyperextension)":3,"Obliques (each side, on a hyperextension)":3,"StretchesKneeling shin_Kneeling shin_":0,"StretchesHip flexor_Hip flexor_":5,"StretchesCouch_Couch_":0,"Leg raises (for abdomen)":4,"Seated calf raises":3,"Poliquin step ups":2,"Slant board squats":7,"ATG Split squats":2,"Nordics":2,"Reverse Nordics":2,"Tibialis raises,":4,"IsoTib ankle rotations":1,"Pull ups":1,"Chin ups":1,"10 min HIIT":1}],"supplement_vars":[{"N-Acetyl-L-Cysteine (NAC)":0.012,"N-Acetyl-L-Cysteine (NAC) 2":0.017,"Nicotinamide Riboside Chloride (NR)":0.0031,"Zeaxanthin":0.0055,"Phosphorus":0.0392,"Astaxanthin (Natural)":0.0126,"Boron Glycinate":0.0398,"CaAKG":0.0001,"Ashwagandha KSM66":0.0071,"Calcium L-5- Methyltetrahydrofolate (L-5-MTHF-Ca)":0.0565,"Cocoa Powder (Non-Alkalised) 8+% Flavanols":0.0213,"Red Yeast Rice (2% Monacolin K)":0.0281,"Creatine Monohydrate":0.0345,"Ginger":0.0124,"Glucosamine Sulfate KCI":0.0697,"Grape Seed Extract 90% polyphenols":0.0102,"Broccoli Extract (glucoraphanin 10%)":0.0087,"Glycine":0.0106,"Theanine":0.0603,"Lactobacillus Acidophilus":0.0277,"Lithium orotate":0.0084,"Pomegranate Juice Extract (50% Polyphenols)":0.0002,"Potassium Iodate":0.0088,"Rhodiola 3% Rosavins / Salidroside 1%":0.001,"Selenium":0.0409,"Glutathione reduced":0.0353,"Lutein":0.0235,"Luteolin":0.0002,"Cinnamon powder (ceylon) organic":0.0148,"Sodium Hyaluronate":0.0059,"Spermidine":0.051,"Vitamin B1 (Thiamine HCl)":0.0081,"Vitamin B12 (Methylcobalamin)":0.02,"Vitamin B2 (Riboflavin-5-Phosphate)":0.0107,"Vitamin B3 (Niacinamide)":0.0043,"Vitamin B5 (Calcium-D-Pantothenate)":0.0184,"Vitamin B6 (Pyridoxal-5- Phosphate)":0.0415,"Vitamin B7 (D-Biotin)":0.005,"Vitamin C (Ascorbic Acid)":0.0121,"Vitamin D Veg D3":0.0038,"Vitamin E (d-alpha tocopherol)":0.0022,"Vitamin K1":0.0308,"Vitamin K2 MK-7 MCT Oil":0.0164,"Vitamin K2 MK-4 MCT Oil":0.0272,"Sunflower lecithin non-GMO":0.0233,"Phosphatidylcholine":0.0277,"Choline":0.0034,"Lycopene":0.0288,"Lysine":0.0001,"Taurine":0.0031,"Glucoraphanin":0.0157,"Ubiquinol":0.0097,"Zinc Citrate":0.0211,"Fiber":0.0035,"Blueberries":0.0133,"Macadamia nuts":0.0672,"Walnuts":0.0021,"Omega 3":0.0164,"Omega 6":0.0024,"Calcium":0.0299,"EVOO polyphenols":0.0056,"Oleic acid":0.0297,"Protein (plant)":0.0003,"Copper":0.0173,"Caffeine":0.0099,"Magnesium Citrate":0.0271,"Manganese Citrate":0.0191,"Curcuminoids":0.0401,"Fisetin (smoketree extract)":0.008,"Garlic extract 12:1 odorless":0.0115,"Genistein (Japonica extract)":0.0151,"Milled Golden Flaxseed":0.026,"SDG lignan":0.0042,"Phosphatidylinositol":0.025,"Phosphatidylethanolamine":0.0049}],"vo2_max":27.4949}
