{"personal_data":[{"age":57,"gender":"F","name":"Leisha Lehner"}],"fitness_data":[{"Backwards Sled, 2 min":0,"Posture exercises":4,"Tricep extensions":1,"Face pulls":1,"Butterfly":5,"Band pull apart (back muscles)":1,"Back extensions (on a hyperextension)":4,"Obliques (each side, on a hyperextension)":2,"StretchesKneeling shin_Kneeling shin_":5,"StretchesHip flexor_Hip flexor_":6,"StretchesCouch_Couch_":1,"Leg raises (for abdomen)":0,"Seated calf raises":0,"Poliquin step ups":0,"Slant board squats":7,"ATG Split squats":4,"Nordics":4,"Reverse Nordics":1,"Tibialis raises,":1,"IsoTib ankle rotations":2,"Pull ups":2,"Chin ups":2,"10 min HIIT":2}],"supplement_vars":[{"N-Acetyl-L-Cysteine (NAC)":0.0047,"N-Acetyl-L-Cysteine (NAC) 2":0.016,"Nicotinamide Riboside Chloride (NR)":0.0095,"Zeaxanthin":0.0019,"Phosphorus":0.0141,"Astaxanthin (Natural)":0.0064,"Boron Glycinate":0.0186,"CaAKG":0.0123,"Ashwagandha KSM66":0.0047,"Calcium L-5- Methyltetrahydrofolate (L-5-MTHF-Ca)":0.0321,"Cocoa Powder (Non-Alkalised) 8+% Flavanols":0.0146,"Red Yeast Rice (2% Monacolin K)":0.0227,"Creatine Monohydrate":0.0683,"Ginger":0.0124,"Glucosamine Sulfate KCI":0.0707,"Grape Seed Extract 90% polyphenols":0.0137,"Broccoli Extract (glucoraphanin 10%)":0.0331,"Glycine":0.0198,"Theanine":0.0383,"Lactobacillus Acidophilus":0.003,"Lithium orotate":0.0011,"Pomegranate Juice Extract (50% Polyphenols)":0.0532,"Potassium Iodate":0.0211,"Rhodiola 3% Rosavins / Salidroside 1%":0.0131,"Selenium":0.0395,"Glutathione reduced":0.0242,"Lutein":0.0194,"Luteolin":0.0069,"Cinnamon powder (ceylon) organic":0.0007,"Sodium Hyaluronate":0.0066,"Spermidine":0.0613,"Vitamin B1 (Thiamine HCl)":0.0102,"Vitamin B12 (Methylcobalamin)":0.0187,"Vitamin B2 (Riboflavin-5-Phosphate)":0.0564,"Vitamin B3 (Niacinamide)":0.0661,"Vitamin B5 (Calcium-D-Pantothenate)":0.0162,"Vitamin B6 (Pyridoxal-5- Phosphate)":0.0351,"Vitamin B7 (D-Biotin)":0.0251,"Vitamin C (Ascorbic Acid)":0.0011,"Vitamin D Veg D3":0.0058,"Vitamin E (d-alpha tocopherol)":0.0214,"Vitamin K1":0.0652,"Vitamin K2 MK-7 MCT Oil":0.0089,"Vitamin K2 MK-4 MCT Oil":0.0302,"Sunflower lecithin non-GMO":0.0349,"Phosphatidylcholine":0.0129,"Choline":0.0324,"Lycopene":0.0017,"Lysine":0.0015,"Taurine":0.0226,"Glucoraphanin":0.0282,"Ubiquinol":0.0016,"Zinc Citrate":0.0224,"Fiber":0.0013,"Blueberries":0.0549,"Macadamia nuts":0.0584,"Walnuts":0.0259,"Omega 3":0.0012,"Omega 6":0.0325,"Calcium":0.0527,"EVOO polyphenols":0.0052,"Oleic acid":0.0322,"Protein (plant)":0.0041,"Copper":0.0101,"Caffeine":0.0093,"Magnesium Citrate":0.042,"Manganese Citrate":0.0679,"Curcuminoids":0.0068,"Fisetin (smoketree extract)":0.0192,"Garlic extract 12:1 odorless":0.0405,"Genistein (Japonica extract)":0.0035,"Milled Golden Flaxseed":0.0042,"SDG lignan":0.0413,"Phosphatidylinositol":0.0204,"Phosphatidylethanolamine":0.0403}],"vo2_max":29.8302}
