{"personal_data":[{"age":66,"gender":"M","name":"Dr. Rishi Wunsch Jr."}],"fitness_data":[{"Backwards Sled, 2 min":3,"Posture exercises":2,"Tricep extensions":3,"Face pulls":3,"Butterfly":5,"Band pull apart (back muscles)":1,"Back extensions (on a hyperextension)":3,"Obliques (each side, on a hyperextension)":3,"StretchesKneeling shin_Kneeling shin_":0,"StretchesHip flexor_Hip flexor_":3,"StretchesCouch_Couch_":0,"Leg raises (for abdomen)":5,"Seated calf raises":0,"Poliquin step ups":1,"Slant board squats":7,"ATG Split squats":2,"Nordics":5,"Reverse Nordics":4,"Tibialis raises,":0,"IsoTib ankle rotations":4,"Pull ups":0,"Chin ups":3,"10 min HIIT":1}],"supplement_vars":[{"N-Acetyl-L-Cysteine (NAC)":0.0145,"N-Acetyl-L-Cysteine (NAC) 2":0.0181,"Nicotinamide Riboside Chloride (NR)":0.015,"Zeaxanthin":0.0093,"Phosphorus":0.0219,"Astaxanthin (Natural)":0.0058,"Boron Glycinate":0.0144,"CaAKG":0.0082,"Ashwagandha KSM66":0.0052,"Calcium L-5- Methyltetrahydrofolate (L-5-MTHF-Ca)":0.0373,"Cocoa Powder (Non-Alkalised) 8+% Flavanols":0.0158,"Red Yeast Rice (2% Monacolin K)":0.0252,"Creatine Monohydrate":0.0087,"Ginger":0.0671,"Glucosamine Sulfate KCI":0.0157,"Grape Seed Extract 90% polyphenols":0.0113,"Broccoli Extract (glucoraphanin 10%)":0.0264,"Glycine":0.0257,"Theanine":0.0417,"Lactobacillus Acidophilus":0.0678,"Lithium orotate":0.0049,"Pomegranate Juice Extract (50% Polyphenols)":0.0024,"Potassium Iodate":0.0223,"Rhodiola 3% Rosavins / Salidroside 1%":0.0515,"Selenium":0.0288,"Glutathione reduced":0.0269,"Lutein":0.0041,"Luteolin":0.0097,"Cinnamon powder (ceylon) organic":0.0102,"Sodium Hyaluronate":0.0076,"Spermidine":0.0075,"Vitamin B1 (Thiamine HCl)":0.0112,"Vitamin B12 (Methylcobalamin)":0.0413,"Vitamin B2 (Riboflavin-5-Phosphate)":0.0416,"Vitamin B3 (Niacinamide)":0.0098,"Vitamin B5 (Calcium-D-Pantothenate)":0.003,"Vitamin B6 (Pyridoxal-5- Phosphate)":0.0339,"Vitamin B7 (D-Biotin)":0.0263,"Vitamin C (Ascorbic Acid)":0.0013,"Vitamin D Veg D3":0.0064,"Vitamin E (d-alpha tocopherol)":0.0054,"Vitamin K1":0.0486,"Vitamin K2 MK-7 MCT Oil":0.0332,"Vitamin K2 MK-4 MCT Oil":0.0061,"Sunflower lecithin non-GMO":0.0065,"Phosphatidylcholine":0.0218,"Choline":0.0458,"Lycopene":0.0455,"Lysine":0.0122,"Taurine":0.0295,"Glucoraphanin":0.0121,"Ubiquinol":0.0042,"Zinc Citrate":0.0153,"Fiber":0.0026,"Blueberries":0.0752,"Macadamia nuts":0.0918,"Walnuts":0.0604,"Omega 3":0.0074,"Omega 6":0.0175,"Calcium":0.009,"EVOO polyphenols":0.0016,"Oleic acid":0.0227,"Protein (plant)":0.0004,"Copper":0.0044,"Caffeine":0.0364,"Magnesium Citrate":0.0231,"Manganese Citrate":0.0547,"Curcuminoids":0.032,"Fisetin (smoketree extract)":0.006,"Garlic extract 12:1 odorless":0.0044,"Genistein (Japonica extract)":0.0047,"Milled Golden Flaxseed":0.0329,"SDG lignan":0.0465,"Phosphatidylinositol":0.001,"Phosphatidylethanolamine":0.0055}],"vo2_max":23.7258}
