{"personal_data":[{"age":33,"gender":"F","name":"Dr. Lashawn Bogisich"}],"fitness_data":[{"Backwards Sled, 2 min":4,"Posture exercises":1,"Tricep extensions":3,"Face pulls":2,"Butterfly":2,"Band pull apart (back muscles)":1,"Back extensions (on a hyperextension)":2,"Obliques (each side, on a hyperextension)":2,"StretchesKneeling shin_Kneeling shin_":0,"StretchesHip flexor_Hip flexor_":2,"StretchesCouch_Couch_":1,"Leg raises (for abdomen)":0,"Seated calf raises":3,"Poliquin step ups":1,"Slant board squats":6,"ATG Split squats":3,"Nordics":0,"Reverse Nordics":0,"Tibialis raises,":3,"IsoTib ankle rotations":4,"Pull ups":0,"Chin ups":1,"10 min HIIT":4}],"supplement_vars":[{"N-Acetyl-L-Cysteine (NAC)":0.0087,"N-Acetyl-L-Cysteine (NAC) 2":0.008,"Nicotinamide Riboside Chloride (NR)":0.017,"Zeaxanthin":0.0012,"Phosphorus":0.0337,"Astaxanthin (Natural)":0.0212,"Boron Glycinate":0.0251,"CaAKG":0.0024,"Ashwagandha KSM66":0.008,"Calcium L-5- Methyltetrahydrofolate (L-5-MTHF-Ca)":0.0364,"Cocoa Powder (Non-Alkalised) 8+% Flavanols":0.0009,"Red Yeast Rice (2% Monacolin K)":0.0157,"Creatine Monohydrate":0.0041,"Ginger":0.0081,"Glucosamine Sulfate KCI":0.0249,"Grape Seed Extract 90% polyphenols":0.0136,"Broccoli Extract (glucoraphanin 10%)":0.0039,"Glycine":0.0075,"Theanine":0.0543,"Lactobacillus Acidophilus":0.0001,"Lithium orotate":0.0063,"Pomegranate Juice Extract (50% Polyphenols)":0.004,"Potassium Iodate":0.0187,"Rhodiola 3% Rosavins / Salidroside 1%":0.0428,"Selenium":0.0174,"Glutathione reduced":0.0392,"Lutein":0.0079,"Luteolin":0.004,"Cinnamon powder (ceylon) organic":0.0104,"Sodium Hyaluronate":0.004,"Spermidine":0.0359,"Vitamin B1 (Thiamine HCl)":0.003,"Vitamin B12 (Methylcobalamin)":0.0819,"Vitamin B2 (Riboflavin-5-Phosphate)":0.0597,"Vitamin B3 (Niacinamide)":0.0374,"Vitamin B5 (Calcium-D-Pantothenate)":0.0203,"Vitamin B6 (Pyridoxal-5- Phosphate)":0.0271,"Vitamin B7 (D-Biotin)":0.0273,"Vitamin C (Ascorbic Acid)":0.0027,"Vitamin D Veg D3":0.0195,"Vitamin E (d-alpha tocopherol)":0.047,"Vitamin K1":0.0503,"Vitamin K2 MK-7 MCT Oil":0.0273,"Vitamin K2 MK-4 MCT Oil":0.0246,"Sunflower lecithin non-GMO":0.0364,"Phosphatidylcholine":0.0289,"Choline":0.0156,"Lycopene":0.0313,"Lysine":0.0055,"Taurine":0.0028,"Glucoraphanin":0.0261,"Ubiquinol":0.0016,"Zinc Citrate":0.0223,"Fiber":0.0016,"Blueberries":0.0175,"Macadamia nuts":0.054,"Walnuts":0.0266,"Omega 3":0.0033,"Omega 6":0.0254,"Calcium":0.0285,"EVOO polyphenols":0.0012,"Oleic acid":0.0178,"Protein (plant)":0.002,"Copper":0.0195,"Caffeine":0.0266,"Magnesium Citrate":0.0149,"Manganese Citrate":0.0941,"Curcuminoids":0.0476,"Fisetin (smoketree extract)":0.013,"Garlic extract 12:1 odorless":0.0022,"Genistein (Japonica extract)":0.006,"Milled Golden Flaxseed":0.0244,"SDG lignan":0.0217,"Phosphatidylinositol":0.0172,"Phosphatidylethanolamine":0.0247}],"vo2_max":35.5517}
