{"personal_data":[{"age":65,"gender":"M"}],"fitness_data":[{"Backwards Sled, 2 min":3,"Posture exercises":3,"Tricep extensions":2,"Face pulls":5,"Butterfly":0,"Band pull apart (back muscles)":6,"Back extensions (on a hyperextension)":0,"Obliques (each side, on a hyperextension)":2,"StretchesKneeling shin_Kneeling shin_":2,"StretchesHip flexor_Hip flexor_":1,"StretchesCouch_Couch_":2,"Leg raises (for abdomen)":1,"Seated calf raises":1,"Poliquin step ups":2,"Slant board squats":1,"ATG Split squats":5,"Nordics":2,"Reverse Nordics":2,"Tibialis raises,":3,"IsoTib ankle rotations":4,"Pull ups":3,"Chin ups":1,"10 min HIIT":3}],"supplement_vars":[{"N-Acetyl-L-Cysteine (NAC)":0.0157,"N-Acetyl-L-Cysteine (NAC) 2":0.0044,"Nicotinamide Riboside Chloride (NR)":0.0038,"Zeaxanthin":0.0021,"Phosphorus":0.0068,"Astaxanthin (Natural)":0.0148,"Boron Glycinate":0.0078,"CaAKG":0.0125,"Ashwagandha KSM66":0.0043,"Calcium L-5- Methyltetrahydrofolate (L-5-MTHF-Ca)":0.0257,"Cocoa Powder (Non-Alkalised) 8+% Flavanols":0.0193,"Red Yeast Rice (2% Monacolin K)":0.0161,"Creatine Monohydrate":0.0253,"Ginger":0.0498,"Glucosamine Sulfate KCI":0.0642,"Grape Seed Extract 90% polyphenols":0.0021,"Broccoli Extract (glucoraphanin 10%)":0.0001,"Glycine":0.028,"Theanine":0.002,"Lactobacillus Acidophilus":0.0492,"Lithium orotate":0.0014,"Pomegranate Juice Extract (50% Polyphenols)":0.0526,"Potassium Iodate":0.044,"Rhodiola 3% Rosavins / Salidroside 1%":0.0521,"Selenium":0.027,"Glutathione reduced":0.0441,"Lutein":0.0193,"Luteolin":0.0008,"Cinnamon powder (ceylon) organic":0.0152,"Sodium Hyaluronate":0.0057,"Spermidine":0.0748,"Vitamin B1 (Thiamine HCl)":0.0147,"Vitamin B12 (Methylcobalamin)":0.0674,"Vitamin B2 (Riboflavin-5-Phosphate)":0.0141,"Vitamin B3 (Niacinamide)":0.0108,"Vitamin B5 (Calcium-D-Pantothenate)":0.006,"Vitamin B6 (Pyridoxal-5- Phosphate)":0.0047,"Vitamin B7 (D-Biotin)":0.0114,"Vitamin C (Ascorbic Acid)":0.0065,"Vitamin D Veg D3":0.035,"Vitamin E (d-alpha tocopherol)":0.0124,"Vitamin K1":0.057,"Vitamin K2 MK-7 MCT Oil":0.0262,"Vitamin K2 MK-4 MCT Oil":0.0026,"Sunflower lecithin non-GMO":0.0237,"Phosphatidylcholine":0.0229,"Choline":0.0381,"Lycopene":0.0066,"Lysine":0.0017,"Taurine":0.0412,"Glucoraphanin":0.0139,"Ubiquinol":0.0065,"Zinc Citrate":0.0262,"Fiber":0.0041,"Blueberries":0.0769,"Macadamia nuts":0.0786,"Walnuts":0.0199,"Omega 3":0.0343,"Omega 6":0.0512,"Calcium":0.0287,"EVOO polyphenols":0.0031,"Oleic acid":0.029,"Protein (plant)":0.003,"Copper":0.0054,"Caffeine":0.0367,"Magnesium Citrate":0.0196,"Manganese Citrate":0.0547,"Curcuminoids":0.0115,"Fisetin (smoketree extract)":0.0366,"Garlic extract 12:1 odorless":0.0163,"Genistein (Japonica extract)":0.0161,"Milled Golden Flaxseed":0.0158,"SDG lignan":0.0324,"Phosphatidylinositol":0.0252,"Phosphatidylethanolamine":0.0305}],"vo2_max":22.1646}
