{"personal_data":[{"age":62,"gender":"F","name":"Harper Shanahan"}],"fitness_data":[{"Backwards Sled, 2 min":3,"Posture exercises":4,"Tricep extensions":4,"Face pulls":4,"Butterfly":5,"Band pull apart (back muscles)":6,"Back extensions (on a hyperextension)":2,"Obliques (each side, on a hyperextension)":2,"StretchesKneeling shin_Kneeling shin_":1,"StretchesHip flexor_Hip flexor_":5,"StretchesCouch_Couch_":2,"Leg raises (for abdomen)":4,"Seated calf raises":1,"Poliquin step ups":3,"Slant board squats":1,"ATG Split squats":5,"Nordics":3,"Reverse Nordics":3,"Tibialis raises,":2,"IsoTib ankle rotations":2,"Pull ups":4,"Chin ups":2,"10 min HIIT":2}],"supplement_vars":[{"N-Acetyl-L-Cysteine (NAC)":0.0115,"N-Acetyl-L-Cysteine (NAC) 2":0.0094,"Nicotinamide Riboside Chloride (NR)":0.0158,"Zeaxanthin":0.0136,"Phosphorus":0.0103,"Astaxanthin (Natural)":0.0196,"Boron Glycinate":0.0445,"CaAKG":0.0084,"Ashwagandha KSM66":0.0084,"Calcium L-5- Methyltetrahydrofolate (L-5-MTHF-Ca)":0.0566,"Cocoa Powder (Non-Alkalised) 8+% Flavanols":0.009,"Red Yeast Rice (2% Monacolin K)":0.0116,"Creatine Monohydrate":0.0281,"Ginger":0.0349,"Glucosamine Sulfate KCI":0.0632,"Grape Seed Extract 90% polyphenols":0.007,"Broccoli Extract (glucoraphanin 10%)":0.025,"Glycine":0.0203,"Theanine":0.0472,"Lactobacillus Acidophilus":0.0521,"Lithium orotate":0.0001,"Pomegranate Juice Extract (50% Polyphenols)":0.0023,"Potassium Iodate":0.0279,"Rhodiola 3% Rosavins / Salidroside 1%":0.0349,"Selenium":0.01,"Glutathione reduced":0.0369,"Lutein":0.0183,"Luteolin":0.0007,"Cinnamon powder (ceylon) organic":0.0114,"Sodium Hyaluronate":0.0044,"Spermidine":0.0791,"Vitamin B1 (Thiamine HCl)":0.0065,"Vitamin B12 (Methylcobalamin)":0.0164,"Vitamin B2 (Riboflavin-5-Phosphate)":0.0674,"Vitamin B3 (Niacinamide)":0.0095,"Vitamin B5 (Calcium-D-Pantothenate)":0.0149,"Vitamin B6 (Pyridoxal-5- Phosphate)":0.0006,"Vitamin B7 (D-Biotin)":0.0002,"Vitamin C (Ascorbic Acid)":0.0101,"Vitamin D Veg D3":0.0015,"Vitamin E (d-alpha tocopherol)":0.0443,"Vitamin K1":0.0056,"Vitamin K2 MK-7 MCT Oil":0.0318,"Vitamin K2 MK-4 MCT Oil":0.0004,"Sunflower lecithin non-GMO":0.0342,"Phosphatidylcholine":0.0137,"Choline":0.0567,"Lycopene":0.0434,"Lysine":0.0109,"Taurine":0.0205,"Glucoraphanin":0.0131,"Ubiquinol":0.0059,"Zinc Citrate":0.0184,"Fiber":0.0054,"Blueberries":0.0819,"Macadamia nuts":0.0627,"Walnuts":0.0137,"Omega 3":0.0419,"Omega 6":0.0582,"Calcium":0.0717,"EVOO polyphenols":0.0033,"Oleic acid":0.0146,"Protein (plant)":0.0034,"Copper":0.0164,"Caffeine":0.0261,"Magnesium Citrate":0.0383,"Manganese Citrate":0.0962,"Curcuminoids":0.0426,"Fisetin (smoketree extract)":0.0139,"Garlic extract 12:1 odorless":0.0224,"Genistein (Japonica extract)":0.0011,"Milled Golden Flaxseed":0.0017,"SDG lignan":0.001,"Phosphatidylinositol":0.0216,"Phosphatidylethanolamine":0.0324}],"vo2_max":23.3549}
