{"personal_data":[{"age":60,"gender":"M","name":"Hung Cassin Jr."}],"fitness_data":[{"Backwards Sled, 2 min":0,"Posture exercises":4,"Tricep extensions":3,"Face pulls":0,"Butterfly":2,"Band pull apart (back muscles)":5,"Back extensions (on a hyperextension)":0,"Obliques (each side, on a hyperextension)":3,"StretchesKneeling shin_Kneeling shin_":3,"StretchesHip flexor_Hip flexor_":4,"StretchesCouch_Couch_":2,"Leg raises (for abdomen)":4,"Seated calf raises":0,"Poliquin step ups":2,"Slant board squats":3,"ATG Split squats":3,"Nordics":0,"Reverse Nordics":0,"Tibialis raises,":3,"IsoTib ankle rotations":4,"Pull ups":3,"Chin ups":1,"10 min HIIT":3}],"supplement_vars":[{"N-Acetyl-L-Cysteine (NAC)":0.0057,"N-Acetyl-L-Cysteine (NAC) 2":0.0003,"Nicotinamide Riboside Chloride (NR)":0.0046,"Zeaxanthin":0.0101,"Phosphorus":0.0297,"Astaxanthin (Natural)":0.021,"Boron Glycinate":0.0294,"CaAKG":0.0126,"Ashwagandha KSM66":0.0073,"Calcium L-5- Methyltetrahydrofolate (L-5-MTHF-Ca)":0.0178,"Cocoa Powder (Non-Alkalised) 8+% Flavanols":0.0126,"Red Yeast Rice (2% Monacolin K)":0.0008,"Creatine Monohydrate":0.0606,"Ginger":0.0052,"Glucosamine Sulfate KCI":0.0655,"Grape Seed Extract 90% polyphenols":0.0058,"Broccoli Extract (glucoraphanin 10%)":0.0036,"Glycine":0.0313,"Theanine":0.0222,"Lactobacillus Acidophilus":0.0633,"Lithium orotate":0.0064,"Pomegranate Juice Extract (50% Polyphenols)":0.0357,"Potassium Iodate":0.0097,"Rhodiola 3% Rosavins / Salidroside 1%":0.051,"Selenium":0.0062,"Glutathione reduced":0.0182,"Lutein":0.0206,"Luteolin":0.0025,"Cinnamon powder (ceylon) organic":0.0003,"Sodium Hyaluronate":0.0001,"Spermidine":0.0507,"Vitamin B1 (Thiamine HCl)":0.0031,"Vitamin B12 (Methylcobalamin)":0.0698,"Vitamin B2 (Riboflavin-5-Phosphate)":0.0239,"Vitamin B3 (Niacinamide)":0.0585,"Vitamin B5 (Calcium-D-Pantothenate)":0.0086,"Vitamin B6 (Pyridoxal-5- Phosphate)":0.0231,"Vitamin B7 (D-Biotin)":0.0251,"Vitamin C (Ascorbic Acid)":0.007,"Vitamin D Veg D3":0.0387,"Vitamin E (d-alpha tocopherol)":0.0065,"Vitamin K1":0.0577,"Vitamin K2 MK-7 MCT Oil":0.033,"Vitamin K2 MK-4 MCT Oil":0.0312,"Sunflower lecithin non-GMO":0.0028,"Phosphatidylcholine":0.0035,"Choline":0.051,"Lycopene":0.0721,"Lysine":0.0013,"Taurine":0.0211,"Glucoraphanin":0.0312,"Ubiquinol":0.0097,"Zinc Citrate":0.0079,"Fiber":0.0005,"Blueberries":0.0342,"Macadamia nuts":0.0207,"Walnuts":0.0392,"Omega 3":0.0266,"Omega 6":0.0212,"Calcium":0.0177,"EVOO polyphenols":0.001,"Oleic acid":0.033,"Protein (plant)":0.0047,"Copper":0.002,"Caffeine":0.049,"Magnesium Citrate":0.0078,"Manganese Citrate":0.0295,"Curcuminoids":0.0499,"Fisetin (smoketree extract)":0.0155,"Garlic extract 12:1 odorless":0.0086,"Genistein (Japonica extract)":0.021,"Milled Golden Flaxseed":0.031,"SDG lignan":0.0341,"Phosphatidylinositol":0.009,"Phosphatidylethanolamine":0.0187}],"vo2_max":24.0193}
