{"personal_data":[{"age":28,"gender":"M","name":"Mr. Lionel Collins"}],"fitness_data":[{"Backwards Sled, 2 min":2,"Posture exercises":2,"Tricep extensions":0,"Face pulls":2,"Butterfly":1,"Band pull apart (back muscles)":1,"Back extensions (on a hyperextension)":1,"Obliques (each side, on a hyperextension)":1,"StretchesKneeling shin_Kneeling shin_":2,"StretchesHip flexor_Hip flexor_":6,"StretchesCouch_Couch_":0,"Leg raises (for abdomen)":0,"Seated calf raises":3,"Poliquin step ups":0,"Slant board squats":6,"ATG Split squats":4,"Nordics":4,"Reverse Nordics":1,"Tibialis raises,":3,"IsoTib ankle rotations":5,"Pull ups":4,"Chin ups":3,"10 min HIIT":3}],"supplement_vars":[{"N-Acetyl-L-Cysteine (NAC)":0.0139,"N-Acetyl-L-Cysteine (NAC) 2":0.0141,"Nicotinamide Riboside Chloride (NR)":0.0059,"Zeaxanthin":0.0014,"Phosphorus":0.0039,"Astaxanthin (Natural)":0.0142,"Boron Glycinate":0.0338,"CaAKG":0.0032,"Ashwagandha KSM66":0.0076,"Calcium L-5- Methyltetrahydrofolate (L-5-MTHF-Ca)":0.0316,"Cocoa Powder (Non-Alkalised) 8+% Flavanols":0.014,"Red Yeast Rice (2% Monacolin K)":0.0326,"Creatine Monohydrate":0.0275,"Ginger":0.0812,"Glucosamine Sulfate KCI":0.0099,"Grape Seed Extract 90% polyphenols":0.0007,"Broccoli Extract (glucoraphanin 10%)":0.0337,"Glycine":0.0151,"Theanine":0.036,"Lactobacillus Acidophilus":0.0701,"Lithium orotate":0.0096,"Pomegranate Juice Extract (50% Polyphenols)":0.0129,"Potassium Iodate":0.0309,"Rhodiola 3% Rosavins / Salidroside 1%":0.0536,"Selenium":0.0329,"Glutathione reduced":0.017,"Lutein":0.0128,"Luteolin":0.0093,"Cinnamon powder (ceylon) organic":0.0048,"Sodium Hyaluronate":0.0018,"Spermidine":0.0745,"Vitamin B1 (Thiamine HCl)":0.0038,"Vitamin B12 (Methylcobalamin)":0.077,"Vitamin B2 (Riboflavin-5-Phosphate)":0.0375,"Vitamin B3 (Niacinamide)":0.0262,"Vitamin B5 (Calcium-D-Pantothenate)":0.0136,"Vitamin B6 (Pyridoxal-5- Phosphate)":0.0357,"Vitamin B7 (D-Biotin)":0.0008,"Vitamin C (Ascorbic Acid)":0.0023,"Vitamin D Veg D3":0.0298,"Vitamin E (d-alpha tocopherol)":0.04,"Vitamin K1":0.0517,"Vitamin K2 MK-7 MCT Oil":0.0043,"Vitamin K2 MK-4 MCT Oil":0.0125,"Sunflower lecithin non-GMO":0.0162,"Phosphatidylcholine":0.0066,"Choline":0.013,"Lycopene":0.0601,"Lysine":0.006,"Taurine":0.0109,"Glucoraphanin":0.007,"Ubiquinol":0.0054,"Zinc Citrate":0.0186,"Fiber":0.0014,"Blueberries":0.0194,"Macadamia nuts":0.0347,"Walnuts":0.0181,"Omega 3":0.0433,"Omega 6":0.0158,"Calcium":0.071,"EVOO polyphenols":0.006,"Oleic acid":0.0096,"Protein (plant)":0.0029,"Copper":0.0052,"Caffeine":0.0038,"Magnesium Citrate":0.0052,"Manganese Citrate":0.025,"Curcuminoids":0.0383,"Fisetin (smoketree extract)":0.0141,"Garlic extract 12:1 odorless":0.036,"Genistein (Japonica extract)":0.0176,"Milled Golden Flaxseed":0.0352,"SDG lignan":0.0229,"Phosphatidylinositol":0.0154,"Phosphatidylethanolamine":0.0067}],"vo2_max":32.7608}
