{"personal_data":[{"age":76,"gender":"F","name":"Danna Rutherford"}],"fitness_data":[{"Backwards Sled, 2 min":4,"Posture exercises":0,"Tricep extensions":3,"Face pulls":0,"Butterfly":1,"Band pull apart (back muscles)":5,"Back extensions (on a hyperextension)":3,"Obliques (each side, on a hyperextension)":3,"StretchesKneeling shin_Kneeling shin_":4,"StretchesHip flexor_Hip flexor_":4,"StretchesCouch_Couch_":1,"Leg raises (for abdomen)":1,"Seated calf raises":2,"Poliquin step ups":0,"Slant board squats":4,"ATG Split squats":4,"Nordics":4,"Reverse Nordics":3,"Tibialis raises,":1,"IsoTib ankle rotations":1,"Pull ups":2,"Chin ups":3,"10 min HIIT":2}],"supplement_vars":[{"N-Acetyl-L-Cysteine (NAC)":0.0134,"N-Acetyl-L-Cysteine (NAC) 2":0.014,"Nicotinamide Riboside Chloride (NR)":0.0091,"Zeaxanthin":0.0045,"Phosphorus":0.037,"Astaxanthin (Natural)":0.0105,"Boron Glycinate":0.0388,"CaAKG":0.0006,"Ashwagandha KSM66":0.0061,"Calcium L-5- Methyltetrahydrofolate (L-5-MTHF-Ca)":0.024,"Cocoa Powder (Non-Alkalised) 8+% Flavanols":0.0066,"Red Yeast Rice (2% Monacolin K)":0.0012,"Creatine Monohydrate":0.0557,"Ginger":0.0399,"Glucosamine Sulfate KCI":0.0536,"Grape Seed Extract 90% polyphenols":0.0036,"Broccoli Extract (glucoraphanin 10%)":0.0286,"Glycine":0.0302,"Theanine":0.0325,"Lactobacillus Acidophilus":0.0703,"Lithium orotate":0.0094,"Pomegranate Juice Extract (50% Polyphenols)":0.037,"Potassium Iodate":0.0277,"Rhodiola 3% Rosavins / Salidroside 1%":0.0367,"Selenium":0.0086,"Glutathione reduced":0.0048,"Lutein":0.0225,"Luteolin":0.005,"Cinnamon powder (ceylon) organic":0.0217,"Sodium Hyaluronate":0.0031,"Spermidine":0.0908,"Vitamin B1 (Thiamine HCl)":0.007,"Vitamin B12 (Methylcobalamin)":0.0686,"Vitamin B2 (Riboflavin-5-Phosphate)":0.0071,"Vitamin B3 (Niacinamide)":0.0626,"Vitamin B5 (Calcium-D-Pantothenate)":0.0089,"Vitamin B6 (Pyridoxal-5- Phosphate)":0.0269,"Vitamin B7 (D-Biotin)":0.0302,"Vitamin C (Ascorbic Acid)":0.0026,"Vitamin D Veg D3":0.0308,"Vitamin E (d-alpha tocopherol)":0.04,"Vitamin K1":0.0358,"Vitamin K2 MK-7 MCT Oil":0.0184,"Vitamin K2 MK-4 MCT Oil":0.0317,"Sunflower lecithin non-GMO":0.0314,"Phosphatidylcholine":0.0082,"Choline":0.0258,"Lycopene":0.0663,"Lysine":0.0078,"Taurine":0.0103,"Glucoraphanin":0.0324,"Ubiquinol":0.0065,"Zinc Citrate":0.0183,"Fiber":0.0058,"Blueberries":0.0051,"Macadamia nuts":0.073,"Walnuts":0.0628,"Omega 3":0.0338,"Omega 6":0.0183,"Calcium":0.0697,"EVOO polyphenols":0.0019,"Oleic acid":0.0151,"Protein (plant)":0.0026,"Copper":0.0187,"Caffeine":0.0622,"Magnesium Citrate":0.0036,"Manganese Citrate":0.0777,"Curcuminoids":0.0023,"Fisetin (smoketree extract)":0.0123,"Garlic extract 12:1 odorless":0.005,"Genistein (Japonica extract)":0.0029,"Milled Golden Flaxseed":0.028,"SDG lignan":0.0511,"Phosphatidylinositol":0.0232,"Phosphatidylethanolamine":0.0338}],"vo2_max":18.8494}
