{"personal_data":[{"age":67,"gender":"M","name":"Kasandra Bailey"}],"fitness_data":[{"Backwards Sled, 2 min":2,"Posture exercises":3,"Tricep extensions":3,"Face pulls":4,"Butterfly":6,"Band pull apart (back muscles)":3,"Back extensions (on a hyperextension)":0,"Obliques (each side, on a hyperextension)":2,"StretchesKneeling shin_Kneeling shin_":0,"StretchesHip flexor_Hip flexor_":1,"StretchesCouch_Couch_":1,"Leg raises (for abdomen)":3,"Seated calf raises":0,"Poliquin step ups":1,"Slant board squats":2,"ATG Split squats":5,"Nordics":1,"Reverse Nordics":1,"Tibialis raises,":1,"IsoTib ankle rotations":5,"Pull ups":1,"Chin ups":2,"10 min HIIT":1}],"supplement_vars":[{"N-Acetyl-L-Cysteine (NAC)":0.004,"N-Acetyl-L-Cysteine (NAC) 2":0.0109,"Nicotinamide Riboside Chloride (NR)":0.0031,"Zeaxanthin":0.0004,"Phosphorus":0.0033,"Astaxanthin (Natural)":0.0061,"Boron Glycinate":0.0021,"CaAKG":0.0088,"Ashwagandha KSM66":0.0022,"Calcium L-5- Methyltetrahydrofolate (L-5-MTHF-Ca)":0.0371,"Cocoa Powder (Non-Alkalised) 8+% Flavanols":0.0174,"Red Yeast Rice (2% Monacolin K)":0.0318,"Creatine Monohydrate":0.0401,"Ginger":0.0035,"Glucosamine Sulfate KCI":0.0181,"Grape Seed Extract 90% polyphenols":0.0121,"Broccoli Extract (glucoraphanin 10%)":0.0119,"Glycine":0.0191,"Theanine":0.0283,"Lactobacillus Acidophilus":0.0176,"Lithium orotate":0.0061,"Pomegranate Juice Extract (50% Polyphenols)":0.0066,"Potassium Iodate":0.0314,"Rhodiola 3% Rosavins / Salidroside 1%":0.0353,"Selenium":0.0073,"Glutathione reduced":0.0026,"Lutein":0.0199,"Luteolin":0.0003,"Cinnamon powder (ceylon) organic":0.0097,"Sodium Hyaluronate":0.0038,"Spermidine":0.0696,"Vitamin B1 (Thiamine HCl)":0.0057,"Vitamin B12 (Methylcobalamin)":0.0698,"Vitamin B2 (Riboflavin-5-Phosphate)":0.047,"Vitamin B3 (Niacinamide)":0.0426,"Vitamin B5 (Calcium-D-Pantothenate)":0.016,"Vitamin B6 (Pyridoxal-5- Phosphate)":0.0358,"Vitamin B7 (D-Biotin)":0.0238,"Vitamin C (Ascorbic Acid)":0.0074,"Vitamin D Veg D3":0.0325,"Vitamin E (d-alpha tocopherol)":0.0067,"Vitamin K1":0.0494,"Vitamin K2 MK-7 MCT Oil":0.0275,"Vitamin K2 MK-4 MCT Oil":0.0084,"Sunflower lecithin non-GMO":0.0425,"Phosphatidylcholine":0.0182,"Choline":0.0409,"Lycopene":0.013,"Lysine":0.0059,"Taurine":0.0031,"Glucoraphanin":0.027,"Ubiquinol":0.0078,"Zinc Citrate":0.0197,"Fiber":0.0031,"Blueberries":0.0312,"Macadamia nuts":0.0181,"Walnuts":0.0083,"Omega 3":0.0206,"Omega 6":0.0056,"Calcium":0.0473,"EVOO polyphenols":0.0061,"Oleic acid":0.03,"Protein (plant)":0.001,"Copper":0.0208,"Caffeine":0.0423,"Magnesium Citrate":0.0533,"Manganese Citrate":0.0152,"Curcuminoids":0.0346,"Fisetin (smoketree extract)":0.0061,"Garlic extract 12:1 odorless":0.008,"Genistein (Japonica extract)":0.0151,"Milled Golden Flaxseed":0.0366,"SDG lignan":0.003,"Phosphatidylinositol":0.0133,"Phosphatidylethanolamine":0.0477}],"vo2_max":21.1571}
