{"personal_data":[{"age":70,"gender":"F","name":"Lynn Casper"}],"fitness_data":[{"Backwards Sled, 2 min":3,"Posture exercises":2,"Tricep extensions":2,"Face pulls":4,"Butterfly":0,"Band pull apart (back muscles)":4,"Back extensions (on a hyperextension)":3,"Obliques (each side, on a hyperextension)":1,"StretchesKneeling shin_Kneeling shin_":4,"StretchesHip flexor_Hip flexor_":1,"StretchesCouch_Couch_":1,"Leg raises (for abdomen)":1,"Seated calf raises":1,"Poliquin step ups":1,"Slant board squats":4,"ATG Split squats":1,"Nordics":3,"Reverse Nordics":2,"Tibialis raises,":3,"IsoTib ankle rotations":6,"Pull ups":2,"Chin ups":3,"10 min HIIT":1}],"supplement_vars":[{"N-Acetyl-L-Cysteine (NAC)":0.002,"N-Acetyl-L-Cysteine (NAC) 2":0.0026,"Nicotinamide Riboside Chloride (NR)":0.0119,"Zeaxanthin":0.0025,"Phosphorus":0.0155,"Astaxanthin (Natural)":0.0171,"Boron Glycinate":0.0236,"CaAKG":0.0089,"Ashwagandha KSM66":0.0062,"Calcium L-5- Methyltetrahydrofolate (L-5-MTHF-Ca)":0.0592,"Cocoa Powder (Non-Alkalised) 8+% Flavanols":0.0076,"Red Yeast Rice (2% Monacolin K)":0.0086,"Creatine Monohydrate":0.012,"Ginger":0.0449,"Glucosamine Sulfate KCI":0.0519,"Grape Seed Extract 90% polyphenols":0.0107,"Broccoli Extract (glucoraphanin 10%)":0.0069,"Glycine":0.0308,"Theanine":0.03,"Lactobacillus Acidophilus":0.0214,"Lithium orotate":0.0012,"Pomegranate Juice Extract (50% Polyphenols)":0.031,"Potassium Iodate":0.0356,"Rhodiola 3% Rosavins / Salidroside 1%":0.0359,"Selenium":0.0099,"Glutathione reduced":0.0002,"Lutein":0.0095,"Luteolin":0.0032,"Cinnamon powder (ceylon) organic":0.0229,"Sodium Hyaluronate":0.0028,"Spermidine":0.0819,"Vitamin B1 (Thiamine HCl)":0.0064,"Vitamin B12 (Methylcobalamin)":0.0044,"Vitamin B2 (Riboflavin-5-Phosphate)":0.0393,"Vitamin B3 (Niacinamide)":0.0145,"Vitamin B5 (Calcium-D-Pantothenate)":0.0143,"Vitamin B6 (Pyridoxal-5- Phosphate)":0.0135,"Vitamin B7 (D-Biotin)":0.0319,"Vitamin C (Ascorbic Acid)":0.0069,"Vitamin D Veg D3":0.0365,"Vitamin E (d-alpha tocopherol)":0.0272,"Vitamin K1":0.0283,"Vitamin K2 MK-7 MCT Oil":0.0143,"Vitamin K2 MK-4 MCT Oil":0.0108,"Sunflower lecithin non-GMO":0.022,"Phosphatidylcholine":0.0213,"Choline":0.0083,"Lycopene":0.0031,"Lysine":0.0103,"Taurine":0.0447,"Glucoraphanin":0.004,"Ubiquinol":0.0093,"Zinc Citrate":0.0017,"Fiber":0.0005,"Blueberries":0.0675,"Macadamia nuts":0.0323,"Walnuts":0.0089,"Omega 3":0.0295,"Omega 6":0.0122,"Calcium":0.0613,"EVOO polyphenols":0.0061,"Oleic acid":0.0044,"Protein (plant)":0.0009,"Copper":0.0236,"Caffeine":0.0368,"Magnesium Citrate":0.0149,"Manganese Citrate":0.0249,"Curcuminoids":0.0286,"Fisetin (smoketree extract)":0.0124,"Garlic extract 12:1 odorless":0.0282,"Genistein (Japonica extract)":0.0088,"Milled Golden Flaxseed":0.0007,"SDG lignan":0.0043,"Phosphatidylinositol":0.0133,"Phosphatidylethanolamine":0.0085}],"vo2_max":17.8098}
