{"personal_data":[{"age":55,"gender":"F","name":"Dink Renner"}],"fitness_data":[{"Backwards Sled, 2 min":5,"Posture exercises":1,"Tricep extensions":3,"Face pulls":4,"Butterfly":5,"Band pull apart (back muscles)":5,"Back extensions (on a hyperextension)":1,"Obliques (each side, on a hyperextension)":1,"StretchesKneeling shin_Kneeling shin_":3,"StretchesHip flexor_Hip flexor_":5,"StretchesCouch_Couch_":0,"Leg raises (for abdomen)":3,"Seated calf raises":0,"Poliquin step ups":2,"Slant board squats":6,"ATG Split squats":4,"Nordics":1,"Reverse Nordics":2,"Tibialis raises,":1,"IsoTib ankle rotations":1,"Pull ups":3,"Chin ups":4,"10 min HIIT":2}],"supplement_vars":[{"N-Acetyl-L-Cysteine (NAC)":0.0094,"N-Acetyl-L-Cysteine (NAC) 2":0.0068,"Nicotinamide Riboside Chloride (NR)":0.0109,"Zeaxanthin":0.0002,"Phosphorus":0.0413,"Astaxanthin (Natural)":0.0115,"Boron Glycinate":0.0089,"CaAKG":0.0118,"Ashwagandha KSM66":0,"Calcium L-5- Methyltetrahydrofolate (L-5-MTHF-Ca)":0.0619,"Cocoa Powder (Non-Alkalised) 8+% Flavanols":0.0043,"Red Yeast Rice (2% Monacolin K)":0.0272,"Creatine Monohydrate":0.0142,"Ginger":0.0786,"Glucosamine Sulfate KCI":0.0474,"Grape Seed Extract 90% polyphenols":0.0102,"Broccoli Extract (glucoraphanin 10%)":0.0221,"Glycine":0.0282,"Theanine":0.0433,"Lactobacillus Acidophilus":0.0173,"Lithium orotate":0.0036,"Pomegranate Juice Extract (50% Polyphenols)":0.0279,"Potassium Iodate":0.0265,"Rhodiola 3% Rosavins / Salidroside 1%":0.0484,"Selenium":0.0106,"Glutathione reduced":0.0406,"Lutein":0.0245,"Luteolin":0.004,"Cinnamon powder (ceylon) organic":0.0021,"Sodium Hyaluronate":0.0018,"Spermidine":0.0501,"Vitamin B1 (Thiamine HCl)":0.0054,"Vitamin B12 (Methylcobalamin)":0.0302,"Vitamin B2 (Riboflavin-5-Phosphate)":0.0061,"Vitamin B3 (Niacinamide)":0.0674,"Vitamin B5 (Calcium-D-Pantothenate)":0.0173,"Vitamin B6 (Pyridoxal-5- Phosphate)":0.0025,"Vitamin B7 (D-Biotin)":0.0183,"Vitamin C (Ascorbic Acid)":0.0041,"Vitamin D Veg D3":0.0451,"Vitamin E (d-alpha tocopherol)":0.0468,"Vitamin K1":0.0027,"Vitamin K2 MK-7 MCT Oil":0.0195,"Vitamin K2 MK-4 MCT Oil":0.0122,"Sunflower lecithin non-GMO":0.0349,"Phosphatidylcholine":0.0224,"Choline":0.0141,"Lycopene":0.0051,"Lysine":0.011,"Taurine":0.0259,"Glucoraphanin":0.0168,"Ubiquinol":0.0097,"Zinc Citrate":0.001,"Fiber":0.0016,"Blueberries":0.0639,"Macadamia nuts":0.0728,"Walnuts":0.0532,"Omega 3":0.0405,"Omega 6":0.0292,"Calcium":0.0432,"EVOO polyphenols":0.0051,"Oleic acid":0.0071,"Protein (plant)":0.0032,"Copper":0.0222,"Caffeine":0.0058,"Magnesium Citrate":0.0137,"Manganese Citrate":0.0157,"Curcuminoids":0.0455,"Fisetin (smoketree extract)":0.0268,"Garlic extract 12:1 odorless":0.0116,"Genistein (Japonica extract)":0.0219,"Milled Golden Flaxseed":0.0354,"SDG lignan":0.0032,"Phosphatidylinositol":0.0048,"Phosphatidylethanolamine":0.0321}],"vo2_max":27.1502}
