{"personal_data":[{"age":33,"gender":"F","name":"Maxine Botsford"}],"fitness_data":[{"Backwards Sled, 2 min":3,"Posture exercises":0,"Tricep extensions":2,"Face pulls":4,"Butterfly":1,"Band pull apart (back muscles)":5,"Back extensions (on a hyperextension)":3,"Obliques (each side, on a hyperextension)":4,"StretchesKneeling shin_Kneeling shin_":5,"StretchesHip flexor_Hip flexor_":1,"StretchesCouch_Couch_":1,"Leg raises (for abdomen)":4,"Seated calf raises":2,"Poliquin step ups":3,"Slant board squats":4,"ATG Split squats":3,"Nordics":5,"Reverse Nordics":2,"Tibialis raises,":5,"IsoTib ankle rotations":0,"Pull ups":1,"Chin ups":0,"10 min HIIT":2}],"supplement_vars":[{"N-Acetyl-L-Cysteine (NAC)":0.0103,"N-Acetyl-L-Cysteine (NAC) 2":0.0093,"Nicotinamide Riboside Chloride (NR)":0.0151,"Zeaxanthin":0.0074,"Phosphorus":0.0267,"Astaxanthin (Natural)":0.02,"Boron Glycinate":0.0266,"CaAKG":0.0092,"Ashwagandha KSM66":0.0079,"Calcium L-5- Methyltetrahydrofolate (L-5-MTHF-Ca)":0.05,"Cocoa Powder (Non-Alkalised) 8+% Flavanols":0.0222,"Red Yeast Rice (2% Monacolin K)":0.0169,"Creatine Monohydrate":0.0493,"Ginger":0.0738,"Glucosamine Sulfate KCI":0.0262,"Grape Seed Extract 90% polyphenols":0.0056,"Broccoli Extract (glucoraphanin 10%)":0.0001,"Glycine":0.004,"Theanine":0.0168,"Lactobacillus Acidophilus":0.082,"Lithium orotate":0.0013,"Pomegranate Juice Extract (50% Polyphenols)":0.015,"Potassium Iodate":0.0017,"Rhodiola 3% Rosavins / Salidroside 1%":0.059,"Selenium":0.0339,"Glutathione reduced":0.0066,"Lutein":0.0137,"Luteolin":0.0029,"Cinnamon powder (ceylon) organic":0.0088,"Sodium Hyaluronate":0.0033,"Spermidine":0.0646,"Vitamin B1 (Thiamine HCl)":0.0009,"Vitamin B12 (Methylcobalamin)":0.0095,"Vitamin B2 (Riboflavin-5-Phosphate)":0.0088,"Vitamin B3 (Niacinamide)":0.0174,"Vitamin B5 (Calcium-D-Pantothenate)":0.0077,"Vitamin B6 (Pyridoxal-5- Phosphate)":0.0352,"Vitamin B7 (D-Biotin)":0.0188,"Vitamin C (Ascorbic Acid)":0.0117,"Vitamin D Veg D3":0.0109,"Vitamin E (d-alpha tocopherol)":0.0053,"Vitamin K1":0.0059,"Vitamin K2 MK-7 MCT Oil":0.014,"Vitamin K2 MK-4 MCT Oil":0.0216,"Sunflower lecithin non-GMO":0.005,"Phosphatidylcholine":0.0059,"Choline":0.0205,"Lycopene":0.0196,"Lysine":0.0123,"Taurine":0.031,"Glucoraphanin":0.0201,"Ubiquinol":0.0051,"Zinc Citrate":0.0109,"Fiber":0.0057,"Blueberries":0.0236,"Macadamia nuts":0.0365,"Walnuts":0.0624,"Omega 3":0.0344,"Omega 6":0.0454,"Calcium":0.0677,"EVOO polyphenols":0.002,"Oleic acid":0.0287,"Protein (plant)":0.0019,"Copper":0.0181,"Caffeine":0.0463,"Magnesium Citrate":0.0609,"Manganese Citrate":0.0773,"Curcuminoids":0.0491,"Fisetin (smoketree extract)":0.0037,"Garlic extract 12:1 odorless":0.0246,"Genistein (Japonica extract)":0.0156,"Milled Golden Flaxseed":0.0109,"SDG lignan":0.0105,"Phosphatidylinositol":0.0248,"Phosphatidylethanolamine":0.0406}],"vo2_max":34.8123}
