{"personal_data":[{"age":53,"gender":"M","name":"Adalynn Runolfsdottir"}],"fitness_data":[{"Backwards Sled, 2 min":2,"Posture exercises":4,"Tricep extensions":1,"Face pulls":1,"Butterfly":3,"Band pull apart (back muscles)":0,"Back extensions (on a hyperextension)":0,"Obliques (each side, on a hyperextension)":1,"StretchesKneeling shin_Kneeling shin_":2,"StretchesHip flexor_Hip flexor_":1,"StretchesCouch_Couch_":2,"Leg raises (for abdomen)":1,"Seated calf raises":3,"Poliquin step ups":0,"Slant board squats":0,"ATG Split squats":5,"Nordics":1,"Reverse Nordics":2,"Tibialis raises,":2,"IsoTib ankle rotations":4,"Pull ups":1,"Chin ups":3,"10 min HIIT":0}],"supplement_vars":[{"N-Acetyl-L-Cysteine (NAC)":0.0193,"N-Acetyl-L-Cysteine (NAC) 2":0.0012,"Nicotinamide Riboside Chloride (NR)":0.0163,"Zeaxanthin":0.0056,"Phosphorus":0.0322,"Astaxanthin (Natural)":0.0159,"Boron Glycinate":0.0019,"CaAKG":0.008,"Ashwagandha KSM66":0.0016,"Calcium L-5- Methyltetrahydrofolate (L-5-MTHF-Ca)":0.0187,"Cocoa Powder (Non-Alkalised) 8+% Flavanols":0.0192,"Red Yeast Rice (2% Monacolin K)":0.0332,"Creatine Monohydrate":0.005,"Ginger":0.0066,"Glucosamine Sulfate KCI":0.0552,"Grape Seed Extract 90% polyphenols":0.0096,"Broccoli Extract (glucoraphanin 10%)":0.0113,"Glycine":0.0089,"Theanine":0.0063,"Lactobacillus Acidophilus":0.0384,"Lithium orotate":0.0007,"Pomegranate Juice Extract (50% Polyphenols)":0.036,"Potassium Iodate":0.0441,"Rhodiola 3% Rosavins / Salidroside 1%":0.0143,"Selenium":0.0144,"Glutathione reduced":0.0355,"Lutein":0.0147,"Luteolin":0.0022,"Cinnamon powder (ceylon) organic":0.0074,"Sodium Hyaluronate":0.0083,"Spermidine":0.0055,"Vitamin B1 (Thiamine HCl)":0.003,"Vitamin B12 (Methylcobalamin)":0.059,"Vitamin B2 (Riboflavin-5-Phosphate)":0.0436,"Vitamin B3 (Niacinamide)":0.0104,"Vitamin B5 (Calcium-D-Pantothenate)":0.0105,"Vitamin B6 (Pyridoxal-5- Phosphate)":0.039,"Vitamin B7 (D-Biotin)":0.0079,"Vitamin C (Ascorbic Acid)":0.005,"Vitamin D Veg D3":0.0121,"Vitamin E (d-alpha tocopherol)":0.033,"Vitamin K1":0.0217,"Vitamin K2 MK-7 MCT Oil":0.013,"Vitamin K2 MK-4 MCT Oil":0.0054,"Sunflower lecithin non-GMO":0.0101,"Phosphatidylcholine":0.0334,"Choline":0.0361,"Lycopene":0.001,"Lysine":0.0011,"Taurine":0.0238,"Glucoraphanin":0.0103,"Ubiquinol":0.0093,"Zinc Citrate":0.0022,"Fiber":0.0006,"Blueberries":0.0373,"Macadamia nuts":0.0895,"Walnuts":0.0729,"Omega 3":0.0313,"Omega 6":0.0606,"Calcium":0.0387,"EVOO polyphenols":0.0021,"Oleic acid":0.03,"Protein (plant)":0.0006,"Copper":0.0127,"Caffeine":0.0323,"Magnesium Citrate":0.0268,"Manganese Citrate":0.0847,"Curcuminoids":0.0476,"Fisetin (smoketree extract)":0.0308,"Garlic extract 12:1 odorless":0.0369,"Genistein (Japonica extract)":0.0135,"Milled Golden Flaxseed":0.0213,"SDG lignan":0.0264,"Phosphatidylinositol":0.0081,"Phosphatidylethanolamine":0.0024}],"vo2_max":24.5242}
