{"personal_data":[{"age":45,"gender":"M","name":"Aimee Bruen"}],"fitness_data":[{"Backwards Sled, 2 min":3,"Posture exercises":2,"Tricep extensions":0,"Face pulls":5,"Butterfly":4,"Band pull apart (back muscles)":1,"Back extensions (on a hyperextension)":2,"Obliques (each side, on a hyperextension)":1,"StretchesKneeling shin_Kneeling shin_":2,"StretchesHip flexor_Hip flexor_":6,"StretchesCouch_Couch_":2,"Leg raises (for abdomen)":4,"Seated calf raises":1,"Poliquin step ups":2,"Slant board squats":6,"ATG Split squats":2,"Nordics":1,"Reverse Nordics":1,"Tibialis raises,":4,"IsoTib ankle rotations":0,"Pull ups":2,"Chin ups":2,"10 min HIIT":1}],"supplement_vars":[{"N-Acetyl-L-Cysteine (NAC)":0.0002,"N-Acetyl-L-Cysteine (NAC) 2":0.0049,"Nicotinamide Riboside Chloride (NR)":0.017,"Zeaxanthin":0.0015,"Phosphorus":0.0018,"Astaxanthin (Natural)":0.0205,"Boron Glycinate":0.0241,"CaAKG":0.0105,"Ashwagandha KSM66":0.0077,"Calcium L-5- Methyltetrahydrofolate (L-5-MTHF-Ca)":0.0661,"Cocoa Powder (Non-Alkalised) 8+% Flavanols":0.0224,"Red Yeast Rice (2% Monacolin K)":0.0099,"Creatine Monohydrate":0.0478,"Ginger":0.004,"Glucosamine Sulfate KCI":0.0426,"Grape Seed Extract 90% polyphenols":0.0059,"Broccoli Extract (glucoraphanin 10%)":0.0176,"Glycine":0.0111,"Theanine":0.0151,"Lactobacillus Acidophilus":0.0057,"Lithium orotate":0.0076,"Pomegranate Juice Extract (50% Polyphenols)":0.0043,"Potassium Iodate":0.0028,"Rhodiola 3% Rosavins / Salidroside 1%":0.004,"Selenium":0.0055,"Glutathione reduced":0.0284,"Lutein":0.0199,"Luteolin":0.0055,"Cinnamon powder (ceylon) organic":0.0238,"Sodium Hyaluronate":0.0013,"Spermidine":0.0278,"Vitamin B1 (Thiamine HCl)":0.0019,"Vitamin B12 (Methylcobalamin)":0.0064,"Vitamin B2 (Riboflavin-5-Phosphate)":0.0645,"Vitamin B3 (Niacinamide)":0.0569,"Vitamin B5 (Calcium-D-Pantothenate)":0.0056,"Vitamin B6 (Pyridoxal-5- Phosphate)":0.0269,"Vitamin B7 (D-Biotin)":0.0043,"Vitamin C (Ascorbic Acid)":0.0027,"Vitamin D Veg D3":0.0185,"Vitamin E (d-alpha tocopherol)":0.0049,"Vitamin K1":0.066,"Vitamin K2 MK-7 MCT Oil":0.0216,"Vitamin K2 MK-4 MCT Oil":0.007,"Sunflower lecithin non-GMO":0.0408,"Phosphatidylcholine":0.0221,"Choline":0.0415,"Lycopene":0.0088,"Lysine":0.0019,"Taurine":0.0282,"Glucoraphanin":0.0012,"Ubiquinol":0.0108,"Zinc Citrate":0.031,"Fiber":0.0034,"Blueberries":0.0298,"Macadamia nuts":0.0098,"Walnuts":0.0338,"Omega 3":0.0281,"Omega 6":0.0346,"Calcium":0.0706,"EVOO polyphenols":0.0025,"Oleic acid":0.0226,"Protein (plant)":0.0008,"Copper":0.024,"Caffeine":0.0012,"Magnesium Citrate":0.0192,"Manganese Citrate":0.0172,"Curcuminoids":0.0015,"Fisetin (smoketree extract)":0.0168,"Garlic extract 12:1 odorless":0.0317,"Genistein (Japonica extract)":0.0185,"Milled Golden Flaxseed":0.0139,"SDG lignan":0.0186,"Phosphatidylinositol":0.0159,"Phosphatidylethanolamine":0.0063}],"vo2_max":27.526}
