{"personal_data":[{"age":45,"gender":"F","name":"Delora Rutherford-Smitham"}],"fitness_data":[{"Backwards Sled, 2 min":4,"Posture exercises":2,"Tricep extensions":4,"Face pulls":1,"Butterfly":5,"Band pull apart (back muscles)":1,"Back extensions (on a hyperextension)":2,"Obliques (each side, on a hyperextension)":2,"StretchesKneeling shin_Kneeling shin_":1,"StretchesHip flexor_Hip flexor_":5,"StretchesCouch_Couch_":2,"Leg raises (for abdomen)":1,"Seated calf raises":3,"Poliquin step ups":3,"Slant board squats":5,"ATG Split squats":4,"Nordics":0,"Reverse Nordics":0,"Tibialis raises,":1,"IsoTib ankle rotations":1,"Pull ups":0,"Chin ups":1,"10 min HIIT":3}],"supplement_vars":[{"N-Acetyl-L-Cysteine (NAC)":0.014,"N-Acetyl-L-Cysteine (NAC) 2":0.0103,"Nicotinamide Riboside Chloride (NR)":0.0094,"Zeaxanthin":0.0028,"Phosphorus":0.0401,"Astaxanthin (Natural)":0.019,"Boron Glycinate":0.0176,"CaAKG":0.0085,"Ashwagandha KSM66":0.0041,"Calcium L-5- Methyltetrahydrofolate (L-5-MTHF-Ca)":0.0418,"Cocoa Powder (Non-Alkalised) 8+% Flavanols":0.0219,"Red Yeast Rice (2% Monacolin K)":0.0147,"Creatine Monohydrate":0.0311,"Ginger":0.036,"Glucosamine Sulfate KCI":0.0697,"Grape Seed Extract 90% polyphenols":0.0134,"Broccoli Extract (glucoraphanin 10%)":0.0095,"Glycine":0.012,"Theanine":0.041,"Lactobacillus Acidophilus":0.0026,"Lithium orotate":0.0037,"Pomegranate Juice Extract (50% Polyphenols)":0.0675,"Potassium Iodate":0.0385,"Rhodiola 3% Rosavins / Salidroside 1%":0.0102,"Selenium":0.0116,"Glutathione reduced":0.0275,"Lutein":0.0197,"Luteolin":0.0004,"Cinnamon powder (ceylon) organic":0.0247,"Sodium Hyaluronate":0.0042,"Spermidine":0.0427,"Vitamin B1 (Thiamine HCl)":0.0159,"Vitamin B12 (Methylcobalamin)":0.0285,"Vitamin B2 (Riboflavin-5-Phosphate)":0.0505,"Vitamin B3 (Niacinamide)":0.0389,"Vitamin B5 (Calcium-D-Pantothenate)":0.0115,"Vitamin B6 (Pyridoxal-5- Phosphate)":0.0056,"Vitamin B7 (D-Biotin)":0.0169,"Vitamin C (Ascorbic Acid)":0.003,"Vitamin D Veg D3":0.0009,"Vitamin E (d-alpha tocopherol)":0.0308,"Vitamin K1":0.0609,"Vitamin K2 MK-7 MCT Oil":0.0241,"Vitamin K2 MK-4 MCT Oil":0.0194,"Sunflower lecithin non-GMO":0.0023,"Phosphatidylcholine":0.0245,"Choline":0.0212,"Lycopene":0.0148,"Lysine":0.0088,"Taurine":0.024,"Glucoraphanin":0.0078,"Ubiquinol":0.0108,"Zinc Citrate":0.0255,"Fiber":0.0033,"Blueberries":0.0271,"Macadamia nuts":0.0927,"Walnuts":0.0232,"Omega 3":0.0218,"Omega 6":0.0127,"Calcium":0.0659,"EVOO polyphenols":0.0003,"Oleic acid":0.023,"Protein (plant)":0.005,"Copper":0.0173,"Caffeine":0.0346,"Magnesium Citrate":0.0249,"Manganese Citrate":0.0912,"Curcuminoids":0.0096,"Fisetin (smoketree extract)":0.0264,"Garlic extract 12:1 odorless":0.0058,"Genistein (Japonica extract)":0.0081,"Milled Golden Flaxseed":0.0324,"SDG lignan":0.0589,"Phosphatidylinositol":0.0038,"Phosphatidylethanolamine":0.0223}],"vo2_max":30.6434}
