{"personal_data":[{"age":39,"gender":"F","name":"Domenico Bogan"}],"fitness_data":[{"Backwards Sled, 2 min":1,"Posture exercises":3,"Tricep extensions":0,"Face pulls":5,"Butterfly":2,"Band pull apart (back muscles)":3,"Back extensions (on a hyperextension)":1,"Obliques (each side, on a hyperextension)":3,"StretchesKneeling shin_Kneeling shin_":3,"StretchesHip flexor_Hip flexor_":5,"StretchesCouch_Couch_":2,"Leg raises (for abdomen)":2,"Seated calf raises":2,"Poliquin step ups":0,"Slant board squats":3,"ATG Split squats":3,"Nordics":1,"Reverse Nordics":2,"Tibialis raises,":2,"IsoTib ankle rotations":4,"Pull ups":2,"Chin ups":3,"10 min HIIT":3}],"supplement_vars":[{"N-Acetyl-L-Cysteine (NAC)":0.0148,"N-Acetyl-L-Cysteine (NAC) 2":0.0116,"Nicotinamide Riboside Chloride (NR)":0.0172,"Zeaxanthin":0.0014,"Phosphorus":0.0293,"Astaxanthin (Natural)":0.0039,"Boron Glycinate":0.0258,"CaAKG":0.0058,"Ashwagandha KSM66":0.0022,"Calcium L-5- Methyltetrahydrofolate (L-5-MTHF-Ca)":0.0537,"Cocoa Powder (Non-Alkalised) 8+% Flavanols":0.0024,"Red Yeast Rice (2% Monacolin K)":0.028,"Creatine Monohydrate":0.0628,"Ginger":0.0715,"Glucosamine Sulfate KCI":0.0406,"Grape Seed Extract 90% polyphenols":0.0127,"Broccoli Extract (glucoraphanin 10%)":0.0048,"Glycine":0.014,"Theanine":0.0035,"Lactobacillus Acidophilus":0.077,"Lithium orotate":0.0094,"Pomegranate Juice Extract (50% Polyphenols)":0.0593,"Potassium Iodate":0.0457,"Rhodiola 3% Rosavins / Salidroside 1%":0.0045,"Selenium":0.0094,"Glutathione reduced":0.0418,"Lutein":0.0098,"Luteolin":0.0024,"Cinnamon powder (ceylon) organic":0.0177,"Sodium Hyaluronate":0.0061,"Spermidine":0.0598,"Vitamin B1 (Thiamine HCl)":0.0048,"Vitamin B12 (Methylcobalamin)":0.0754,"Vitamin B2 (Riboflavin-5-Phosphate)":0.0164,"Vitamin B3 (Niacinamide)":0.0139,"Vitamin B5 (Calcium-D-Pantothenate)":0.0218,"Vitamin B6 (Pyridoxal-5- Phosphate)":0.0314,"Vitamin B7 (D-Biotin)":0.0193,"Vitamin C (Ascorbic Acid)":0.01,"Vitamin D Veg D3":0.0231,"Vitamin E (d-alpha tocopherol)":0.0161,"Vitamin K1":0.0631,"Vitamin K2 MK-7 MCT Oil":0.0198,"Vitamin K2 MK-4 MCT Oil":0.0312,"Sunflower lecithin non-GMO":0.0355,"Phosphatidylcholine":0.0301,"Choline":0.034,"Lycopene":0.0306,"Lysine":0.0048,"Taurine":0.0205,"Glucoraphanin":0.03,"Ubiquinol":0.0127,"Zinc Citrate":0.0163,"Fiber":0.0037,"Blueberries":0.0685,"Macadamia nuts":0.0443,"Walnuts":0.0485,"Omega 3":0.0245,"Omega 6":0.0183,"Calcium":0.0342,"EVOO polyphenols":0.0003,"Oleic acid":0.0084,"Protein (plant)":0.0038,"Copper":0.0009,"Caffeine":0.0262,"Magnesium Citrate":0.0244,"Manganese Citrate":0.0483,"Curcuminoids":0.0432,"Fisetin (smoketree extract)":0.0066,"Garlic extract 12:1 odorless":0.0413,"Genistein (Japonica extract)":0.017,"Milled Golden Flaxseed":0.02,"SDG lignan":0.0155,"Phosphatidylinositol":0.0149,"Phosphatidylethanolamine":0.0334}],"vo2_max":36.0745}
