{"personal_data":[{"age":21,"gender":"F","name":"Mr. Alexzander Rutherford"}],"fitness_data":[{"Backwards Sled, 2 min":4,"Posture exercises":3,"Tricep extensions":0,"Face pulls":1,"Butterfly":2,"Band pull apart (back muscles)":5,"Back extensions (on a hyperextension)":4,"Obliques (each side, on a hyperextension)":4,"StretchesKneeling shin_Kneeling shin_":1,"StretchesHip flexor_Hip flexor_":6,"StretchesCouch_Couch_":0,"Leg raises (for abdomen)":3,"Seated calf raises":1,"Poliquin step ups":1,"Slant board squats":2,"ATG Split squats":1,"Nordics":2,"Reverse Nordics":1,"Tibialis raises,":2,"IsoTib ankle rotations":6,"Pull ups":3,"Chin ups":0,"10 min HIIT":1}],"supplement_vars":[{"N-Acetyl-L-Cysteine (NAC)":0.012,"N-Acetyl-L-Cysteine (NAC) 2":0.0178,"Nicotinamide Riboside Chloride (NR)":0.0084,"Zeaxanthin":0.0078,"Phosphorus":0.0351,"Astaxanthin (Natural)":0.0118,"Boron Glycinate":0.0368,"CaAKG":0.0126,"Ashwagandha KSM66":0.0024,"Calcium L-5- Methyltetrahydrofolate (L-5-MTHF-Ca)":0.0199,"Cocoa Powder (Non-Alkalised) 8+% Flavanols":0.0056,"Red Yeast Rice (2% Monacolin K)":0.0094,"Creatine Monohydrate":0.002,"Ginger":0.0316,"Glucosamine Sulfate KCI":0.0691,"Grape Seed Extract 90% polyphenols":0.0006,"Broccoli Extract (glucoraphanin 10%)":0.0259,"Glycine":0.0115,"Theanine":0.034,"Lactobacillus Acidophilus":0.047,"Lithium orotate":0.0092,"Pomegranate Juice Extract (50% Polyphenols)":0.0042,"Potassium Iodate":0.0182,"Rhodiola 3% Rosavins / Salidroside 1%":0.0418,"Selenium":0.0013,"Glutathione reduced":0.0219,"Lutein":0.008,"Luteolin":0.008,"Cinnamon powder (ceylon) organic":0.0223,"Sodium Hyaluronate":0.0061,"Spermidine":0.0483,"Vitamin B1 (Thiamine HCl)":0.0015,"Vitamin B12 (Methylcobalamin)":0.0411,"Vitamin B2 (Riboflavin-5-Phosphate)":0.021,"Vitamin B3 (Niacinamide)":0.0646,"Vitamin B5 (Calcium-D-Pantothenate)":0.0143,"Vitamin B6 (Pyridoxal-5- Phosphate)":0.0014,"Vitamin B7 (D-Biotin)":0.0073,"Vitamin C (Ascorbic Acid)":0.0091,"Vitamin D Veg D3":0.0004,"Vitamin E (d-alpha tocopherol)":0.0281,"Vitamin K1":0.0459,"Vitamin K2 MK-7 MCT Oil":0.0161,"Vitamin K2 MK-4 MCT Oil":0.0129,"Sunflower lecithin non-GMO":0.0169,"Phosphatidylcholine":0.0148,"Choline":0.0434,"Lycopene":0.0728,"Lysine":0.0027,"Taurine":0.0343,"Glucoraphanin":0.0281,"Ubiquinol":0.0091,"Zinc Citrate":0.0238,"Fiber":0.0008,"Blueberries":0.0653,"Macadamia nuts":0.0844,"Walnuts":0.0433,"Omega 3":0.0255,"Omega 6":0.0415,"Calcium":0.03,"EVOO polyphenols":0.0061,"Oleic acid":0.0361,"Protein (plant)":0.0027,"Copper":0.0231,"Caffeine":0.0536,"Magnesium Citrate":0.0569,"Manganese Citrate":0.0219,"Curcuminoids":0.0167,"Fisetin (smoketree extract)":0.0256,"Garlic extract 12:1 odorless":0.0025,"Genistein (Japonica extract)":0.0161,"Milled Golden Flaxseed":0.003,"SDG lignan":0.0167,"Phosphatidylinositol":0.0065,"Phosphatidylethanolamine":0.0431}],"vo2_max":36.5114}
