{"personal_data":[{"age":71,"gender":"F","name":"Alexis Marquardt III"}],"fitness_data":[{"Backwards Sled, 2 min":2,"Posture exercises":3,"Tricep extensions":0,"Face pulls":2,"Butterfly":4,"Band pull apart (back muscles)":2,"Back extensions (on a hyperextension)":2,"Obliques (each side, on a hyperextension)":0,"StretchesKneeling shin_Kneeling shin_":1,"StretchesHip flexor_Hip flexor_":5,"StretchesCouch_Couch_":0,"Leg raises (for abdomen)":5,"Seated calf raises":2,"Poliquin step ups":2,"Slant board squats":2,"ATG Split squats":3,"Nordics":2,"Reverse Nordics":0,"Tibialis raises,":0,"IsoTib ankle rotations":3,"Pull ups":4,"Chin ups":1,"10 min HIIT":3}],"supplement_vars":[{"N-Acetyl-L-Cysteine (NAC)":0.0107,"N-Acetyl-L-Cysteine (NAC) 2":0.004,"Nicotinamide Riboside Chloride (NR)":0.0007,"Zeaxanthin":0.0011,"Phosphorus":0.0359,"Astaxanthin (Natural)":0.0008,"Boron Glycinate":0.0168,"CaAKG":0.0011,"Ashwagandha KSM66":0.0041,"Calcium L-5- Methyltetrahydrofolate (L-5-MTHF-Ca)":0.0606,"Cocoa Powder (Non-Alkalised) 8+% Flavanols":0.0102,"Red Yeast Rice (2% Monacolin K)":0.0081,"Creatine Monohydrate":0.0017,"Ginger":0.0746,"Glucosamine Sulfate KCI":0.041,"Grape Seed Extract 90% polyphenols":0.0109,"Broccoli Extract (glucoraphanin 10%)":0.0051,"Glycine":0.029,"Theanine":0.0056,"Lactobacillus Acidophilus":0.049,"Lithium orotate":0.0022,"Pomegranate Juice Extract (50% Polyphenols)":0.0134,"Potassium Iodate":0.0301,"Rhodiola 3% Rosavins / Salidroside 1%":0.0582,"Selenium":0.0218,"Glutathione reduced":0.0084,"Lutein":0.0021,"Luteolin":0.0082,"Cinnamon powder (ceylon) organic":0.026,"Sodium Hyaluronate":0.0066,"Spermidine":0.0173,"Vitamin B1 (Thiamine HCl)":0.0016,"Vitamin B12 (Methylcobalamin)":0.0211,"Vitamin B2 (Riboflavin-5-Phosphate)":0.0342,"Vitamin B3 (Niacinamide)":0.0312,"Vitamin B5 (Calcium-D-Pantothenate)":0.0061,"Vitamin B6 (Pyridoxal-5- Phosphate)":0.0407,"Vitamin B7 (D-Biotin)":0.0252,"Vitamin C (Ascorbic Acid)":0.0052,"Vitamin D Veg D3":0.0129,"Vitamin E (d-alpha tocopherol)":0.0395,"Vitamin K1":0.0672,"Vitamin K2 MK-7 MCT Oil":0.0235,"Vitamin K2 MK-4 MCT Oil":0.0241,"Sunflower lecithin non-GMO":0.0124,"Phosphatidylcholine":0.0112,"Choline":0.0034,"Lycopene":0.0064,"Lysine":0.0086,"Taurine":0.0331,"Glucoraphanin":0.0206,"Ubiquinol":0.0094,"Zinc Citrate":0.0201,"Fiber":0.0013,"Blueberries":0.0561,"Macadamia nuts":0.0168,"Walnuts":0.0471,"Omega 3":0.0012,"Omega 6":0.004,"Calcium":0.0725,"EVOO polyphenols":0.0032,"Oleic acid":0.0206,"Protein (plant)":0.0023,"Copper":0.0126,"Caffeine":0.027,"Magnesium Citrate":0.0146,"Manganese Citrate":0.0507,"Curcuminoids":0.0052,"Fisetin (smoketree extract)":0.0335,"Garlic extract 12:1 odorless":0.0389,"Genistein (Japonica extract)":0.0032,"Milled Golden Flaxseed":0.0173,"SDG lignan":0.0376,"Phosphatidylinositol":0.0038,"Phosphatidylethanolamine":0.0148}],"vo2_max":17.6847}
