{"personal_data":[{"age":35,"gender":"F","name":"Joleen Hudson-Buckridge"}],"fitness_data":[{"Backwards Sled, 2 min":4,"Posture exercises":1,"Tricep extensions":3,"Face pulls":2,"Butterfly":2,"Band pull apart (back muscles)":5,"Back extensions (on a hyperextension)":2,"Obliques (each side, on a hyperextension)":1,"StretchesKneeling shin_Kneeling shin_":2,"StretchesHip flexor_Hip flexor_":4,"StretchesCouch_Couch_":2,"Leg raises (for abdomen)":2,"Seated calf raises":3,"Poliquin step ups":2,"Slant board squats":5,"ATG Split squats":3,"Nordics":5,"Reverse Nordics":4,"Tibialis raises,":2,"IsoTib ankle rotations":4,"Pull ups":2,"Chin ups":0,"10 min HIIT":2}],"supplement_vars":[{"N-Acetyl-L-Cysteine (NAC)":0.0148,"N-Acetyl-L-Cysteine (NAC) 2":0.0143,"Nicotinamide Riboside Chloride (NR)":0.0173,"Zeaxanthin":0.0028,"Phosphorus":0.016,"Astaxanthin (Natural)":0.0203,"Boron Glycinate":0.0398,"CaAKG":0.0028,"Ashwagandha KSM66":0.001,"Calcium L-5- Methyltetrahydrofolate (L-5-MTHF-Ca)":0.0647,"Cocoa Powder (Non-Alkalised) 8+% Flavanols":0.0057,"Red Yeast Rice (2% Monacolin K)":0.0134,"Creatine Monohydrate":0.0073,"Ginger":0.0856,"Glucosamine Sulfate KCI":0.0552,"Grape Seed Extract 90% polyphenols":0.0102,"Broccoli Extract (glucoraphanin 10%)":0.0211,"Glycine":0.0161,"Theanine":0.0525,"Lactobacillus Acidophilus":0.0517,"Lithium orotate":0.006,"Pomegranate Juice Extract (50% Polyphenols)":0.013,"Potassium Iodate":0.028,"Rhodiola 3% Rosavins / Salidroside 1%":0.0251,"Selenium":0.0358,"Glutathione reduced":0.0013,"Lutein":0.0189,"Luteolin":0.0034,"Cinnamon powder (ceylon) organic":0.0051,"Sodium Hyaluronate":0.0004,"Spermidine":0.055,"Vitamin B1 (Thiamine HCl)":0.0014,"Vitamin B12 (Methylcobalamin)":0.0067,"Vitamin B2 (Riboflavin-5-Phosphate)":0.0407,"Vitamin B3 (Niacinamide)":0.0047,"Vitamin B5 (Calcium-D-Pantothenate)":0.0028,"Vitamin B6 (Pyridoxal-5- Phosphate)":0.0125,"Vitamin B7 (D-Biotin)":0.0261,"Vitamin C (Ascorbic Acid)":0.003,"Vitamin D Veg D3":0.0217,"Vitamin E (d-alpha tocopherol)":0.042,"Vitamin K1":0.0467,"Vitamin K2 MK-7 MCT Oil":0.0001,"Vitamin K2 MK-4 MCT Oil":0.0241,"Sunflower lecithin non-GMO":0.0363,"Phosphatidylcholine":0.032,"Choline":0.0544,"Lycopene":0.0369,"Lysine":0.0076,"Taurine":0.0147,"Glucoraphanin":0.0149,"Ubiquinol":0.0038,"Zinc Citrate":0.002,"Fiber":0.0042,"Blueberries":0.0393,"Macadamia nuts":0.0111,"Walnuts":0.0102,"Omega 3":0.0112,"Omega 6":0.0059,"Calcium":0.0056,"EVOO polyphenols":0.0049,"Oleic acid":0.0162,"Protein (plant)":0.0035,"Copper":0.0045,"Caffeine":0.0511,"Magnesium Citrate":0.0132,"Manganese Citrate":0.0716,"Curcuminoids":0.0527,"Fisetin (smoketree extract)":0.0255,"Garlic extract 12:1 odorless":0.0096,"Genistein (Japonica extract)":0.0215,"Milled Golden Flaxseed":0.008,"SDG lignan":0.0552,"Phosphatidylinositol":0.0008,"Phosphatidylethanolamine":0.0246}],"vo2_max":33.6838}
