{"personal_data":[{"age":38,"gender":"M"}],"fitness_data":[{"Backwards Sled, 2 min":4,"Posture exercises":2,"Tricep extensions":2,"Face pulls":3,"Butterfly":1,"Band pull apart (back muscles)":4,"Back extensions (on a hyperextension)":4,"Obliques (each side, on a hyperextension)":0,"StretchesKneeling shin_Kneeling shin_":0,"StretchesHip flexor_Hip flexor_":0,"StretchesCouch_Couch_":2,"Leg raises (for abdomen)":0,"Seated calf raises":4,"Poliquin step ups":2,"Slant board squats":0,"ATG Split squats":5,"Nordics":3,"Reverse Nordics":2,"Tibialis raises,":3,"IsoTib ankle rotations":4,"Pull ups":1,"Chin ups":2,"10 min HIIT":4}],"supplement_vars":[{"N-Acetyl-L-Cysteine (NAC)":0.0117,"N-Acetyl-L-Cysteine (NAC) 2":0.0027,"Nicotinamide Riboside Chloride (NR)":0.0075,"Zeaxanthin":0.0062,"Phosphorus":0.0364,"Astaxanthin (Natural)":0.0029,"Boron Glycinate":0.0458,"CaAKG":0.0085,"Ashwagandha KSM66":0.0031,"Calcium L-5- Methyltetrahydrofolate (L-5-MTHF-Ca)":0.0139,"Cocoa Powder (Non-Alkalised) 8+% Flavanols":0.0042,"Red Yeast Rice (2% Monacolin K)":0.0128,"Creatine Monohydrate":0.0062,"Ginger":0.0222,"Glucosamine Sulfate KCI":0.0379,"Grape Seed Extract 90% polyphenols":0.0032,"Broccoli Extract (glucoraphanin 10%)":0.0136,"Glycine":0.0211,"Theanine":0.0432,"Lactobacillus Acidophilus":0.0333,"Lithium orotate":0.0057,"Pomegranate Juice Extract (50% Polyphenols)":0.005,"Potassium Iodate":0.0293,"Rhodiola 3% Rosavins / Salidroside 1%":0.0152,"Selenium":0.0086,"Glutathione reduced":0.0513,"Lutein":0.0117,"Luteolin":0.0044,"Cinnamon powder (ceylon) organic":0.0247,"Sodium Hyaluronate":0.0032,"Spermidine":0.023,"Vitamin B1 (Thiamine HCl)":0.0128,"Vitamin B12 (Methylcobalamin)":0.0031,"Vitamin B2 (Riboflavin-5-Phosphate)":0.0369,"Vitamin B3 (Niacinamide)":0.0131,"Vitamin B5 (Calcium-D-Pantothenate)":0.0206,"Vitamin B6 (Pyridoxal-5- Phosphate)":0.0045,"Vitamin B7 (D-Biotin)":0.0274,"Vitamin C (Ascorbic Acid)":0.0106,"Vitamin D Veg D3":0.0418,"Vitamin E (d-alpha tocopherol)":0.0006,"Vitamin K1":0.0372,"Vitamin K2 MK-7 MCT Oil":0.0146,"Vitamin K2 MK-4 MCT Oil":0.0088,"Sunflower lecithin non-GMO":0.0134,"Phosphatidylcholine":0.0345,"Choline":0.0449,"Lycopene":0.0687,"Lysine":0.0082,"Taurine":0.0334,"Glucoraphanin":0.0193,"Ubiquinol":0.0055,"Zinc Citrate":0.0179,"Fiber":0.0047,"Blueberries":0.0466,"Macadamia nuts":0.0471,"Walnuts":0.0737,"Omega 3":0.0101,"Omega 6":0.0166,"Calcium":0.0721,"EVOO polyphenols":0.0001,"Oleic acid":0.0131,"Protein (plant)":0.0012,"Copper":0.001,"Caffeine":0.0181,"Magnesium Citrate":0.0186,"Manganese Citrate":0.0929,"Curcuminoids":0.0091,"Fisetin (smoketree extract)":0.0117,"Garlic extract 12:1 odorless":0.0405,"Genistein (Japonica extract)":0.0092,"Milled Golden Flaxseed":0.0072,"SDG lignan":0.0515,"Phosphatidylinositol":0.0038,"Phosphatidylethanolamine":0.0516}],"vo2_max":34.5477}
