{"personal_data":[{"age":47,"gender":"M","name":"Micah Lockman-Ziemann"}],"fitness_data":[{"Backwards Sled, 2 min":2,"Posture exercises":3,"Tricep extensions":3,"Face pulls":4,"Butterfly":1,"Band pull apart (back muscles)":3,"Back extensions (on a hyperextension)":2,"Obliques (each side, on a hyperextension)":1,"StretchesKneeling shin_Kneeling shin_":0,"StretchesHip flexor_Hip flexor_":2,"StretchesCouch_Couch_":0,"Leg raises (for abdomen)":4,"Seated calf raises":1,"Poliquin step ups":2,"Slant board squats":2,"ATG Split squats":5,"Nordics":6,"Reverse Nordics":2,"Tibialis raises,":1,"IsoTib ankle rotations":2,"Pull ups":4,"Chin ups":3,"10 min HIIT":2}],"supplement_vars":[{"N-Acetyl-L-Cysteine (NAC)":0.0164,"N-Acetyl-L-Cysteine (NAC) 2":0.0124,"Nicotinamide Riboside Chloride (NR)":0.0059,"Zeaxanthin":0.0137,"Phosphorus":0.0069,"Astaxanthin (Natural)":0.0033,"Boron Glycinate":0.0025,"CaAKG":0.0054,"Ashwagandha KSM66":0.0038,"Calcium L-5- Methyltetrahydrofolate (L-5-MTHF-Ca)":0.006,"Cocoa Powder (Non-Alkalised) 8+% Flavanols":0.0144,"Red Yeast Rice (2% Monacolin K)":0.0138,"Creatine Monohydrate":0.0185,"Ginger":0.0509,"Glucosamine Sulfate KCI":0.038,"Grape Seed Extract 90% polyphenols":0.0122,"Broccoli Extract (glucoraphanin 10%)":0.0007,"Glycine":0.0261,"Theanine":0.0096,"Lactobacillus Acidophilus":0.0275,"Lithium orotate":0.0075,"Pomegranate Juice Extract (50% Polyphenols)":0.063,"Potassium Iodate":0.0167,"Rhodiola 3% Rosavins / Salidroside 1%":0.011,"Selenium":0.0161,"Glutathione reduced":0.0261,"Lutein":0.0199,"Luteolin":0.0002,"Cinnamon powder (ceylon) organic":0.0157,"Sodium Hyaluronate":0.0065,"Spermidine":0.0461,"Vitamin B1 (Thiamine HCl)":0.0089,"Vitamin B12 (Methylcobalamin)":0.0024,"Vitamin B2 (Riboflavin-5-Phosphate)":0.0254,"Vitamin B3 (Niacinamide)":0.027,"Vitamin B5 (Calcium-D-Pantothenate)":0.0095,"Vitamin B6 (Pyridoxal-5- Phosphate)":0.0182,"Vitamin B7 (D-Biotin)":0.0124,"Vitamin C (Ascorbic Acid)":0.0108,"Vitamin D Veg D3":0.0102,"Vitamin E (d-alpha tocopherol)":0.0373,"Vitamin K1":0.0529,"Vitamin K2 MK-7 MCT Oil":0.005,"Vitamin K2 MK-4 MCT Oil":0.005,"Sunflower lecithin non-GMO":0.0016,"Phosphatidylcholine":0.0159,"Choline":0.0124,"Lycopene":0.0264,"Lysine":0.0109,"Taurine":0.0095,"Glucoraphanin":0.0347,"Ubiquinol":0.0092,"Zinc Citrate":0.0215,"Fiber":0.0053,"Blueberries":0.0007,"Macadamia nuts":0.0885,"Walnuts":0.016,"Omega 3":0.0068,"Omega 6":0.0114,"Calcium":0.0656,"EVOO polyphenols":0.0018,"Oleic acid":0.018,"Protein (plant)":0.0032,"Copper":0.0069,"Caffeine":0.0215,"Magnesium Citrate":0.0331,"Manganese Citrate":0.0606,"Curcuminoids":0.004,"Fisetin (smoketree extract)":0.0258,"Garlic extract 12:1 odorless":0.0324,"Genistein (Japonica extract)":0.015,"Milled Golden Flaxseed":0.0283,"SDG lignan":0.0362,"Phosphatidylinositol":0.0049,"Phosphatidylethanolamine":0.0342}],"vo2_max":28.3353}
