{"personal_data":[{"age":67,"gender":"M","name":"Miss Xena Rippin MD"}],"fitness_data":[{"Backwards Sled, 2 min":5,"Posture exercises":2,"Tricep extensions":1,"Face pulls":4,"Butterfly":3,"Band pull apart (back muscles)":4,"Back extensions (on a hyperextension)":2,"Obliques (each side, on a hyperextension)":3,"StretchesKneeling shin_Kneeling shin_":2,"StretchesHip flexor_Hip flexor_":0,"StretchesCouch_Couch_":2,"Leg raises (for abdomen)":5,"Seated calf raises":2,"Poliquin step ups":3,"Slant board squats":1,"ATG Split squats":1,"Nordics":3,"Reverse Nordics":3,"Tibialis raises,":3,"IsoTib ankle rotations":1,"Pull ups":1,"Chin ups":3,"10 min HIIT":0}],"supplement_vars":[{"N-Acetyl-L-Cysteine (NAC)":0.0151,"N-Acetyl-L-Cysteine (NAC) 2":0.0113,"Nicotinamide Riboside Chloride (NR)":0.0164,"Zeaxanthin":0.009,"Phosphorus":0.0306,"Astaxanthin (Natural)":0.0057,"Boron Glycinate":0.0145,"CaAKG":0.0056,"Ashwagandha KSM66":0.0004,"Calcium L-5- Methyltetrahydrofolate (L-5-MTHF-Ca)":0.012,"Cocoa Powder (Non-Alkalised) 8+% Flavanols":0.007,"Red Yeast Rice (2% Monacolin K)":0.0251,"Creatine Monohydrate":0.0538,"Ginger":0.0491,"Glucosamine Sulfate KCI":0.0057,"Grape Seed Extract 90% polyphenols":0.0128,"Broccoli Extract (glucoraphanin 10%)":0.0054,"Glycine":0.0076,"Theanine":0.0461,"Lactobacillus Acidophilus":0.0043,"Lithium orotate":0.0038,"Pomegranate Juice Extract (50% Polyphenols)":0.0147,"Potassium Iodate":0.037,"Rhodiola 3% Rosavins / Salidroside 1%":0.0297,"Selenium":0.0082,"Glutathione reduced":0.0367,"Lutein":0.0229,"Luteolin":0.0081,"Cinnamon powder (ceylon) organic":0.0085,"Sodium Hyaluronate":0.0054,"Spermidine":0.0645,"Vitamin B1 (Thiamine HCl)":0.0096,"Vitamin B12 (Methylcobalamin)":0.0582,"Vitamin B2 (Riboflavin-5-Phosphate)":0.017,"Vitamin B3 (Niacinamide)":0.066,"Vitamin B5 (Calcium-D-Pantothenate)":0.0019,"Vitamin B6 (Pyridoxal-5- Phosphate)":0.0331,"Vitamin B7 (D-Biotin)":0.0052,"Vitamin C (Ascorbic Acid)":0.0049,"Vitamin D Veg D3":0.0227,"Vitamin E (d-alpha tocopherol)":0.0327,"Vitamin K1":0.0658,"Vitamin K2 MK-7 MCT Oil":0.028,"Vitamin K2 MK-4 MCT Oil":0.0265,"Sunflower lecithin non-GMO":0.0149,"Phosphatidylcholine":0.0284,"Choline":0.0388,"Lycopene":0.0406,"Lysine":0.0125,"Taurine":0.0364,"Glucoraphanin":0.0222,"Ubiquinol":0.0109,"Zinc Citrate":0.0012,"Fiber":0.0041,"Blueberries":0.0518,"Macadamia nuts":0.0713,"Walnuts":0.0726,"Omega 3":0.0406,"Omega 6":0.0332,"Calcium":0.0514,"EVOO polyphenols":0,"Oleic acid":0.0296,"Protein (plant)":0.003,"Copper":0.0025,"Caffeine":0.007,"Magnesium Citrate":0.0051,"Manganese Citrate":0.0884,"Curcuminoids":0.0387,"Fisetin (smoketree extract)":0.035,"Garlic extract 12:1 odorless":0.0237,"Genistein (Japonica extract)":0.0206,"Milled Golden Flaxseed":0.0173,"SDG lignan":0.0285,"Phosphatidylinositol":0.0216,"Phosphatidylethanolamine":0.0149}],"vo2_max":23.1758}
