{"personal_data":[{"age":65,"gender":"F","name":"Chelsea Kunde"}],"fitness_data":[{"Backwards Sled, 2 min":1,"Posture exercises":5,"Tricep extensions":1,"Face pulls":3,"Butterfly":5,"Band pull apart (back muscles)":4,"Back extensions (on a hyperextension)":2,"Obliques (each side, on a hyperextension)":3,"StretchesKneeling shin_Kneeling shin_":3,"StretchesHip flexor_Hip flexor_":1,"StretchesCouch_Couch_":3,"Leg raises (for abdomen)":4,"Seated calf raises":3,"Poliquin step ups":0,"Slant board squats":5,"ATG Split squats":4,"Nordics":6,"Reverse Nordics":3,"Tibialis raises,":2,"IsoTib ankle rotations":6,"Pull ups":2,"Chin ups":2,"10 min HIIT":3}],"supplement_vars":[{"N-Acetyl-L-Cysteine (NAC)":0.0065,"N-Acetyl-L-Cysteine (NAC) 2":0.0049,"Nicotinamide Riboside Chloride (NR)":0.0098,"Zeaxanthin":0.0115,"Phosphorus":0.0325,"Astaxanthin (Natural)":0.0175,"Boron Glycinate":0.0106,"CaAKG":0.0005,"Ashwagandha KSM66":0.0067,"Calcium L-5- Methyltetrahydrofolate (L-5-MTHF-Ca)":0.019,"Cocoa Powder (Non-Alkalised) 8+% Flavanols":0.0045,"Red Yeast Rice (2% Monacolin K)":0.032,"Creatine Monohydrate":0.0566,"Ginger":0.0828,"Glucosamine Sulfate KCI":0.0456,"Grape Seed Extract 90% polyphenols":0.004,"Broccoli Extract (glucoraphanin 10%)":0.0173,"Glycine":0.0044,"Theanine":0.0218,"Lactobacillus Acidophilus":0.0399,"Lithium orotate":0.0039,"Pomegranate Juice Extract (50% Polyphenols)":0.0379,"Potassium Iodate":0.0099,"Rhodiola 3% Rosavins / Salidroside 1%":0.0127,"Selenium":0.0186,"Glutathione reduced":0.0166,"Lutein":0.0184,"Luteolin":0.0014,"Cinnamon powder (ceylon) organic":0.0205,"Sodium Hyaluronate":0.0063,"Spermidine":0.034,"Vitamin B1 (Thiamine HCl)":0.0045,"Vitamin B12 (Methylcobalamin)":0.052,"Vitamin B2 (Riboflavin-5-Phosphate)":0.0417,"Vitamin B3 (Niacinamide)":0.06,"Vitamin B5 (Calcium-D-Pantothenate)":0.0191,"Vitamin B6 (Pyridoxal-5- Phosphate)":0.0067,"Vitamin B7 (D-Biotin)":0.0096,"Vitamin C (Ascorbic Acid)":0.0076,"Vitamin D Veg D3":0.0305,"Vitamin E (d-alpha tocopherol)":0.0283,"Vitamin K1":0.0226,"Vitamin K2 MK-7 MCT Oil":0.0196,"Vitamin K2 MK-4 MCT Oil":0.0292,"Sunflower lecithin non-GMO":0.0364,"Phosphatidylcholine":0.0169,"Choline":0.0437,"Lycopene":0.0294,"Lysine":0.0054,"Taurine":0.0108,"Glucoraphanin":0.0329,"Ubiquinol":0.013,"Zinc Citrate":0.0061,"Fiber":0.0049,"Blueberries":0.0658,"Macadamia nuts":0.0284,"Walnuts":0.0293,"Omega 3":0.0197,"Omega 6":0.005,"Calcium":0.0024,"EVOO polyphenols":0.0026,"Oleic acid":0.0233,"Protein (plant)":0.0016,"Copper":0.0052,"Caffeine":0.0005,"Magnesium Citrate":0.0321,"Manganese Citrate":0.0542,"Curcuminoids":0.0376,"Fisetin (smoketree extract)":0.0031,"Garlic extract 12:1 odorless":0.0227,"Genistein (Japonica extract)":0.0061,"Milled Golden Flaxseed":0.0152,"SDG lignan":0.0536,"Phosphatidylinositol":0.0159,"Phosphatidylethanolamine":0.0491}],"vo2_max":24.0963}
