{"personal_data":[{"age":25,"gender":"F","name":"Alphons Ondricka"}],"fitness_data":[{"Backwards Sled, 2 min":4,"Posture exercises":3,"Tricep extensions":3,"Face pulls":0,"Butterfly":0,"Band pull apart (back muscles)":3,"Back extensions (on a hyperextension)":0,"Obliques (each side, on a hyperextension)":1,"StretchesKneeling shin_Kneeling shin_":3,"StretchesHip flexor_Hip flexor_":2,"StretchesCouch_Couch_":3,"Leg raises (for abdomen)":4,"Seated calf raises":2,"Poliquin step ups":2,"Slant board squats":0,"ATG Split squats":5,"Nordics":3,"Reverse Nordics":4,"Tibialis raises,":2,"IsoTib ankle rotations":0,"Pull ups":4,"Chin ups":0,"10 min HIIT":3}],"supplement_vars":[{"N-Acetyl-L-Cysteine (NAC)":0.0076,"N-Acetyl-L-Cysteine (NAC) 2":0.017,"Nicotinamide Riboside Chloride (NR)":0.0074,"Zeaxanthin":0.0107,"Phosphorus":0.028,"Astaxanthin (Natural)":0.0037,"Boron Glycinate":0.0016,"CaAKG":0.0006,"Ashwagandha KSM66":0.0006,"Calcium L-5- Methyltetrahydrofolate (L-5-MTHF-Ca)":0.032,"Cocoa Powder (Non-Alkalised) 8+% Flavanols":0.0027,"Red Yeast Rice (2% Monacolin K)":0.0036,"Creatine Monohydrate":0.0337,"Ginger":0.0486,"Glucosamine Sulfate KCI":0.0082,"Grape Seed Extract 90% polyphenols":0.0068,"Broccoli Extract (glucoraphanin 10%)":0.0023,"Glycine":0.0076,"Theanine":0.0163,"Lactobacillus Acidophilus":0.0489,"Lithium orotate":0.0078,"Pomegranate Juice Extract (50% Polyphenols)":0.0414,"Potassium Iodate":0.0303,"Rhodiola 3% Rosavins / Salidroside 1%":0.0563,"Selenium":0.0191,"Glutathione reduced":0.0263,"Lutein":0.006,"Luteolin":0.0031,"Cinnamon powder (ceylon) organic":0.0032,"Sodium Hyaluronate":0.0068,"Spermidine":0.0002,"Vitamin B1 (Thiamine HCl)":0.0097,"Vitamin B12 (Methylcobalamin)":0.0578,"Vitamin B2 (Riboflavin-5-Phosphate)":0.0657,"Vitamin B3 (Niacinamide)":0.0529,"Vitamin B5 (Calcium-D-Pantothenate)":0.0205,"Vitamin B6 (Pyridoxal-5- Phosphate)":0.0107,"Vitamin B7 (D-Biotin)":0.0304,"Vitamin C (Ascorbic Acid)":0.0081,"Vitamin D Veg D3":0.0009,"Vitamin E (d-alpha tocopherol)":0.0205,"Vitamin K1":0.062,"Vitamin K2 MK-7 MCT Oil":0.0004,"Vitamin K2 MK-4 MCT Oil":0.0101,"Sunflower lecithin non-GMO":0.0317,"Phosphatidylcholine":0.0161,"Choline":0.0011,"Lycopene":0.0682,"Lysine":0.0035,"Taurine":0.0394,"Glucoraphanin":0.0074,"Ubiquinol":0.0031,"Zinc Citrate":0.0264,"Fiber":0.0052,"Blueberries":0.008,"Macadamia nuts":0.0513,"Walnuts":0.0006,"Omega 3":0.0427,"Omega 6":0.0099,"Calcium":0.0508,"EVOO polyphenols":0.0001,"Oleic acid":0.0095,"Protein (plant)":0.0018,"Copper":0.0047,"Caffeine":0.0178,"Magnesium Citrate":0.0278,"Manganese Citrate":0.0275,"Curcuminoids":0.0428,"Fisetin (smoketree extract)":0.0122,"Garlic extract 12:1 odorless":0.0131,"Genistein (Japonica extract)":0.0073,"Milled Golden Flaxseed":0.0133,"SDG lignan":0.01,"Phosphatidylinositol":0.0017,"Phosphatidylethanolamine":0.0308}],"vo2_max":33.4597}
