{"personal_data":[{"age":27,"gender":"F"}],"fitness_data":[{"Backwards Sled, 2 min":1,"Posture exercises":4,"Tricep extensions":0,"Face pulls":4,"Butterfly":5,"Band pull apart (back muscles)":6,"Back extensions (on a hyperextension)":1,"Obliques (each side, on a hyperextension)":1,"StretchesKneeling shin_Kneeling shin_":0,"StretchesHip flexor_Hip flexor_":3,"StretchesCouch_Couch_":2,"Leg raises (for abdomen)":5,"Seated calf raises":3,"Poliquin step ups":3,"Slant board squats":0,"ATG Split squats":1,"Nordics":0,"Reverse Nordics":4,"Tibialis raises,":5,"IsoTib ankle rotations":0,"Pull ups":2,"Chin ups":3,"10 min HIIT":1}],"supplement_vars":[{"N-Acetyl-L-Cysteine (NAC)":0.0097,"N-Acetyl-L-Cysteine (NAC) 2":0.0068,"Nicotinamide Riboside Chloride (NR)":0.007,"Zeaxanthin":0.0109,"Phosphorus":0.0273,"Astaxanthin (Natural)":0.0102,"Boron Glycinate":0.0259,"CaAKG":0.0055,"Ashwagandha KSM66":0.0048,"Calcium L-5- Methyltetrahydrofolate (L-5-MTHF-Ca)":0.0134,"Cocoa Powder (Non-Alkalised) 8+% Flavanols":0.015,"Red Yeast Rice (2% Monacolin K)":0.0136,"Creatine Monohydrate":0.0407,"Ginger":0.0884,"Glucosamine Sulfate KCI":0.0121,"Grape Seed Extract 90% polyphenols":0.0088,"Broccoli Extract (glucoraphanin 10%)":0.031,"Glycine":0.0069,"Theanine":0.0092,"Lactobacillus Acidophilus":0.0833,"Lithium orotate":0.0039,"Pomegranate Juice Extract (50% Polyphenols)":0.0075,"Potassium Iodate":0.0062,"Rhodiola 3% Rosavins / Salidroside 1%":0.044,"Selenium":0.0398,"Glutathione reduced":0.015,"Lutein":0.0112,"Luteolin":0.0002,"Cinnamon powder (ceylon) organic":0.0122,"Sodium Hyaluronate":0.0081,"Spermidine":0.0214,"Vitamin B1 (Thiamine HCl)":0.0079,"Vitamin B12 (Methylcobalamin)":0.0801,"Vitamin B2 (Riboflavin-5-Phosphate)":0.0345,"Vitamin B3 (Niacinamide)":0.0192,"Vitamin B5 (Calcium-D-Pantothenate)":0.0196,"Vitamin B6 (Pyridoxal-5- Phosphate)":0.0145,"Vitamin B7 (D-Biotin)":0.0182,"Vitamin C (Ascorbic Acid)":0.0033,"Vitamin D Veg D3":0.0023,"Vitamin E (d-alpha tocopherol)":0.0321,"Vitamin K1":0.0064,"Vitamin K2 MK-7 MCT Oil":0.0149,"Vitamin K2 MK-4 MCT Oil":0.0124,"Sunflower lecithin non-GMO":0.0047,"Phosphatidylcholine":0.0006,"Choline":0.0072,"Lycopene":0.0706,"Lysine":0.0098,"Taurine":0.0411,"Glucoraphanin":0.0258,"Ubiquinol":0.0108,"Zinc Citrate":0.0003,"Fiber":0.0046,"Blueberries":0.0476,"Macadamia nuts":0.04,"Walnuts":0.0458,"Omega 3":0.0418,"Omega 6":0.0513,"Calcium":0.0142,"EVOO polyphenols":0.0007,"Oleic acid":0.0139,"Protein (plant)":0.0021,"Copper":0.0004,"Caffeine":0.0628,"Magnesium Citrate":0.0099,"Manganese Citrate":0.0277,"Curcuminoids":0.0042,"Fisetin (smoketree extract)":0.0183,"Garlic extract 12:1 odorless":0.0163,"Genistein (Japonica extract)":0.0112,"Milled Golden Flaxseed":0.0001,"SDG lignan":0.0241,"Phosphatidylinositol":0.0253,"Phosphatidylethanolamine":0.0035}],"vo2_max":33.6281}
