{"personal_data":[{"age":74,"gender":"M","name":"Brion Upton"}],"fitness_data":[{"Backwards Sled, 2 min":3,"Posture exercises":4,"Tricep extensions":1,"Face pulls":5,"Butterfly":3,"Band pull apart (back muscles)":2,"Back extensions (on a hyperextension)":2,"Obliques (each side, on a hyperextension)":1,"StretchesKneeling shin_Kneeling shin_":2,"StretchesHip flexor_Hip flexor_":1,"StretchesCouch_Couch_":0,"Leg raises (for abdomen)":3,"Seated calf raises":4,"Poliquin step ups":0,"Slant board squats":6,"ATG Split squats":5,"Nordics":3,"Reverse Nordics":3,"Tibialis raises,":1,"IsoTib ankle rotations":1,"Pull ups":4,"Chin ups":2,"10 min HIIT":2}],"supplement_vars":[{"N-Acetyl-L-Cysteine (NAC)":0.0186,"N-Acetyl-L-Cysteine (NAC) 2":0.0202,"Nicotinamide Riboside Chloride (NR)":0.016,"Zeaxanthin":0.0044,"Phosphorus":0.003,"Astaxanthin (Natural)":0.0087,"Boron Glycinate":0.0389,"CaAKG":0.0069,"Ashwagandha KSM66":0.0004,"Calcium L-5- Methyltetrahydrofolate (L-5-MTHF-Ca)":0.0213,"Cocoa Powder (Non-Alkalised) 8+% Flavanols":0.0068,"Red Yeast Rice (2% Monacolin K)":0.0131,"Creatine Monohydrate":0.0222,"Ginger":0.079,"Glucosamine Sulfate KCI":0.0313,"Grape Seed Extract 90% polyphenols":0.0139,"Broccoli Extract (glucoraphanin 10%)":0.0046,"Glycine":0.0096,"Theanine":0.0368,"Lactobacillus Acidophilus":0.0184,"Lithium orotate":0.0041,"Pomegranate Juice Extract (50% Polyphenols)":0.0388,"Potassium Iodate":0.0332,"Rhodiola 3% Rosavins / Salidroside 1%":0.0157,"Selenium":0.0291,"Glutathione reduced":0.0321,"Lutein":0.0112,"Luteolin":0.009,"Cinnamon powder (ceylon) organic":0.026,"Sodium Hyaluronate":0.0082,"Spermidine":0.0037,"Vitamin B1 (Thiamine HCl)":0.0067,"Vitamin B12 (Methylcobalamin)":0.0204,"Vitamin B2 (Riboflavin-5-Phosphate)":0.0138,"Vitamin B3 (Niacinamide)":0.015,"Vitamin B5 (Calcium-D-Pantothenate)":0.0116,"Vitamin B6 (Pyridoxal-5- Phosphate)":0.0433,"Vitamin B7 (D-Biotin)":0.004,"Vitamin C (Ascorbic Acid)":0.0064,"Vitamin D Veg D3":0.0342,"Vitamin E (d-alpha tocopherol)":0.0119,"Vitamin K1":0.0555,"Vitamin K2 MK-7 MCT Oil":0.0051,"Vitamin K2 MK-4 MCT Oil":0.0047,"Sunflower lecithin non-GMO":0.0277,"Phosphatidylcholine":0.0067,"Choline":0.0279,"Lycopene":0.0647,"Lysine":0.0054,"Taurine":0.0273,"Glucoraphanin":0.0091,"Ubiquinol":0.0122,"Zinc Citrate":0.0188,"Fiber":0.0051,"Blueberries":0.0794,"Macadamia nuts":0.0421,"Walnuts":0.0486,"Omega 3":0.0233,"Omega 6":0.0159,"Calcium":0.0702,"EVOO polyphenols":0.0064,"Oleic acid":0.0255,"Protein (plant)":0.0043,"Copper":0.0228,"Caffeine":0.0606,"Magnesium Citrate":0.036,"Manganese Citrate":0.0875,"Curcuminoids":0.0349,"Fisetin (smoketree extract)":0.0266,"Garlic extract 12:1 odorless":0.0079,"Genistein (Japonica extract)":0.009,"Milled Golden Flaxseed":0.0274,"SDG lignan":0.0204,"Phosphatidylinositol":0.0084,"Phosphatidylethanolamine":0.0151}],"vo2_max":20.2847}
