{"personal_data":[{"age":38,"gender":"F"}],"fitness_data":[{"Backwards Sled, 2 min":1,"Posture exercises":4,"Tricep extensions":4,"Face pulls":5,"Butterfly":2,"Band pull apart (back muscles)":6,"Back extensions (on a hyperextension)":1,"Obliques (each side, on a hyperextension)":1,"StretchesKneeling shin_Kneeling shin_":1,"StretchesHip flexor_Hip flexor_":1,"StretchesCouch_Couch_":1,"Leg raises (for abdomen)":3,"Seated calf raises":3,"Poliquin step ups":1,"Slant board squats":4,"ATG Split squats":2,"Nordics":3,"Reverse Nordics":2,"Tibialis raises,":1,"IsoTib ankle rotations":4,"Pull ups":1,"Chin ups":1,"10 min HIIT":3}],"supplement_vars":[{"N-Acetyl-L-Cysteine (NAC)":0.0076,"N-Acetyl-L-Cysteine (NAC) 2":0.0006,"Nicotinamide Riboside Chloride (NR)":0.0088,"Zeaxanthin":0.0074,"Phosphorus":0.0026,"Astaxanthin (Natural)":0.015,"Boron Glycinate":0.0224,"CaAKG":0.0113,"Ashwagandha KSM66":0.0003,"Calcium L-5- Methyltetrahydrofolate (L-5-MTHF-Ca)":0.0578,"Cocoa Powder (Non-Alkalised) 8+% Flavanols":0.0163,"Red Yeast Rice (2% Monacolin K)":0.0159,"Creatine Monohydrate":0.0053,"Ginger":0.0334,"Glucosamine Sulfate KCI":0.0061,"Grape Seed Extract 90% polyphenols":0.0088,"Broccoli Extract (glucoraphanin 10%)":0.0133,"Glycine":0.0289,"Theanine":0.0275,"Lactobacillus Acidophilus":0.0418,"Lithium orotate":0.0054,"Pomegranate Juice Extract (50% Polyphenols)":0.0083,"Potassium Iodate":0.0283,"Rhodiola 3% Rosavins / Salidroside 1%":0.0073,"Selenium":0.0246,"Glutathione reduced":0.0118,"Lutein":0.0191,"Luteolin":0.0039,"Cinnamon powder (ceylon) organic":0.0201,"Sodium Hyaluronate":0.0023,"Spermidine":0.0758,"Vitamin B1 (Thiamine HCl)":0.0121,"Vitamin B12 (Methylcobalamin)":0.0454,"Vitamin B2 (Riboflavin-5-Phosphate)":0.0288,"Vitamin B3 (Niacinamide)":0.0198,"Vitamin B5 (Calcium-D-Pantothenate)":0.0163,"Vitamin B6 (Pyridoxal-5- Phosphate)":0.0453,"Vitamin B7 (D-Biotin)":0.0065,"Vitamin C (Ascorbic Acid)":0.0075,"Vitamin D Veg D3":0.0324,"Vitamin E (d-alpha tocopherol)":0.0101,"Vitamin K1":0.0583,"Vitamin K2 MK-7 MCT Oil":0.0138,"Vitamin K2 MK-4 MCT Oil":0.0208,"Sunflower lecithin non-GMO":0.0246,"Phosphatidylcholine":0.0255,"Choline":0.0112,"Lycopene":0.0445,"Lysine":0.0071,"Taurine":0.0455,"Glucoraphanin":0.0067,"Ubiquinol":0.0137,"Zinc Citrate":0.0216,"Fiber":0.0007,"Blueberries":0.0327,"Macadamia nuts":0.0468,"Walnuts":0.0501,"Omega 3":0.0483,"Omega 6":0.0327,"Calcium":0.0387,"EVOO polyphenols":0.0002,"Oleic acid":0.0003,"Protein (plant)":0.001,"Copper":0.0179,"Caffeine":0.0467,"Magnesium Citrate":0.0355,"Manganese Citrate":0.0749,"Curcuminoids":0.0105,"Fisetin (smoketree extract)":0.012,"Garlic extract 12:1 odorless":0.0254,"Genistein (Japonica extract)":0.0116,"Milled Golden Flaxseed":0.0186,"SDG lignan":0.0586,"Phosphatidylinositol":0.0256,"Phosphatidylethanolamine":0.0339}],"vo2_max":30.4187}
