{"personal_data":[{"age":53,"gender":"F","name":"Kennedi Legros"}],"fitness_data":[{"Backwards Sled, 2 min":5,"Posture exercises":0,"Tricep extensions":1,"Face pulls":1,"Butterfly":2,"Band pull apart (back muscles)":2,"Back extensions (on a hyperextension)":1,"Obliques (each side, on a hyperextension)":4,"StretchesKneeling shin_Kneeling shin_":1,"StretchesHip flexor_Hip flexor_":5,"StretchesCouch_Couch_":3,"Leg raises (for abdomen)":4,"Seated calf raises":3,"Poliquin step ups":4,"Slant board squats":3,"ATG Split squats":2,"Nordics":3,"Reverse Nordics":2,"Tibialis raises,":2,"IsoTib ankle rotations":5,"Pull ups":3,"Chin ups":3,"10 min HIIT":2}],"supplement_vars":[{"N-Acetyl-L-Cysteine (NAC)":0.0056,"N-Acetyl-L-Cysteine (NAC) 2":0.0179,"Nicotinamide Riboside Chloride (NR)":0.0154,"Zeaxanthin":0.0008,"Phosphorus":0.0152,"Astaxanthin (Natural)":0.0026,"Boron Glycinate":0.0378,"CaAKG":0.0029,"Ashwagandha KSM66":0.0088,"Calcium L-5- Methyltetrahydrofolate (L-5-MTHF-Ca)":0.0654,"Cocoa Powder (Non-Alkalised) 8+% Flavanols":0.0227,"Red Yeast Rice (2% Monacolin K)":0.0029,"Creatine Monohydrate":0.0243,"Ginger":0.059,"Glucosamine Sulfate KCI":0.0023,"Grape Seed Extract 90% polyphenols":0.002,"Broccoli Extract (glucoraphanin 10%)":0.0083,"Glycine":0.0076,"Theanine":0.0264,"Lactobacillus Acidophilus":0.0168,"Lithium orotate":0.0083,"Pomegranate Juice Extract (50% Polyphenols)":0.009,"Potassium Iodate":0.0349,"Rhodiola 3% Rosavins / Salidroside 1%":0.0119,"Selenium":0.0236,"Glutathione reduced":0.0472,"Lutein":0.0079,"Luteolin":0.006,"Cinnamon powder (ceylon) organic":0.0243,"Sodium Hyaluronate":0.0022,"Spermidine":0.0352,"Vitamin B1 (Thiamine HCl)":0.0159,"Vitamin B12 (Methylcobalamin)":0.023,"Vitamin B2 (Riboflavin-5-Phosphate)":0.0463,"Vitamin B3 (Niacinamide)":0.0455,"Vitamin B5 (Calcium-D-Pantothenate)":0.0009,"Vitamin B6 (Pyridoxal-5- Phosphate)":0.0175,"Vitamin B7 (D-Biotin)":0.0184,"Vitamin C (Ascorbic Acid)":0.0085,"Vitamin D Veg D3":0.0158,"Vitamin E (d-alpha tocopherol)":0.0117,"Vitamin K1":0.0667,"Vitamin K2 MK-7 MCT Oil":0.0358,"Vitamin K2 MK-4 MCT Oil":0.0205,"Sunflower lecithin non-GMO":0.0356,"Phosphatidylcholine":0.0289,"Choline":0.0556,"Lycopene":0.0122,"Lysine":0.0044,"Taurine":0.0432,"Glucoraphanin":0.0064,"Ubiquinol":0.0121,"Zinc Citrate":0.0279,"Fiber":0.003,"Blueberries":0.0309,"Macadamia nuts":0.0393,"Walnuts":0.0462,"Omega 3":0.0353,"Omega 6":0.0354,"Calcium":0.0559,"EVOO polyphenols":0.0029,"Oleic acid":0.0307,"Protein (plant)":0.0039,"Copper":0.0156,"Caffeine":0.0174,"Magnesium Citrate":0.0127,"Manganese Citrate":0.0341,"Curcuminoids":0.016,"Fisetin (smoketree extract)":0.0057,"Garlic extract 12:1 odorless":0.041,"Genistein (Japonica extract)":0.004,"Milled Golden Flaxseed":0.0176,"SDG lignan":0.0105,"Phosphatidylinositol":0.0231,"Phosphatidylethanolamine":0.0352}],"vo2_max":27.2714}
