{"personal_data":[{"age":74,"gender":"M","name":"Essence Collins-O'Keefe"}],"fitness_data":[{"Backwards Sled, 2 min":2,"Posture exercises":2,"Tricep extensions":3,"Face pulls":2,"Butterfly":1,"Band pull apart (back muscles)":5,"Back extensions (on a hyperextension)":0,"Obliques (each side, on a hyperextension)":3,"StretchesKneeling shin_Kneeling shin_":1,"StretchesHip flexor_Hip flexor_":1,"StretchesCouch_Couch_":1,"Leg raises (for abdomen)":0,"Seated calf raises":0,"Poliquin step ups":4,"Slant board squats":3,"ATG Split squats":6,"Nordics":6,"Reverse Nordics":3,"Tibialis raises,":1,"IsoTib ankle rotations":1,"Pull ups":1,"Chin ups":1,"10 min HIIT":2}],"supplement_vars":[{"N-Acetyl-L-Cysteine (NAC)":0.0034,"N-Acetyl-L-Cysteine (NAC) 2":0.0173,"Nicotinamide Riboside Chloride (NR)":0.0042,"Zeaxanthin":0.0032,"Phosphorus":0.006,"Astaxanthin (Natural)":0.0184,"Boron Glycinate":0.0074,"CaAKG":0.0117,"Ashwagandha KSM66":0.0002,"Calcium L-5- Methyltetrahydrofolate (L-5-MTHF-Ca)":0.0221,"Cocoa Powder (Non-Alkalised) 8+% Flavanols":0.0164,"Red Yeast Rice (2% Monacolin K)":0.0085,"Creatine Monohydrate":0.0441,"Ginger":0.0433,"Glucosamine Sulfate KCI":0.0057,"Grape Seed Extract 90% polyphenols":0.0039,"Broccoli Extract (glucoraphanin 10%)":0.0002,"Glycine":0.0049,"Theanine":0.0204,"Lactobacillus Acidophilus":0.0455,"Lithium orotate":0.0021,"Pomegranate Juice Extract (50% Polyphenols)":0.027,"Potassium Iodate":0.0201,"Rhodiola 3% Rosavins / Salidroside 1%":0.0608,"Selenium":0.0381,"Glutathione reduced":0.0211,"Lutein":0.0018,"Luteolin":0.0081,"Cinnamon powder (ceylon) organic":0.0019,"Sodium Hyaluronate":0.0077,"Spermidine":0.0009,"Vitamin B1 (Thiamine HCl)":0.0057,"Vitamin B12 (Methylcobalamin)":0.0658,"Vitamin B2 (Riboflavin-5-Phosphate)":0.0209,"Vitamin B3 (Niacinamide)":0.0274,"Vitamin B5 (Calcium-D-Pantothenate)":0.0204,"Vitamin B6 (Pyridoxal-5- Phosphate)":0.0322,"Vitamin B7 (D-Biotin)":0.0312,"Vitamin C (Ascorbic Acid)":0.0028,"Vitamin D Veg D3":0.0333,"Vitamin E (d-alpha tocopherol)":0.0309,"Vitamin K1":0.0367,"Vitamin K2 MK-7 MCT Oil":0.0181,"Vitamin K2 MK-4 MCT Oil":0.0355,"Sunflower lecithin non-GMO":0.0109,"Phosphatidylcholine":0.0097,"Choline":0.025,"Lycopene":0.0003,"Lysine":0.0127,"Taurine":0.0336,"Glucoraphanin":0.0235,"Ubiquinol":0.0137,"Zinc Citrate":0.0055,"Fiber":0.0031,"Blueberries":0.0178,"Macadamia nuts":0.0634,"Walnuts":0.0182,"Omega 3":0.0278,"Omega 6":0.047,"Calcium":0.0355,"EVOO polyphenols":0.0021,"Oleic acid":0.0129,"Protein (plant)":0.0031,"Copper":0.0027,"Caffeine":0.0185,"Magnesium Citrate":0.0361,"Manganese Citrate":0.0167,"Curcuminoids":0.0113,"Fisetin (smoketree extract)":0.0271,"Garlic extract 12:1 odorless":0.0021,"Genistein (Japonica extract)":0.0022,"Milled Golden Flaxseed":0.0208,"SDG lignan":0.0279,"Phosphatidylinositol":0.0226,"Phosphatidylethanolamine":0.0005}],"vo2_max":18.8725}
