{"personal_data":[{"age":54,"gender":"F","name":"Gearld Lebsack"}],"fitness_data":[{"Backwards Sled, 2 min":0,"Posture exercises":1,"Tricep extensions":3,"Face pulls":3,"Butterfly":4,"Band pull apart (back muscles)":0,"Back extensions (on a hyperextension)":1,"Obliques (each side, on a hyperextension)":3,"StretchesKneeling shin_Kneeling shin_":2,"StretchesHip flexor_Hip flexor_":6,"StretchesCouch_Couch_":3,"Leg raises (for abdomen)":1,"Seated calf raises":2,"Poliquin step ups":3,"Slant board squats":6,"ATG Split squats":5,"Nordics":4,"Reverse Nordics":3,"Tibialis raises,":3,"IsoTib ankle rotations":4,"Pull ups":2,"Chin ups":3,"10 min HIIT":3}],"supplement_vars":[{"N-Acetyl-L-Cysteine (NAC)":0.0166,"N-Acetyl-L-Cysteine (NAC) 2":0.008,"Nicotinamide Riboside Chloride (NR)":0.0081,"Zeaxanthin":0.0073,"Phosphorus":0.0226,"Astaxanthin (Natural)":0.0182,"Boron Glycinate":0.0158,"CaAKG":0.006,"Ashwagandha KSM66":0.0038,"Calcium L-5- Methyltetrahydrofolate (L-5-MTHF-Ca)":0.0446,"Cocoa Powder (Non-Alkalised) 8+% Flavanols":0.0151,"Red Yeast Rice (2% Monacolin K)":0.0172,"Creatine Monohydrate":0.0168,"Ginger":0.018,"Glucosamine Sulfate KCI":0.0442,"Grape Seed Extract 90% polyphenols":0.0081,"Broccoli Extract (glucoraphanin 10%)":0.0112,"Glycine":0.0079,"Theanine":0.0078,"Lactobacillus Acidophilus":0.052,"Lithium orotate":0.0001,"Pomegranate Juice Extract (50% Polyphenols)":0.0365,"Potassium Iodate":0.0061,"Rhodiola 3% Rosavins / Salidroside 1%":0.0467,"Selenium":0.0306,"Glutathione reduced":0.0099,"Lutein":0.0029,"Luteolin":0.0004,"Cinnamon powder (ceylon) organic":0.0066,"Sodium Hyaluronate":0.0024,"Spermidine":0.0312,"Vitamin B1 (Thiamine HCl)":0.0059,"Vitamin B12 (Methylcobalamin)":0.0283,"Vitamin B2 (Riboflavin-5-Phosphate)":0.0253,"Vitamin B3 (Niacinamide)":0.0277,"Vitamin B5 (Calcium-D-Pantothenate)":0.0136,"Vitamin B6 (Pyridoxal-5- Phosphate)":0.009,"Vitamin B7 (D-Biotin)":0.005,"Vitamin C (Ascorbic Acid)":0.0022,"Vitamin D Veg D3":0.0392,"Vitamin E (d-alpha tocopherol)":0.0052,"Vitamin K1":0.0079,"Vitamin K2 MK-7 MCT Oil":0.0006,"Vitamin K2 MK-4 MCT Oil":0.0277,"Sunflower lecithin non-GMO":0.0273,"Phosphatidylcholine":0.0016,"Choline":0.0505,"Lycopene":0.0401,"Lysine":0.0079,"Taurine":0.0316,"Glucoraphanin":0.0305,"Ubiquinol":0.0138,"Zinc Citrate":0.0237,"Fiber":0.0014,"Blueberries":0.0695,"Macadamia nuts":0.0035,"Walnuts":0.0063,"Omega 3":0.0256,"Omega 6":0.0191,"Calcium":0.0168,"EVOO polyphenols":0.0013,"Oleic acid":0.0052,"Protein (plant)":0.0035,"Copper":0.0238,"Caffeine":0.0594,"Magnesium Citrate":0.0371,"Manganese Citrate":0.0822,"Curcuminoids":0.0387,"Fisetin (smoketree extract)":0.0259,"Garlic extract 12:1 odorless":0.0407,"Genistein (Japonica extract)":0.0075,"Milled Golden Flaxseed":0.0263,"SDG lignan":0.0426,"Phosphatidylinositol":0.0248,"Phosphatidylethanolamine":0.0481}],"vo2_max":27.9072}
