{"personal_data":[{"age":37,"gender":"M","name":"Mrs. Helyn Treutel DVM"}],"fitness_data":[{"Backwards Sled, 2 min":5,"Posture exercises":3,"Tricep extensions":0,"Face pulls":4,"Butterfly":4,"Band pull apart (back muscles)":2,"Back extensions (on a hyperextension)":0,"Obliques (each side, on a hyperextension)":1,"StretchesKneeling shin_Kneeling shin_":4,"StretchesHip flexor_Hip flexor_":4,"StretchesCouch_Couch_":1,"Leg raises (for abdomen)":5,"Seated calf raises":1,"Poliquin step ups":1,"Slant board squats":5,"ATG Split squats":0,"Nordics":6,"Reverse Nordics":3,"Tibialis raises,":0,"IsoTib ankle rotations":3,"Pull ups":1,"Chin ups":1,"10 min HIIT":1}],"supplement_vars":[{"N-Acetyl-L-Cysteine (NAC)":0.0125,"N-Acetyl-L-Cysteine (NAC) 2":0.0088,"Nicotinamide Riboside Chloride (NR)":0.0034,"Zeaxanthin":0.014,"Phosphorus":0.0171,"Astaxanthin (Natural)":0.0125,"Boron Glycinate":0.0372,"CaAKG":0.0016,"Ashwagandha KSM66":0.0088,"Calcium L-5- Methyltetrahydrofolate (L-5-MTHF-Ca)":0.0524,"Cocoa Powder (Non-Alkalised) 8+% Flavanols":0.021,"Red Yeast Rice (2% Monacolin K)":0.0232,"Creatine Monohydrate":0.0404,"Ginger":0.0392,"Glucosamine Sulfate KCI":0.0744,"Grape Seed Extract 90% polyphenols":0.0104,"Broccoli Extract (glucoraphanin 10%)":0.0048,"Glycine":0.0271,"Theanine":0.0256,"Lactobacillus Acidophilus":0.0016,"Lithium orotate":0.0066,"Pomegranate Juice Extract (50% Polyphenols)":0.0255,"Potassium Iodate":0.0011,"Rhodiola 3% Rosavins / Salidroside 1%":0.0366,"Selenium":0.0193,"Glutathione reduced":0.0111,"Lutein":0.0119,"Luteolin":0.0072,"Cinnamon powder (ceylon) organic":0.0198,"Sodium Hyaluronate":0.0074,"Spermidine":0.0433,"Vitamin B1 (Thiamine HCl)":0.0111,"Vitamin B12 (Methylcobalamin)":0.0367,"Vitamin B2 (Riboflavin-5-Phosphate)":0.0573,"Vitamin B3 (Niacinamide)":0.0591,"Vitamin B5 (Calcium-D-Pantothenate)":0.007,"Vitamin B6 (Pyridoxal-5- Phosphate)":0.0354,"Vitamin B7 (D-Biotin)":0.0064,"Vitamin C (Ascorbic Acid)":0.0052,"Vitamin D Veg D3":0.0158,"Vitamin E (d-alpha tocopherol)":0.039,"Vitamin K1":0.0389,"Vitamin K2 MK-7 MCT Oil":0.0214,"Vitamin K2 MK-4 MCT Oil":0.0342,"Sunflower lecithin non-GMO":0.0009,"Phosphatidylcholine":0.0258,"Choline":0.0209,"Lycopene":0.0461,"Lysine":0.0071,"Taurine":0.0106,"Glucoraphanin":0.0035,"Ubiquinol":0.003,"Zinc Citrate":0.0264,"Fiber":0.0019,"Blueberries":0.0625,"Macadamia nuts":0.0226,"Walnuts":0.0341,"Omega 3":0.0445,"Omega 6":0.0245,"Calcium":0.0418,"EVOO polyphenols":0.0045,"Oleic acid":0.0107,"Protein (plant)":0.0004,"Copper":0.0176,"Caffeine":0.0459,"Magnesium Citrate":0.0391,"Manganese Citrate":0.0279,"Curcuminoids":0.0375,"Fisetin (smoketree extract)":0.0105,"Garlic extract 12:1 odorless":0.0011,"Genistein (Japonica extract)":0.0159,"Milled Golden Flaxseed":0.019,"SDG lignan":0.0522,"Phosphatidylinositol":0.0009,"Phosphatidylethanolamine":0.0255}],"vo2_max":30.347}
