{"personal_data":[{"age":43,"gender":"M"}],"fitness_data":[{"Backwards Sled, 2 min":0,"Posture exercises":4,"Tricep extensions":3,"Face pulls":2,"Butterfly":6,"Band pull apart (back muscles)":6,"Back extensions (on a hyperextension)":3,"Obliques (each side, on a hyperextension)":1,"StretchesKneeling shin_Kneeling shin_":4,"StretchesHip flexor_Hip flexor_":3,"StretchesCouch_Couch_":1,"Leg raises (for abdomen)":3,"Seated calf raises":1,"Poliquin step ups":3,"Slant board squats":7,"ATG Split squats":1,"Nordics":5,"Reverse Nordics":4,"Tibialis raises,":2,"IsoTib ankle rotations":4,"Pull ups":4,"Chin ups":3,"10 min HIIT":3}],"supplement_vars":[{"N-Acetyl-L-Cysteine (NAC)":0.0118,"N-Acetyl-L-Cysteine (NAC) 2":0.0026,"Nicotinamide Riboside Chloride (NR)":0.0148,"Zeaxanthin":0.0082,"Phosphorus":0.0075,"Astaxanthin (Natural)":0.0019,"Boron Glycinate":0.0022,"CaAKG":0.0049,"Ashwagandha KSM66":0.0005,"Calcium L-5- Methyltetrahydrofolate (L-5-MTHF-Ca)":0.001,"Cocoa Powder (Non-Alkalised) 8+% Flavanols":0.0007,"Red Yeast Rice (2% Monacolin K)":0.0326,"Creatine Monohydrate":0.0233,"Ginger":0.0816,"Glucosamine Sulfate KCI":0.0015,"Grape Seed Extract 90% polyphenols":0.0122,"Broccoli Extract (glucoraphanin 10%)":0.0037,"Glycine":0.0307,"Theanine":0.0555,"Lactobacillus Acidophilus":0.0478,"Lithium orotate":0.0071,"Pomegranate Juice Extract (50% Polyphenols)":0.0183,"Potassium Iodate":0.0452,"Rhodiola 3% Rosavins / Salidroside 1%":0.0438,"Selenium":0.04,"Glutathione reduced":0.0303,"Lutein":0.0107,"Luteolin":0.0065,"Cinnamon powder (ceylon) organic":0.0247,"Sodium Hyaluronate":0.0065,"Spermidine":0.0419,"Vitamin B1 (Thiamine HCl)":0.0056,"Vitamin B12 (Methylcobalamin)":0.0114,"Vitamin B2 (Riboflavin-5-Phosphate)":0.0362,"Vitamin B3 (Niacinamide)":0.0484,"Vitamin B5 (Calcium-D-Pantothenate)":0.0214,"Vitamin B6 (Pyridoxal-5- Phosphate)":0.0059,"Vitamin B7 (D-Biotin)":0.0303,"Vitamin C (Ascorbic Acid)":0.0073,"Vitamin D Veg D3":0.0117,"Vitamin E (d-alpha tocopherol)":0.01,"Vitamin K1":0.0673,"Vitamin K2 MK-7 MCT Oil":0.0278,"Vitamin K2 MK-4 MCT Oil":0.0001,"Sunflower lecithin non-GMO":0.0421,"Phosphatidylcholine":0.0143,"Choline":0.0267,"Lycopene":0.0435,"Lysine":0.0088,"Taurine":0.0317,"Glucoraphanin":0.0256,"Ubiquinol":0.0003,"Zinc Citrate":0.0293,"Fiber":0.0055,"Blueberries":0.0679,"Macadamia nuts":0.0003,"Walnuts":0.057,"Omega 3":0.0082,"Omega 6":0.0477,"Calcium":0.045,"EVOO polyphenols":0.006,"Oleic acid":0.0332,"Protein (plant)":0.0036,"Copper":0.0208,"Caffeine":0.0386,"Magnesium Citrate":0.0024,"Manganese Citrate":0.0471,"Curcuminoids":0.022,"Fisetin (smoketree extract)":0.0214,"Garlic extract 12:1 odorless":0.0063,"Genistein (Japonica extract)":0.0033,"Milled Golden Flaxseed":0.0046,"SDG lignan":0.0527,"Phosphatidylinositol":0.0149,"Phosphatidylethanolamine":0.0254}],"vo2_max":31.0517}
