{"personal_data":[{"age":58,"gender":"F","name":"Offie Heathcote I"}],"fitness_data":[{"Backwards Sled, 2 min":2,"Posture exercises":0,"Tricep extensions":1,"Face pulls":2,"Butterfly":5,"Band pull apart (back muscles)":3,"Back extensions (on a hyperextension)":1,"Obliques (each side, on a hyperextension)":2,"StretchesKneeling shin_Kneeling shin_":0,"StretchesHip flexor_Hip flexor_":4,"StretchesCouch_Couch_":2,"Leg raises (for abdomen)":2,"Seated calf raises":3,"Poliquin step ups":4,"Slant board squats":2,"ATG Split squats":4,"Nordics":5,"Reverse Nordics":2,"Tibialis raises,":3,"IsoTib ankle rotations":5,"Pull ups":0,"Chin ups":2,"10 min HIIT":2}],"supplement_vars":[{"N-Acetyl-L-Cysteine (NAC)":0.0172,"N-Acetyl-L-Cysteine (NAC) 2":0.0023,"Nicotinamide Riboside Chloride (NR)":0.0043,"Zeaxanthin":0.0017,"Phosphorus":0.0313,"Astaxanthin (Natural)":0.019,"Boron Glycinate":0.0355,"CaAKG":0.0015,"Ashwagandha KSM66":0.0058,"Calcium L-5- Methyltetrahydrofolate (L-5-MTHF-Ca)":0.0372,"Cocoa Powder (Non-Alkalised) 8+% Flavanols":0.0127,"Red Yeast Rice (2% Monacolin K)":0.0212,"Creatine Monohydrate":0.0599,"Ginger":0.0231,"Glucosamine Sulfate KCI":0.0226,"Grape Seed Extract 90% polyphenols":0.0107,"Broccoli Extract (glucoraphanin 10%)":0.0092,"Glycine":0.024,"Theanine":0.0225,"Lactobacillus Acidophilus":0.0502,"Lithium orotate":0.0004,"Pomegranate Juice Extract (50% Polyphenols)":0.0159,"Potassium Iodate":0.0083,"Rhodiola 3% Rosavins / Salidroside 1%":0.0061,"Selenium":0.0208,"Glutathione reduced":0.0407,"Lutein":0.0003,"Luteolin":0.0039,"Cinnamon powder (ceylon) organic":0.0003,"Sodium Hyaluronate":0.0068,"Spermidine":0.0789,"Vitamin B1 (Thiamine HCl)":0.0093,"Vitamin B12 (Methylcobalamin)":0.0421,"Vitamin B2 (Riboflavin-5-Phosphate)":0.0022,"Vitamin B3 (Niacinamide)":0.0631,"Vitamin B5 (Calcium-D-Pantothenate)":0.0003,"Vitamin B6 (Pyridoxal-5- Phosphate)":0.0475,"Vitamin B7 (D-Biotin)":0.0055,"Vitamin C (Ascorbic Acid)":0.0084,"Vitamin D Veg D3":0.0145,"Vitamin E (d-alpha tocopherol)":0.0352,"Vitamin K1":0.0484,"Vitamin K2 MK-7 MCT Oil":0.0278,"Vitamin K2 MK-4 MCT Oil":0.008,"Sunflower lecithin non-GMO":0.0232,"Phosphatidylcholine":0.0034,"Choline":0.002,"Lycopene":0.0568,"Lysine":0.011,"Taurine":0.0391,"Glucoraphanin":0.0312,"Ubiquinol":0.0003,"Zinc Citrate":0.0312,"Fiber":0.0021,"Blueberries":0.0585,"Macadamia nuts":0.0206,"Walnuts":0.0623,"Omega 3":0.0416,"Omega 6":0.041,"Calcium":0.0522,"EVOO polyphenols":0.0039,"Oleic acid":0.0164,"Protein (plant)":0.0017,"Copper":0.0025,"Caffeine":0.0629,"Magnesium Citrate":0.0284,"Manganese Citrate":0.0069,"Curcuminoids":0.0405,"Fisetin (smoketree extract)":0.0217,"Garlic extract 12:1 odorless":0.035,"Genistein (Japonica extract)":0.0186,"Milled Golden Flaxseed":0.0277,"SDG lignan":0.027,"Phosphatidylinositol":0.0131,"Phosphatidylethanolamine":0.029}],"vo2_max":25.5091}
