{"personal_data":[{"age":37,"gender":"F","name":"Elick Smitham DVM"}],"fitness_data":[{"Backwards Sled, 2 min":3,"Posture exercises":3,"Tricep extensions":0,"Face pulls":5,"Butterfly":6,"Band pull apart (back muscles)":5,"Back extensions (on a hyperextension)":1,"Obliques (each side, on a hyperextension)":4,"StretchesKneeling shin_Kneeling shin_":5,"StretchesHip flexor_Hip flexor_":6,"StretchesCouch_Couch_":1,"Leg raises (for abdomen)":5,"Seated calf raises":4,"Poliquin step ups":2,"Slant board squats":3,"ATG Split squats":3,"Nordics":5,"Reverse Nordics":3,"Tibialis raises,":4,"IsoTib ankle rotations":5,"Pull ups":3,"Chin ups":0,"10 min HIIT":0}],"supplement_vars":[{"N-Acetyl-L-Cysteine (NAC)":0.0152,"N-Acetyl-L-Cysteine (NAC) 2":0.0046,"Nicotinamide Riboside Chloride (NR)":0.0024,"Zeaxanthin":0.003,"Phosphorus":0.0118,"Astaxanthin (Natural)":0.0067,"Boron Glycinate":0.0357,"CaAKG":0.0111,"Ashwagandha KSM66":0.0055,"Calcium L-5- Methyltetrahydrofolate (L-5-MTHF-Ca)":0.0607,"Cocoa Powder (Non-Alkalised) 8+% Flavanols":0.0165,"Red Yeast Rice (2% Monacolin K)":0.0302,"Creatine Monohydrate":0.0358,"Ginger":0.0057,"Glucosamine Sulfate KCI":0.0494,"Grape Seed Extract 90% polyphenols":0.0033,"Broccoli Extract (glucoraphanin 10%)":0.0335,"Glycine":0.0185,"Theanine":0.0008,"Lactobacillus Acidophilus":0.0229,"Lithium orotate":0.0098,"Pomegranate Juice Extract (50% Polyphenols)":0.035,"Potassium Iodate":0.0432,"Rhodiola 3% Rosavins / Salidroside 1%":0.0168,"Selenium":0.0235,"Glutathione reduced":0.0136,"Lutein":0.0162,"Luteolin":0.0098,"Cinnamon powder (ceylon) organic":0.023,"Sodium Hyaluronate":0.0074,"Spermidine":0.036,"Vitamin B1 (Thiamine HCl)":0.0066,"Vitamin B12 (Methylcobalamin)":0.0215,"Vitamin B2 (Riboflavin-5-Phosphate)":0.0279,"Vitamin B3 (Niacinamide)":0.0641,"Vitamin B5 (Calcium-D-Pantothenate)":0.0102,"Vitamin B6 (Pyridoxal-5- Phosphate)":0.0123,"Vitamin B7 (D-Biotin)":0.026,"Vitamin C (Ascorbic Acid)":0.0068,"Vitamin D Veg D3":0.0289,"Vitamin E (d-alpha tocopherol)":0.0081,"Vitamin K1":0.0144,"Vitamin K2 MK-7 MCT Oil":0.0172,"Vitamin K2 MK-4 MCT Oil":0.0086,"Sunflower lecithin non-GMO":0.0439,"Phosphatidylcholine":0.0011,"Choline":0.0477,"Lycopene":0.0037,"Lysine":0.0106,"Taurine":0.0022,"Glucoraphanin":0.0126,"Ubiquinol":0.0128,"Zinc Citrate":0.0067,"Fiber":0.0034,"Blueberries":0.0684,"Macadamia nuts":0.0865,"Walnuts":0.0336,"Omega 3":0.0193,"Omega 6":0.0295,"Calcium":0.0643,"EVOO polyphenols":0.004,"Oleic acid":0.0274,"Protein (plant)":0.0003,"Copper":0.0093,"Caffeine":0.0032,"Magnesium Citrate":0.0264,"Manganese Citrate":0.0284,"Curcuminoids":0.0199,"Fisetin (smoketree extract)":0.0256,"Garlic extract 12:1 odorless":0.0424,"Genistein (Japonica extract)":0.0036,"Milled Golden Flaxseed":0.0349,"SDG lignan":0.0544,"Phosphatidylinositol":0.0125,"Phosphatidylethanolamine":0.009}],"vo2_max":31.2588}
