{"personal_data":[{"age":64,"gender":"M","name":"Retta Kub-Dicki"}],"fitness_data":[{"Backwards Sled, 2 min":1,"Posture exercises":2,"Tricep extensions":1,"Face pulls":3,"Butterfly":2,"Band pull apart (back muscles)":5,"Back extensions (on a hyperextension)":2,"Obliques (each side, on a hyperextension)":3,"StretchesKneeling shin_Kneeling shin_":4,"StretchesHip flexor_Hip flexor_":5,"StretchesCouch_Couch_":3,"Leg raises (for abdomen)":3,"Seated calf raises":4,"Poliquin step ups":3,"Slant board squats":2,"ATG Split squats":5,"Nordics":1,"Reverse Nordics":2,"Tibialis raises,":1,"IsoTib ankle rotations":3,"Pull ups":0,"Chin ups":1,"10 min HIIT":3}],"supplement_vars":[{"N-Acetyl-L-Cysteine (NAC)":0.0193,"N-Acetyl-L-Cysteine (NAC) 2":0.0106,"Nicotinamide Riboside Chloride (NR)":0.0132,"Zeaxanthin":0.0044,"Phosphorus":0.01,"Astaxanthin (Natural)":0.0077,"Boron Glycinate":0.0416,"CaAKG":0.0007,"Ashwagandha KSM66":0.0025,"Calcium L-5- Methyltetrahydrofolate (L-5-MTHF-Ca)":0.0598,"Cocoa Powder (Non-Alkalised) 8+% Flavanols":0.0101,"Red Yeast Rice (2% Monacolin K)":0.0094,"Creatine Monohydrate":0.04,"Ginger":0.0888,"Glucosamine Sulfate KCI":0.0567,"Grape Seed Extract 90% polyphenols":0.0035,"Broccoli Extract (glucoraphanin 10%)":0.0311,"Glycine":0.006,"Theanine":0.0445,"Lactobacillus Acidophilus":0.0125,"Lithium orotate":0.0083,"Pomegranate Juice Extract (50% Polyphenols)":0.0588,"Potassium Iodate":0.0247,"Rhodiola 3% Rosavins / Salidroside 1%":0.0088,"Selenium":0.0277,"Glutathione reduced":0.0183,"Lutein":0.0065,"Luteolin":0.0019,"Cinnamon powder (ceylon) organic":0.0051,"Sodium Hyaluronate":0.0105,"Spermidine":0.0766,"Vitamin B1 (Thiamine HCl)":0.0005,"Vitamin B12 (Methylcobalamin)":0.0694,"Vitamin B2 (Riboflavin-5-Phosphate)":0.0165,"Vitamin B3 (Niacinamide)":0.0651,"Vitamin B5 (Calcium-D-Pantothenate)":0.0173,"Vitamin B6 (Pyridoxal-5- Phosphate)":0.0252,"Vitamin B7 (D-Biotin)":0.0311,"Vitamin C (Ascorbic Acid)":0.0125,"Vitamin D Veg D3":0.0073,"Vitamin E (d-alpha tocopherol)":0.0431,"Vitamin K1":0.028,"Vitamin K2 MK-7 MCT Oil":0.0296,"Vitamin K2 MK-4 MCT Oil":0.0258,"Sunflower lecithin non-GMO":0.0038,"Phosphatidylcholine":0.0119,"Choline":0.044,"Lycopene":0.0207,"Lysine":0.0087,"Taurine":0.0355,"Glucoraphanin":0.0262,"Ubiquinol":0.0024,"Zinc Citrate":0.0237,"Fiber":0.0012,"Blueberries":0.0366,"Macadamia nuts":0.0939,"Walnuts":0.0226,"Omega 3":0.0407,"Omega 6":0.0011,"Calcium":0.0695,"EVOO polyphenols":0.0031,"Oleic acid":0.0362,"Protein (plant)":0.0024,"Copper":0.0165,"Caffeine":0.0247,"Magnesium Citrate":0.0023,"Manganese Citrate":0.042,"Curcuminoids":0.0317,"Fisetin (smoketree extract)":0.0129,"Garlic extract 12:1 odorless":0.0349,"Genistein (Japonica extract)":0.0096,"Milled Golden Flaxseed":0.0175,"SDG lignan":0.023,"Phosphatidylinositol":0.0051,"Phosphatidylethanolamine":0.0279}],"vo2_max":23.283}
