{"personal_data":[{"age":28,"gender":"M","name":"Mr. Darryn Stamm Jr."}],"fitness_data":[{"Backwards Sled, 2 min":1,"Posture exercises":5,"Tricep extensions":2,"Face pulls":4,"Butterfly":1,"Band pull apart (back muscles)":2,"Back extensions (on a hyperextension)":3,"Obliques (each side, on a hyperextension)":0,"StretchesKneeling shin_Kneeling shin_":3,"StretchesHip flexor_Hip flexor_":1,"StretchesCouch_Couch_":1,"Leg raises (for abdomen)":5,"Seated calf raises":2,"Poliquin step ups":1,"Slant board squats":4,"ATG Split squats":2,"Nordics":0,"Reverse Nordics":3,"Tibialis raises,":2,"IsoTib ankle rotations":5,"Pull ups":3,"Chin ups":3,"10 min HIIT":2}],"supplement_vars":[{"N-Acetyl-L-Cysteine (NAC)":0.0004,"N-Acetyl-L-Cysteine (NAC) 2":0.0201,"Nicotinamide Riboside Chloride (NR)":0.0011,"Zeaxanthin":0.0131,"Phosphorus":0.0055,"Astaxanthin (Natural)":0.0193,"Boron Glycinate":0.0325,"CaAKG":0.0003,"Ashwagandha KSM66":0.0039,"Calcium L-5- Methyltetrahydrofolate (L-5-MTHF-Ca)":0.014,"Cocoa Powder (Non-Alkalised) 8+% Flavanols":0.0014,"Red Yeast Rice (2% Monacolin K)":0.0046,"Creatine Monohydrate":0.0429,"Ginger":0.017,"Glucosamine Sulfate KCI":0.015,"Grape Seed Extract 90% polyphenols":0.0044,"Broccoli Extract (glucoraphanin 10%)":0.0298,"Glycine":0.0108,"Theanine":0.0565,"Lactobacillus Acidophilus":0.0584,"Lithium orotate":0.0071,"Pomegranate Juice Extract (50% Polyphenols)":0.0009,"Potassium Iodate":0.0414,"Rhodiola 3% Rosavins / Salidroside 1%":0.0207,"Selenium":0.0343,"Glutathione reduced":0.0459,"Lutein":0.0157,"Luteolin":0.0084,"Cinnamon powder (ceylon) organic":0.0162,"Sodium Hyaluronate":0.0051,"Spermidine":0.0286,"Vitamin B1 (Thiamine HCl)":0.0017,"Vitamin B12 (Methylcobalamin)":0.0479,"Vitamin B2 (Riboflavin-5-Phosphate)":0.0508,"Vitamin B3 (Niacinamide)":0.0316,"Vitamin B5 (Calcium-D-Pantothenate)":0.0042,"Vitamin B6 (Pyridoxal-5- Phosphate)":0.0014,"Vitamin B7 (D-Biotin)":0.034,"Vitamin C (Ascorbic Acid)":0.0024,"Vitamin D Veg D3":0.0431,"Vitamin E (d-alpha tocopherol)":0.0451,"Vitamin K1":0.0513,"Vitamin K2 MK-7 MCT Oil":0.0063,"Vitamin K2 MK-4 MCT Oil":0.0362,"Sunflower lecithin non-GMO":0.0297,"Phosphatidylcholine":0.0286,"Choline":0.0523,"Lycopene":0.0318,"Lysine":0.0054,"Taurine":0.0093,"Glucoraphanin":0.018,"Ubiquinol":0.0037,"Zinc Citrate":0.0292,"Fiber":0.0005,"Blueberries":0.0816,"Macadamia nuts":0.0449,"Walnuts":0.0449,"Omega 3":0.017,"Omega 6":0.0181,"Calcium":0.0475,"EVOO polyphenols":0.0005,"Oleic acid":0.0149,"Protein (plant)":0.0025,"Copper":0.0202,"Caffeine":0.0523,"Magnesium Citrate":0.0239,"Manganese Citrate":0.0886,"Curcuminoids":0.0175,"Fisetin (smoketree extract)":0.0354,"Garlic extract 12:1 odorless":0.039,"Genistein (Japonica extract)":0.0082,"Milled Golden Flaxseed":0.0191,"SDG lignan":0.0003,"Phosphatidylinositol":0.0187,"Phosphatidylethanolamine":0.0529}],"vo2_max":39.8938}
