{"personal_data":[{"age":47,"gender":"F","name":"Jesica Dickinson"}],"fitness_data":[{"Backwards Sled, 2 min":1,"Posture exercises":4,"Tricep extensions":1,"Face pulls":4,"Butterfly":1,"Band pull apart (back muscles)":1,"Back extensions (on a hyperextension)":4,"Obliques (each side, on a hyperextension)":0,"StretchesKneeling shin_Kneeling shin_":1,"StretchesHip flexor_Hip flexor_":1,"StretchesCouch_Couch_":2,"Leg raises (for abdomen)":1,"Seated calf raises":2,"Poliquin step ups":2,"Slant board squats":6,"ATG Split squats":3,"Nordics":1,"Reverse Nordics":0,"Tibialis raises,":3,"IsoTib ankle rotations":1,"Pull ups":1,"Chin ups":3,"10 min HIIT":2}],"supplement_vars":[{"N-Acetyl-L-Cysteine (NAC)":0.0067,"N-Acetyl-L-Cysteine (NAC) 2":0.0149,"Nicotinamide Riboside Chloride (NR)":0.0115,"Zeaxanthin":0.0085,"Phosphorus":0.01,"Astaxanthin (Natural)":0.0042,"Boron Glycinate":0.0445,"CaAKG":0.0045,"Ashwagandha KSM66":0.0074,"Calcium L-5- Methyltetrahydrofolate (L-5-MTHF-Ca)":0.0237,"Cocoa Powder (Non-Alkalised) 8+% Flavanols":0.0151,"Red Yeast Rice (2% Monacolin K)":0.0283,"Creatine Monohydrate":0.025,"Ginger":0.0714,"Glucosamine Sulfate KCI":0.0212,"Grape Seed Extract 90% polyphenols":0.0008,"Broccoli Extract (glucoraphanin 10%)":0.0273,"Glycine":0.0219,"Theanine":0.027,"Lactobacillus Acidophilus":0.0573,"Lithium orotate":0.0052,"Pomegranate Juice Extract (50% Polyphenols)":0.009,"Potassium Iodate":0.0406,"Rhodiola 3% Rosavins / Salidroside 1%":0.0369,"Selenium":0.0174,"Glutathione reduced":0.0222,"Lutein":0.0153,"Luteolin":0.0014,"Cinnamon powder (ceylon) organic":0.0079,"Sodium Hyaluronate":0.003,"Spermidine":0.0512,"Vitamin B1 (Thiamine HCl)":0.0002,"Vitamin B12 (Methylcobalamin)":0.0097,"Vitamin B2 (Riboflavin-5-Phosphate)":0.01,"Vitamin B3 (Niacinamide)":0.0294,"Vitamin B5 (Calcium-D-Pantothenate)":0.0147,"Vitamin B6 (Pyridoxal-5- Phosphate)":0.0325,"Vitamin B7 (D-Biotin)":0.006,"Vitamin C (Ascorbic Acid)":0.0055,"Vitamin D Veg D3":0.0265,"Vitamin E (d-alpha tocopherol)":0.0368,"Vitamin K1":0.0274,"Vitamin K2 MK-7 MCT Oil":0.0156,"Vitamin K2 MK-4 MCT Oil":0.0291,"Sunflower lecithin non-GMO":0.0341,"Phosphatidylcholine":0.0328,"Choline":0.0083,"Lycopene":0.0672,"Lysine":0.0092,"Taurine":0.0337,"Glucoraphanin":0.0224,"Ubiquinol":0.0006,"Zinc Citrate":0.0151,"Fiber":0.0013,"Blueberries":0.0057,"Macadamia nuts":0.0738,"Walnuts":0.0175,"Omega 3":0.0294,"Omega 6":0.0052,"Calcium":0.0527,"EVOO polyphenols":0.0068,"Oleic acid":0.0123,"Protein (plant)":0.0034,"Copper":0.005,"Caffeine":0.0262,"Magnesium Citrate":0.0507,"Manganese Citrate":0.0946,"Curcuminoids":0.0074,"Fisetin (smoketree extract)":0.0053,"Garlic extract 12:1 odorless":0.0316,"Genistein (Japonica extract)":0.005,"Milled Golden Flaxseed":0.0109,"SDG lignan":0.0067,"Phosphatidylinositol":0.0206,"Phosphatidylethanolamine":0.0049}],"vo2_max":30.8502}
