{"personal_data":[{"age":62,"gender":"M","name":"Mr. Maverick Kuvalis V"}],"fitness_data":[{"Backwards Sled, 2 min":4,"Posture exercises":4,"Tricep extensions":3,"Face pulls":4,"Butterfly":6,"Band pull apart (back muscles)":5,"Back extensions (on a hyperextension)":2,"Obliques (each side, on a hyperextension)":1,"StretchesKneeling shin_Kneeling shin_":2,"StretchesHip flexor_Hip flexor_":5,"StretchesCouch_Couch_":0,"Leg raises (for abdomen)":3,"Seated calf raises":2,"Poliquin step ups":1,"Slant board squats":6,"ATG Split squats":2,"Nordics":3,"Reverse Nordics":2,"Tibialis raises,":3,"IsoTib ankle rotations":5,"Pull ups":4,"Chin ups":4,"10 min HIIT":0}],"supplement_vars":[{"N-Acetyl-L-Cysteine (NAC)":0.0004,"N-Acetyl-L-Cysteine (NAC) 2":0.0034,"Nicotinamide Riboside Chloride (NR)":0.0017,"Zeaxanthin":0.0009,"Phosphorus":0.0408,"Astaxanthin (Natural)":0.006,"Boron Glycinate":0.0196,"CaAKG":0.0129,"Ashwagandha KSM66":0.0035,"Calcium L-5- Methyltetrahydrofolate (L-5-MTHF-Ca)":0.0614,"Cocoa Powder (Non-Alkalised) 8+% Flavanols":0.0103,"Red Yeast Rice (2% Monacolin K)":0.0168,"Creatine Monohydrate":0.0518,"Ginger":0.0073,"Glucosamine Sulfate KCI":0.0116,"Grape Seed Extract 90% polyphenols":0.0121,"Broccoli Extract (glucoraphanin 10%)":0.0166,"Glycine":0.0116,"Theanine":0.0562,"Lactobacillus Acidophilus":0.0271,"Lithium orotate":0.0023,"Pomegranate Juice Extract (50% Polyphenols)":0.0161,"Potassium Iodate":0.0132,"Rhodiola 3% Rosavins / Salidroside 1%":0.0104,"Selenium":0.0394,"Glutathione reduced":0.0511,"Lutein":0.0033,"Luteolin":0.0073,"Cinnamon powder (ceylon) organic":0.0097,"Sodium Hyaluronate":0.0017,"Spermidine":0.0211,"Vitamin B1 (Thiamine HCl)":0.005,"Vitamin B12 (Methylcobalamin)":0.0112,"Vitamin B2 (Riboflavin-5-Phosphate)":0.0612,"Vitamin B3 (Niacinamide)":0.0279,"Vitamin B5 (Calcium-D-Pantothenate)":0.0134,"Vitamin B6 (Pyridoxal-5- Phosphate)":0.0022,"Vitamin B7 (D-Biotin)":0.0082,"Vitamin C (Ascorbic Acid)":0.0062,"Vitamin D Veg D3":0.0099,"Vitamin E (d-alpha tocopherol)":0.0256,"Vitamin K1":0.0234,"Vitamin K2 MK-7 MCT Oil":0.0177,"Vitamin K2 MK-4 MCT Oil":0.002,"Sunflower lecithin non-GMO":0.0105,"Phosphatidylcholine":0.0278,"Choline":0.0321,"Lycopene":0.006,"Lysine":0.0008,"Taurine":0.0264,"Glucoraphanin":0.0225,"Ubiquinol":0.0098,"Zinc Citrate":0.0227,"Fiber":0.0022,"Blueberries":0.0424,"Macadamia nuts":0.0182,"Walnuts":0.0021,"Omega 3":0.0164,"Omega 6":0.0625,"Calcium":0.0641,"EVOO polyphenols":0.0022,"Oleic acid":0.0203,"Protein (plant)":0.0037,"Copper":0.0055,"Caffeine":0.0348,"Magnesium Citrate":0.0069,"Manganese Citrate":0.018,"Curcuminoids":0.0373,"Fisetin (smoketree extract)":0.0284,"Garlic extract 12:1 odorless":0.0054,"Genistein (Japonica extract)":0.0192,"Milled Golden Flaxseed":0.0107,"SDG lignan":0.0165,"Phosphatidylinositol":0.0157,"Phosphatidylethanolamine":0.0126}],"vo2_max":22.8247}
