{"personal_data":[{"age":27,"gender":"M","name":"Dr. Rhys Jast"}],"fitness_data":[{"Backwards Sled, 2 min":1,"Posture exercises":4,"Tricep extensions":3,"Face pulls":1,"Butterfly":2,"Band pull apart (back muscles)":3,"Back extensions (on a hyperextension)":3,"Obliques (each side, on a hyperextension)":3,"StretchesKneeling shin_Kneeling shin_":2,"StretchesHip flexor_Hip flexor_":3,"StretchesCouch_Couch_":1,"Leg raises (for abdomen)":1,"Seated calf raises":0,"Poliquin step ups":2,"Slant board squats":7,"ATG Split squats":4,"Nordics":4,"Reverse Nordics":2,"Tibialis raises,":4,"IsoTib ankle rotations":3,"Pull ups":0,"Chin ups":3,"10 min HIIT":3}],"supplement_vars":[{"N-Acetyl-L-Cysteine (NAC)":0.0129,"N-Acetyl-L-Cysteine (NAC) 2":0.0063,"Nicotinamide Riboside Chloride (NR)":0.0164,"Zeaxanthin":0.0101,"Phosphorus":0.01,"Astaxanthin (Natural)":0.007,"Boron Glycinate":0.0306,"CaAKG":0.0071,"Ashwagandha KSM66":0.0006,"Calcium L-5- Methyltetrahydrofolate (L-5-MTHF-Ca)":0.054,"Cocoa Powder (Non-Alkalised) 8+% Flavanols":0.0125,"Red Yeast Rice (2% Monacolin K)":0.0237,"Creatine Monohydrate":0.0543,"Ginger":0.0029,"Glucosamine Sulfate KCI":0.0199,"Grape Seed Extract 90% polyphenols":0.0028,"Broccoli Extract (glucoraphanin 10%)":0.0228,"Glycine":0.028,"Theanine":0.0593,"Lactobacillus Acidophilus":0.0512,"Lithium orotate":0.0006,"Pomegranate Juice Extract (50% Polyphenols)":0.0266,"Potassium Iodate":0.0372,"Rhodiola 3% Rosavins / Salidroside 1%":0.0284,"Selenium":0.0091,"Glutathione reduced":0.0316,"Lutein":0.0124,"Luteolin":0.0048,"Cinnamon powder (ceylon) organic":0.0027,"Sodium Hyaluronate":0.0005,"Spermidine":0.0446,"Vitamin B1 (Thiamine HCl)":0.0131,"Vitamin B12 (Methylcobalamin)":0.0608,"Vitamin B2 (Riboflavin-5-Phosphate)":0.015,"Vitamin B3 (Niacinamide)":0.0166,"Vitamin B5 (Calcium-D-Pantothenate)":0.0106,"Vitamin B6 (Pyridoxal-5- Phosphate)":0.0158,"Vitamin B7 (D-Biotin)":0.019,"Vitamin C (Ascorbic Acid)":0.0126,"Vitamin D Veg D3":0.004,"Vitamin E (d-alpha tocopherol)":0.0461,"Vitamin K1":0.0301,"Vitamin K2 MK-7 MCT Oil":0.0156,"Vitamin K2 MK-4 MCT Oil":0.0076,"Sunflower lecithin non-GMO":0.014,"Phosphatidylcholine":0.0052,"Choline":0.0388,"Lycopene":0.0381,"Lysine":0.008,"Taurine":0.0404,"Glucoraphanin":0.0309,"Ubiquinol":0.0031,"Zinc Citrate":0.0232,"Fiber":0.0053,"Blueberries":0.0469,"Macadamia nuts":0.0611,"Walnuts":0.0416,"Omega 3":0.0288,"Omega 6":0.0654,"Calcium":0.0205,"EVOO polyphenols":0.0063,"Oleic acid":0.0203,"Protein (plant)":0.0046,"Copper":0.0219,"Caffeine":0.0491,"Magnesium Citrate":0.0543,"Manganese Citrate":0.0469,"Curcuminoids":0.0429,"Fisetin (smoketree extract)":0.0017,"Garlic extract 12:1 odorless":0.0426,"Genistein (Japonica extract)":0.0187,"Milled Golden Flaxseed":0.0118,"SDG lignan":0.0323,"Phosphatidylinositol":0.0091,"Phosphatidylethanolamine":0.0239}],"vo2_max":39.2977}
