{"personal_data":[{"age":69,"gender":"M","name":"Francisquita O'Hara"}],"fitness_data":[{"Backwards Sled, 2 min":2,"Posture exercises":5,"Tricep extensions":4,"Face pulls":1,"Butterfly":5,"Band pull apart (back muscles)":2,"Back extensions (on a hyperextension)":3,"Obliques (each side, on a hyperextension)":3,"StretchesKneeling shin_Kneeling shin_":0,"StretchesHip flexor_Hip flexor_":0,"StretchesCouch_Couch_":2,"Leg raises (for abdomen)":4,"Seated calf raises":1,"Poliquin step ups":1,"Slant board squats":3,"ATG Split squats":5,"Nordics":6,"Reverse Nordics":4,"Tibialis raises,":1,"IsoTib ankle rotations":2,"Pull ups":1,"Chin ups":1,"10 min HIIT":0}],"supplement_vars":[{"N-Acetyl-L-Cysteine (NAC)":0.016,"N-Acetyl-L-Cysteine (NAC) 2":0.0046,"Nicotinamide Riboside Chloride (NR)":0.0001,"Zeaxanthin":0.0091,"Phosphorus":0.0223,"Astaxanthin (Natural)":0.0123,"Boron Glycinate":0.0295,"CaAKG":0.0063,"Ashwagandha KSM66":0.0023,"Calcium L-5- Methyltetrahydrofolate (L-5-MTHF-Ca)":0.0585,"Cocoa Powder (Non-Alkalised) 8+% Flavanols":0.0103,"Red Yeast Rice (2% Monacolin K)":0.0002,"Creatine Monohydrate":0.0516,"Ginger":0.0751,"Glucosamine Sulfate KCI":0.0266,"Grape Seed Extract 90% polyphenols":0.0079,"Broccoli Extract (glucoraphanin 10%)":0.0143,"Glycine":0.0137,"Theanine":0.027,"Lactobacillus Acidophilus":0.0766,"Lithium orotate":0.0036,"Pomegranate Juice Extract (50% Polyphenols)":0.0118,"Potassium Iodate":0.0396,"Rhodiola 3% Rosavins / Salidroside 1%":0.0413,"Selenium":0.0283,"Glutathione reduced":0.0301,"Lutein":0.0039,"Luteolin":0.0018,"Cinnamon powder (ceylon) organic":0.0039,"Sodium Hyaluronate":0.0108,"Spermidine":0.0162,"Vitamin B1 (Thiamine HCl)":0.003,"Vitamin B12 (Methylcobalamin)":0.0372,"Vitamin B2 (Riboflavin-5-Phosphate)":0.0125,"Vitamin B3 (Niacinamide)":0.0541,"Vitamin B5 (Calcium-D-Pantothenate)":0.0177,"Vitamin B6 (Pyridoxal-5- Phosphate)":0.0172,"Vitamin B7 (D-Biotin)":0.026,"Vitamin C (Ascorbic Acid)":0.0079,"Vitamin D Veg D3":0.0176,"Vitamin E (d-alpha tocopherol)":0.0246,"Vitamin K1":0.0132,"Vitamin K2 MK-7 MCT Oil":0.0105,"Vitamin K2 MK-4 MCT Oil":0.0187,"Sunflower lecithin non-GMO":0.0432,"Phosphatidylcholine":0.0314,"Choline":0.0529,"Lycopene":0.0165,"Lysine":0.0008,"Taurine":0.044,"Glucoraphanin":0.0286,"Ubiquinol":0.0044,"Zinc Citrate":0.0266,"Fiber":0.0014,"Blueberries":0.0441,"Macadamia nuts":0.0652,"Walnuts":0.0498,"Omega 3":0.008,"Omega 6":0.0481,"Calcium":0.0507,"EVOO polyphenols":0.0055,"Oleic acid":0.0044,"Protein (plant)":0.0018,"Copper":0.0025,"Caffeine":0.0256,"Magnesium Citrate":0.0445,"Manganese Citrate":0.0562,"Curcuminoids":0.0231,"Fisetin (smoketree extract)":0.0336,"Garlic extract 12:1 odorless":0.0411,"Genistein (Japonica extract)":0.0163,"Milled Golden Flaxseed":0.0117,"SDG lignan":0.0175,"Phosphatidylinositol":0.0183,"Phosphatidylethanolamine":0.026}],"vo2_max":24.0986}
