{"personal_data":[{"age":48,"gender":"M","name":"Lavina Kertzmann"}],"fitness_data":[{"Backwards Sled, 2 min":3,"Posture exercises":4,"Tricep extensions":4,"Face pulls":3,"Butterfly":2,"Band pull apart (back muscles)":3,"Back extensions (on a hyperextension)":3,"Obliques (each side, on a hyperextension)":2,"StretchesKneeling shin_Kneeling shin_":2,"StretchesHip flexor_Hip flexor_":2,"StretchesCouch_Couch_":3,"Leg raises (for abdomen)":2,"Seated calf raises":2,"Poliquin step ups":2,"Slant board squats":3,"ATG Split squats":6,"Nordics":2,"Reverse Nordics":1,"Tibialis raises,":5,"IsoTib ankle rotations":1,"Pull ups":3,"Chin ups":4,"10 min HIIT":2}],"supplement_vars":[{"N-Acetyl-L-Cysteine (NAC)":0.0015,"N-Acetyl-L-Cysteine (NAC) 2":0.0044,"Nicotinamide Riboside Chloride (NR)":0.0009,"Zeaxanthin":0.0067,"Phosphorus":0.0154,"Astaxanthin (Natural)":0.0067,"Boron Glycinate":0.0301,"CaAKG":0.0066,"Ashwagandha KSM66":0.0023,"Calcium L-5- Methyltetrahydrofolate (L-5-MTHF-Ca)":0.0078,"Cocoa Powder (Non-Alkalised) 8+% Flavanols":0.0112,"Red Yeast Rice (2% Monacolin K)":0.026,"Creatine Monohydrate":0.025,"Ginger":0.0292,"Glucosamine Sulfate KCI":0.0043,"Grape Seed Extract 90% polyphenols":0.0089,"Broccoli Extract (glucoraphanin 10%)":0.0118,"Glycine":0.0089,"Theanine":0.0518,"Lactobacillus Acidophilus":0.0797,"Lithium orotate":0.0094,"Pomegranate Juice Extract (50% Polyphenols)":0.0119,"Potassium Iodate":0.0222,"Rhodiola 3% Rosavins / Salidroside 1%":0.0099,"Selenium":0.0108,"Glutathione reduced":0.0266,"Lutein":0.0154,"Luteolin":0.0074,"Cinnamon powder (ceylon) organic":0.0008,"Sodium Hyaluronate":0.0009,"Spermidine":0.0413,"Vitamin B1 (Thiamine HCl)":0.0101,"Vitamin B12 (Methylcobalamin)":0.0071,"Vitamin B2 (Riboflavin-5-Phosphate)":0.0166,"Vitamin B3 (Niacinamide)":0.0393,"Vitamin B5 (Calcium-D-Pantothenate)":0.0139,"Vitamin B6 (Pyridoxal-5- Phosphate)":0.0016,"Vitamin B7 (D-Biotin)":0.0039,"Vitamin C (Ascorbic Acid)":0.0082,"Vitamin D Veg D3":0.0333,"Vitamin E (d-alpha tocopherol)":0.032,"Vitamin K1":0.0225,"Vitamin K2 MK-7 MCT Oil":0.0134,"Vitamin K2 MK-4 MCT Oil":0.0049,"Sunflower lecithin non-GMO":0.0139,"Phosphatidylcholine":0.0136,"Choline":0.0068,"Lycopene":0.0424,"Lysine":0.008,"Taurine":0.0238,"Glucoraphanin":0.0152,"Ubiquinol":0.0027,"Zinc Citrate":0.0266,"Fiber":0.0033,"Blueberries":0.0065,"Macadamia nuts":0.085,"Walnuts":0.0017,"Omega 3":0.0069,"Omega 6":0.0349,"Calcium":0.0243,"EVOO polyphenols":0.0052,"Oleic acid":0.0092,"Protein (plant)":0.002,"Copper":0.0013,"Caffeine":0.0535,"Magnesium Citrate":0.0474,"Manganese Citrate":0.0195,"Curcuminoids":0.0527,"Fisetin (smoketree extract)":0.0352,"Garlic extract 12:1 odorless":0.0343,"Genistein (Japonica extract)":0.0021,"Milled Golden Flaxseed":0.0055,"SDG lignan":0.0192,"Phosphatidylinositol":0.015,"Phosphatidylethanolamine":0.0074}],"vo2_max":29.0168}
