{"personal_data":[{"age":25,"gender":"F","name":"Mr. Diallo Stark V"}],"fitness_data":[{"Backwards Sled, 2 min":2,"Posture exercises":3,"Tricep extensions":2,"Face pulls":1,"Butterfly":3,"Band pull apart (back muscles)":0,"Back extensions (on a hyperextension)":0,"Obliques (each side, on a hyperextension)":3,"StretchesKneeling shin_Kneeling shin_":5,"StretchesHip flexor_Hip flexor_":0,"StretchesCouch_Couch_":3,"Leg raises (for abdomen)":3,"Seated calf raises":2,"Poliquin step ups":3,"Slant board squats":2,"ATG Split squats":4,"Nordics":1,"Reverse Nordics":1,"Tibialis raises,":5,"IsoTib ankle rotations":3,"Pull ups":2,"Chin ups":2,"10 min HIIT":1}],"supplement_vars":[{"N-Acetyl-L-Cysteine (NAC)":0.0104,"N-Acetyl-L-Cysteine (NAC) 2":0.0075,"Nicotinamide Riboside Chloride (NR)":0.0116,"Zeaxanthin":0.0132,"Phosphorus":0.0104,"Astaxanthin (Natural)":0.0094,"Boron Glycinate":0.0263,"CaAKG":0.0061,"Ashwagandha KSM66":0.0088,"Calcium L-5- Methyltetrahydrofolate (L-5-MTHF-Ca)":0.0429,"Cocoa Powder (Non-Alkalised) 8+% Flavanols":0.0213,"Red Yeast Rice (2% Monacolin K)":0.0244,"Creatine Monohydrate":0.0589,"Ginger":0.0274,"Glucosamine Sulfate KCI":0.0712,"Grape Seed Extract 90% polyphenols":0.0046,"Broccoli Extract (glucoraphanin 10%)":0.0216,"Glycine":0.0034,"Theanine":0.0323,"Lactobacillus Acidophilus":0.0191,"Lithium orotate":0.0044,"Pomegranate Juice Extract (50% Polyphenols)":0.0695,"Potassium Iodate":0.042,"Rhodiola 3% Rosavins / Salidroside 1%":0.0169,"Selenium":0.0252,"Glutathione reduced":0.008,"Lutein":0.0039,"Luteolin":0.001,"Cinnamon powder (ceylon) organic":0.0075,"Sodium Hyaluronate":0.0086,"Spermidine":0.02,"Vitamin B1 (Thiamine HCl)":0.0108,"Vitamin B12 (Methylcobalamin)":0.0481,"Vitamin B2 (Riboflavin-5-Phosphate)":0.0309,"Vitamin B3 (Niacinamide)":0.0597,"Vitamin B5 (Calcium-D-Pantothenate)":0.0169,"Vitamin B6 (Pyridoxal-5- Phosphate)":0.0063,"Vitamin B7 (D-Biotin)":0.0089,"Vitamin C (Ascorbic Acid)":0.0023,"Vitamin D Veg D3":0.0173,"Vitamin E (d-alpha tocopherol)":0.0392,"Vitamin K1":0.0097,"Vitamin K2 MK-7 MCT Oil":0.0248,"Vitamin K2 MK-4 MCT Oil":0.0127,"Sunflower lecithin non-GMO":0.0089,"Phosphatidylcholine":0.0266,"Choline":0.0066,"Lycopene":0.0606,"Lysine":0.0064,"Taurine":0.0103,"Glucoraphanin":0.0141,"Ubiquinol":0.0126,"Zinc Citrate":0.017,"Fiber":0.0036,"Blueberries":0.0222,"Macadamia nuts":0.0858,"Walnuts":0.0419,"Omega 3":0.0032,"Omega 6":0.0281,"Calcium":0.0238,"EVOO polyphenols":0.0042,"Oleic acid":0.0004,"Protein (plant)":0.004,"Copper":0.0027,"Caffeine":0.0165,"Magnesium Citrate":0.0116,"Manganese Citrate":0.0091,"Curcuminoids":0.0399,"Fisetin (smoketree extract)":0.0352,"Garlic extract 12:1 odorless":0.0305,"Genistein (Japonica extract)":0.0099,"Milled Golden Flaxseed":0.0324,"SDG lignan":0.0415,"Phosphatidylinositol":0.0241,"Phosphatidylethanolamine":0.0292}],"vo2_max":35.171}
