{"personal_data":[{"age":46,"gender":"F","name":"Nora Koepp"}],"fitness_data":[{"Backwards Sled, 2 min":1,"Posture exercises":0,"Tricep extensions":1,"Face pulls":3,"Butterfly":3,"Band pull apart (back muscles)":0,"Back extensions (on a hyperextension)":2,"Obliques (each side, on a hyperextension)":3,"StretchesKneeling shin_Kneeling shin_":4,"StretchesHip flexor_Hip flexor_":5,"StretchesCouch_Couch_":3,"Leg raises (for abdomen)":1,"Seated calf raises":4,"Poliquin step ups":1,"Slant board squats":4,"ATG Split squats":6,"Nordics":1,"Reverse Nordics":1,"Tibialis raises,":3,"IsoTib ankle rotations":5,"Pull ups":3,"Chin ups":4,"10 min HIIT":3}],"supplement_vars":[{"N-Acetyl-L-Cysteine (NAC)":0.0101,"N-Acetyl-L-Cysteine (NAC) 2":0.012,"Nicotinamide Riboside Chloride (NR)":0.009,"Zeaxanthin":0.0015,"Phosphorus":0.02,"Astaxanthin (Natural)":0.0076,"Boron Glycinate":0.0176,"CaAKG":0.0087,"Ashwagandha KSM66":0.0086,"Calcium L-5- Methyltetrahydrofolate (L-5-MTHF-Ca)":0.0504,"Cocoa Powder (Non-Alkalised) 8+% Flavanols":0.0127,"Red Yeast Rice (2% Monacolin K)":0.0213,"Creatine Monohydrate":0.06,"Ginger":0.0451,"Glucosamine Sulfate KCI":0.0147,"Grape Seed Extract 90% polyphenols":0.0022,"Broccoli Extract (glucoraphanin 10%)":0.0086,"Glycine":0.0047,"Theanine":0.0222,"Lactobacillus Acidophilus":0.0879,"Lithium orotate":0.0027,"Pomegranate Juice Extract (50% Polyphenols)":0.0649,"Potassium Iodate":0.0083,"Rhodiola 3% Rosavins / Salidroside 1%":0.0453,"Selenium":0.0133,"Glutathione reduced":0.0363,"Lutein":0.008,"Luteolin":0.0023,"Cinnamon powder (ceylon) organic":0.0192,"Sodium Hyaluronate":0.004,"Spermidine":0.0769,"Vitamin B1 (Thiamine HCl)":0.0077,"Vitamin B12 (Methylcobalamin)":0.0258,"Vitamin B2 (Riboflavin-5-Phosphate)":0.0645,"Vitamin B3 (Niacinamide)":0.0669,"Vitamin B5 (Calcium-D-Pantothenate)":0.0112,"Vitamin B6 (Pyridoxal-5- Phosphate)":0.0298,"Vitamin B7 (D-Biotin)":0.0106,"Vitamin C (Ascorbic Acid)":0.0068,"Vitamin D Veg D3":0.0354,"Vitamin E (d-alpha tocopherol)":0.0249,"Vitamin K1":0.0679,"Vitamin K2 MK-7 MCT Oil":0.0033,"Vitamin K2 MK-4 MCT Oil":0.0103,"Sunflower lecithin non-GMO":0.0395,"Phosphatidylcholine":0.0069,"Choline":0.0126,"Lycopene":0.0694,"Lysine":0.0086,"Taurine":0.0302,"Glucoraphanin":0.0047,"Ubiquinol":0.0121,"Zinc Citrate":0.0211,"Fiber":0.0019,"Blueberries":0.0433,"Macadamia nuts":0.0002,"Walnuts":0.0613,"Omega 3":0.019,"Omega 6":0.0516,"Calcium":0.0271,"EVOO polyphenols":0.0069,"Oleic acid":0.0036,"Protein (plant)":0.0023,"Copper":0.0224,"Caffeine":0.0628,"Magnesium Citrate":0.0604,"Manganese Citrate":0.0148,"Curcuminoids":0.0446,"Fisetin (smoketree extract)":0.0249,"Garlic extract 12:1 odorless":0.0067,"Genistein (Japonica extract)":0.0074,"Milled Golden Flaxseed":0.0139,"SDG lignan":0.042,"Phosphatidylinositol":0.0044,"Phosphatidylethanolamine":0.0402}],"vo2_max":29.5826}
