{"personal_data":[{"age":65,"gender":"F","name":"Dr. Beryl Farrell"}],"fitness_data":[{"Backwards Sled, 2 min":1,"Posture exercises":5,"Tricep extensions":4,"Face pulls":1,"Butterfly":1,"Band pull apart (back muscles)":5,"Back extensions (on a hyperextension)":1,"Obliques (each side, on a hyperextension)":4,"StretchesKneeling shin_Kneeling shin_":3,"StretchesHip flexor_Hip flexor_":2,"StretchesCouch_Couch_":2,"Leg raises (for abdomen)":4,"Seated calf raises":3,"Poliquin step ups":2,"Slant board squats":6,"ATG Split squats":3,"Nordics":2,"Reverse Nordics":1,"Tibialis raises,":1,"IsoTib ankle rotations":3,"Pull ups":1,"Chin ups":1,"10 min HIIT":3}],"supplement_vars":[{"N-Acetyl-L-Cysteine (NAC)":0.0099,"N-Acetyl-L-Cysteine (NAC) 2":0.0159,"Nicotinamide Riboside Chloride (NR)":0.0018,"Zeaxanthin":0.0108,"Phosphorus":0.0283,"Astaxanthin (Natural)":0.0073,"Boron Glycinate":0.0142,"CaAKG":0.0068,"Ashwagandha KSM66":0.0055,"Calcium L-5- Methyltetrahydrofolate (L-5-MTHF-Ca)":0.0564,"Cocoa Powder (Non-Alkalised) 8+% Flavanols":0.008,"Red Yeast Rice (2% Monacolin K)":0.0118,"Creatine Monohydrate":0.0369,"Ginger":0.035,"Glucosamine Sulfate KCI":0.0223,"Grape Seed Extract 90% polyphenols":0.0086,"Broccoli Extract (glucoraphanin 10%)":0.0021,"Glycine":0.0319,"Theanine":0.0516,"Lactobacillus Acidophilus":0.0268,"Lithium orotate":0.0066,"Pomegranate Juice Extract (50% Polyphenols)":0.0459,"Potassium Iodate":0.0381,"Rhodiola 3% Rosavins / Salidroside 1%":0.0118,"Selenium":0.0189,"Glutathione reduced":0.0441,"Lutein":0.0046,"Luteolin":0.0062,"Cinnamon powder (ceylon) organic":0.0088,"Sodium Hyaluronate":0.0038,"Spermidine":0.0131,"Vitamin B1 (Thiamine HCl)":0.0009,"Vitamin B12 (Methylcobalamin)":0.0342,"Vitamin B2 (Riboflavin-5-Phosphate)":0.0652,"Vitamin B3 (Niacinamide)":0.0541,"Vitamin B5 (Calcium-D-Pantothenate)":0.0081,"Vitamin B6 (Pyridoxal-5- Phosphate)":0.0216,"Vitamin B7 (D-Biotin)":0.0094,"Vitamin C (Ascorbic Acid)":0.0089,"Vitamin D Veg D3":0.0288,"Vitamin E (d-alpha tocopherol)":0.0331,"Vitamin K1":0.0013,"Vitamin K2 MK-7 MCT Oil":0.0114,"Vitamin K2 MK-4 MCT Oil":0.0187,"Sunflower lecithin non-GMO":0.0367,"Phosphatidylcholine":0.007,"Choline":0.0479,"Lycopene":0.0461,"Lysine":0.0071,"Taurine":0.0375,"Glucoraphanin":0.0286,"Ubiquinol":0.0071,"Zinc Citrate":0.0092,"Fiber":0.0007,"Blueberries":0.0647,"Macadamia nuts":0.0563,"Walnuts":0.016,"Omega 3":0.0125,"Omega 6":0.0343,"Calcium":0.0397,"EVOO polyphenols":0.0041,"Oleic acid":0.0264,"Protein (plant)":0.0005,"Copper":0.0114,"Caffeine":0.0572,"Magnesium Citrate":0.0551,"Manganese Citrate":0.061,"Curcuminoids":0.0027,"Fisetin (smoketree extract)":0.0096,"Garlic extract 12:1 odorless":0.0433,"Genistein (Japonica extract)":0.0179,"Milled Golden Flaxseed":0.0234,"SDG lignan":0.0103,"Phosphatidylinositol":0.008,"Phosphatidylethanolamine":0.0386}],"vo2_max":22.8665}
