{"personal_data":[{"age":36,"gender":"F","name":"Mr. Alvy Feil"}],"fitness_data":[{"Backwards Sled, 2 min":0,"Posture exercises":5,"Tricep extensions":3,"Face pulls":3,"Butterfly":2,"Band pull apart (back muscles)":1,"Back extensions (on a hyperextension)":3,"Obliques (each side, on a hyperextension)":2,"StretchesKneeling shin_Kneeling shin_":3,"StretchesHip flexor_Hip flexor_":1,"StretchesCouch_Couch_":2,"Leg raises (for abdomen)":3,"Seated calf raises":1,"Poliquin step ups":3,"Slant board squats":4,"ATG Split squats":6,"Nordics":3,"Reverse Nordics":4,"Tibialis raises,":3,"IsoTib ankle rotations":6,"Pull ups":1,"Chin ups":1,"10 min HIIT":4}],"supplement_vars":[{"N-Acetyl-L-Cysteine (NAC)":0.0063,"N-Acetyl-L-Cysteine (NAC) 2":0.0079,"Nicotinamide Riboside Chloride (NR)":0.007,"Zeaxanthin":0.0087,"Phosphorus":0.009,"Astaxanthin (Natural)":0.0183,"Boron Glycinate":0.0248,"CaAKG":0.0123,"Ashwagandha KSM66":0.0085,"Calcium L-5- Methyltetrahydrofolate (L-5-MTHF-Ca)":0.0339,"Cocoa Powder (Non-Alkalised) 8+% Flavanols":0.0172,"Red Yeast Rice (2% Monacolin K)":0.0302,"Creatine Monohydrate":0.0048,"Ginger":0.0852,"Glucosamine Sulfate KCI":0.0522,"Grape Seed Extract 90% polyphenols":0.005,"Broccoli Extract (glucoraphanin 10%)":0.0018,"Glycine":0.0279,"Theanine":0.0331,"Lactobacillus Acidophilus":0.0007,"Lithium orotate":0.0076,"Pomegranate Juice Extract (50% Polyphenols)":0.005,"Potassium Iodate":0.0276,"Rhodiola 3% Rosavins / Salidroside 1%":0.0493,"Selenium":0.0067,"Glutathione reduced":0.0502,"Lutein":0.0199,"Luteolin":0.0024,"Cinnamon powder (ceylon) organic":0.0007,"Sodium Hyaluronate":0.0031,"Spermidine":0.02,"Vitamin B1 (Thiamine HCl)":0.0104,"Vitamin B12 (Methylcobalamin)":0.0643,"Vitamin B2 (Riboflavin-5-Phosphate)":0.0104,"Vitamin B3 (Niacinamide)":0.0588,"Vitamin B5 (Calcium-D-Pantothenate)":0.021,"Vitamin B6 (Pyridoxal-5- Phosphate)":0.0285,"Vitamin B7 (D-Biotin)":0.0003,"Vitamin C (Ascorbic Acid)":0.0128,"Vitamin D Veg D3":0.0225,"Vitamin E (d-alpha tocopherol)":0.0367,"Vitamin K1":0.004,"Vitamin K2 MK-7 MCT Oil":0.0266,"Vitamin K2 MK-4 MCT Oil":0.0294,"Sunflower lecithin non-GMO":0.0406,"Phosphatidylcholine":0.0196,"Choline":0.0234,"Lycopene":0.0706,"Lysine":0.0057,"Taurine":0.0329,"Glucoraphanin":0.0267,"Ubiquinol":0.0078,"Zinc Citrate":0.0164,"Fiber":0.002,"Blueberries":0.0777,"Macadamia nuts":0.0188,"Walnuts":0.0165,"Omega 3":0.0171,"Omega 6":0.0301,"Calcium":0.0553,"EVOO polyphenols":0.0012,"Oleic acid":0.035,"Protein (plant)":0.0039,"Copper":0.0184,"Caffeine":0.0291,"Magnesium Citrate":0.0324,"Manganese Citrate":0.0301,"Curcuminoids":0.041,"Fisetin (smoketree extract)":0.0075,"Garlic extract 12:1 odorless":0.0361,"Genistein (Japonica extract)":0.0196,"Milled Golden Flaxseed":0.0129,"SDG lignan":0.036,"Phosphatidylinositol":0.0197,"Phosphatidylethanolamine":0.0402}],"vo2_max":36.6603}
