{"personal_data":[{"age":61,"gender":"M","name":"Estell Hoeger DDS"}],"fitness_data":[{"Backwards Sled, 2 min":1,"Posture exercises":1,"Tricep extensions":2,"Face pulls":3,"Butterfly":6,"Band pull apart (back muscles)":4,"Back extensions (on a hyperextension)":4,"Obliques (each side, on a hyperextension)":0,"StretchesKneeling shin_Kneeling shin_":0,"StretchesHip flexor_Hip flexor_":1,"StretchesCouch_Couch_":1,"Leg raises (for abdomen)":2,"Seated calf raises":1,"Poliquin step ups":0,"Slant board squats":0,"ATG Split squats":3,"Nordics":0,"Reverse Nordics":3,"Tibialis raises,":1,"IsoTib ankle rotations":4,"Pull ups":4,"Chin ups":2,"10 min HIIT":2}],"supplement_vars":[{"N-Acetyl-L-Cysteine (NAC)":0.0069,"N-Acetyl-L-Cysteine (NAC) 2":0.0015,"Nicotinamide Riboside Chloride (NR)":0.0119,"Zeaxanthin":0.0013,"Phosphorus":0.0335,"Astaxanthin (Natural)":0.0118,"Boron Glycinate":0.0179,"CaAKG":0.0084,"Ashwagandha KSM66":0.0023,"Calcium L-5- Methyltetrahydrofolate (L-5-MTHF-Ca)":0.0009,"Cocoa Powder (Non-Alkalised) 8+% Flavanols":0.0138,"Red Yeast Rice (2% Monacolin K)":0.0117,"Creatine Monohydrate":0.0047,"Ginger":0.0853,"Glucosamine Sulfate KCI":0.0713,"Grape Seed Extract 90% polyphenols":0.0069,"Broccoli Extract (glucoraphanin 10%)":0.0136,"Glycine":0.0327,"Theanine":0.0487,"Lactobacillus Acidophilus":0.0332,"Lithium orotate":0.0045,"Pomegranate Juice Extract (50% Polyphenols)":0.0087,"Potassium Iodate":0.0366,"Rhodiola 3% Rosavins / Salidroside 1%":0.0257,"Selenium":0.0324,"Glutathione reduced":0.0401,"Lutein":0.0245,"Luteolin":0.0087,"Cinnamon powder (ceylon) organic":0.0111,"Sodium Hyaluronate":0.0085,"Spermidine":0.0449,"Vitamin B1 (Thiamine HCl)":0.0158,"Vitamin B12 (Methylcobalamin)":0.0682,"Vitamin B2 (Riboflavin-5-Phosphate)":0.0639,"Vitamin B3 (Niacinamide)":0.0569,"Vitamin B5 (Calcium-D-Pantothenate)":0.0023,"Vitamin B6 (Pyridoxal-5- Phosphate)":0.0025,"Vitamin B7 (D-Biotin)":0.0102,"Vitamin C (Ascorbic Acid)":0.0021,"Vitamin D Veg D3":0.0009,"Vitamin E (d-alpha tocopherol)":0.0348,"Vitamin K1":0.0566,"Vitamin K2 MK-7 MCT Oil":0.0045,"Vitamin K2 MK-4 MCT Oil":0.0293,"Sunflower lecithin non-GMO":0.0079,"Phosphatidylcholine":0.0209,"Choline":0.0443,"Lycopene":0.0484,"Lysine":0.0092,"Taurine":0.0401,"Glucoraphanin":0.0314,"Ubiquinol":0.0015,"Zinc Citrate":0.0197,"Fiber":0.0034,"Blueberries":0.061,"Macadamia nuts":0.0083,"Walnuts":0.0182,"Omega 3":0.0042,"Omega 6":0.0093,"Calcium":0.0081,"EVOO polyphenols":0.0007,"Oleic acid":0.0102,"Protein (plant)":0.0027,"Copper":0.007,"Caffeine":0.0212,"Magnesium Citrate":0.0597,"Manganese Citrate":0.0803,"Curcuminoids":0.016,"Fisetin (smoketree extract)":0.022,"Garlic extract 12:1 odorless":0.0304,"Genistein (Japonica extract)":0.0082,"Milled Golden Flaxseed":0.0078,"SDG lignan":0.0381,"Phosphatidylinositol":0.017,"Phosphatidylethanolamine":0.0323}],"vo2_max":22.6751}
