{"personal_data":[{"age":52,"gender":"M","name":"Wright Macejkovic"}],"fitness_data":[{"Backwards Sled, 2 min":2,"Posture exercises":5,"Tricep extensions":2,"Face pulls":0,"Butterfly":2,"Band pull apart (back muscles)":0,"Back extensions (on a hyperextension)":0,"Obliques (each side, on a hyperextension)":1,"StretchesKneeling shin_Kneeling shin_":0,"StretchesHip flexor_Hip flexor_":1,"StretchesCouch_Couch_":2,"Leg raises (for abdomen)":2,"Seated calf raises":1,"Poliquin step ups":0,"Slant board squats":4,"ATG Split squats":2,"Nordics":4,"Reverse Nordics":3,"Tibialis raises,":5,"IsoTib ankle rotations":3,"Pull ups":3,"Chin ups":0,"10 min HIIT":0}],"supplement_vars":[{"N-Acetyl-L-Cysteine (NAC)":0.0151,"N-Acetyl-L-Cysteine (NAC) 2":0.0053,"Nicotinamide Riboside Chloride (NR)":0.0146,"Zeaxanthin":0.005,"Phosphorus":0.0063,"Astaxanthin (Natural)":0.0123,"Boron Glycinate":0.0361,"CaAKG":0.0059,"Ashwagandha KSM66":0.0063,"Calcium L-5- Methyltetrahydrofolate (L-5-MTHF-Ca)":0.0094,"Cocoa Powder (Non-Alkalised) 8+% Flavanols":0.0228,"Red Yeast Rice (2% Monacolin K)":0.0056,"Creatine Monohydrate":0.0542,"Ginger":0.0302,"Glucosamine Sulfate KCI":0.0319,"Grape Seed Extract 90% polyphenols":0.0088,"Broccoli Extract (glucoraphanin 10%)":0.0126,"Glycine":0.0165,"Theanine":0.0552,"Lactobacillus Acidophilus":0.0067,"Lithium orotate":0.0084,"Pomegranate Juice Extract (50% Polyphenols)":0.0121,"Potassium Iodate":0.0158,"Rhodiola 3% Rosavins / Salidroside 1%":0.0549,"Selenium":0.0317,"Glutathione reduced":0.0371,"Lutein":0.0115,"Luteolin":0.0032,"Cinnamon powder (ceylon) organic":0.0124,"Sodium Hyaluronate":0.0094,"Spermidine":0.0709,"Vitamin B1 (Thiamine HCl)":0.0126,"Vitamin B12 (Methylcobalamin)":0.0025,"Vitamin B2 (Riboflavin-5-Phosphate)":0.0048,"Vitamin B3 (Niacinamide)":0.0586,"Vitamin B5 (Calcium-D-Pantothenate)":0.0189,"Vitamin B6 (Pyridoxal-5- Phosphate)":0.0172,"Vitamin B7 (D-Biotin)":0.0318,"Vitamin C (Ascorbic Acid)":0.0047,"Vitamin D Veg D3":0.0361,"Vitamin E (d-alpha tocopherol)":0.018,"Vitamin K1":0.0655,"Vitamin K2 MK-7 MCT Oil":0.0272,"Vitamin K2 MK-4 MCT Oil":0.0238,"Sunflower lecithin non-GMO":0.0219,"Phosphatidylcholine":0.0102,"Choline":0.0138,"Lycopene":0.0717,"Lysine":0.0111,"Taurine":0.0097,"Glucoraphanin":0.0081,"Ubiquinol":0.0124,"Zinc Citrate":0.028,"Fiber":0.0027,"Blueberries":0.0791,"Macadamia nuts":0.0418,"Walnuts":0.04,"Omega 3":0.0393,"Omega 6":0.0158,"Calcium":0.0418,"EVOO polyphenols":0.004,"Oleic acid":0.0357,"Protein (plant)":0.0007,"Copper":0.0113,"Caffeine":0.0038,"Magnesium Citrate":0.0006,"Manganese Citrate":0.0447,"Curcuminoids":0.0006,"Fisetin (smoketree extract)":0.0041,"Garlic extract 12:1 odorless":0.03,"Genistein (Japonica extract)":0.0204,"Milled Golden Flaxseed":0.0275,"SDG lignan":0.0181,"Phosphatidylinositol":0.0128,"Phosphatidylethanolamine":0.0181}],"vo2_max":28.6289}
