{"personal_data":[{"age":74,"gender":"F","name":"Dr. Jayla Labadie DDS"}],"fitness_data":[{"Backwards Sled, 2 min":4,"Posture exercises":1,"Tricep extensions":2,"Face pulls":3,"Butterfly":6,"Band pull apart (back muscles)":5,"Back extensions (on a hyperextension)":4,"Obliques (each side, on a hyperextension)":0,"StretchesKneeling shin_Kneeling shin_":3,"StretchesHip flexor_Hip flexor_":2,"StretchesCouch_Couch_":1,"Leg raises (for abdomen)":1,"Seated calf raises":2,"Poliquin step ups":0,"Slant board squats":3,"ATG Split squats":6,"Nordics":2,"Reverse Nordics":2,"Tibialis raises,":0,"IsoTib ankle rotations":4,"Pull ups":2,"Chin ups":1,"10 min HIIT":4}],"supplement_vars":[{"N-Acetyl-L-Cysteine (NAC)":0.0094,"N-Acetyl-L-Cysteine (NAC) 2":0.0166,"Nicotinamide Riboside Chloride (NR)":0.0125,"Zeaxanthin":0.0054,"Phosphorus":0.0256,"Astaxanthin (Natural)":0.0048,"Boron Glycinate":0.0183,"CaAKG":0.0098,"Ashwagandha KSM66":0.0054,"Calcium L-5- Methyltetrahydrofolate (L-5-MTHF-Ca)":0.0225,"Cocoa Powder (Non-Alkalised) 8+% Flavanols":0.012,"Red Yeast Rice (2% Monacolin K)":0.0109,"Creatine Monohydrate":0.0592,"Ginger":0.0645,"Glucosamine Sulfate KCI":0.0358,"Grape Seed Extract 90% polyphenols":0.0018,"Broccoli Extract (glucoraphanin 10%)":0.0278,"Glycine":0.0306,"Theanine":0.0599,"Lactobacillus Acidophilus":0.0382,"Lithium orotate":0.0048,"Pomegranate Juice Extract (50% Polyphenols)":0.0406,"Potassium Iodate":0.0104,"Rhodiola 3% Rosavins / Salidroside 1%":0.0553,"Selenium":0.0071,"Glutathione reduced":0.0511,"Lutein":0.0019,"Luteolin":0.0036,"Cinnamon powder (ceylon) organic":0.0194,"Sodium Hyaluronate":0.0004,"Spermidine":0.0449,"Vitamin B1 (Thiamine HCl)":0.0049,"Vitamin B12 (Methylcobalamin)":0.0285,"Vitamin B2 (Riboflavin-5-Phosphate)":0.043,"Vitamin B3 (Niacinamide)":0.0432,"Vitamin B5 (Calcium-D-Pantothenate)":0.0147,"Vitamin B6 (Pyridoxal-5- Phosphate)":0.024,"Vitamin B7 (D-Biotin)":0.0276,"Vitamin C (Ascorbic Acid)":0.0063,"Vitamin D Veg D3":0.0371,"Vitamin E (d-alpha tocopherol)":0.0002,"Vitamin K1":0.0262,"Vitamin K2 MK-7 MCT Oil":0.0355,"Vitamin K2 MK-4 MCT Oil":0.0309,"Sunflower lecithin non-GMO":0.0183,"Phosphatidylcholine":0.0242,"Choline":0.0249,"Lycopene":0.0214,"Lysine":0.0047,"Taurine":0.0175,"Glucoraphanin":0.0095,"Ubiquinol":0.0085,"Zinc Citrate":0.0004,"Fiber":0.0004,"Blueberries":0.0752,"Macadamia nuts":0.0397,"Walnuts":0.0266,"Omega 3":0.0497,"Omega 6":0.0005,"Calcium":0.0328,"EVOO polyphenols":0.0009,"Oleic acid":0.0365,"Protein (plant)":0.0001,"Copper":0.0029,"Caffeine":0.0493,"Magnesium Citrate":0.0476,"Manganese Citrate":0.0991,"Curcuminoids":0.0232,"Fisetin (smoketree extract)":0.015,"Garlic extract 12:1 odorless":0.0356,"Genistein (Japonica extract)":0.0089,"Milled Golden Flaxseed":0.0347,"SDG lignan":0.0536,"Phosphatidylinositol":0.0248,"Phosphatidylethanolamine":0.0225}],"vo2_max":18.9105}
