{"personal_data":[{"age":63,"gender":"F","name":"Eston Dicki DDS"}],"fitness_data":[{"Backwards Sled, 2 min":1,"Posture exercises":4,"Tricep extensions":2,"Face pulls":2,"Butterfly":6,"Band pull apart (back muscles)":6,"Back extensions (on a hyperextension)":1,"Obliques (each side, on a hyperextension)":1,"StretchesKneeling shin_Kneeling shin_":3,"StretchesHip flexor_Hip flexor_":0,"StretchesCouch_Couch_":1,"Leg raises (for abdomen)":2,"Seated calf raises":4,"Poliquin step ups":1,"Slant board squats":0,"ATG Split squats":3,"Nordics":2,"Reverse Nordics":3,"Tibialis raises,":2,"IsoTib ankle rotations":4,"Pull ups":1,"Chin ups":2,"10 min HIIT":2}],"supplement_vars":[{"N-Acetyl-L-Cysteine (NAC)":0.0075,"N-Acetyl-L-Cysteine (NAC) 2":0.0166,"Nicotinamide Riboside Chloride (NR)":0.0184,"Zeaxanthin":0.0078,"Phosphorus":0.0161,"Astaxanthin (Natural)":0.0089,"Boron Glycinate":0.0066,"CaAKG":0.0024,"Ashwagandha KSM66":0.0053,"Calcium L-5- Methyltetrahydrofolate (L-5-MTHF-Ca)":0.0342,"Cocoa Powder (Non-Alkalised) 8+% Flavanols":0.0029,"Red Yeast Rice (2% Monacolin K)":0.0131,"Creatine Monohydrate":0.0068,"Ginger":0.0391,"Glucosamine Sulfate KCI":0.0616,"Grape Seed Extract 90% polyphenols":0.0021,"Broccoli Extract (glucoraphanin 10%)":0.0171,"Glycine":0.0305,"Theanine":0.0328,"Lactobacillus Acidophilus":0.0042,"Lithium orotate":0.0017,"Pomegranate Juice Extract (50% Polyphenols)":0.0357,"Potassium Iodate":0.0195,"Rhodiola 3% Rosavins / Salidroside 1%":0.036,"Selenium":0.0009,"Glutathione reduced":0.0552,"Lutein":0.0175,"Luteolin":0.006,"Cinnamon powder (ceylon) organic":0.0249,"Sodium Hyaluronate":0.0106,"Spermidine":0.0426,"Vitamin B1 (Thiamine HCl)":0.0117,"Vitamin B12 (Methylcobalamin)":0.0852,"Vitamin B2 (Riboflavin-5-Phosphate)":0.0436,"Vitamin B3 (Niacinamide)":0.0481,"Vitamin B5 (Calcium-D-Pantothenate)":0.0122,"Vitamin B6 (Pyridoxal-5- Phosphate)":0.0169,"Vitamin B7 (D-Biotin)":0.029,"Vitamin C (Ascorbic Acid)":0.0041,"Vitamin D Veg D3":0.0077,"Vitamin E (d-alpha tocopherol)":0.0065,"Vitamin K1":0.0559,"Vitamin K2 MK-7 MCT Oil":0.0073,"Vitamin K2 MK-4 MCT Oil":0.0282,"Sunflower lecithin non-GMO":0.0357,"Phosphatidylcholine":0.0041,"Choline":0.0496,"Lycopene":0.064,"Lysine":0.0015,"Taurine":0.0338,"Glucoraphanin":0.0129,"Ubiquinol":0.0111,"Zinc Citrate":0.0283,"Fiber":0.0001,"Blueberries":0.024,"Macadamia nuts":0.0168,"Walnuts":0.0392,"Omega 3":0.0246,"Omega 6":0.0087,"Calcium":0.0042,"EVOO polyphenols":0.0052,"Oleic acid":0.027,"Protein (plant)":0.0002,"Copper":0.018,"Caffeine":0.0635,"Magnesium Citrate":0.0056,"Manganese Citrate":0.072,"Curcuminoids":0.0483,"Fisetin (smoketree extract)":0.0273,"Garlic extract 12:1 odorless":0.0102,"Genistein (Japonica extract)":0.0097,"Milled Golden Flaxseed":0.0227,"SDG lignan":0.0012,"Phosphatidylinositol":0.0166,"Phosphatidylethanolamine":0.0108}],"vo2_max":21.6073}
