{"personal_data":[{"age":21,"gender":"F","name":"Diann Gibson-Welch"}],"fitness_data":[{"Backwards Sled, 2 min":3,"Posture exercises":1,"Tricep extensions":4,"Face pulls":3,"Butterfly":3,"Band pull apart (back muscles)":0,"Back extensions (on a hyperextension)":4,"Obliques (each side, on a hyperextension)":3,"StretchesKneeling shin_Kneeling shin_":0,"StretchesHip flexor_Hip flexor_":1,"StretchesCouch_Couch_":3,"Leg raises (for abdomen)":4,"Seated calf raises":4,"Poliquin step ups":2,"Slant board squats":1,"ATG Split squats":3,"Nordics":3,"Reverse Nordics":3,"Tibialis raises,":1,"IsoTib ankle rotations":3,"Pull ups":1,"Chin ups":3,"10 min HIIT":3}],"supplement_vars":[{"N-Acetyl-L-Cysteine (NAC)":0.0039,"N-Acetyl-L-Cysteine (NAC) 2":0.0107,"Nicotinamide Riboside Chloride (NR)":0.0154,"Zeaxanthin":0.0011,"Phosphorus":0.0086,"Astaxanthin (Natural)":0.0125,"Boron Glycinate":0.0155,"CaAKG":0.0111,"Ashwagandha KSM66":0.0032,"Calcium L-5- Methyltetrahydrofolate (L-5-MTHF-Ca)":0.0173,"Cocoa Powder (Non-Alkalised) 8+% Flavanols":0.0143,"Red Yeast Rice (2% Monacolin K)":0.0231,"Creatine Monohydrate":0.0496,"Ginger":0.0655,"Glucosamine Sulfate KCI":0.0391,"Grape Seed Extract 90% polyphenols":0.0071,"Broccoli Extract (glucoraphanin 10%)":0.0065,"Glycine":0.0329,"Theanine":0.0587,"Lactobacillus Acidophilus":0.0221,"Lithium orotate":0.0004,"Pomegranate Juice Extract (50% Polyphenols)":0.0527,"Potassium Iodate":0.013,"Rhodiola 3% Rosavins / Salidroside 1%":0.0403,"Selenium":0.0159,"Glutathione reduced":0.0071,"Lutein":0.0073,"Luteolin":0.0067,"Cinnamon powder (ceylon) organic":0.0088,"Sodium Hyaluronate":0.0074,"Spermidine":0.04,"Vitamin B1 (Thiamine HCl)":0.0142,"Vitamin B12 (Methylcobalamin)":0.0283,"Vitamin B2 (Riboflavin-5-Phosphate)":0.0369,"Vitamin B3 (Niacinamide)":0.0412,"Vitamin B5 (Calcium-D-Pantothenate)":0.0081,"Vitamin B6 (Pyridoxal-5- Phosphate)":0.0153,"Vitamin B7 (D-Biotin)":0.0109,"Vitamin C (Ascorbic Acid)":0.0003,"Vitamin D Veg D3":0.0406,"Vitamin E (d-alpha tocopherol)":0.0265,"Vitamin K1":0.0061,"Vitamin K2 MK-7 MCT Oil":0.0268,"Vitamin K2 MK-4 MCT Oil":0.0109,"Sunflower lecithin non-GMO":0.0399,"Phosphatidylcholine":0.0148,"Choline":0.0415,"Lycopene":0.0759,"Lysine":0.0107,"Taurine":0.0224,"Glucoraphanin":0.029,"Ubiquinol":0.0018,"Zinc Citrate":0.0091,"Fiber":0.0052,"Blueberries":0.019,"Macadamia nuts":0.0214,"Walnuts":0.058,"Omega 3":0.0223,"Omega 6":0.0526,"Calcium":0.0394,"EVOO polyphenols":0.0031,"Oleic acid":0.012,"Protein (plant)":0.0043,"Copper":0.0192,"Caffeine":0.0087,"Magnesium Citrate":0.0055,"Manganese Citrate":0.0537,"Curcuminoids":0.0095,"Fisetin (smoketree extract)":0.0369,"Garlic extract 12:1 odorless":0.0118,"Genistein (Japonica extract)":0.0016,"Milled Golden Flaxseed":0.0367,"SDG lignan":0.0469,"Phosphatidylinositol":0.0005,"Phosphatidylethanolamine":0.0186}],"vo2_max":34.8956}
