{"personal_data":[{"age":49,"gender":"M","name":"Benjiman Borer"}],"fitness_data":[{"Backwards Sled, 2 min":5,"Posture exercises":2,"Tricep extensions":2,"Face pulls":4,"Butterfly":4,"Band pull apart (back muscles)":5,"Back extensions (on a hyperextension)":2,"Obliques (each side, on a hyperextension)":1,"StretchesKneeling shin_Kneeling shin_":1,"StretchesHip flexor_Hip flexor_":5,"StretchesCouch_Couch_":2,"Leg raises (for abdomen)":4,"Seated calf raises":1,"Poliquin step ups":4,"Slant board squats":3,"ATG Split squats":6,"Nordics":5,"Reverse Nordics":0,"Tibialis raises,":5,"IsoTib ankle rotations":1,"Pull ups":0,"Chin ups":1,"10 min HIIT":3}],"supplement_vars":[{"N-Acetyl-L-Cysteine (NAC)":0.016,"N-Acetyl-L-Cysteine (NAC) 2":0.0066,"Nicotinamide Riboside Chloride (NR)":0.0082,"Zeaxanthin":0.0047,"Phosphorus":0.0353,"Astaxanthin (Natural)":0.0135,"Boron Glycinate":0.0102,"CaAKG":0.0089,"Ashwagandha KSM66":0.007,"Calcium L-5- Methyltetrahydrofolate (L-5-MTHF-Ca)":0.051,"Cocoa Powder (Non-Alkalised) 8+% Flavanols":0.0144,"Red Yeast Rice (2% Monacolin K)":0.0199,"Creatine Monohydrate":0.0097,"Ginger":0.0817,"Glucosamine Sulfate KCI":0.0401,"Grape Seed Extract 90% polyphenols":0.0081,"Broccoli Extract (glucoraphanin 10%)":0.0207,"Glycine":0.0001,"Theanine":0.0487,"Lactobacillus Acidophilus":0.0223,"Lithium orotate":0.0093,"Pomegranate Juice Extract (50% Polyphenols)":0.0521,"Potassium Iodate":0.0393,"Rhodiola 3% Rosavins / Salidroside 1%":0.0603,"Selenium":0.019,"Glutathione reduced":0.0153,"Lutein":0.0095,"Luteolin":0.0043,"Cinnamon powder (ceylon) organic":0.0211,"Sodium Hyaluronate":0.0045,"Spermidine":0.0282,"Vitamin B1 (Thiamine HCl)":0.0134,"Vitamin B12 (Methylcobalamin)":0.0629,"Vitamin B2 (Riboflavin-5-Phosphate)":0.0043,"Vitamin B3 (Niacinamide)":0.0483,"Vitamin B5 (Calcium-D-Pantothenate)":0.0091,"Vitamin B6 (Pyridoxal-5- Phosphate)":0.0355,"Vitamin B7 (D-Biotin)":0.0315,"Vitamin C (Ascorbic Acid)":0.0006,"Vitamin D Veg D3":0.0071,"Vitamin E (d-alpha tocopherol)":0.0035,"Vitamin K1":0.0601,"Vitamin K2 MK-7 MCT Oil":0.0102,"Vitamin K2 MK-4 MCT Oil":0.0118,"Sunflower lecithin non-GMO":0.0262,"Phosphatidylcholine":0.0145,"Choline":0.017,"Lycopene":0.0424,"Lysine":0.0095,"Taurine":0.0228,"Glucoraphanin":0.0242,"Ubiquinol":0.0108,"Zinc Citrate":0.0126,"Fiber":0.0016,"Blueberries":0.0706,"Macadamia nuts":0.0651,"Walnuts":0.061,"Omega 3":0.0201,"Omega 6":0.048,"Calcium":0.032,"EVOO polyphenols":0.0004,"Oleic acid":0.0189,"Protein (plant)":0.0001,"Copper":0.0212,"Caffeine":0.0356,"Magnesium Citrate":0.0454,"Manganese Citrate":0.0114,"Curcuminoids":0.0189,"Fisetin (smoketree extract)":0.0029,"Garlic extract 12:1 odorless":0.0414,"Genistein (Japonica extract)":0.0093,"Milled Golden Flaxseed":0.0322,"SDG lignan":0.0175,"Phosphatidylinositol":0.0153,"Phosphatidylethanolamine":0.0236}],"vo2_max":31.2278}
