{"personal_data":[{"age":76,"gender":"M","name":"Taylor Lind"}],"fitness_data":[{"Backwards Sled, 2 min":5,"Posture exercises":4,"Tricep extensions":0,"Face pulls":5,"Butterfly":4,"Band pull apart (back muscles)":4,"Back extensions (on a hyperextension)":2,"Obliques (each side, on a hyperextension)":3,"StretchesKneeling shin_Kneeling shin_":3,"StretchesHip flexor_Hip flexor_":3,"StretchesCouch_Couch_":3,"Leg raises (for abdomen)":0,"Seated calf raises":1,"Poliquin step ups":0,"Slant board squats":7,"ATG Split squats":4,"Nordics":4,"Reverse Nordics":4,"Tibialis raises,":1,"IsoTib ankle rotations":2,"Pull ups":2,"Chin ups":1,"10 min HIIT":2}],"supplement_vars":[{"N-Acetyl-L-Cysteine (NAC)":0.0059,"N-Acetyl-L-Cysteine (NAC) 2":0.0197,"Nicotinamide Riboside Chloride (NR)":0.0058,"Zeaxanthin":0.0061,"Phosphorus":0.016,"Astaxanthin (Natural)":0.0149,"Boron Glycinate":0.0322,"CaAKG":0.0002,"Ashwagandha KSM66":0.0023,"Calcium L-5- Methyltetrahydrofolate (L-5-MTHF-Ca)":0.0089,"Cocoa Powder (Non-Alkalised) 8+% Flavanols":0.0109,"Red Yeast Rice (2% Monacolin K)":0.0272,"Creatine Monohydrate":0.0636,"Ginger":0.0547,"Glucosamine Sulfate KCI":0.0315,"Grape Seed Extract 90% polyphenols":0.0106,"Broccoli Extract (glucoraphanin 10%)":0.0321,"Glycine":0.0292,"Theanine":0.008,"Lactobacillus Acidophilus":0.0499,"Lithium orotate":0.0054,"Pomegranate Juice Extract (50% Polyphenols)":0.0511,"Potassium Iodate":0.0279,"Rhodiola 3% Rosavins / Salidroside 1%":0.0132,"Selenium":0.0086,"Glutathione reduced":0.0323,"Lutein":0.0217,"Luteolin":0.0039,"Cinnamon powder (ceylon) organic":0.0088,"Sodium Hyaluronate":0.0019,"Spermidine":0.0564,"Vitamin B1 (Thiamine HCl)":0.0015,"Vitamin B12 (Methylcobalamin)":0.0064,"Vitamin B2 (Riboflavin-5-Phosphate)":0.0226,"Vitamin B3 (Niacinamide)":0.0228,"Vitamin B5 (Calcium-D-Pantothenate)":0.0027,"Vitamin B6 (Pyridoxal-5- Phosphate)":0.0127,"Vitamin B7 (D-Biotin)":0.0127,"Vitamin C (Ascorbic Acid)":0.0059,"Vitamin D Veg D3":0.0036,"Vitamin E (d-alpha tocopherol)":0.036,"Vitamin K1":0.011,"Vitamin K2 MK-7 MCT Oil":0.027,"Vitamin K2 MK-4 MCT Oil":0.0351,"Sunflower lecithin non-GMO":0.0248,"Phosphatidylcholine":0.0029,"Choline":0.0038,"Lycopene":0.0099,"Lysine":0.0081,"Taurine":0.0421,"Glucoraphanin":0.0291,"Ubiquinol":0.0127,"Zinc Citrate":0.0029,"Fiber":0.0043,"Blueberries":0.0803,"Macadamia nuts":0.035,"Walnuts":0.02,"Omega 3":0.0195,"Omega 6":0.0154,"Calcium":0.0281,"EVOO polyphenols":0.0003,"Oleic acid":0.0254,"Protein (plant)":0.0018,"Copper":0.0128,"Caffeine":0.0166,"Magnesium Citrate":0.015,"Manganese Citrate":0.0034,"Curcuminoids":0.0373,"Fisetin (smoketree extract)":0.0091,"Garlic extract 12:1 odorless":0.0029,"Genistein (Japonica extract)":0.0133,"Milled Golden Flaxseed":0.0083,"SDG lignan":0.0539,"Phosphatidylinositol":0.0026,"Phosphatidylethanolamine":0.0181}],"vo2_max":20.7059}
