{"personal_data":[{"age":65,"gender":"M","name":"Carisa Hegmann"}],"fitness_data":[{"Backwards Sled, 2 min":2,"Posture exercises":3,"Tricep extensions":2,"Face pulls":0,"Butterfly":1,"Band pull apart (back muscles)":2,"Back extensions (on a hyperextension)":1,"Obliques (each side, on a hyperextension)":2,"StretchesKneeling shin_Kneeling shin_":0,"StretchesHip flexor_Hip flexor_":4,"StretchesCouch_Couch_":0,"Leg raises (for abdomen)":2,"Seated calf raises":1,"Poliquin step ups":2,"Slant board squats":2,"ATG Split squats":4,"Nordics":1,"Reverse Nordics":4,"Tibialis raises,":5,"IsoTib ankle rotations":4,"Pull ups":4,"Chin ups":0,"10 min HIIT":3}],"supplement_vars":[{"N-Acetyl-L-Cysteine (NAC)":0.0154,"N-Acetyl-L-Cysteine (NAC) 2":0.005,"Nicotinamide Riboside Chloride (NR)":0.0023,"Zeaxanthin":0.0078,"Phosphorus":0.0269,"Astaxanthin (Natural)":0.0081,"Boron Glycinate":0.0437,"CaAKG":0.0114,"Ashwagandha KSM66":0.005,"Calcium L-5- Methyltetrahydrofolate (L-5-MTHF-Ca)":0.0088,"Cocoa Powder (Non-Alkalised) 8+% Flavanols":0.0105,"Red Yeast Rice (2% Monacolin K)":0.0072,"Creatine Monohydrate":0.0531,"Ginger":0.036,"Glucosamine Sulfate KCI":0.0309,"Grape Seed Extract 90% polyphenols":0.0098,"Broccoli Extract (glucoraphanin 10%)":0.0267,"Glycine":0.0279,"Theanine":0.0386,"Lactobacillus Acidophilus":0.0755,"Lithium orotate":0.0061,"Pomegranate Juice Extract (50% Polyphenols)":0.0121,"Potassium Iodate":0.0384,"Rhodiola 3% Rosavins / Salidroside 1%":0.0201,"Selenium":0.0264,"Glutathione reduced":0.0521,"Lutein":0.0108,"Luteolin":0.0066,"Cinnamon powder (ceylon) organic":0.0181,"Sodium Hyaluronate":0.0031,"Spermidine":0.0163,"Vitamin B1 (Thiamine HCl)":0.0154,"Vitamin B12 (Methylcobalamin)":0.0234,"Vitamin B2 (Riboflavin-5-Phosphate)":0.0691,"Vitamin B3 (Niacinamide)":0.059,"Vitamin B5 (Calcium-D-Pantothenate)":0.0039,"Vitamin B6 (Pyridoxal-5- Phosphate)":0.0182,"Vitamin B7 (D-Biotin)":0.033,"Vitamin C (Ascorbic Acid)":0.0111,"Vitamin D Veg D3":0.0309,"Vitamin E (d-alpha tocopherol)":0.0363,"Vitamin K1":0.0177,"Vitamin K2 MK-7 MCT Oil":0.0353,"Vitamin K2 MK-4 MCT Oil":0.0094,"Sunflower lecithin non-GMO":0.0332,"Phosphatidylcholine":0.025,"Choline":0.0464,"Lycopene":0.0562,"Lysine":0.0028,"Taurine":0.0294,"Glucoraphanin":0.0169,"Ubiquinol":0.0074,"Zinc Citrate":0.0218,"Fiber":0.0037,"Blueberries":0.0722,"Macadamia nuts":0.0591,"Walnuts":0.0585,"Omega 3":0.0491,"Omega 6":0.0158,"Calcium":0.0704,"EVOO polyphenols":0.0021,"Oleic acid":0.0313,"Protein (plant)":0.0012,"Copper":0.0205,"Caffeine":0.0138,"Magnesium Citrate":0.0353,"Manganese Citrate":0.0765,"Curcuminoids":0.0027,"Fisetin (smoketree extract)":0.0243,"Garlic extract 12:1 odorless":0.0397,"Genistein (Japonica extract)":0.0023,"Milled Golden Flaxseed":0.0051,"SDG lignan":0.0403,"Phosphatidylinositol":0.0258,"Phosphatidylethanolamine":0.0108}],"vo2_max":24.199}
