{"personal_data":[{"age":32,"gender":"M","name":"Obie Paucek-Volkman"}],"fitness_data":[{"Backwards Sled, 2 min":0,"Posture exercises":4,"Tricep extensions":2,"Face pulls":1,"Butterfly":3,"Band pull apart (back muscles)":1,"Back extensions (on a hyperextension)":3,"Obliques (each side, on a hyperextension)":3,"StretchesKneeling shin_Kneeling shin_":5,"StretchesHip flexor_Hip flexor_":6,"StretchesCouch_Couch_":2,"Leg raises (for abdomen)":2,"Seated calf raises":2,"Poliquin step ups":3,"Slant board squats":1,"ATG Split squats":3,"Nordics":3,"Reverse Nordics":4,"Tibialis raises,":4,"IsoTib ankle rotations":1,"Pull ups":4,"Chin ups":3,"10 min HIIT":1}],"supplement_vars":[{"N-Acetyl-L-Cysteine (NAC)":0.0143,"N-Acetyl-L-Cysteine (NAC) 2":0.0076,"Nicotinamide Riboside Chloride (NR)":0.0087,"Zeaxanthin":0.0022,"Phosphorus":0.0044,"Astaxanthin (Natural)":0.0185,"Boron Glycinate":0.0044,"CaAKG":0.0011,"Ashwagandha KSM66":0.0057,"Calcium L-5- Methyltetrahydrofolate (L-5-MTHF-Ca)":0.0674,"Cocoa Powder (Non-Alkalised) 8+% Flavanols":0.007,"Red Yeast Rice (2% Monacolin K)":0.0151,"Creatine Monohydrate":0.0551,"Ginger":0.0314,"Glucosamine Sulfate KCI":0.004,"Grape Seed Extract 90% polyphenols":0.0069,"Broccoli Extract (glucoraphanin 10%)":0.0126,"Glycine":0.0328,"Theanine":0.0396,"Lactobacillus Acidophilus":0.045,"Lithium orotate":0.0012,"Pomegranate Juice Extract (50% Polyphenols)":0.0686,"Potassium Iodate":0.0085,"Rhodiola 3% Rosavins / Salidroside 1%":0.0131,"Selenium":0.0032,"Glutathione reduced":0.0037,"Lutein":0.0108,"Luteolin":0.0005,"Cinnamon powder (ceylon) organic":0.0156,"Sodium Hyaluronate":0.0013,"Spermidine":0.0392,"Vitamin B1 (Thiamine HCl)":0.0055,"Vitamin B12 (Methylcobalamin)":0.0232,"Vitamin B2 (Riboflavin-5-Phosphate)":0.0257,"Vitamin B3 (Niacinamide)":0.0604,"Vitamin B5 (Calcium-D-Pantothenate)":0.0195,"Vitamin B6 (Pyridoxal-5- Phosphate)":0.0289,"Vitamin B7 (D-Biotin)":0.0047,"Vitamin C (Ascorbic Acid)":0.0102,"Vitamin D Veg D3":0.0198,"Vitamin E (d-alpha tocopherol)":0.0166,"Vitamin K1":0.0059,"Vitamin K2 MK-7 MCT Oil":0.0241,"Vitamin K2 MK-4 MCT Oil":0.0239,"Sunflower lecithin non-GMO":0.0438,"Phosphatidylcholine":0.0283,"Choline":0.0284,"Lycopene":0.0396,"Lysine":0.0017,"Taurine":0.0024,"Glucoraphanin":0.0241,"Ubiquinol":0.0125,"Zinc Citrate":0.0167,"Fiber":0.0059,"Blueberries":0.0089,"Macadamia nuts":0.0568,"Walnuts":0.0283,"Omega 3":0.029,"Omega 6":0.0614,"Calcium":0.0488,"EVOO polyphenols":0.0044,"Oleic acid":0.0085,"Protein (plant)":0.0037,"Copper":0.0196,"Caffeine":0.0129,"Magnesium Citrate":0.0318,"Manganese Citrate":0.0661,"Curcuminoids":0.0229,"Fisetin (smoketree extract)":0.0189,"Garlic extract 12:1 odorless":0.0327,"Genistein (Japonica extract)":0.0175,"Milled Golden Flaxseed":0.0034,"SDG lignan":0.055,"Phosphatidylinositol":0.0002,"Phosphatidylethanolamine":0.0132}],"vo2_max":31.9391}
