{"personal_data":[{"age":20,"gender":"M","name":"Candida Barton"}],"fitness_data":[{"Backwards Sled, 2 min":3,"Posture exercises":3,"Tricep extensions":3,"Face pulls":1,"Butterfly":2,"Band pull apart (back muscles)":1,"Back extensions (on a hyperextension)":1,"Obliques (each side, on a hyperextension)":2,"StretchesKneeling shin_Kneeling shin_":0,"StretchesHip flexor_Hip flexor_":3,"StretchesCouch_Couch_":1,"Leg raises (for abdomen)":0,"Seated calf raises":3,"Poliquin step ups":0,"Slant board squats":4,"ATG Split squats":0,"Nordics":3,"Reverse Nordics":4,"Tibialis raises,":4,"IsoTib ankle rotations":4,"Pull ups":3,"Chin ups":2,"10 min HIIT":1}],"supplement_vars":[{"N-Acetyl-L-Cysteine (NAC)":0.0143,"N-Acetyl-L-Cysteine (NAC) 2":0.0153,"Nicotinamide Riboside Chloride (NR)":0.0167,"Zeaxanthin":0.0118,"Phosphorus":0.0277,"Astaxanthin (Natural)":0.0235,"Boron Glycinate":0.0168,"CaAKG":0.0069,"Ashwagandha KSM66":0.0046,"Calcium L-5- Methyltetrahydrofolate (L-5-MTHF-Ca)":0.0312,"Cocoa Powder (Non-Alkalised) 8+% Flavanols":0.0007,"Red Yeast Rice (2% Monacolin K)":0.0172,"Creatine Monohydrate":0.0022,"Ginger":0.0666,"Glucosamine Sulfate KCI":0.0312,"Grape Seed Extract 90% polyphenols":0.0135,"Broccoli Extract (glucoraphanin 10%)":0.0145,"Glycine":0.0297,"Theanine":0.0487,"Lactobacillus Acidophilus":0.0086,"Lithium orotate":0.0062,"Pomegranate Juice Extract (50% Polyphenols)":0.0433,"Potassium Iodate":0.0332,"Rhodiola 3% Rosavins / Salidroside 1%":0.0282,"Selenium":0.0088,"Glutathione reduced":0.0505,"Lutein":0.0019,"Luteolin":0.0018,"Cinnamon powder (ceylon) organic":0.0099,"Sodium Hyaluronate":0.0007,"Spermidine":0.0542,"Vitamin B1 (Thiamine HCl)":0.0093,"Vitamin B12 (Methylcobalamin)":0.086,"Vitamin B2 (Riboflavin-5-Phosphate)":0.0005,"Vitamin B3 (Niacinamide)":0.0005,"Vitamin B5 (Calcium-D-Pantothenate)":0.0111,"Vitamin B6 (Pyridoxal-5- Phosphate)":0.0465,"Vitamin B7 (D-Biotin)":0.025,"Vitamin C (Ascorbic Acid)":0.0028,"Vitamin D Veg D3":0.0184,"Vitamin E (d-alpha tocopherol)":0.0217,"Vitamin K1":0.0343,"Vitamin K2 MK-7 MCT Oil":0.0352,"Vitamin K2 MK-4 MCT Oil":0.0197,"Sunflower lecithin non-GMO":0.0279,"Phosphatidylcholine":0.0033,"Choline":0.0367,"Lycopene":0.0414,"Lysine":0.0104,"Taurine":0.0011,"Glucoraphanin":0.0242,"Ubiquinol":0.003,"Zinc Citrate":0.0275,"Fiber":0.0058,"Blueberries":0.0714,"Macadamia nuts":0.0608,"Walnuts":0.0297,"Omega 3":0.0132,"Omega 6":0.0598,"Calcium":0.0185,"EVOO polyphenols":0.0036,"Oleic acid":0.0235,"Protein (plant)":0.0038,"Copper":0.0204,"Caffeine":0.0311,"Magnesium Citrate":0.0325,"Manganese Citrate":0.0517,"Curcuminoids":0.0036,"Fisetin (smoketree extract)":0.0346,"Garlic extract 12:1 odorless":0.0029,"Genistein (Japonica extract)":0.0051,"Milled Golden Flaxseed":0.0145,"SDG lignan":0.0342,"Phosphatidylinositol":0.0059,"Phosphatidylethanolamine":0.0487}],"vo2_max":37.7125}
