{"personal_data":[{"age":63,"gender":"F","name":"Mr. Mckinley Schinner"}],"fitness_data":[{"Backwards Sled, 2 min":1,"Posture exercises":5,"Tricep extensions":1,"Face pulls":5,"Butterfly":5,"Band pull apart (back muscles)":0,"Back extensions (on a hyperextension)":1,"Obliques (each side, on a hyperextension)":3,"StretchesKneeling shin_Kneeling shin_":4,"StretchesHip flexor_Hip flexor_":5,"StretchesCouch_Couch_":0,"Leg raises (for abdomen)":5,"Seated calf raises":3,"Poliquin step ups":2,"Slant board squats":3,"ATG Split squats":3,"Nordics":4,"Reverse Nordics":2,"Tibialis raises,":0,"IsoTib ankle rotations":1,"Pull ups":2,"Chin ups":2,"10 min HIIT":4}],"supplement_vars":[{"N-Acetyl-L-Cysteine (NAC)":0.0018,"N-Acetyl-L-Cysteine (NAC) 2":0.0099,"Nicotinamide Riboside Chloride (NR)":0.0079,"Zeaxanthin":0.0077,"Phosphorus":0.0229,"Astaxanthin (Natural)":0.0124,"Boron Glycinate":0.0391,"CaAKG":0.0084,"Ashwagandha KSM66":0.0086,"Calcium L-5- Methyltetrahydrofolate (L-5-MTHF-Ca)":0.0281,"Cocoa Powder (Non-Alkalised) 8+% Flavanols":0.0011,"Red Yeast Rice (2% Monacolin K)":0.0078,"Creatine Monohydrate":0.0404,"Ginger":0.0201,"Glucosamine Sulfate KCI":0.039,"Grape Seed Extract 90% polyphenols":0.0031,"Broccoli Extract (glucoraphanin 10%)":0.01,"Glycine":0.0214,"Theanine":0.0274,"Lactobacillus Acidophilus":0.0436,"Lithium orotate":0.0058,"Pomegranate Juice Extract (50% Polyphenols)":0.0423,"Potassium Iodate":0.0047,"Rhodiola 3% Rosavins / Salidroside 1%":0.0288,"Selenium":0.0394,"Glutathione reduced":0.0004,"Lutein":0.0013,"Luteolin":0.0076,"Cinnamon powder (ceylon) organic":0.015,"Sodium Hyaluronate":0.0025,"Spermidine":0.0587,"Vitamin B1 (Thiamine HCl)":0.009,"Vitamin B12 (Methylcobalamin)":0.0704,"Vitamin B2 (Riboflavin-5-Phosphate)":0.0237,"Vitamin B3 (Niacinamide)":0.0505,"Vitamin B5 (Calcium-D-Pantothenate)":0.0031,"Vitamin B6 (Pyridoxal-5- Phosphate)":0.0151,"Vitamin B7 (D-Biotin)":0.0071,"Vitamin C (Ascorbic Acid)":0.0116,"Vitamin D Veg D3":0.0151,"Vitamin E (d-alpha tocopherol)":0.0093,"Vitamin K1":0.051,"Vitamin K2 MK-7 MCT Oil":0.0074,"Vitamin K2 MK-4 MCT Oil":0.0012,"Sunflower lecithin non-GMO":0.0253,"Phosphatidylcholine":0.0194,"Choline":0.0018,"Lycopene":0.0438,"Lysine":0.0019,"Taurine":0.0286,"Glucoraphanin":0.0016,"Ubiquinol":0.0084,"Zinc Citrate":0.0129,"Fiber":0.0038,"Blueberries":0.0692,"Macadamia nuts":0.0892,"Walnuts":0.0547,"Omega 3":0.0196,"Omega 6":0.0554,"Calcium":0.0145,"EVOO polyphenols":0.0043,"Oleic acid":0.0215,"Protein (plant)":0.0001,"Copper":0.0157,"Caffeine":0.0417,"Magnesium Citrate":0.0204,"Manganese Citrate":0.0322,"Curcuminoids":0.0233,"Fisetin (smoketree extract)":0.021,"Garlic extract 12:1 odorless":0.0277,"Genistein (Japonica extract)":0.0208,"Milled Golden Flaxseed":0.0321,"SDG lignan":0.0202,"Phosphatidylinositol":0.0097,"Phosphatidylethanolamine":0.0336}],"vo2_max":20.7023}
