{"personal_data":[{"age":59,"gender":"M","name":"Dorr Kunze DDS"}],"fitness_data":[{"Backwards Sled, 2 min":2,"Posture exercises":3,"Tricep extensions":4,"Face pulls":4,"Butterfly":6,"Band pull apart (back muscles)":5,"Back extensions (on a hyperextension)":0,"Obliques (each side, on a hyperextension)":2,"StretchesKneeling shin_Kneeling shin_":1,"StretchesHip flexor_Hip flexor_":3,"StretchesCouch_Couch_":3,"Leg raises (for abdomen)":3,"Seated calf raises":0,"Poliquin step ups":1,"Slant board squats":4,"ATG Split squats":1,"Nordics":4,"Reverse Nordics":1,"Tibialis raises,":0,"IsoTib ankle rotations":5,"Pull ups":4,"Chin ups":2,"10 min HIIT":1}],"supplement_vars":[{"N-Acetyl-L-Cysteine (NAC)":0.0191,"N-Acetyl-L-Cysteine (NAC) 2":0.0106,"Nicotinamide Riboside Chloride (NR)":0.016,"Zeaxanthin":0.0004,"Phosphorus":0.0256,"Astaxanthin (Natural)":0.0073,"Boron Glycinate":0.0274,"CaAKG":0.0044,"Ashwagandha KSM66":0.0071,"Calcium L-5- Methyltetrahydrofolate (L-5-MTHF-Ca)":0.0318,"Cocoa Powder (Non-Alkalised) 8+% Flavanols":0.0201,"Red Yeast Rice (2% Monacolin K)":0.0186,"Creatine Monohydrate":0.0596,"Ginger":0.0632,"Glucosamine Sulfate KCI":0.014,"Grape Seed Extract 90% polyphenols":0.0005,"Broccoli Extract (glucoraphanin 10%)":0.0233,"Glycine":0.0106,"Theanine":0.0432,"Lactobacillus Acidophilus":0.0064,"Lithium orotate":0.0043,"Pomegranate Juice Extract (50% Polyphenols)":0.0136,"Potassium Iodate":0.0303,"Rhodiola 3% Rosavins / Salidroside 1%":0.0144,"Selenium":0.0242,"Glutathione reduced":0.028,"Lutein":0.0111,"Luteolin":0.0077,"Cinnamon powder (ceylon) organic":0.0186,"Sodium Hyaluronate":0.0022,"Spermidine":0.0289,"Vitamin B1 (Thiamine HCl)":0.0075,"Vitamin B12 (Methylcobalamin)":0.0137,"Vitamin B2 (Riboflavin-5-Phosphate)":0.0303,"Vitamin B3 (Niacinamide)":0.0601,"Vitamin B5 (Calcium-D-Pantothenate)":0.0129,"Vitamin B6 (Pyridoxal-5- Phosphate)":0.0192,"Vitamin B7 (D-Biotin)":0.0101,"Vitamin C (Ascorbic Acid)":0.0027,"Vitamin D Veg D3":0.0281,"Vitamin E (d-alpha tocopherol)":0.0003,"Vitamin K1":0.0128,"Vitamin K2 MK-7 MCT Oil":0.0272,"Vitamin K2 MK-4 MCT Oil":0.0057,"Sunflower lecithin non-GMO":0.0044,"Phosphatidylcholine":0.0329,"Choline":0.022,"Lycopene":0.0432,"Lysine":0.0067,"Taurine":0.0286,"Glucoraphanin":0.0068,"Ubiquinol":0.0095,"Zinc Citrate":0.0319,"Fiber":0.0047,"Blueberries":0.0304,"Macadamia nuts":0.0898,"Walnuts":0.0688,"Omega 3":0.026,"Omega 6":0.0267,"Calcium":0.0676,"EVOO polyphenols":0.0015,"Oleic acid":0.0354,"Protein (plant)":0.0035,"Copper":0.0158,"Caffeine":0,"Magnesium Citrate":0.0317,"Manganese Citrate":0.0654,"Curcuminoids":0.0281,"Fisetin (smoketree extract)":0.0053,"Garlic extract 12:1 odorless":0.0376,"Genistein (Japonica extract)":0.0189,"Milled Golden Flaxseed":0.0296,"SDG lignan":0.0343,"Phosphatidylinositol":0.0081,"Phosphatidylethanolamine":0.0026}],"vo2_max":24.2881}
