{"personal_data":[{"age":21,"gender":"F","name":"Graham Reichel"}],"fitness_data":[{"Backwards Sled, 2 min":1,"Posture exercises":1,"Tricep extensions":3,"Face pulls":3,"Butterfly":1,"Band pull apart (back muscles)":3,"Back extensions (on a hyperextension)":2,"Obliques (each side, on a hyperextension)":3,"StretchesKneeling shin_Kneeling shin_":3,"StretchesHip flexor_Hip flexor_":5,"StretchesCouch_Couch_":3,"Leg raises (for abdomen)":3,"Seated calf raises":3,"Poliquin step ups":0,"Slant board squats":2,"ATG Split squats":4,"Nordics":5,"Reverse Nordics":1,"Tibialis raises,":3,"IsoTib ankle rotations":6,"Pull ups":0,"Chin ups":1,"10 min HIIT":3}],"supplement_vars":[{"N-Acetyl-L-Cysteine (NAC)":0.0173,"N-Acetyl-L-Cysteine (NAC) 2":0.0114,"Nicotinamide Riboside Chloride (NR)":0.0075,"Zeaxanthin":0.0072,"Phosphorus":0.0302,"Astaxanthin (Natural)":0.0189,"Boron Glycinate":0.043,"CaAKG":0.0088,"Ashwagandha KSM66":0.0084,"Calcium L-5- Methyltetrahydrofolate (L-5-MTHF-Ca)":0.0497,"Cocoa Powder (Non-Alkalised) 8+% Flavanols":0.0069,"Red Yeast Rice (2% Monacolin K)":0.0012,"Creatine Monohydrate":0.0239,"Ginger":0.0241,"Glucosamine Sulfate KCI":0.0708,"Grape Seed Extract 90% polyphenols":0.0119,"Broccoli Extract (glucoraphanin 10%)":0.0116,"Glycine":0.0257,"Theanine":0.0434,"Lactobacillus Acidophilus":0.048,"Lithium orotate":0.0086,"Pomegranate Juice Extract (50% Polyphenols)":0.053,"Potassium Iodate":0.0002,"Rhodiola 3% Rosavins / Salidroside 1%":0.0315,"Selenium":0.0309,"Glutathione reduced":0.0208,"Lutein":0.0068,"Luteolin":8.9857e-06,"Cinnamon powder (ceylon) organic":0.0043,"Sodium Hyaluronate":0.0072,"Spermidine":0.04,"Vitamin B1 (Thiamine HCl)":0.0109,"Vitamin B12 (Methylcobalamin)":0.0011,"Vitamin B2 (Riboflavin-5-Phosphate)":0.0539,"Vitamin B3 (Niacinamide)":0.0435,"Vitamin B5 (Calcium-D-Pantothenate)":0.0115,"Vitamin B6 (Pyridoxal-5- Phosphate)":0.0244,"Vitamin B7 (D-Biotin)":0.005,"Vitamin C (Ascorbic Acid)":0.0034,"Vitamin D Veg D3":0.0138,"Vitamin E (d-alpha tocopherol)":0.0091,"Vitamin K1":0.0543,"Vitamin K2 MK-7 MCT Oil":0.0138,"Vitamin K2 MK-4 MCT Oil":0.0358,"Sunflower lecithin non-GMO":0.032,"Phosphatidylcholine":0.0058,"Choline":0.0477,"Lycopene":0.0673,"Lysine":0.0039,"Taurine":0.0379,"Glucoraphanin":0.0175,"Ubiquinol":0.0109,"Zinc Citrate":0.0216,"Fiber":0.0027,"Blueberries":0.0801,"Macadamia nuts":0.0835,"Walnuts":0.0651,"Omega 3":0.0409,"Omega 6":0.0352,"Calcium":0.0546,"EVOO polyphenols":0.0063,"Oleic acid":0.0353,"Protein (plant)":0.0007,"Copper":0.021,"Caffeine":0.0484,"Magnesium Citrate":0.0081,"Manganese Citrate":0.0718,"Curcuminoids":0.0195,"Fisetin (smoketree extract)":0.0172,"Garlic extract 12:1 odorless":0.0093,"Genistein (Japonica extract)":0.0161,"Milled Golden Flaxseed":0.007,"SDG lignan":0.0549,"Phosphatidylinositol":0.0253,"Phosphatidylethanolamine":0.006}],"vo2_max":36.3956}
