{"personal_data":[{"age":73,"gender":"F","name":"Mr. Jonas Swaniawski V"}],"fitness_data":[{"Backwards Sled, 2 min":5,"Posture exercises":3,"Tricep extensions":4,"Face pulls":1,"Butterfly":2,"Band pull apart (back muscles)":2,"Back extensions (on a hyperextension)":3,"Obliques (each side, on a hyperextension)":3,"StretchesKneeling shin_Kneeling shin_":0,"StretchesHip flexor_Hip flexor_":6,"StretchesCouch_Couch_":3,"Leg raises (for abdomen)":4,"Seated calf raises":1,"Poliquin step ups":0,"Slant board squats":3,"ATG Split squats":1,"Nordics":6,"Reverse Nordics":2,"Tibialis raises,":3,"IsoTib ankle rotations":3,"Pull ups":0,"Chin ups":0,"10 min HIIT":0}],"supplement_vars":[{"N-Acetyl-L-Cysteine (NAC)":0.0145,"N-Acetyl-L-Cysteine (NAC) 2":0.0177,"Nicotinamide Riboside Chloride (NR)":0.0134,"Zeaxanthin":0.0086,"Phosphorus":0.0298,"Astaxanthin (Natural)":0.0156,"Boron Glycinate":0.0211,"CaAKG":0.0101,"Ashwagandha KSM66":0.0047,"Calcium L-5- Methyltetrahydrofolate (L-5-MTHF-Ca)":0.0009,"Cocoa Powder (Non-Alkalised) 8+% Flavanols":0.0008,"Red Yeast Rice (2% Monacolin K)":0.0156,"Creatine Monohydrate":0.0501,"Ginger":0.0585,"Glucosamine Sulfate KCI":0.0732,"Grape Seed Extract 90% polyphenols":0.0111,"Broccoli Extract (glucoraphanin 10%)":0.0214,"Glycine":0.0303,"Theanine":0.0038,"Lactobacillus Acidophilus":0.0101,"Lithium orotate":0.0098,"Pomegranate Juice Extract (50% Polyphenols)":0.033,"Potassium Iodate":0.0301,"Rhodiola 3% Rosavins / Salidroside 1%":0.0147,"Selenium":0.0361,"Glutathione reduced":0.0492,"Lutein":0.0162,"Luteolin":0.0042,"Cinnamon powder (ceylon) organic":0.0131,"Sodium Hyaluronate":0.0075,"Spermidine":0.0152,"Vitamin B1 (Thiamine HCl)":0.005,"Vitamin B12 (Methylcobalamin)":0.0704,"Vitamin B2 (Riboflavin-5-Phosphate)":0.0192,"Vitamin B3 (Niacinamide)":0.0524,"Vitamin B5 (Calcium-D-Pantothenate)":0.0098,"Vitamin B6 (Pyridoxal-5- Phosphate)":0.0219,"Vitamin B7 (D-Biotin)":0.006,"Vitamin C (Ascorbic Acid)":0.0029,"Vitamin D Veg D3":0.001,"Vitamin E (d-alpha tocopherol)":0.0309,"Vitamin K1":0.0195,"Vitamin K2 MK-7 MCT Oil":0.0017,"Vitamin K2 MK-4 MCT Oil":0.0086,"Sunflower lecithin non-GMO":0.0414,"Phosphatidylcholine":0.0003,"Choline":0.024,"Lycopene":0.0625,"Lysine":0.0117,"Taurine":0.0232,"Glucoraphanin":0.0027,"Ubiquinol":0.0069,"Zinc Citrate":0.0036,"Fiber":0.0001,"Blueberries":0.0198,"Macadamia nuts":0.0353,"Walnuts":0.0464,"Omega 3":0.042,"Omega 6":0.0113,"Calcium":0.0258,"EVOO polyphenols":0.0017,"Oleic acid":0.0152,"Protein (plant)":0.0044,"Copper":0.0141,"Caffeine":0.0204,"Magnesium Citrate":0.055,"Manganese Citrate":0.0813,"Curcuminoids":0.0164,"Fisetin (smoketree extract)":0.0317,"Garlic extract 12:1 odorless":0.0024,"Genistein (Japonica extract)":0.0132,"Milled Golden Flaxseed":0.004,"SDG lignan":0.0584,"Phosphatidylinositol":0.0019,"Phosphatidylethanolamine":0.0415}],"vo2_max":18.5639}
