{"personal_data":[{"age":41,"gender":"F","name":"Kennth Breitenberg IV"}],"fitness_data":[{"Backwards Sled, 2 min":2,"Posture exercises":1,"Tricep extensions":1,"Face pulls":1,"Butterfly":3,"Band pull apart (back muscles)":0,"Back extensions (on a hyperextension)":1,"Obliques (each side, on a hyperextension)":3,"StretchesKneeling shin_Kneeling shin_":1,"StretchesHip flexor_Hip flexor_":3,"StretchesCouch_Couch_":2,"Leg raises (for abdomen)":2,"Seated calf raises":2,"Poliquin step ups":4,"Slant board squats":1,"ATG Split squats":4,"Nordics":6,"Reverse Nordics":1,"Tibialis raises,":2,"IsoTib ankle rotations":4,"Pull ups":4,"Chin ups":3,"10 min HIIT":1}],"supplement_vars":[{"N-Acetyl-L-Cysteine (NAC)":0.0036,"N-Acetyl-L-Cysteine (NAC) 2":0.0015,"Nicotinamide Riboside Chloride (NR)":0.0048,"Zeaxanthin":0.0096,"Phosphorus":0.0418,"Astaxanthin (Natural)":0.0037,"Boron Glycinate":0.0195,"CaAKG":0.0112,"Ashwagandha KSM66":0.0065,"Calcium L-5- Methyltetrahydrofolate (L-5-MTHF-Ca)":0.05,"Cocoa Powder (Non-Alkalised) 8+% Flavanols":0.0064,"Red Yeast Rice (2% Monacolin K)":0.001,"Creatine Monohydrate":0.0603,"Ginger":0.0572,"Glucosamine Sulfate KCI":0.0148,"Grape Seed Extract 90% polyphenols":0.0028,"Broccoli Extract (glucoraphanin 10%)":0.0307,"Glycine":0.0263,"Theanine":0.0005,"Lactobacillus Acidophilus":0.0145,"Lithium orotate":0.0084,"Pomegranate Juice Extract (50% Polyphenols)":0.0659,"Potassium Iodate":0.0013,"Rhodiola 3% Rosavins / Salidroside 1%":0.0312,"Selenium":0.0056,"Glutathione reduced":0.014,"Lutein":0.0197,"Luteolin":0.0071,"Cinnamon powder (ceylon) organic":0.0114,"Sodium Hyaluronate":0.001,"Spermidine":0.0061,"Vitamin B1 (Thiamine HCl)":0.0121,"Vitamin B12 (Methylcobalamin)":0.0323,"Vitamin B2 (Riboflavin-5-Phosphate)":0.0241,"Vitamin B3 (Niacinamide)":0.0671,"Vitamin B5 (Calcium-D-Pantothenate)":0.0025,"Vitamin B6 (Pyridoxal-5- Phosphate)":0.0125,"Vitamin B7 (D-Biotin)":0.0194,"Vitamin C (Ascorbic Acid)":0.0064,"Vitamin D Veg D3":0.01,"Vitamin E (d-alpha tocopherol)":0.0054,"Vitamin K1":0.0162,"Vitamin K2 MK-7 MCT Oil":0.0332,"Vitamin K2 MK-4 MCT Oil":0.0185,"Sunflower lecithin non-GMO":0.0128,"Phosphatidylcholine":0.0282,"Choline":0.0061,"Lycopene":0.0258,"Lysine":0.0098,"Taurine":0.0285,"Glucoraphanin":0.0149,"Ubiquinol":0.0129,"Zinc Citrate":0.0287,"Fiber":0.0033,"Blueberries":0.0475,"Macadamia nuts":0.0559,"Walnuts":0.0213,"Omega 3":0.0317,"Omega 6":0.0492,"Calcium":0.0123,"EVOO polyphenols":0.0001,"Oleic acid":0.0343,"Protein (plant)":0.0038,"Copper":0.0145,"Caffeine":0.0522,"Magnesium Citrate":0.0362,"Manganese Citrate":0.0407,"Curcuminoids":0.0191,"Fisetin (smoketree extract)":0.0116,"Garlic extract 12:1 odorless":0.0058,"Genistein (Japonica extract)":0.0125,"Milled Golden Flaxseed":0.0001,"SDG lignan":0.0369,"Phosphatidylinositol":0.0059,"Phosphatidylethanolamine":0.027}],"vo2_max":29.2326}
