{"personal_data":[{"age":40,"gender":"F","name":"Mrs. Peggie Ferry MD"}],"fitness_data":[{"Backwards Sled, 2 min":3,"Posture exercises":2,"Tricep extensions":2,"Face pulls":4,"Butterfly":5,"Band pull apart (back muscles)":4,"Back extensions (on a hyperextension)":3,"Obliques (each side, on a hyperextension)":1,"StretchesKneeling shin_Kneeling shin_":2,"StretchesHip flexor_Hip flexor_":5,"StretchesCouch_Couch_":2,"Leg raises (for abdomen)":2,"Seated calf raises":1,"Poliquin step ups":3,"Slant board squats":1,"ATG Split squats":2,"Nordics":0,"Reverse Nordics":2,"Tibialis raises,":5,"IsoTib ankle rotations":6,"Pull ups":1,"Chin ups":0,"10 min HIIT":2}],"supplement_vars":[{"N-Acetyl-L-Cysteine (NAC)":0.0013,"N-Acetyl-L-Cysteine (NAC) 2":0.0141,"Nicotinamide Riboside Chloride (NR)":0.0076,"Zeaxanthin":0.0017,"Phosphorus":0.031,"Astaxanthin (Natural)":0.0016,"Boron Glycinate":0.0054,"CaAKG":0.0109,"Ashwagandha KSM66":0.0019,"Calcium L-5- Methyltetrahydrofolate (L-5-MTHF-Ca)":0.0536,"Cocoa Powder (Non-Alkalised) 8+% Flavanols":0.0164,"Red Yeast Rice (2% Monacolin K)":0.0302,"Creatine Monohydrate":0.0496,"Ginger":0.0231,"Glucosamine Sulfate KCI":0.0034,"Grape Seed Extract 90% polyphenols":0.0107,"Broccoli Extract (glucoraphanin 10%)":0.0204,"Glycine":0.0196,"Theanine":0.0447,"Lactobacillus Acidophilus":0.0333,"Lithium orotate":0.0069,"Pomegranate Juice Extract (50% Polyphenols)":0.0358,"Potassium Iodate":0.0175,"Rhodiola 3% Rosavins / Salidroside 1%":0.0212,"Selenium":0.0254,"Glutathione reduced":0.0132,"Lutein":0.0176,"Luteolin":0.0024,"Cinnamon powder (ceylon) organic":0.0081,"Sodium Hyaluronate":0.0055,"Spermidine":0.0441,"Vitamin B1 (Thiamine HCl)":0.0115,"Vitamin B12 (Methylcobalamin)":0.0731,"Vitamin B2 (Riboflavin-5-Phosphate)":0.0253,"Vitamin B3 (Niacinamide)":0.0619,"Vitamin B5 (Calcium-D-Pantothenate)":0.0164,"Vitamin B6 (Pyridoxal-5- Phosphate)":0.0034,"Vitamin B7 (D-Biotin)":0.0146,"Vitamin C (Ascorbic Acid)":0.0005,"Vitamin D Veg D3":0.0381,"Vitamin E (d-alpha tocopherol)":0.0196,"Vitamin K1":0.0168,"Vitamin K2 MK-7 MCT Oil":0.0295,"Vitamin K2 MK-4 MCT Oil":0.0207,"Sunflower lecithin non-GMO":0.0203,"Phosphatidylcholine":0.0037,"Choline":0.0227,"Lycopene":0.0751,"Lysine":0.0117,"Taurine":0.0379,"Glucoraphanin":0.0113,"Ubiquinol":0.0074,"Zinc Citrate":0.0169,"Fiber":0.0038,"Blueberries":0.0202,"Macadamia nuts":0.0757,"Walnuts":0.0632,"Omega 3":0.0408,"Omega 6":0.0352,"Calcium":0.0551,"EVOO polyphenols":0.0004,"Oleic acid":0.0176,"Protein (plant)":0.0012,"Copper":0.0032,"Caffeine":0.0006,"Magnesium Citrate":0.0091,"Manganese Citrate":0.0725,"Curcuminoids":0.0401,"Fisetin (smoketree extract)":0.005,"Garlic extract 12:1 odorless":0.0332,"Genistein (Japonica extract)":0.0021,"Milled Golden Flaxseed":0.0268,"SDG lignan":0.0109,"Phosphatidylinositol":0.0007,"Phosphatidylethanolamine":0.0093}],"vo2_max":27.4219}
