{"personal_data":[{"age":74,"gender":"F","name":"Karter Beahan"}],"fitness_data":[{"Backwards Sled, 2 min":1,"Posture exercises":1,"Tricep extensions":4,"Face pulls":2,"Butterfly":3,"Band pull apart (back muscles)":5,"Back extensions (on a hyperextension)":2,"Obliques (each side, on a hyperextension)":0,"StretchesKneeling shin_Kneeling shin_":4,"StretchesHip flexor_Hip flexor_":5,"StretchesCouch_Couch_":3,"Leg raises (for abdomen)":3,"Seated calf raises":0,"Poliquin step ups":2,"Slant board squats":5,"ATG Split squats":4,"Nordics":3,"Reverse Nordics":4,"Tibialis raises,":3,"IsoTib ankle rotations":5,"Pull ups":1,"Chin ups":3,"10 min HIIT":1}],"supplement_vars":[{"N-Acetyl-L-Cysteine (NAC)":1.4208e-06,"N-Acetyl-L-Cysteine (NAC) 2":0.0064,"Nicotinamide Riboside Chloride (NR)":0.008,"Zeaxanthin":0.0001,"Phosphorus":0.025,"Astaxanthin (Natural)":0.0127,"Boron Glycinate":0.0332,"CaAKG":0.0042,"Ashwagandha KSM66":0.0033,"Calcium L-5- Methyltetrahydrofolate (L-5-MTHF-Ca)":0.0322,"Cocoa Powder (Non-Alkalised) 8+% Flavanols":0.0127,"Red Yeast Rice (2% Monacolin K)":0.0051,"Creatine Monohydrate":0.0411,"Ginger":0.0677,"Glucosamine Sulfate KCI":0.0078,"Grape Seed Extract 90% polyphenols":0.0083,"Broccoli Extract (glucoraphanin 10%)":0.0092,"Glycine":0.0093,"Theanine":0.0468,"Lactobacillus Acidophilus":0.0621,"Lithium orotate":0.0065,"Pomegranate Juice Extract (50% Polyphenols)":0.0338,"Potassium Iodate":0.0367,"Rhodiola 3% Rosavins / Salidroside 1%":0.041,"Selenium":0.0296,"Glutathione reduced":0.018,"Lutein":0.0174,"Luteolin":0.0091,"Cinnamon powder (ceylon) organic":0.0196,"Sodium Hyaluronate":0.0023,"Spermidine":0.0742,"Vitamin B1 (Thiamine HCl)":0.0087,"Vitamin B12 (Methylcobalamin)":0.0063,"Vitamin B2 (Riboflavin-5-Phosphate)":0.0635,"Vitamin B3 (Niacinamide)":0.0262,"Vitamin B5 (Calcium-D-Pantothenate)":0.0179,"Vitamin B6 (Pyridoxal-5- Phosphate)":0.0458,"Vitamin B7 (D-Biotin)":0.0119,"Vitamin C (Ascorbic Acid)":0.0037,"Vitamin D Veg D3":0.0256,"Vitamin E (d-alpha tocopherol)":0.0351,"Vitamin K1":0.0069,"Vitamin K2 MK-7 MCT Oil":0.0326,"Vitamin K2 MK-4 MCT Oil":0.0132,"Sunflower lecithin non-GMO":0.0369,"Phosphatidylcholine":0.0145,"Choline":0.0007,"Lycopene":0.0717,"Lysine":0.0045,"Taurine":0.0433,"Glucoraphanin":0.0031,"Ubiquinol":0.0117,"Zinc Citrate":0.005,"Fiber":0.0057,"Blueberries":0.0466,"Macadamia nuts":0.0303,"Walnuts":0.0425,"Omega 3":0.0335,"Omega 6":0.0377,"Calcium":0.0437,"EVOO polyphenols":0.0033,"Oleic acid":0.0209,"Protein (plant)":0.0017,"Copper":0.0047,"Caffeine":0.0355,"Magnesium Citrate":0.0013,"Manganese Citrate":0.0722,"Curcuminoids":0.0446,"Fisetin (smoketree extract)":0.0229,"Garlic extract 12:1 odorless":0.0151,"Genistein (Japonica extract)":0.0053,"Milled Golden Flaxseed":0.0359,"SDG lignan":0.0331,"Phosphatidylinositol":0.0106,"Phosphatidylethanolamine":0.0158}],"vo2_max":17.8687}
