{"personal_data":[{"age":61,"gender":"M","name":"Briley Macejkovic-Mitchell"}],"fitness_data":[{"Backwards Sled, 2 min":1,"Posture exercises":2,"Tricep extensions":0,"Face pulls":2,"Butterfly":1,"Band pull apart (back muscles)":4,"Back extensions (on a hyperextension)":2,"Obliques (each side, on a hyperextension)":3,"StretchesKneeling shin_Kneeling shin_":2,"StretchesHip flexor_Hip flexor_":5,"StretchesCouch_Couch_":1,"Leg raises (for abdomen)":5,"Seated calf raises":3,"Poliquin step ups":2,"Slant board squats":6,"ATG Split squats":5,"Nordics":6,"Reverse Nordics":0,"Tibialis raises,":1,"IsoTib ankle rotations":3,"Pull ups":4,"Chin ups":4,"10 min HIIT":2}],"supplement_vars":[{"N-Acetyl-L-Cysteine (NAC)":0.0055,"N-Acetyl-L-Cysteine (NAC) 2":0.0049,"Nicotinamide Riboside Chloride (NR)":0.0108,"Zeaxanthin":0.0072,"Phosphorus":0.0095,"Astaxanthin (Natural)":0.0092,"Boron Glycinate":0.0127,"CaAKG":0.0077,"Ashwagandha KSM66":0.0081,"Calcium L-5- Methyltetrahydrofolate (L-5-MTHF-Ca)":0.0452,"Cocoa Powder (Non-Alkalised) 8+% Flavanols":0.001,"Red Yeast Rice (2% Monacolin K)":0.0248,"Creatine Monohydrate":0.0418,"Ginger":0.0463,"Glucosamine Sulfate KCI":0.0164,"Grape Seed Extract 90% polyphenols":0.0121,"Broccoli Extract (glucoraphanin 10%)":0.0223,"Glycine":0.0309,"Theanine":0.0119,"Lactobacillus Acidophilus":0.0138,"Lithium orotate":0.008,"Pomegranate Juice Extract (50% Polyphenols)":0.0669,"Potassium Iodate":0.0049,"Rhodiola 3% Rosavins / Salidroside 1%":0.0341,"Selenium":0.006,"Glutathione reduced":0.0015,"Lutein":0.0106,"Luteolin":0.0025,"Cinnamon powder (ceylon) organic":0.0056,"Sodium Hyaluronate":0.0007,"Spermidine":0.0845,"Vitamin B1 (Thiamine HCl)":0,"Vitamin B12 (Methylcobalamin)":0.0146,"Vitamin B2 (Riboflavin-5-Phosphate)":0.066,"Vitamin B3 (Niacinamide)":0.0244,"Vitamin B5 (Calcium-D-Pantothenate)":0.0049,"Vitamin B6 (Pyridoxal-5- Phosphate)":0.025,"Vitamin B7 (D-Biotin)":0.0243,"Vitamin C (Ascorbic Acid)":0.0113,"Vitamin D Veg D3":0.004,"Vitamin E (d-alpha tocopherol)":0.0422,"Vitamin K1":0.0385,"Vitamin K2 MK-7 MCT Oil":0.0058,"Vitamin K2 MK-4 MCT Oil":0.0017,"Sunflower lecithin non-GMO":0.0436,"Phosphatidylcholine":0.0308,"Choline":0.0557,"Lycopene":0.0704,"Lysine":0.0083,"Taurine":0.0071,"Glucoraphanin":0.0057,"Ubiquinol":0.014,"Zinc Citrate":0.0261,"Fiber":0.0031,"Blueberries":0.0413,"Macadamia nuts":0.0257,"Walnuts":0.0653,"Omega 3":0.0499,"Omega 6":0.0361,"Calcium":0.0041,"EVOO polyphenols":0.0012,"Oleic acid":0.0079,"Protein (plant)":0.002,"Copper":0.005,"Caffeine":0.0516,"Magnesium Citrate":0.0251,"Manganese Citrate":0.0202,"Curcuminoids":0.0392,"Fisetin (smoketree extract)":0.0327,"Garlic extract 12:1 odorless":0.0428,"Genistein (Japonica extract)":0.0109,"Milled Golden Flaxseed":0.0184,"SDG lignan":0.0071,"Phosphatidylinositol":0.0084,"Phosphatidylethanolamine":0.0018}],"vo2_max":22.0887}
