{"personal_data":[{"age":42,"gender":"F","name":"Mr. Tad Marvin"}],"fitness_data":[{"Backwards Sled, 2 min":3,"Posture exercises":2,"Tricep extensions":0,"Face pulls":2,"Butterfly":0,"Band pull apart (back muscles)":5,"Back extensions (on a hyperextension)":1,"Obliques (each side, on a hyperextension)":2,"StretchesKneeling shin_Kneeling shin_":3,"StretchesHip flexor_Hip flexor_":1,"StretchesCouch_Couch_":0,"Leg raises (for abdomen)":5,"Seated calf raises":1,"Poliquin step ups":0,"Slant board squats":1,"ATG Split squats":0,"Nordics":2,"Reverse Nordics":3,"Tibialis raises,":1,"IsoTib ankle rotations":1,"Pull ups":1,"Chin ups":4,"10 min HIIT":1}],"supplement_vars":[{"N-Acetyl-L-Cysteine (NAC)":0.0179,"N-Acetyl-L-Cysteine (NAC) 2":0.0178,"Nicotinamide Riboside Chloride (NR)":0.014,"Zeaxanthin":0.004,"Phosphorus":0.0085,"Astaxanthin (Natural)":0.0193,"Boron Glycinate":0.0035,"CaAKG":0.0067,"Ashwagandha KSM66":0.0008,"Calcium L-5- Methyltetrahydrofolate (L-5-MTHF-Ca)":0.0352,"Cocoa Powder (Non-Alkalised) 8+% Flavanols":0.0164,"Red Yeast Rice (2% Monacolin K)":0.0175,"Creatine Monohydrate":0.0532,"Ginger":0.0638,"Glucosamine Sulfate KCI":0.0646,"Grape Seed Extract 90% polyphenols":0.0026,"Broccoli Extract (glucoraphanin 10%)":0.0077,"Glycine":0.0086,"Theanine":0.0214,"Lactobacillus Acidophilus":0.0576,"Lithium orotate":0.0013,"Pomegranate Juice Extract (50% Polyphenols)":0.0135,"Potassium Iodate":0.029,"Rhodiola 3% Rosavins / Salidroside 1%":0.0157,"Selenium":0.0128,"Glutathione reduced":0.0468,"Lutein":0.0003,"Luteolin":0.007,"Cinnamon powder (ceylon) organic":0.0072,"Sodium Hyaluronate":0.0084,"Spermidine":0.0888,"Vitamin B1 (Thiamine HCl)":0.0012,"Vitamin B12 (Methylcobalamin)":0.0173,"Vitamin B2 (Riboflavin-5-Phosphate)":0.0214,"Vitamin B3 (Niacinamide)":0.0566,"Vitamin B5 (Calcium-D-Pantothenate)":0.0027,"Vitamin B6 (Pyridoxal-5- Phosphate)":0.0208,"Vitamin B7 (D-Biotin)":0.0231,"Vitamin C (Ascorbic Acid)":0.0115,"Vitamin D Veg D3":0.0057,"Vitamin E (d-alpha tocopherol)":0.021,"Vitamin K1":0.0692,"Vitamin K2 MK-7 MCT Oil":0.0294,"Vitamin K2 MK-4 MCT Oil":0.0197,"Sunflower lecithin non-GMO":0.04,"Phosphatidylcholine":0.0304,"Choline":0.0567,"Lycopene":0.0758,"Lysine":0.0114,"Taurine":0.0112,"Glucoraphanin":0.0079,"Ubiquinol":0.0054,"Zinc Citrate":0.0086,"Fiber":0.005,"Blueberries":0.0101,"Macadamia nuts":0.0497,"Walnuts":0.0734,"Omega 3":0.0446,"Omega 6":0.0463,"Calcium":0.0257,"EVOO polyphenols":0.0038,"Oleic acid":0.0242,"Protein (plant)":0.0034,"Copper":0.0062,"Caffeine":0.0413,"Magnesium Citrate":0.0406,"Manganese Citrate":0.0169,"Curcuminoids":0.0408,"Fisetin (smoketree extract)":0.028,"Garlic extract 12:1 odorless":0.0369,"Genistein (Japonica extract)":0.0212,"Milled Golden Flaxseed":0.0028,"SDG lignan":0.039,"Phosphatidylinositol":0.0231,"Phosphatidylethanolamine":0.0051}],"vo2_max":26.8233}
