{"personal_data":[{"age":70,"gender":"M","name":"Craig Daniel"}],"fitness_data":[{"Backwards Sled, 2 min":4,"Posture exercises":3,"Tricep extensions":0,"Face pulls":0,"Butterfly":2,"Band pull apart (back muscles)":2,"Back extensions (on a hyperextension)":2,"Obliques (each side, on a hyperextension)":3,"StretchesKneeling shin_Kneeling shin_":1,"StretchesHip flexor_Hip flexor_":2,"StretchesCouch_Couch_":1,"Leg raises (for abdomen)":1,"Seated calf raises":1,"Poliquin step ups":0,"Slant board squats":1,"ATG Split squats":2,"Nordics":3,"Reverse Nordics":2,"Tibialis raises,":2,"IsoTib ankle rotations":0,"Pull ups":2,"Chin ups":4,"10 min HIIT":1}],"supplement_vars":[{"N-Acetyl-L-Cysteine (NAC)":0.0167,"N-Acetyl-L-Cysteine (NAC) 2":0.0149,"Nicotinamide Riboside Chloride (NR)":0.0073,"Zeaxanthin":0.0085,"Phosphorus":0.0109,"Astaxanthin (Natural)":0.0087,"Boron Glycinate":0.0222,"CaAKG":0.0056,"Ashwagandha KSM66":0.002,"Calcium L-5- Methyltetrahydrofolate (L-5-MTHF-Ca)":0.0142,"Cocoa Powder (Non-Alkalised) 8+% Flavanols":0.0016,"Red Yeast Rice (2% Monacolin K)":0.0325,"Creatine Monohydrate":0.0194,"Ginger":0.028,"Glucosamine Sulfate KCI":0.0344,"Grape Seed Extract 90% polyphenols":0.0126,"Broccoli Extract (glucoraphanin 10%)":0.013,"Glycine":0.0122,"Theanine":0.034,"Lactobacillus Acidophilus":0.0075,"Lithium orotate":0.0083,"Pomegranate Juice Extract (50% Polyphenols)":0.0686,"Potassium Iodate":0.0428,"Rhodiola 3% Rosavins / Salidroside 1%":0.0317,"Selenium":0.0227,"Glutathione reduced":0.0299,"Lutein":0.0073,"Luteolin":0.0055,"Cinnamon powder (ceylon) organic":0.0012,"Sodium Hyaluronate":0.0048,"Spermidine":0.0753,"Vitamin B1 (Thiamine HCl)":0.0085,"Vitamin B12 (Methylcobalamin)":0.0096,"Vitamin B2 (Riboflavin-5-Phosphate)":0.0123,"Vitamin B3 (Niacinamide)":0.0407,"Vitamin B5 (Calcium-D-Pantothenate)":0.0105,"Vitamin B6 (Pyridoxal-5- Phosphate)":0.0111,"Vitamin B7 (D-Biotin)":0.0118,"Vitamin C (Ascorbic Acid)":0.0107,"Vitamin D Veg D3":0.0423,"Vitamin E (d-alpha tocopherol)":0.013,"Vitamin K1":0.0223,"Vitamin K2 MK-7 MCT Oil":0.0156,"Vitamin K2 MK-4 MCT Oil":0.026,"Sunflower lecithin non-GMO":0.0174,"Phosphatidylcholine":0.0188,"Choline":0.0052,"Lycopene":0.0623,"Lysine":0.0029,"Taurine":0.0112,"Glucoraphanin":0.0162,"Ubiquinol":0.0072,"Zinc Citrate":0.0267,"Fiber":0.0045,"Blueberries":0.0589,"Macadamia nuts":0.0389,"Walnuts":0.038,"Omega 3":0.0081,"Omega 6":0.0518,"Calcium":0.0478,"EVOO polyphenols":0.0045,"Oleic acid":0.0358,"Protein (plant)":0.0047,"Copper":0.0097,"Caffeine":0.0282,"Magnesium Citrate":0.014,"Manganese Citrate":0.0435,"Curcuminoids":0.03,"Fisetin (smoketree extract)":0.0021,"Garlic extract 12:1 odorless":0.0141,"Genistein (Japonica extract)":0.0096,"Milled Golden Flaxseed":0.0299,"SDG lignan":0.0336,"Phosphatidylinositol":0.0248,"Phosphatidylethanolamine":0.048}],"vo2_max":19.9638}
