{"personal_data":[{"age":47,"gender":"M","name":"Miss Rosina Stanton"}],"fitness_data":[{"Backwards Sled, 2 min":4,"Posture exercises":1,"Tricep extensions":3,"Face pulls":3,"Butterfly":1,"Band pull apart (back muscles)":2,"Back extensions (on a hyperextension)":0,"Obliques (each side, on a hyperextension)":1,"StretchesKneeling shin_Kneeling shin_":1,"StretchesHip flexor_Hip flexor_":3,"StretchesCouch_Couch_":1,"Leg raises (for abdomen)":4,"Seated calf raises":1,"Poliquin step ups":1,"Slant board squats":0,"ATG Split squats":0,"Nordics":4,"Reverse Nordics":1,"Tibialis raises,":3,"IsoTib ankle rotations":6,"Pull ups":2,"Chin ups":3,"10 min HIIT":4}],"supplement_vars":[{"N-Acetyl-L-Cysteine (NAC)":0.0181,"N-Acetyl-L-Cysteine (NAC) 2":0.0155,"Nicotinamide Riboside Chloride (NR)":0.0148,"Zeaxanthin":0.0022,"Phosphorus":0.0083,"Astaxanthin (Natural)":0.0153,"Boron Glycinate":0.037,"CaAKG":0.0038,"Ashwagandha KSM66":0.0064,"Calcium L-5- Methyltetrahydrofolate (L-5-MTHF-Ca)":0.0661,"Cocoa Powder (Non-Alkalised) 8+% Flavanols":0.0162,"Red Yeast Rice (2% Monacolin K)":0.0112,"Creatine Monohydrate":0.0408,"Ginger":0.0575,"Glucosamine Sulfate KCI":0.0057,"Grape Seed Extract 90% polyphenols":0.011,"Broccoli Extract (glucoraphanin 10%)":0.0121,"Glycine":0.0232,"Theanine":0.0466,"Lactobacillus Acidophilus":0.0554,"Lithium orotate":0.01,"Pomegranate Juice Extract (50% Polyphenols)":0.0539,"Potassium Iodate":0.0415,"Rhodiola 3% Rosavins / Salidroside 1%":0.0562,"Selenium":0.0204,"Glutathione reduced":0.0312,"Lutein":0.0245,"Luteolin":0.0008,"Cinnamon powder (ceylon) organic":0.0085,"Sodium Hyaluronate":0.0002,"Spermidine":0.0688,"Vitamin B1 (Thiamine HCl)":0.0045,"Vitamin B12 (Methylcobalamin)":0.0447,"Vitamin B2 (Riboflavin-5-Phosphate)":0.0533,"Vitamin B3 (Niacinamide)":0.0212,"Vitamin B5 (Calcium-D-Pantothenate)":0.0204,"Vitamin B6 (Pyridoxal-5- Phosphate)":0.0006,"Vitamin B7 (D-Biotin)":0.0237,"Vitamin C (Ascorbic Acid)":0.01,"Vitamin D Veg D3":0.0152,"Vitamin E (d-alpha tocopherol)":0.035,"Vitamin K1":0.0076,"Vitamin K2 MK-7 MCT Oil":0.0301,"Vitamin K2 MK-4 MCT Oil":0.0326,"Sunflower lecithin non-GMO":0.0102,"Phosphatidylcholine":0.0207,"Choline":0.0114,"Lycopene":0.0463,"Lysine":0.0005,"Taurine":0.0148,"Glucoraphanin":0.0257,"Ubiquinol":0.0068,"Zinc Citrate":0.0147,"Fiber":0.0014,"Blueberries":0.0103,"Macadamia nuts":0.0244,"Walnuts":0.0128,"Omega 3":0.0392,"Omega 6":0.0428,"Calcium":0.029,"EVOO polyphenols":0.0032,"Oleic acid":0.01,"Protein (plant)":0.0005,"Copper":0.0153,"Caffeine":0.0567,"Magnesium Citrate":0.0147,"Manganese Citrate":0.0294,"Curcuminoids":0.0207,"Fisetin (smoketree extract)":0.0318,"Garlic extract 12:1 odorless":0.0029,"Genistein (Japonica extract)":0.0176,"Milled Golden Flaxseed":0.0242,"SDG lignan":0.0027,"Phosphatidylinositol":0.0023,"Phosphatidylethanolamine":0.0145}],"vo2_max":28.6464}
