{"personal_data":[{"age":22,"gender":"F","name":"Frederic Gaylord"}],"fitness_data":[{"Backwards Sled, 2 min":2,"Posture exercises":5,"Tricep extensions":4,"Face pulls":1,"Butterfly":4,"Band pull apart (back muscles)":2,"Back extensions (on a hyperextension)":3,"Obliques (each side, on a hyperextension)":2,"StretchesKneeling shin_Kneeling shin_":4,"StretchesHip flexor_Hip flexor_":3,"StretchesCouch_Couch_":1,"Leg raises (for abdomen)":3,"Seated calf raises":3,"Poliquin step ups":2,"Slant board squats":1,"ATG Split squats":5,"Nordics":4,"Reverse Nordics":2,"Tibialis raises,":1,"IsoTib ankle rotations":1,"Pull ups":3,"Chin ups":0,"10 min HIIT":3}],"supplement_vars":[{"N-Acetyl-L-Cysteine (NAC)":0.0047,"N-Acetyl-L-Cysteine (NAC) 2":0.0093,"Nicotinamide Riboside Chloride (NR)":0.0141,"Zeaxanthin":0.0055,"Phosphorus":0.0353,"Astaxanthin (Natural)":0.0042,"Boron Glycinate":0.0073,"CaAKG":0.0077,"Ashwagandha KSM66":0.0086,"Calcium L-5- Methyltetrahydrofolate (L-5-MTHF-Ca)":0.0632,"Cocoa Powder (Non-Alkalised) 8+% Flavanols":0.0079,"Red Yeast Rice (2% Monacolin K)":0.0116,"Creatine Monohydrate":0.0532,"Ginger":0.0456,"Glucosamine Sulfate KCI":0.0405,"Grape Seed Extract 90% polyphenols":0.0093,"Broccoli Extract (glucoraphanin 10%)":0.0281,"Glycine":0.0141,"Theanine":0.0523,"Lactobacillus Acidophilus":0.0045,"Lithium orotate":0.0064,"Pomegranate Juice Extract (50% Polyphenols)":0.066,"Potassium Iodate":0.0419,"Rhodiola 3% Rosavins / Salidroside 1%":0.0339,"Selenium":0.0262,"Glutathione reduced":0.0439,"Lutein":0.006,"Luteolin":0.0023,"Cinnamon powder (ceylon) organic":0.021,"Sodium Hyaluronate":0.0066,"Spermidine":0.0312,"Vitamin B1 (Thiamine HCl)":0.0067,"Vitamin B12 (Methylcobalamin)":0.0693,"Vitamin B2 (Riboflavin-5-Phosphate)":0.0534,"Vitamin B3 (Niacinamide)":0.0656,"Vitamin B5 (Calcium-D-Pantothenate)":0.0112,"Vitamin B6 (Pyridoxal-5- Phosphate)":0.0386,"Vitamin B7 (D-Biotin)":0.0337,"Vitamin C (Ascorbic Acid)":0.0086,"Vitamin D Veg D3":0.0298,"Vitamin E (d-alpha tocopherol)":0.0356,"Vitamin K1":0.0419,"Vitamin K2 MK-7 MCT Oil":0.0358,"Vitamin K2 MK-4 MCT Oil":0.0222,"Sunflower lecithin non-GMO":0.0163,"Phosphatidylcholine":0.0134,"Choline":0.058,"Lycopene":0.0726,"Lysine":0.005,"Taurine":0.0434,"Glucoraphanin":0.0307,"Ubiquinol":0.0129,"Zinc Citrate":0.0081,"Fiber":0.0045,"Blueberries":0.0669,"Macadamia nuts":0.0943,"Walnuts":0.0314,"Omega 3":0.0281,"Omega 6":0.0366,"Calcium":0.0491,"EVOO polyphenols":0.0053,"Oleic acid":0.0321,"Protein (plant)":0.0036,"Copper":0.015,"Caffeine":0.0194,"Magnesium Citrate":0.0519,"Manganese Citrate":0.0523,"Curcuminoids":0.0472,"Fisetin (smoketree extract)":0.0348,"Garlic extract 12:1 odorless":0.0416,"Genistein (Japonica extract)":0.0158,"Milled Golden Flaxseed":0.0196,"SDG lignan":0.0271,"Phosphatidylinositol":0.0203,"Phosphatidylethanolamine":0.0034}],"vo2_max":38.5898}
