{"personal_data":[{"age":37,"gender":"F","name":"Ariella Williamson"}],"fitness_data":[{"Backwards Sled, 2 min":1,"Posture exercises":3,"Tricep extensions":3,"Face pulls":2,"Butterfly":3,"Band pull apart (back muscles)":5,"Back extensions (on a hyperextension)":1,"Obliques (each side, on a hyperextension)":4,"StretchesKneeling shin_Kneeling shin_":3,"StretchesHip flexor_Hip flexor_":2,"StretchesCouch_Couch_":1,"Leg raises (for abdomen)":3,"Seated calf raises":1,"Poliquin step ups":2,"Slant board squats":0,"ATG Split squats":4,"Nordics":1,"Reverse Nordics":3,"Tibialis raises,":4,"IsoTib ankle rotations":5,"Pull ups":2,"Chin ups":2,"10 min HIIT":4}],"supplement_vars":[{"N-Acetyl-L-Cysteine (NAC)":0.0025,"N-Acetyl-L-Cysteine (NAC) 2":0.0117,"Nicotinamide Riboside Chloride (NR)":0.0011,"Zeaxanthin":0.0133,"Phosphorus":0.0017,"Astaxanthin (Natural)":0.0069,"Boron Glycinate":0.0357,"CaAKG":0.0036,"Ashwagandha KSM66":0.009,"Calcium L-5- Methyltetrahydrofolate (L-5-MTHF-Ca)":0.0407,"Cocoa Powder (Non-Alkalised) 8+% Flavanols":0.0229,"Red Yeast Rice (2% Monacolin K)":0.0146,"Creatine Monohydrate":0.0532,"Ginger":0.0234,"Glucosamine Sulfate KCI":0.037,"Grape Seed Extract 90% polyphenols":0.0097,"Broccoli Extract (glucoraphanin 10%)":0.0184,"Glycine":0.0071,"Theanine":0.0257,"Lactobacillus Acidophilus":0.0855,"Lithium orotate":0.008,"Pomegranate Juice Extract (50% Polyphenols)":0.0666,"Potassium Iodate":0.0117,"Rhodiola 3% Rosavins / Salidroside 1%":0.0117,"Selenium":0.0189,"Glutathione reduced":0.0067,"Lutein":0.0221,"Luteolin":0.0069,"Cinnamon powder (ceylon) organic":0.0099,"Sodium Hyaluronate":0.0055,"Spermidine":0.0859,"Vitamin B1 (Thiamine HCl)":0.0117,"Vitamin B12 (Methylcobalamin)":0.0442,"Vitamin B2 (Riboflavin-5-Phosphate)":0.0102,"Vitamin B3 (Niacinamide)":0.0035,"Vitamin B5 (Calcium-D-Pantothenate)":0.0142,"Vitamin B6 (Pyridoxal-5- Phosphate)":0.0075,"Vitamin B7 (D-Biotin)":0.0105,"Vitamin C (Ascorbic Acid)":0.0043,"Vitamin D Veg D3":0.0039,"Vitamin E (d-alpha tocopherol)":0.0278,"Vitamin K1":0.0022,"Vitamin K2 MK-7 MCT Oil":0.0045,"Vitamin K2 MK-4 MCT Oil":0.0285,"Sunflower lecithin non-GMO":0.0362,"Phosphatidylcholine":0.0319,"Choline":0.0202,"Lycopene":0.0712,"Lysine":0.0041,"Taurine":0.042,"Glucoraphanin":0.028,"Ubiquinol":0.011,"Zinc Citrate":0.0291,"Fiber":0.0049,"Blueberries":0.0672,"Macadamia nuts":0.0536,"Walnuts":0.0432,"Omega 3":0.0238,"Omega 6":0.0379,"Calcium":0.0242,"EVOO polyphenols":0.0044,"Oleic acid":0.01,"Protein (plant)":0.0001,"Copper":0.0056,"Caffeine":0.0226,"Magnesium Citrate":0.0323,"Manganese Citrate":0.0512,"Curcuminoids":0.0189,"Fisetin (smoketree extract)":0.0304,"Garlic extract 12:1 odorless":0.0097,"Genistein (Japonica extract)":0.0042,"Milled Golden Flaxseed":0.0162,"SDG lignan":0.0582,"Phosphatidylinositol":0.0013,"Phosphatidylethanolamine":0.0424}],"vo2_max":33.0191}
