{"personal_data":[{"age":48,"gender":"F","name":"Kierra Reinger"}],"fitness_data":[{"Backwards Sled, 2 min":3,"Posture exercises":4,"Tricep extensions":2,"Face pulls":4,"Butterfly":4,"Band pull apart (back muscles)":2,"Back extensions (on a hyperextension)":2,"Obliques (each side, on a hyperextension)":1,"StretchesKneeling shin_Kneeling shin_":2,"StretchesHip flexor_Hip flexor_":3,"StretchesCouch_Couch_":1,"Leg raises (for abdomen)":2,"Seated calf raises":2,"Poliquin step ups":0,"Slant board squats":6,"ATG Split squats":6,"Nordics":2,"Reverse Nordics":3,"Tibialis raises,":4,"IsoTib ankle rotations":5,"Pull ups":2,"Chin ups":2,"10 min HIIT":0}],"supplement_vars":[{"N-Acetyl-L-Cysteine (NAC)":0.0155,"N-Acetyl-L-Cysteine (NAC) 2":0.0073,"Nicotinamide Riboside Chloride (NR)":0.0049,"Zeaxanthin":0.0101,"Phosphorus":0.0022,"Astaxanthin (Natural)":0.0214,"Boron Glycinate":0.0419,"CaAKG":0.0092,"Ashwagandha KSM66":0.0002,"Calcium L-5- Methyltetrahydrofolate (L-5-MTHF-Ca)":0.0381,"Cocoa Powder (Non-Alkalised) 8+% Flavanols":0.0205,"Red Yeast Rice (2% Monacolin K)":0.0223,"Creatine Monohydrate":0.0233,"Ginger":0.05,"Glucosamine Sulfate KCI":0.0304,"Grape Seed Extract 90% polyphenols":0.0043,"Broccoli Extract (glucoraphanin 10%)":0.0168,"Glycine":0.0021,"Theanine":0.0405,"Lactobacillus Acidophilus":0.0698,"Lithium orotate":0.0008,"Pomegranate Juice Extract (50% Polyphenols)":0.0445,"Potassium Iodate":0.0133,"Rhodiola 3% Rosavins / Salidroside 1%":0.0315,"Selenium":0.002,"Glutathione reduced":0.0065,"Lutein":0.0066,"Luteolin":0.0076,"Cinnamon powder (ceylon) organic":0.0179,"Sodium Hyaluronate":0.001,"Spermidine":0.0658,"Vitamin B1 (Thiamine HCl)":0.0088,"Vitamin B12 (Methylcobalamin)":0.0208,"Vitamin B2 (Riboflavin-5-Phosphate)":0.0037,"Vitamin B3 (Niacinamide)":0.038,"Vitamin B5 (Calcium-D-Pantothenate)":0.0092,"Vitamin B6 (Pyridoxal-5- Phosphate)":0.005,"Vitamin B7 (D-Biotin)":0.0305,"Vitamin C (Ascorbic Acid)":0,"Vitamin D Veg D3":0.0287,"Vitamin E (d-alpha tocopherol)":0.0093,"Vitamin K1":0.0032,"Vitamin K2 MK-7 MCT Oil":0.0264,"Vitamin K2 MK-4 MCT Oil":0.0365,"Sunflower lecithin non-GMO":0.0364,"Phosphatidylcholine":0.0073,"Choline":0.0036,"Lycopene":0.059,"Lysine":0.0038,"Taurine":0.046,"Glucoraphanin":0.0289,"Ubiquinol":0.0118,"Zinc Citrate":0.0158,"Fiber":0.0045,"Blueberries":0.0028,"Macadamia nuts":0.0421,"Walnuts":0.0005,"Omega 3":0.0221,"Omega 6":0.0005,"Calcium":0.0728,"EVOO polyphenols":0.0013,"Oleic acid":0.02,"Protein (plant)":0.0019,"Copper":0.018,"Caffeine":0.0622,"Magnesium Citrate":0.0567,"Manganese Citrate":0.0599,"Curcuminoids":0.0024,"Fisetin (smoketree extract)":0.025,"Garlic extract 12:1 odorless":0.0399,"Genistein (Japonica extract)":0.0185,"Milled Golden Flaxseed":0.0124,"SDG lignan":0.0304,"Phosphatidylinositol":0.0221,"Phosphatidylethanolamine":0.0275}],"vo2_max":31.5122}
