{"personal_data":[{"age":57,"gender":"F","name":"Reanna Jones"}],"fitness_data":[{"Backwards Sled, 2 min":0,"Posture exercises":2,"Tricep extensions":0,"Face pulls":5,"Butterfly":3,"Band pull apart (back muscles)":0,"Back extensions (on a hyperextension)":3,"Obliques (each side, on a hyperextension)":4,"StretchesKneeling shin_Kneeling shin_":4,"StretchesHip flexor_Hip flexor_":4,"StretchesCouch_Couch_":2,"Leg raises (for abdomen)":1,"Seated calf raises":1,"Poliquin step ups":2,"Slant board squats":4,"ATG Split squats":1,"Nordics":6,"Reverse Nordics":1,"Tibialis raises,":3,"IsoTib ankle rotations":4,"Pull ups":3,"Chin ups":0,"10 min HIIT":1}],"supplement_vars":[{"N-Acetyl-L-Cysteine (NAC)":0.0167,"N-Acetyl-L-Cysteine (NAC) 2":0.0065,"Nicotinamide Riboside Chloride (NR)":0.0161,"Zeaxanthin":0.0036,"Phosphorus":0.01,"Astaxanthin (Natural)":0.0235,"Boron Glycinate":0.0358,"CaAKG":0.0026,"Ashwagandha KSM66":0.003,"Calcium L-5- Methyltetrahydrofolate (L-5-MTHF-Ca)":0.0253,"Cocoa Powder (Non-Alkalised) 8+% Flavanols":0.0073,"Red Yeast Rice (2% Monacolin K)":0.0023,"Creatine Monohydrate":0.0296,"Ginger":0.0352,"Glucosamine Sulfate KCI":0.0004,"Grape Seed Extract 90% polyphenols":0.0076,"Broccoli Extract (glucoraphanin 10%)":0.0299,"Glycine":0.0229,"Theanine":0.0101,"Lactobacillus Acidophilus":0.0503,"Lithium orotate":0.0013,"Pomegranate Juice Extract (50% Polyphenols)":0.0311,"Potassium Iodate":0.0071,"Rhodiola 3% Rosavins / Salidroside 1%":0.0326,"Selenium":0.0127,"Glutathione reduced":0.0168,"Lutein":0.0018,"Luteolin":0.0015,"Cinnamon powder (ceylon) organic":0.0001,"Sodium Hyaluronate":0.0022,"Spermidine":0.0044,"Vitamin B1 (Thiamine HCl)":0.003,"Vitamin B12 (Methylcobalamin)":0.0052,"Vitamin B2 (Riboflavin-5-Phosphate)":0.003,"Vitamin B3 (Niacinamide)":0.0471,"Vitamin B5 (Calcium-D-Pantothenate)":0.0061,"Vitamin B6 (Pyridoxal-5- Phosphate)":0.0218,"Vitamin B7 (D-Biotin)":0.0085,"Vitamin C (Ascorbic Acid)":0.0095,"Vitamin D Veg D3":0.0346,"Vitamin E (d-alpha tocopherol)":0.0202,"Vitamin K1":0.0366,"Vitamin K2 MK-7 MCT Oil":0,"Vitamin K2 MK-4 MCT Oil":0.0038,"Sunflower lecithin non-GMO":0.0147,"Phosphatidylcholine":0.0296,"Choline":0.0573,"Lycopene":0.0502,"Lysine":0.0005,"Taurine":0.0175,"Glucoraphanin":0.0142,"Ubiquinol":0.0087,"Zinc Citrate":0.0266,"Fiber":0.0041,"Blueberries":0.0452,"Macadamia nuts":0.0513,"Walnuts":0.0076,"Omega 3":0.0467,"Omega 6":0.0648,"Calcium":0.0023,"EVOO polyphenols":0.0009,"Oleic acid":0.0005,"Protein (plant)":0.0038,"Copper":0.0179,"Caffeine":0.0599,"Magnesium Citrate":0.06,"Manganese Citrate":0.0078,"Curcuminoids":0.0424,"Fisetin (smoketree extract)":0.0313,"Garlic extract 12:1 odorless":0.0327,"Genistein (Japonica extract)":0.0214,"Milled Golden Flaxseed":0.0049,"SDG lignan":0.0457,"Phosphatidylinositol":0.0236,"Phosphatidylethanolamine":0.0259}],"vo2_max":28.0927}
