{"personal_data":[{"age":52,"gender":"M","name":"Ms. Desiree Cronin"}],"fitness_data":[{"Backwards Sled, 2 min":2,"Posture exercises":1,"Tricep extensions":3,"Face pulls":5,"Butterfly":6,"Band pull apart (back muscles)":3,"Back extensions (on a hyperextension)":0,"Obliques (each side, on a hyperextension)":1,"StretchesKneeling shin_Kneeling shin_":3,"StretchesHip flexor_Hip flexor_":3,"StretchesCouch_Couch_":2,"Leg raises (for abdomen)":5,"Seated calf raises":3,"Poliquin step ups":3,"Slant board squats":4,"ATG Split squats":4,"Nordics":5,"Reverse Nordics":2,"Tibialis raises,":0,"IsoTib ankle rotations":0,"Pull ups":3,"Chin ups":0,"10 min HIIT":1}],"supplement_vars":[{"N-Acetyl-L-Cysteine (NAC)":0.0084,"N-Acetyl-L-Cysteine (NAC) 2":0.002,"Nicotinamide Riboside Chloride (NR)":0.0063,"Zeaxanthin":0.0081,"Phosphorus":0.0405,"Astaxanthin (Natural)":0.0167,"Boron Glycinate":0.0047,"CaAKG":0.0036,"Ashwagandha KSM66":0.0037,"Calcium L-5- Methyltetrahydrofolate (L-5-MTHF-Ca)":0.0568,"Cocoa Powder (Non-Alkalised) 8+% Flavanols":0.0065,"Red Yeast Rice (2% Monacolin K)":0.0197,"Creatine Monohydrate":0.0468,"Ginger":0.0578,"Glucosamine Sulfate KCI":0.0512,"Grape Seed Extract 90% polyphenols":0.011,"Broccoli Extract (glucoraphanin 10%)":0.0115,"Glycine":0.0122,"Theanine":0.0184,"Lactobacillus Acidophilus":0.0341,"Lithium orotate":0.0071,"Pomegranate Juice Extract (50% Polyphenols)":0.017,"Potassium Iodate":0.0382,"Rhodiola 3% Rosavins / Salidroside 1%":0.0261,"Selenium":0.0215,"Glutathione reduced":0.0122,"Lutein":0.0114,"Luteolin":0.0089,"Cinnamon powder (ceylon) organic":0.0168,"Sodium Hyaluronate":0.0102,"Spermidine":0.0425,"Vitamin B1 (Thiamine HCl)":0.0123,"Vitamin B12 (Methylcobalamin)":0.0415,"Vitamin B2 (Riboflavin-5-Phosphate)":0.0587,"Vitamin B3 (Niacinamide)":0.0542,"Vitamin B5 (Calcium-D-Pantothenate)":0.0006,"Vitamin B6 (Pyridoxal-5- Phosphate)":0.0286,"Vitamin B7 (D-Biotin)":0.0234,"Vitamin C (Ascorbic Acid)":0.0091,"Vitamin D Veg D3":0.0462,"Vitamin E (d-alpha tocopherol)":0.0149,"Vitamin K1":0.0223,"Vitamin K2 MK-7 MCT Oil":0.0191,"Vitamin K2 MK-4 MCT Oil":0.0342,"Sunflower lecithin non-GMO":0.0221,"Phosphatidylcholine":0.018,"Choline":0.0123,"Lycopene":0.0512,"Lysine":0.0101,"Taurine":0.0326,"Glucoraphanin":0.0271,"Ubiquinol":0.0035,"Zinc Citrate":0.0274,"Fiber":0.0044,"Blueberries":0.076,"Macadamia nuts":0.0806,"Walnuts":0.0636,"Omega 3":0.0173,"Omega 6":0.042,"Calcium":0.0132,"EVOO polyphenols":0.006,"Oleic acid":0.0235,"Protein (plant)":0.0043,"Copper":0.002,"Caffeine":0.0097,"Magnesium Citrate":0.0434,"Manganese Citrate":0.0823,"Curcuminoids":0.0118,"Fisetin (smoketree extract)":0.0279,"Garlic extract 12:1 odorless":0.0355,"Genistein (Japonica extract)":0.0071,"Milled Golden Flaxseed":0.0206,"SDG lignan":0.0098,"Phosphatidylinositol":0.0006,"Phosphatidylethanolamine":0.0447}],"vo2_max":26.988}
