{"personal_data":[{"age":26,"gender":"M","name":"Dona Swift"}],"fitness_data":[{"Backwards Sled, 2 min":3,"Posture exercises":5,"Tricep extensions":1,"Face pulls":3,"Butterfly":1,"Band pull apart (back muscles)":0,"Back extensions (on a hyperextension)":2,"Obliques (each side, on a hyperextension)":1,"StretchesKneeling shin_Kneeling shin_":1,"StretchesHip flexor_Hip flexor_":6,"StretchesCouch_Couch_":3,"Leg raises (for abdomen)":1,"Seated calf raises":2,"Poliquin step ups":1,"Slant board squats":5,"ATG Split squats":3,"Nordics":1,"Reverse Nordics":1,"Tibialis raises,":2,"IsoTib ankle rotations":5,"Pull ups":3,"Chin ups":2,"10 min HIIT":0}],"supplement_vars":[{"N-Acetyl-L-Cysteine (NAC)":0.0128,"N-Acetyl-L-Cysteine (NAC) 2":0.0051,"Nicotinamide Riboside Chloride (NR)":0.008,"Zeaxanthin":0.0133,"Phosphorus":0.0354,"Astaxanthin (Natural)":0.0019,"Boron Glycinate":0.034,"CaAKG":0.0035,"Ashwagandha KSM66":0.0025,"Calcium L-5- Methyltetrahydrofolate (L-5-MTHF-Ca)":0.035,"Cocoa Powder (Non-Alkalised) 8+% Flavanols":0.0161,"Red Yeast Rice (2% Monacolin K)":0.0066,"Creatine Monohydrate":0.0166,"Ginger":0.0214,"Glucosamine Sulfate KCI":0.0703,"Grape Seed Extract 90% polyphenols":0.0009,"Broccoli Extract (glucoraphanin 10%)":0.0317,"Glycine":0.007,"Theanine":0.0269,"Lactobacillus Acidophilus":0.0012,"Lithium orotate":0.003,"Pomegranate Juice Extract (50% Polyphenols)":0.0431,"Potassium Iodate":0.0234,"Rhodiola 3% Rosavins / Salidroside 1%":0.0316,"Selenium":0.0325,"Glutathione reduced":0.0227,"Lutein":0.0071,"Luteolin":0.004,"Cinnamon powder (ceylon) organic":0.0064,"Sodium Hyaluronate":0.0041,"Spermidine":0.0365,"Vitamin B1 (Thiamine HCl)":0.0167,"Vitamin B12 (Methylcobalamin)":0.0561,"Vitamin B2 (Riboflavin-5-Phosphate)":0.0198,"Vitamin B3 (Niacinamide)":0.055,"Vitamin B5 (Calcium-D-Pantothenate)":0.0118,"Vitamin B6 (Pyridoxal-5- Phosphate)":0.0436,"Vitamin B7 (D-Biotin)":0.0221,"Vitamin C (Ascorbic Acid)":0.0066,"Vitamin D Veg D3":0.0052,"Vitamin E (d-alpha tocopherol)":0.0288,"Vitamin K1":0.032,"Vitamin K2 MK-7 MCT Oil":0.0112,"Vitamin K2 MK-4 MCT Oil":0.0043,"Sunflower lecithin non-GMO":0.0004,"Phosphatidylcholine":0.0142,"Choline":0.0578,"Lycopene":0.0188,"Lysine":0.0034,"Taurine":0.0272,"Glucoraphanin":0.0086,"Ubiquinol":0.0126,"Zinc Citrate":0.0261,"Fiber":0.0022,"Blueberries":0.0826,"Macadamia nuts":0.0758,"Walnuts":0.0291,"Omega 3":0.0024,"Omega 6":0.0488,"Calcium":0.0687,"EVOO polyphenols":0.0021,"Oleic acid":0.0306,"Protein (plant)":0.003,"Copper":0.0091,"Caffeine":0.0563,"Magnesium Citrate":0.0135,"Manganese Citrate":0.0442,"Curcuminoids":0.0299,"Fisetin (smoketree extract)":0.0099,"Garlic extract 12:1 odorless":0.0168,"Genistein (Japonica extract)":0.0073,"Milled Golden Flaxseed":0.0301,"SDG lignan":0.0538,"Phosphatidylinositol":0.0148,"Phosphatidylethanolamine":0.0436}],"vo2_max":37.3752}
