{"personal_data":[{"age":76,"gender":"M","name":"Corean Grady MD"}],"fitness_data":[{"Backwards Sled, 2 min":1,"Posture exercises":1,"Tricep extensions":1,"Face pulls":3,"Butterfly":4,"Band pull apart (back muscles)":0,"Back extensions (on a hyperextension)":3,"Obliques (each side, on a hyperextension)":1,"StretchesKneeling shin_Kneeling shin_":3,"StretchesHip flexor_Hip flexor_":6,"StretchesCouch_Couch_":1,"Leg raises (for abdomen)":4,"Seated calf raises":2,"Poliquin step ups":3,"Slant board squats":1,"ATG Split squats":4,"Nordics":6,"Reverse Nordics":2,"Tibialis raises,":0,"IsoTib ankle rotations":1,"Pull ups":3,"Chin ups":3,"10 min HIIT":1}],"supplement_vars":[{"N-Acetyl-L-Cysteine (NAC)":0.0029,"N-Acetyl-L-Cysteine (NAC) 2":0.0017,"Nicotinamide Riboside Chloride (NR)":0.0177,"Zeaxanthin":0.0132,"Phosphorus":0.0154,"Astaxanthin (Natural)":0.0209,"Boron Glycinate":0.0351,"CaAKG":0.0015,"Ashwagandha KSM66":0.0049,"Calcium L-5- Methyltetrahydrofolate (L-5-MTHF-Ca)":0.0454,"Cocoa Powder (Non-Alkalised) 8+% Flavanols":0.0056,"Red Yeast Rice (2% Monacolin K)":0.0233,"Creatine Monohydrate":0.02,"Ginger":0.0372,"Glucosamine Sulfate KCI":0.0302,"Grape Seed Extract 90% polyphenols":0.0074,"Broccoli Extract (glucoraphanin 10%)":0.0332,"Glycine":0.0235,"Theanine":0.0224,"Lactobacillus Acidophilus":0.0038,"Lithium orotate":0.0066,"Pomegranate Juice Extract (50% Polyphenols)":0.0699,"Potassium Iodate":0.0246,"Rhodiola 3% Rosavins / Salidroside 1%":0.0221,"Selenium":0.0029,"Glutathione reduced":0.0032,"Lutein":0.0205,"Luteolin":0.0059,"Cinnamon powder (ceylon) organic":0.0232,"Sodium Hyaluronate":0.0058,"Spermidine":0.0685,"Vitamin B1 (Thiamine HCl)":0.0142,"Vitamin B12 (Methylcobalamin)":0.03,"Vitamin B2 (Riboflavin-5-Phosphate)":0.0053,"Vitamin B3 (Niacinamide)":0.0151,"Vitamin B5 (Calcium-D-Pantothenate)":0.0014,"Vitamin B6 (Pyridoxal-5- Phosphate)":0.0363,"Vitamin B7 (D-Biotin)":0.0215,"Vitamin C (Ascorbic Acid)":0.0028,"Vitamin D Veg D3":0.042,"Vitamin E (d-alpha tocopherol)":0.0225,"Vitamin K1":0.028,"Vitamin K2 MK-7 MCT Oil":0.0081,"Vitamin K2 MK-4 MCT Oil":0.0144,"Sunflower lecithin non-GMO":0.0372,"Phosphatidylcholine":0.0112,"Choline":0.0152,"Lycopene":0.0709,"Lysine":0.0019,"Taurine":0.0301,"Glucoraphanin":0.0183,"Ubiquinol":0.0073,"Zinc Citrate":0.0007,"Fiber":0.0008,"Blueberries":0.0373,"Macadamia nuts":0.0288,"Walnuts":0.0131,"Omega 3":0.0336,"Omega 6":0.0664,"Calcium":0.0226,"EVOO polyphenols":0.0033,"Oleic acid":0.0242,"Protein (plant)":0.0047,"Copper":0.0189,"Caffeine":0.0113,"Magnesium Citrate":0.0055,"Manganese Citrate":0.0301,"Curcuminoids":0.0223,"Fisetin (smoketree extract)":0.0209,"Garlic extract 12:1 odorless":0.0075,"Genistein (Japonica extract)":0.0012,"Milled Golden Flaxseed":0.0153,"SDG lignan":0.0027,"Phosphatidylinositol":0.0133,"Phosphatidylethanolamine":0.0022}],"vo2_max":18.2243}
