{"personal_data":[{"age":25,"gender":"M","name":"Deonta Collier"}],"fitness_data":[{"Backwards Sled, 2 min":5,"Posture exercises":3,"Tricep extensions":3,"Face pulls":0,"Butterfly":1,"Band pull apart (back muscles)":1,"Back extensions (on a hyperextension)":2,"Obliques (each side, on a hyperextension)":2,"StretchesKneeling shin_Kneeling shin_":4,"StretchesHip flexor_Hip flexor_":1,"StretchesCouch_Couch_":3,"Leg raises (for abdomen)":5,"Seated calf raises":2,"Poliquin step ups":2,"Slant board squats":3,"ATG Split squats":5,"Nordics":2,"Reverse Nordics":3,"Tibialis raises,":4,"IsoTib ankle rotations":5,"Pull ups":4,"Chin ups":3,"10 min HIIT":4}],"supplement_vars":[{"N-Acetyl-L-Cysteine (NAC)":0.0117,"N-Acetyl-L-Cysteine (NAC) 2":0.0112,"Nicotinamide Riboside Chloride (NR)":0.0131,"Zeaxanthin":0.0136,"Phosphorus":0.0245,"Astaxanthin (Natural)":0.0043,"Boron Glycinate":0.0102,"CaAKG":0.0024,"Ashwagandha KSM66":0.0032,"Calcium L-5- Methyltetrahydrofolate (L-5-MTHF-Ca)":0.0487,"Cocoa Powder (Non-Alkalised) 8+% Flavanols":0.0114,"Red Yeast Rice (2% Monacolin K)":0.0014,"Creatine Monohydrate":0.0459,"Ginger":0.0337,"Glucosamine Sulfate KCI":0.0641,"Grape Seed Extract 90% polyphenols":0.0052,"Broccoli Extract (glucoraphanin 10%)":0.032,"Glycine":0.0308,"Theanine":0.0562,"Lactobacillus Acidophilus":0.0571,"Lithium orotate":0.0062,"Pomegranate Juice Extract (50% Polyphenols)":0.0487,"Potassium Iodate":0.0321,"Rhodiola 3% Rosavins / Salidroside 1%":0.0162,"Selenium":0.0059,"Glutathione reduced":0.0095,"Lutein":0.0173,"Luteolin":0.0071,"Cinnamon powder (ceylon) organic":0.001,"Sodium Hyaluronate":0.0093,"Spermidine":0.0343,"Vitamin B1 (Thiamine HCl)":0.0096,"Vitamin B12 (Methylcobalamin)":0.0636,"Vitamin B2 (Riboflavin-5-Phosphate)":0.0588,"Vitamin B3 (Niacinamide)":0.0286,"Vitamin B5 (Calcium-D-Pantothenate)":0.0214,"Vitamin B6 (Pyridoxal-5- Phosphate)":0.0249,"Vitamin B7 (D-Biotin)":0.001,"Vitamin C (Ascorbic Acid)":0.0051,"Vitamin D Veg D3":0.007,"Vitamin E (d-alpha tocopherol)":0.03,"Vitamin K1":0.0085,"Vitamin K2 MK-7 MCT Oil":0.0298,"Vitamin K2 MK-4 MCT Oil":0.0331,"Sunflower lecithin non-GMO":0.0008,"Phosphatidylcholine":0.0035,"Choline":0.0179,"Lycopene":0.0657,"Lysine":0.0005,"Taurine":0.0333,"Glucoraphanin":0.0136,"Ubiquinol":0.0134,"Zinc Citrate":0.0105,"Fiber":0.0055,"Blueberries":0.0422,"Macadamia nuts":0.069,"Walnuts":0.0581,"Omega 3":0.047,"Omega 6":0.0232,"Calcium":0.0543,"EVOO polyphenols":0.0061,"Oleic acid":0.025,"Protein (plant)":0.0001,"Copper":0.0161,"Caffeine":0.0456,"Magnesium Citrate":0.0042,"Manganese Citrate":0.0902,"Curcuminoids":0.0113,"Fisetin (smoketree extract)":0.0001,"Garlic extract 12:1 odorless":0.0266,"Genistein (Japonica extract)":0.0135,"Milled Golden Flaxseed":0.0223,"SDG lignan":0.0446,"Phosphatidylinositol":0.0195,"Phosphatidylethanolamine":0.0476}],"vo2_max":34.5394}
