{"personal_data":[{"age":68,"gender":"F","name":"Lizeth Gleichner"}],"fitness_data":[{"Backwards Sled, 2 min":4,"Posture exercises":1,"Tricep extensions":0,"Face pulls":4,"Butterfly":0,"Band pull apart (back muscles)":4,"Back extensions (on a hyperextension)":4,"Obliques (each side, on a hyperextension)":0,"StretchesKneeling shin_Kneeling shin_":0,"StretchesHip flexor_Hip flexor_":1,"StretchesCouch_Couch_":1,"Leg raises (for abdomen)":4,"Seated calf raises":3,"Poliquin step ups":1,"Slant board squats":7,"ATG Split squats":4,"Nordics":5,"Reverse Nordics":4,"Tibialis raises,":0,"IsoTib ankle rotations":3,"Pull ups":3,"Chin ups":3,"10 min HIIT":1}],"supplement_vars":[{"N-Acetyl-L-Cysteine (NAC)":0.0199,"N-Acetyl-L-Cysteine (NAC) 2":0.01,"Nicotinamide Riboside Chloride (NR)":0.0127,"Zeaxanthin":0.0063,"Phosphorus":0.0014,"Astaxanthin (Natural)":0.0078,"Boron Glycinate":0.0427,"CaAKG":0.0061,"Ashwagandha KSM66":0.0039,"Calcium L-5- Methyltetrahydrofolate (L-5-MTHF-Ca)":0.0633,"Cocoa Powder (Non-Alkalised) 8+% Flavanols":0.0178,"Red Yeast Rice (2% Monacolin K)":0.0292,"Creatine Monohydrate":0.0451,"Ginger":0.0179,"Glucosamine Sulfate KCI":0.0037,"Grape Seed Extract 90% polyphenols":0.0043,"Broccoli Extract (glucoraphanin 10%)":0.013,"Glycine":0.0145,"Theanine":0.0205,"Lactobacillus Acidophilus":0.0725,"Lithium orotate":0.009,"Pomegranate Juice Extract (50% Polyphenols)":0.0316,"Potassium Iodate":0.0339,"Rhodiola 3% Rosavins / Salidroside 1%":0.0235,"Selenium":0.0152,"Glutathione reduced":0.0146,"Lutein":0.0137,"Luteolin":0.0075,"Cinnamon powder (ceylon) organic":0.0123,"Sodium Hyaluronate":0.0041,"Spermidine":0.0342,"Vitamin B1 (Thiamine HCl)":0.0015,"Vitamin B12 (Methylcobalamin)":0.0818,"Vitamin B2 (Riboflavin-5-Phosphate)":0.0437,"Vitamin B3 (Niacinamide)":0.0039,"Vitamin B5 (Calcium-D-Pantothenate)":0.0026,"Vitamin B6 (Pyridoxal-5- Phosphate)":0.0374,"Vitamin B7 (D-Biotin)":0.0154,"Vitamin C (Ascorbic Acid)":0.0069,"Vitamin D Veg D3":0.0159,"Vitamin E (d-alpha tocopherol)":0.0024,"Vitamin K1":0.0519,"Vitamin K2 MK-7 MCT Oil":0.0133,"Vitamin K2 MK-4 MCT Oil":0.0093,"Sunflower lecithin non-GMO":0.0294,"Phosphatidylcholine":0.0327,"Choline":0.0603,"Lycopene":0.013,"Lysine":0.0087,"Taurine":0.0124,"Glucoraphanin":0.0089,"Ubiquinol":0.0095,"Zinc Citrate":0.022,"Fiber":0.0036,"Blueberries":0.0588,"Macadamia nuts":0.0946,"Walnuts":0.0373,"Omega 3":0.0271,"Omega 6":0.0505,"Calcium":0.0237,"EVOO polyphenols":0.0002,"Oleic acid":0.025,"Protein (plant)":0.0019,"Copper":0.0217,"Caffeine":0.0281,"Magnesium Citrate":0.0214,"Manganese Citrate":0.0332,"Curcuminoids":0.0343,"Fisetin (smoketree extract)":0.0293,"Garlic extract 12:1 odorless":0.0216,"Genistein (Japonica extract)":0.0094,"Milled Golden Flaxseed":0.0359,"SDG lignan":0.0548,"Phosphatidylinositol":0.0242,"Phosphatidylethanolamine":0.0334}],"vo2_max":23.1728}
