{"personal_data":[{"age":34,"gender":"M","name":"Lum Hermann"}],"fitness_data":[{"Backwards Sled, 2 min":0,"Posture exercises":5,"Tricep extensions":1,"Face pulls":0,"Butterfly":2,"Band pull apart (back muscles)":6,"Back extensions (on a hyperextension)":3,"Obliques (each side, on a hyperextension)":3,"StretchesKneeling shin_Kneeling shin_":3,"StretchesHip flexor_Hip flexor_":3,"StretchesCouch_Couch_":1,"Leg raises (for abdomen)":3,"Seated calf raises":1,"Poliquin step ups":2,"Slant board squats":4,"ATG Split squats":5,"Nordics":3,"Reverse Nordics":0,"Tibialis raises,":5,"IsoTib ankle rotations":1,"Pull ups":2,"Chin ups":2,"10 min HIIT":3}],"supplement_vars":[{"N-Acetyl-L-Cysteine (NAC)":0.0049,"N-Acetyl-L-Cysteine (NAC) 2":0.0165,"Nicotinamide Riboside Chloride (NR)":0.0049,"Zeaxanthin":0.0001,"Phosphorus":0.0059,"Astaxanthin (Natural)":0.0137,"Boron Glycinate":0.0304,"CaAKG":0.01,"Ashwagandha KSM66":0.0079,"Calcium L-5- Methyltetrahydrofolate (L-5-MTHF-Ca)":0.0354,"Cocoa Powder (Non-Alkalised) 8+% Flavanols":0.0062,"Red Yeast Rice (2% Monacolin K)":0.0134,"Creatine Monohydrate":0.0543,"Ginger":0.0019,"Glucosamine Sulfate KCI":0.0168,"Grape Seed Extract 90% polyphenols":0.0001,"Broccoli Extract (glucoraphanin 10%)":0.0307,"Glycine":0.0304,"Theanine":0.0279,"Lactobacillus Acidophilus":0.0459,"Lithium orotate":0.0011,"Pomegranate Juice Extract (50% Polyphenols)":0.0244,"Potassium Iodate":0.008,"Rhodiola 3% Rosavins / Salidroside 1%":0.0257,"Selenium":0.0392,"Glutathione reduced":0.0184,"Lutein":0.0238,"Luteolin":0.0054,"Cinnamon powder (ceylon) organic":0.0077,"Sodium Hyaluronate":0.0003,"Spermidine":0.0463,"Vitamin B1 (Thiamine HCl)":0.0153,"Vitamin B12 (Methylcobalamin)":0.0406,"Vitamin B2 (Riboflavin-5-Phosphate)":0.0671,"Vitamin B3 (Niacinamide)":0.0015,"Vitamin B5 (Calcium-D-Pantothenate)":0.0017,"Vitamin B6 (Pyridoxal-5- Phosphate)":0.0095,"Vitamin B7 (D-Biotin)":0.0258,"Vitamin C (Ascorbic Acid)":0.0094,"Vitamin D Veg D3":0.0472,"Vitamin E (d-alpha tocopherol)":0.035,"Vitamin K1":0.0592,"Vitamin K2 MK-7 MCT Oil":0.0111,"Vitamin K2 MK-4 MCT Oil":0.0018,"Sunflower lecithin non-GMO":0.0066,"Phosphatidylcholine":0.0048,"Choline":0.0536,"Lycopene":0.0391,"Lysine":0.0089,"Taurine":0.0148,"Glucoraphanin":0.0164,"Ubiquinol":0.0051,"Zinc Citrate":0.0032,"Fiber":0.0015,"Blueberries":0.0322,"Macadamia nuts":0.0064,"Walnuts":0.0225,"Omega 3":0.0334,"Omega 6":0.0193,"Calcium":0.0709,"EVOO polyphenols":0.0042,"Oleic acid":0.0356,"Protein (plant)":0.0025,"Copper":0.0095,"Caffeine":0.0066,"Magnesium Citrate":0.0009,"Manganese Citrate":0.0143,"Curcuminoids":0.0334,"Fisetin (smoketree extract)":0.0248,"Garlic extract 12:1 odorless":0.0331,"Genistein (Japonica extract)":0.0102,"Milled Golden Flaxseed":0.0006,"SDG lignan":0.0465,"Phosphatidylinositol":0.0161,"Phosphatidylethanolamine":0.0367}],"vo2_max":32.8437}
