{"personal_data":[{"age":24,"gender":"M","name":"Isabelle Okuneva"}],"fitness_data":[{"Backwards Sled, 2 min":5,"Posture exercises":3,"Tricep extensions":3,"Face pulls":2,"Butterfly":5,"Band pull apart (back muscles)":5,"Back extensions (on a hyperextension)":1,"Obliques (each side, on a hyperextension)":1,"StretchesKneeling shin_Kneeling shin_":2,"StretchesHip flexor_Hip flexor_":3,"StretchesCouch_Couch_":1,"Leg raises (for abdomen)":0,"Seated calf raises":0,"Poliquin step ups":3,"Slant board squats":7,"ATG Split squats":3,"Nordics":2,"Reverse Nordics":4,"Tibialis raises,":4,"IsoTib ankle rotations":4,"Pull ups":2,"Chin ups":2,"10 min HIIT":1}],"supplement_vars":[{"N-Acetyl-L-Cysteine (NAC)":0.0027,"N-Acetyl-L-Cysteine (NAC) 2":0.0168,"Nicotinamide Riboside Chloride (NR)":0.005,"Zeaxanthin":0.0007,"Phosphorus":0.026,"Astaxanthin (Natural)":0.0055,"Boron Glycinate":0.0315,"CaAKG":0.007,"Ashwagandha KSM66":0.0055,"Calcium L-5- Methyltetrahydrofolate (L-5-MTHF-Ca)":0.0605,"Cocoa Powder (Non-Alkalised) 8+% Flavanols":0.0108,"Red Yeast Rice (2% Monacolin K)":0.0235,"Creatine Monohydrate":0.0166,"Ginger":0.0225,"Glucosamine Sulfate KCI":0.0104,"Grape Seed Extract 90% polyphenols":0.004,"Broccoli Extract (glucoraphanin 10%)":0.0319,"Glycine":0.0004,"Theanine":0.0485,"Lactobacillus Acidophilus":0.0691,"Lithium orotate":0.0077,"Pomegranate Juice Extract (50% Polyphenols)":0.0169,"Potassium Iodate":0.0227,"Rhodiola 3% Rosavins / Salidroside 1%":0.0592,"Selenium":0.0379,"Glutathione reduced":0.002,"Lutein":0.0186,"Luteolin":0.0053,"Cinnamon powder (ceylon) organic":0.0009,"Sodium Hyaluronate":0.0066,"Spermidine":0.0565,"Vitamin B1 (Thiamine HCl)":0.0156,"Vitamin B12 (Methylcobalamin)":0.0431,"Vitamin B2 (Riboflavin-5-Phosphate)":0.023,"Vitamin B3 (Niacinamide)":0.0449,"Vitamin B5 (Calcium-D-Pantothenate)":0.0009,"Vitamin B6 (Pyridoxal-5- Phosphate)":0.0132,"Vitamin B7 (D-Biotin)":0.0291,"Vitamin C (Ascorbic Acid)":0.0051,"Vitamin D Veg D3":0.0135,"Vitamin E (d-alpha tocopherol)":0.0396,"Vitamin K1":0.0457,"Vitamin K2 MK-7 MCT Oil":0.0213,"Vitamin K2 MK-4 MCT Oil":0.0332,"Sunflower lecithin non-GMO":0.0314,"Phosphatidylcholine":0.0057,"Choline":0.0432,"Lycopene":0.0377,"Lysine":0.0017,"Taurine":0.0424,"Glucoraphanin":0.0203,"Ubiquinol":0.0035,"Zinc Citrate":0.014,"Fiber":0.0014,"Blueberries":0.0408,"Macadamia nuts":0.0076,"Walnuts":0.0216,"Omega 3":0.0361,"Omega 6":0.01,"Calcium":0.0687,"EVOO polyphenols":0.0023,"Oleic acid":0.0196,"Protein (plant)":0.0014,"Copper":0.0002,"Caffeine":0.0219,"Magnesium Citrate":0.0508,"Manganese Citrate":0.0992,"Curcuminoids":0.0256,"Fisetin (smoketree extract)":0.0246,"Garlic extract 12:1 odorless":0.0249,"Genistein (Japonica extract)":0.0022,"Milled Golden Flaxseed":0.0024,"SDG lignan":0.0388,"Phosphatidylinositol":0.0193,"Phosphatidylethanolamine":0.0208}],"vo2_max":37.2158}
