{"personal_data":[{"age":40,"gender":"F"}],"fitness_data":[{"Backwards Sled, 2 min":3,"Posture exercises":4,"Tricep extensions":1,"Face pulls":2,"Butterfly":4,"Band pull apart (back muscles)":4,"Back extensions (on a hyperextension)":1,"Obliques (each side, on a hyperextension)":2,"StretchesKneeling shin_Kneeling shin_":2,"StretchesHip flexor_Hip flexor_":4,"StretchesCouch_Couch_":1,"Leg raises (for abdomen)":2,"Seated calf raises":1,"Poliquin step ups":2,"Slant board squats":1,"ATG Split squats":5,"Nordics":5,"Reverse Nordics":4,"Tibialis raises,":1,"IsoTib ankle rotations":2,"Pull ups":3,"Chin ups":1,"10 min HIIT":1}],"supplement_vars":[{"N-Acetyl-L-Cysteine (NAC)":0.0151,"N-Acetyl-L-Cysteine (NAC) 2":0.0033,"Nicotinamide Riboside Chloride (NR)":0.0004,"Zeaxanthin":0.0052,"Phosphorus":0.0153,"Astaxanthin (Natural)":0.0041,"Boron Glycinate":0.036,"CaAKG":0.0004,"Ashwagandha KSM66":0.0087,"Calcium L-5- Methyltetrahydrofolate (L-5-MTHF-Ca)":0.0134,"Cocoa Powder (Non-Alkalised) 8+% Flavanols":0.0193,"Red Yeast Rice (2% Monacolin K)":0.0184,"Creatine Monohydrate":0.0598,"Ginger":0.0426,"Glucosamine Sulfate KCI":0.0373,"Grape Seed Extract 90% polyphenols":0.0047,"Broccoli Extract (glucoraphanin 10%)":0.0051,"Glycine":0.0039,"Theanine":0.0221,"Lactobacillus Acidophilus":0.0649,"Lithium orotate":0.005,"Pomegranate Juice Extract (50% Polyphenols)":0.0302,"Potassium Iodate":0.0005,"Rhodiola 3% Rosavins / Salidroside 1%":0.0305,"Selenium":0.0078,"Glutathione reduced":0.0062,"Lutein":0.0204,"Luteolin":0.0093,"Cinnamon powder (ceylon) organic":0.0089,"Sodium Hyaluronate":0.0094,"Spermidine":0.0048,"Vitamin B1 (Thiamine HCl)":0.0086,"Vitamin B12 (Methylcobalamin)":0.0494,"Vitamin B2 (Riboflavin-5-Phosphate)":0.0088,"Vitamin B3 (Niacinamide)":0.0065,"Vitamin B5 (Calcium-D-Pantothenate)":0.0184,"Vitamin B6 (Pyridoxal-5- Phosphate)":0.0129,"Vitamin B7 (D-Biotin)":0.0169,"Vitamin C (Ascorbic Acid)":0.0103,"Vitamin D Veg D3":0.008,"Vitamin E (d-alpha tocopherol)":0.0012,"Vitamin K1":0.001,"Vitamin K2 MK-7 MCT Oil":0.0321,"Vitamin K2 MK-4 MCT Oil":0.0083,"Sunflower lecithin non-GMO":0.0337,"Phosphatidylcholine":0.0192,"Choline":0.019,"Lycopene":0.0533,"Lysine":0.0076,"Taurine":0.0192,"Glucoraphanin":0.0158,"Ubiquinol":0.0082,"Zinc Citrate":0.0128,"Fiber":0.0012,"Blueberries":0.0657,"Macadamia nuts":0.0623,"Walnuts":0.0183,"Omega 3":0.047,"Omega 6":0.038,"Calcium":0.0085,"EVOO polyphenols":0.0048,"Oleic acid":0.0341,"Protein (plant)":0.0026,"Copper":0.0004,"Caffeine":0.0083,"Magnesium Citrate":0.0468,"Manganese Citrate":0.0687,"Curcuminoids":0.0399,"Fisetin (smoketree extract)":0.0156,"Garlic extract 12:1 odorless":0.0295,"Genistein (Japonica extract)":0.0026,"Milled Golden Flaxseed":0.0204,"SDG lignan":0.0081,"Phosphatidylinositol":0.0053,"Phosphatidylethanolamine":0.0161}],"vo2_max":28.8371}
