{"personal_data":[{"age":51,"gender":"M","name":"Darrel Baumbach-Bartell"}],"fitness_data":[{"Backwards Sled, 2 min":4,"Posture exercises":0,"Tricep extensions":1,"Face pulls":1,"Butterfly":4,"Band pull apart (back muscles)":1,"Back extensions (on a hyperextension)":0,"Obliques (each side, on a hyperextension)":1,"StretchesKneeling shin_Kneeling shin_":1,"StretchesHip flexor_Hip flexor_":4,"StretchesCouch_Couch_":1,"Leg raises (for abdomen)":1,"Seated calf raises":1,"Poliquin step ups":2,"Slant board squats":5,"ATG Split squats":4,"Nordics":2,"Reverse Nordics":4,"Tibialis raises,":1,"IsoTib ankle rotations":5,"Pull ups":3,"Chin ups":2,"10 min HIIT":2}],"supplement_vars":[{"N-Acetyl-L-Cysteine (NAC)":0.0045,"N-Acetyl-L-Cysteine (NAC) 2":0.0158,"Nicotinamide Riboside Chloride (NR)":0.0137,"Zeaxanthin":0.0001,"Phosphorus":0.0239,"Astaxanthin (Natural)":0.0058,"Boron Glycinate":0.045,"CaAKG":0.0106,"Ashwagandha KSM66":0.006,"Calcium L-5- Methyltetrahydrofolate (L-5-MTHF-Ca)":0.0273,"Cocoa Powder (Non-Alkalised) 8+% Flavanols":0.0123,"Red Yeast Rice (2% Monacolin K)":0.0299,"Creatine Monohydrate":0.0149,"Ginger":0.0846,"Glucosamine Sulfate KCI":0.0744,"Grape Seed Extract 90% polyphenols":0.0096,"Broccoli Extract (glucoraphanin 10%)":0.0016,"Glycine":0.0171,"Theanine":0.0547,"Lactobacillus Acidophilus":0.0463,"Lithium orotate":0.0045,"Pomegranate Juice Extract (50% Polyphenols)":0.0011,"Potassium Iodate":0.0014,"Rhodiola 3% Rosavins / Salidroside 1%":0.0552,"Selenium":0.0322,"Glutathione reduced":0.0489,"Lutein":0.0052,"Luteolin":0.004,"Cinnamon powder (ceylon) organic":0.009,"Sodium Hyaluronate":0.0068,"Spermidine":0.0812,"Vitamin B1 (Thiamine HCl)":0.01,"Vitamin B12 (Methylcobalamin)":0.084,"Vitamin B2 (Riboflavin-5-Phosphate)":0.0433,"Vitamin B3 (Niacinamide)":0.0488,"Vitamin B5 (Calcium-D-Pantothenate)":0.0209,"Vitamin B6 (Pyridoxal-5- Phosphate)":0.021,"Vitamin B7 (D-Biotin)":0.0308,"Vitamin C (Ascorbic Acid)":0.0058,"Vitamin D Veg D3":0.0201,"Vitamin E (d-alpha tocopherol)":0.0371,"Vitamin K1":0.0565,"Vitamin K2 MK-7 MCT Oil":0.0121,"Vitamin K2 MK-4 MCT Oil":0.0085,"Sunflower lecithin non-GMO":0.0297,"Phosphatidylcholine":0.0219,"Choline":0.0421,"Lycopene":0.0452,"Lysine":0.0046,"Taurine":0.0095,"Glucoraphanin":0.0025,"Ubiquinol":0.0109,"Zinc Citrate":0.0011,"Fiber":0.0032,"Blueberries":0.0508,"Macadamia nuts":0.0622,"Walnuts":0.0101,"Omega 3":0.0441,"Omega 6":0.0382,"Calcium":0.0663,"EVOO polyphenols":0.0066,"Oleic acid":0.0137,"Protein (plant)":0.0037,"Copper":0.0109,"Caffeine":0.0611,"Magnesium Citrate":0.034,"Manganese Citrate":0.0707,"Curcuminoids":0.0156,"Fisetin (smoketree extract)":0.0026,"Garlic extract 12:1 odorless":0.0084,"Genistein (Japonica extract)":0.0064,"Milled Golden Flaxseed":0.0056,"SDG lignan":0.0565,"Phosphatidylinositol":0.0149,"Phosphatidylethanolamine":0.0107}],"vo2_max":27.0946}
