{"personal_data":[{"age":56,"gender":"M","name":"Elam Okuneva PhD"}],"fitness_data":[{"Backwards Sled, 2 min":4,"Posture exercises":1,"Tricep extensions":1,"Face pulls":4,"Butterfly":5,"Band pull apart (back muscles)":1,"Back extensions (on a hyperextension)":1,"Obliques (each side, on a hyperextension)":2,"StretchesKneeling shin_Kneeling shin_":0,"StretchesHip flexor_Hip flexor_":5,"StretchesCouch_Couch_":3,"Leg raises (for abdomen)":3,"Seated calf raises":1,"Poliquin step ups":3,"Slant board squats":2,"ATG Split squats":4,"Nordics":3,"Reverse Nordics":3,"Tibialis raises,":5,"IsoTib ankle rotations":3,"Pull ups":3,"Chin ups":4,"10 min HIIT":4}],"supplement_vars":[{"N-Acetyl-L-Cysteine (NAC)":0.0029,"N-Acetyl-L-Cysteine (NAC) 2":0.0184,"Nicotinamide Riboside Chloride (NR)":0.0116,"Zeaxanthin":0.0075,"Phosphorus":0.0284,"Astaxanthin (Natural)":0.0192,"Boron Glycinate":0.0455,"CaAKG":0.0093,"Ashwagandha KSM66":0.0056,"Calcium L-5- Methyltetrahydrofolate (L-5-MTHF-Ca)":0.0665,"Cocoa Powder (Non-Alkalised) 8+% Flavanols":0.0033,"Red Yeast Rice (2% Monacolin K)":0.0103,"Creatine Monohydrate":0.0499,"Ginger":0.0696,"Glucosamine Sulfate KCI":0.053,"Grape Seed Extract 90% polyphenols":0.0025,"Broccoli Extract (glucoraphanin 10%)":0.0141,"Glycine":0.0307,"Theanine":0.0522,"Lactobacillus Acidophilus":0.0756,"Lithium orotate":0.0067,"Pomegranate Juice Extract (50% Polyphenols)":0.0502,"Potassium Iodate":0.0311,"Rhodiola 3% Rosavins / Salidroside 1%":0.0112,"Selenium":0.011,"Glutathione reduced":0.0566,"Lutein":0.0239,"Luteolin":0.0012,"Cinnamon powder (ceylon) organic":0.0006,"Sodium Hyaluronate":0.0013,"Spermidine":0.0577,"Vitamin B1 (Thiamine HCl)":0.0016,"Vitamin B12 (Methylcobalamin)":0.0184,"Vitamin B2 (Riboflavin-5-Phosphate)":0.0262,"Vitamin B3 (Niacinamide)":0.0604,"Vitamin B5 (Calcium-D-Pantothenate)":0.0214,"Vitamin B6 (Pyridoxal-5- Phosphate)":0.0245,"Vitamin B7 (D-Biotin)":0.0059,"Vitamin C (Ascorbic Acid)":0.0055,"Vitamin D Veg D3":0.0432,"Vitamin E (d-alpha tocopherol)":0.0245,"Vitamin K1":0.0648,"Vitamin K2 MK-7 MCT Oil":0.0085,"Vitamin K2 MK-4 MCT Oil":0.0035,"Sunflower lecithin non-GMO":0.0305,"Phosphatidylcholine":0.009,"Choline":0.0357,"Lycopene":0.0333,"Lysine":0.0011,"Taurine":0.0114,"Glucoraphanin":0.0193,"Ubiquinol":0.007,"Zinc Citrate":0.0107,"Fiber":0.0012,"Blueberries":0.0514,"Macadamia nuts":0.0766,"Walnuts":0.0075,"Omega 3":0.0283,"Omega 6":0.0252,"Calcium":0.0676,"EVOO polyphenols":0.0013,"Oleic acid":0.0252,"Protein (plant)":0.003,"Copper":0.0222,"Caffeine":0.048,"Magnesium Citrate":0.0004,"Manganese Citrate":0.0439,"Curcuminoids":0.0263,"Fisetin (smoketree extract)":0.0149,"Garlic extract 12:1 odorless":0.0208,"Genistein (Japonica extract)":0.0124,"Milled Golden Flaxseed":0.0153,"SDG lignan":0.0189,"Phosphatidylinositol":0.0183,"Phosphatidylethanolamine":0.0167}],"vo2_max":26.8491}
