{"personal_data":[{"age":63,"gender":"F","name":"Dr. Kazuo Hermann PhD"}],"fitness_data":[{"Backwards Sled, 2 min":3,"Posture exercises":1,"Tricep extensions":1,"Face pulls":1,"Butterfly":2,"Band pull apart (back muscles)":1,"Back extensions (on a hyperextension)":4,"Obliques (each side, on a hyperextension)":1,"StretchesKneeling shin_Kneeling shin_":4,"StretchesHip flexor_Hip flexor_":2,"StretchesCouch_Couch_":0,"Leg raises (for abdomen)":3,"Seated calf raises":1,"Poliquin step ups":1,"Slant board squats":3,"ATG Split squats":5,"Nordics":5,"Reverse Nordics":4,"Tibialis raises,":3,"IsoTib ankle rotations":6,"Pull ups":4,"Chin ups":2,"10 min HIIT":4}],"supplement_vars":[{"N-Acetyl-L-Cysteine (NAC)":0.0128,"N-Acetyl-L-Cysteine (NAC) 2":0.0209,"Nicotinamide Riboside Chloride (NR)":0.0003,"Zeaxanthin":0.0055,"Phosphorus":0.0322,"Astaxanthin (Natural)":0.0044,"Boron Glycinate":0.0351,"CaAKG":0.0003,"Ashwagandha KSM66":0.0063,"Calcium L-5- Methyltetrahydrofolate (L-5-MTHF-Ca)":0.0641,"Cocoa Powder (Non-Alkalised) 8+% Flavanols":0.0141,"Red Yeast Rice (2% Monacolin K)":0.0258,"Creatine Monohydrate":0.0156,"Ginger":0.0271,"Glucosamine Sulfate KCI":0.0298,"Grape Seed Extract 90% polyphenols":0.0108,"Broccoli Extract (glucoraphanin 10%)":0.0056,"Glycine":0.0157,"Theanine":0.0144,"Lactobacillus Acidophilus":0.0619,"Lithium orotate":0.0021,"Pomegranate Juice Extract (50% Polyphenols)":0.0411,"Potassium Iodate":0.0354,"Rhodiola 3% Rosavins / Salidroside 1%":0.0473,"Selenium":0.0162,"Glutathione reduced":0.0559,"Lutein":0.0165,"Luteolin":0.005,"Cinnamon powder (ceylon) organic":0.0058,"Sodium Hyaluronate":0.0104,"Spermidine":0.0469,"Vitamin B1 (Thiamine HCl)":0.0166,"Vitamin B12 (Methylcobalamin)":0.0807,"Vitamin B2 (Riboflavin-5-Phosphate)":0.0272,"Vitamin B3 (Niacinamide)":0.0624,"Vitamin B5 (Calcium-D-Pantothenate)":0.0095,"Vitamin B6 (Pyridoxal-5- Phosphate)":0.034,"Vitamin B7 (D-Biotin)":0.0242,"Vitamin C (Ascorbic Acid)":0.01,"Vitamin D Veg D3":0.0393,"Vitamin E (d-alpha tocopherol)":0.0121,"Vitamin K1":0.0627,"Vitamin K2 MK-7 MCT Oil":0.0014,"Vitamin K2 MK-4 MCT Oil":0.0309,"Sunflower lecithin non-GMO":0.0444,"Phosphatidylcholine":0.0114,"Choline":0.0368,"Lycopene":0.0331,"Lysine":0.0018,"Taurine":0.0223,"Glucoraphanin":0.0251,"Ubiquinol":0.0125,"Zinc Citrate":0.0283,"Fiber":0.0007,"Blueberries":0.0008,"Macadamia nuts":0.0569,"Walnuts":0.0736,"Omega 3":0.0093,"Omega 6":0.0204,"Calcium":0.0482,"EVOO polyphenols":0.0027,"Oleic acid":0.0233,"Protein (plant)":0.0002,"Copper":0.0172,"Caffeine":0.0155,"Magnesium Citrate":0.057,"Manganese Citrate":0.0684,"Curcuminoids":0.0081,"Fisetin (smoketree extract)":0.0252,"Garlic extract 12:1 odorless":0.0038,"Genistein (Japonica extract)":0.0198,"Milled Golden Flaxseed":0.0072,"SDG lignan":0.0006,"Phosphatidylinositol":0.0161,"Phosphatidylethanolamine":0.0109}],"vo2_max":22.9381}
