{"personal_data":[{"age":73,"gender":"M","name":"Jamiya Cummerata-Nader"}],"fitness_data":[{"Backwards Sled, 2 min":2,"Posture exercises":3,"Tricep extensions":1,"Face pulls":2,"Butterfly":2,"Band pull apart (back muscles)":1,"Back extensions (on a hyperextension)":1,"Obliques (each side, on a hyperextension)":1,"StretchesKneeling shin_Kneeling shin_":5,"StretchesHip flexor_Hip flexor_":4,"StretchesCouch_Couch_":1,"Leg raises (for abdomen)":3,"Seated calf raises":4,"Poliquin step ups":4,"Slant board squats":4,"ATG Split squats":3,"Nordics":6,"Reverse Nordics":1,"Tibialis raises,":4,"IsoTib ankle rotations":5,"Pull ups":1,"Chin ups":3,"10 min HIIT":2}],"supplement_vars":[{"N-Acetyl-L-Cysteine (NAC)":0.0043,"N-Acetyl-L-Cysteine (NAC) 2":0.0072,"Nicotinamide Riboside Chloride (NR)":0.0177,"Zeaxanthin":0.0044,"Phosphorus":0.0018,"Astaxanthin (Natural)":0.0023,"Boron Glycinate":0.0378,"CaAKG":0.0024,"Ashwagandha KSM66":0.0061,"Calcium L-5- Methyltetrahydrofolate (L-5-MTHF-Ca)":0.0173,"Cocoa Powder (Non-Alkalised) 8+% Flavanols":0.0194,"Red Yeast Rice (2% Monacolin K)":0.0318,"Creatine Monohydrate":0.0102,"Ginger":0.0508,"Glucosamine Sulfate KCI":0.017,"Grape Seed Extract 90% polyphenols":0.0139,"Broccoli Extract (glucoraphanin 10%)":0.02,"Glycine":0.0037,"Theanine":0.0229,"Lactobacillus Acidophilus":0.0679,"Lithium orotate":0.0027,"Pomegranate Juice Extract (50% Polyphenols)":0.065,"Potassium Iodate":0.0423,"Rhodiola 3% Rosavins / Salidroside 1%":0.043,"Selenium":0.0002,"Glutathione reduced":0.0553,"Lutein":0.0213,"Luteolin":0.0096,"Cinnamon powder (ceylon) organic":0.0036,"Sodium Hyaluronate":0.0044,"Spermidine":0.0258,"Vitamin B1 (Thiamine HCl)":0.0092,"Vitamin B12 (Methylcobalamin)":0.0734,"Vitamin B2 (Riboflavin-5-Phosphate)":0.0353,"Vitamin B3 (Niacinamide)":0.032,"Vitamin B5 (Calcium-D-Pantothenate)":0.018,"Vitamin B6 (Pyridoxal-5- Phosphate)":0.0234,"Vitamin B7 (D-Biotin)":0.0176,"Vitamin C (Ascorbic Acid)":0.011,"Vitamin D Veg D3":0.0326,"Vitamin E (d-alpha tocopherol)":0.0425,"Vitamin K1":0.0347,"Vitamin K2 MK-7 MCT Oil":0.0198,"Vitamin K2 MK-4 MCT Oil":0.0052,"Sunflower lecithin non-GMO":0.0444,"Phosphatidylcholine":0.0255,"Choline":0.0406,"Lycopene":0.0137,"Lysine":0.0026,"Taurine":0.0433,"Glucoraphanin":0.0168,"Ubiquinol":0.0131,"Zinc Citrate":0.0161,"Fiber":0.005,"Blueberries":0.0509,"Macadamia nuts":0.0254,"Walnuts":0.0553,"Omega 3":0.0486,"Omega 6":0.0051,"Calcium":0.0722,"EVOO polyphenols":0.0022,"Oleic acid":0.018,"Protein (plant)":0.0033,"Copper":0.0221,"Caffeine":0.0294,"Magnesium Citrate":0.0385,"Manganese Citrate":0.0735,"Curcuminoids":0.0086,"Fisetin (smoketree extract)":0.0045,"Garlic extract 12:1 odorless":0.009,"Genistein (Japonica extract)":0.0186,"Milled Golden Flaxseed":0.0221,"SDG lignan":0.0582,"Phosphatidylinositol":0.01,"Phosphatidylethanolamine":0.0535}],"vo2_max":21.7492}
