{"personal_data":[{"age":31,"gender":"M","name":"Lillia Mosciski"}],"fitness_data":[{"Backwards Sled, 2 min":5,"Posture exercises":1,"Tricep extensions":3,"Face pulls":4,"Butterfly":2,"Band pull apart (back muscles)":0,"Back extensions (on a hyperextension)":0,"Obliques (each side, on a hyperextension)":3,"StretchesKneeling shin_Kneeling shin_":2,"StretchesHip flexor_Hip flexor_":6,"StretchesCouch_Couch_":1,"Leg raises (for abdomen)":4,"Seated calf raises":3,"Poliquin step ups":4,"Slant board squats":7,"ATG Split squats":0,"Nordics":5,"Reverse Nordics":3,"Tibialis raises,":2,"IsoTib ankle rotations":5,"Pull ups":2,"Chin ups":2,"10 min HIIT":1}],"supplement_vars":[{"N-Acetyl-L-Cysteine (NAC)":0.0052,"N-Acetyl-L-Cysteine (NAC) 2":0.0025,"Nicotinamide Riboside Chloride (NR)":0.0129,"Zeaxanthin":0.0125,"Phosphorus":0.0318,"Astaxanthin (Natural)":0.0089,"Boron Glycinate":0.0469,"CaAKG":0.0002,"Ashwagandha KSM66":0.0077,"Calcium L-5- Methyltetrahydrofolate (L-5-MTHF-Ca)":0.0688,"Cocoa Powder (Non-Alkalised) 8+% Flavanols":0.0043,"Red Yeast Rice (2% Monacolin K)":0.0319,"Creatine Monohydrate":0.0546,"Ginger":0.0002,"Glucosamine Sulfate KCI":0.0059,"Grape Seed Extract 90% polyphenols":0.0088,"Broccoli Extract (glucoraphanin 10%)":0.0175,"Glycine":0.0231,"Theanine":0.0421,"Lactobacillus Acidophilus":0.0603,"Lithium orotate":0.0038,"Pomegranate Juice Extract (50% Polyphenols)":0.0154,"Potassium Iodate":0.0015,"Rhodiola 3% Rosavins / Salidroside 1%":0.0212,"Selenium":0.0381,"Glutathione reduced":0.0495,"Lutein":0.0206,"Luteolin":0.0078,"Cinnamon powder (ceylon) organic":0.0255,"Sodium Hyaluronate":0.0006,"Spermidine":0.002,"Vitamin B1 (Thiamine HCl)":0.0036,"Vitamin B12 (Methylcobalamin)":0.0631,"Vitamin B2 (Riboflavin-5-Phosphate)":0.0389,"Vitamin B3 (Niacinamide)":0.0471,"Vitamin B5 (Calcium-D-Pantothenate)":0.0142,"Vitamin B6 (Pyridoxal-5- Phosphate)":0.0257,"Vitamin B7 (D-Biotin)":0.0006,"Vitamin C (Ascorbic Acid)":0.0042,"Vitamin D Veg D3":0.007,"Vitamin E (d-alpha tocopherol)":0.0249,"Vitamin K1":0.0173,"Vitamin K2 MK-7 MCT Oil":0.0071,"Vitamin K2 MK-4 MCT Oil":0.0073,"Sunflower lecithin non-GMO":0.0216,"Phosphatidylcholine":0.0273,"Choline":0.0075,"Lycopene":0.0243,"Lysine":0.0008,"Taurine":0.0263,"Glucoraphanin":0.0211,"Ubiquinol":0.0045,"Zinc Citrate":0.027,"Fiber":0.0004,"Blueberries":0.0183,"Macadamia nuts":0.0796,"Walnuts":0.0456,"Omega 3":0.0421,"Omega 6":0.0472,"Calcium":0.043,"EVOO polyphenols":0.0023,"Oleic acid":0.0305,"Protein (plant)":0.0008,"Copper":0.0071,"Caffeine":0.0155,"Magnesium Citrate":0.0009,"Manganese Citrate":0.0933,"Curcuminoids":0.0171,"Fisetin (smoketree extract)":0.0236,"Garlic extract 12:1 odorless":0.0115,"Genistein (Japonica extract)":0.0134,"Milled Golden Flaxseed":0.0141,"SDG lignan":0.0471,"Phosphatidylinositol":0.0099,"Phosphatidylethanolamine":0.0362}],"vo2_max":32.4792}
