{"personal_data":[{"age":70,"gender":"F","name":"Armani Gutmann Jr."}],"fitness_data":[{"Backwards Sled, 2 min":0,"Posture exercises":1,"Tricep extensions":2,"Face pulls":4,"Butterfly":0,"Band pull apart (back muscles)":5,"Back extensions (on a hyperextension)":1,"Obliques (each side, on a hyperextension)":2,"StretchesKneeling shin_Kneeling shin_":4,"StretchesHip flexor_Hip flexor_":4,"StretchesCouch_Couch_":2,"Leg raises (for abdomen)":2,"Seated calf raises":1,"Poliquin step ups":4,"Slant board squats":1,"ATG Split squats":1,"Nordics":0,"Reverse Nordics":3,"Tibialis raises,":4,"IsoTib ankle rotations":5,"Pull ups":4,"Chin ups":0,"10 min HIIT":1}],"supplement_vars":[{"N-Acetyl-L-Cysteine (NAC)":0.004,"N-Acetyl-L-Cysteine (NAC) 2":0.0027,"Nicotinamide Riboside Chloride (NR)":0.0007,"Zeaxanthin":0.0123,"Phosphorus":0.0065,"Astaxanthin (Natural)":0.0068,"Boron Glycinate":0.0388,"CaAKG":0.0005,"Ashwagandha KSM66":0.0008,"Calcium L-5- Methyltetrahydrofolate (L-5-MTHF-Ca)":0.0082,"Cocoa Powder (Non-Alkalised) 8+% Flavanols":0.0052,"Red Yeast Rice (2% Monacolin K)":0.0091,"Creatine Monohydrate":0.0365,"Ginger":0.07,"Glucosamine Sulfate KCI":0.0706,"Grape Seed Extract 90% polyphenols":0.0086,"Broccoli Extract (glucoraphanin 10%)":0.0059,"Glycine":0.0268,"Theanine":0.0264,"Lactobacillus Acidophilus":0.0012,"Lithium orotate":0.0029,"Pomegranate Juice Extract (50% Polyphenols)":0.0398,"Potassium Iodate":0.0345,"Rhodiola 3% Rosavins / Salidroside 1%":0.0176,"Selenium":0.0095,"Glutathione reduced":0.0059,"Lutein":0.0029,"Luteolin":0.01,"Cinnamon powder (ceylon) organic":0.0215,"Sodium Hyaluronate":0.0017,"Spermidine":0.0758,"Vitamin B1 (Thiamine HCl)":0.0096,"Vitamin B12 (Methylcobalamin)":0.0442,"Vitamin B2 (Riboflavin-5-Phosphate)":0.0339,"Vitamin B3 (Niacinamide)":0.0235,"Vitamin B5 (Calcium-D-Pantothenate)":0.0161,"Vitamin B6 (Pyridoxal-5- Phosphate)":0.0308,"Vitamin B7 (D-Biotin)":0.0306,"Vitamin C (Ascorbic Acid)":0.0108,"Vitamin D Veg D3":0.0334,"Vitamin E (d-alpha tocopherol)":0.0457,"Vitamin K1":0.069,"Vitamin K2 MK-7 MCT Oil":0.0115,"Vitamin K2 MK-4 MCT Oil":0.0057,"Sunflower lecithin non-GMO":0.0191,"Phosphatidylcholine":0.0251,"Choline":0.0342,"Lycopene":0.0466,"Lysine":0.0124,"Taurine":0.0021,"Glucoraphanin":0.0053,"Ubiquinol":0.0085,"Zinc Citrate":0.0074,"Fiber":0.0038,"Blueberries":0.0042,"Macadamia nuts":0.0476,"Walnuts":0.0258,"Omega 3":0.0011,"Omega 6":0.0507,"Calcium":0.0213,"EVOO polyphenols":0.0054,"Oleic acid":0.0223,"Protein (plant)":0.0022,"Copper":0.0018,"Caffeine":0.0216,"Magnesium Citrate":0.0206,"Manganese Citrate":0.0386,"Curcuminoids":0.0295,"Fisetin (smoketree extract)":0.001,"Garlic extract 12:1 odorless":0.0214,"Genistein (Japonica extract)":0.0152,"Milled Golden Flaxseed":0.0328,"SDG lignan":0.0526,"Phosphatidylinositol":0.0049,"Phosphatidylethanolamine":0.0228}],"vo2_max":16.8517}
