{"personal_data":[{"age":66,"gender":"F","name":"Levon Kutch"}],"fitness_data":[{"Backwards Sled, 2 min":1,"Posture exercises":1,"Tricep extensions":1,"Face pulls":4,"Butterfly":4,"Band pull apart (back muscles)":1,"Back extensions (on a hyperextension)":0,"Obliques (each side, on a hyperextension)":2,"StretchesKneeling shin_Kneeling shin_":2,"StretchesHip flexor_Hip flexor_":1,"StretchesCouch_Couch_":3,"Leg raises (for abdomen)":4,"Seated calf raises":3,"Poliquin step ups":1,"Slant board squats":3,"ATG Split squats":1,"Nordics":1,"Reverse Nordics":1,"Tibialis raises,":2,"IsoTib ankle rotations":4,"Pull ups":4,"Chin ups":2,"10 min HIIT":3}],"supplement_vars":[{"N-Acetyl-L-Cysteine (NAC)":0.0193,"N-Acetyl-L-Cysteine (NAC) 2":0.01,"Nicotinamide Riboside Chloride (NR)":0.0068,"Zeaxanthin":0.0124,"Phosphorus":0.0205,"Astaxanthin (Natural)":0.0035,"Boron Glycinate":0.0114,"CaAKG":0.0035,"Ashwagandha KSM66":0.0015,"Calcium L-5- Methyltetrahydrofolate (L-5-MTHF-Ca)":0.017,"Cocoa Powder (Non-Alkalised) 8+% Flavanols":0.0076,"Red Yeast Rice (2% Monacolin K)":0.0238,"Creatine Monohydrate":0.0613,"Ginger":0.0463,"Glucosamine Sulfate KCI":0.0484,"Grape Seed Extract 90% polyphenols":0.0062,"Broccoli Extract (glucoraphanin 10%)":0.0098,"Glycine":0.0201,"Theanine":0.0299,"Lactobacillus Acidophilus":0.0488,"Lithium orotate":0.0022,"Pomegranate Juice Extract (50% Polyphenols)":0.0574,"Potassium Iodate":0.0369,"Rhodiola 3% Rosavins / Salidroside 1%":0.009,"Selenium":0.0174,"Glutathione reduced":0.0185,"Lutein":0.023,"Luteolin":0.0002,"Cinnamon powder (ceylon) organic":0.0106,"Sodium Hyaluronate":0.0037,"Spermidine":0.0908,"Vitamin B1 (Thiamine HCl)":0.0129,"Vitamin B12 (Methylcobalamin)":0.022,"Vitamin B2 (Riboflavin-5-Phosphate)":0.0101,"Vitamin B3 (Niacinamide)":0.0682,"Vitamin B5 (Calcium-D-Pantothenate)":0.0137,"Vitamin B6 (Pyridoxal-5- Phosphate)":0.0304,"Vitamin B7 (D-Biotin)":0.0171,"Vitamin C (Ascorbic Acid)":0.0053,"Vitamin D Veg D3":0.009,"Vitamin E (d-alpha tocopherol)":0.0015,"Vitamin K1":0.0048,"Vitamin K2 MK-7 MCT Oil":0.0343,"Vitamin K2 MK-4 MCT Oil":0.0333,"Sunflower lecithin non-GMO":0.045,"Phosphatidylcholine":0.0335,"Choline":0.0076,"Lycopene":0.0648,"Lysine":0.003,"Taurine":0.0435,"Glucoraphanin":0.0187,"Ubiquinol":0.0057,"Zinc Citrate":0.0319,"Fiber":0.0044,"Blueberries":0.008,"Macadamia nuts":0.0382,"Walnuts":0.0634,"Omega 3":0.0434,"Omega 6":0.0679,"Calcium":0.049,"EVOO polyphenols":0.0014,"Oleic acid":0.0306,"Protein (plant)":0.003,"Copper":0.0064,"Caffeine":0.0523,"Magnesium Citrate":0.0373,"Manganese Citrate":0.0299,"Curcuminoids":0.0058,"Fisetin (smoketree extract)":0.0144,"Garlic extract 12:1 odorless":0.037,"Genistein (Japonica extract)":0.019,"Milled Golden Flaxseed":0.0206,"SDG lignan":0.035,"Phosphatidylinositol":0.0241,"Phosphatidylethanolamine":0.0045}],"vo2_max":20.9218}
