{"personal_data":[{"age":40,"gender":"F","name":"Jameson Bergstrom"}],"fitness_data":[{"Backwards Sled, 2 min":0,"Posture exercises":1,"Tricep extensions":2,"Face pulls":3,"Butterfly":2,"Band pull apart (back muscles)":4,"Back extensions (on a hyperextension)":4,"Obliques (each side, on a hyperextension)":1,"StretchesKneeling shin_Kneeling shin_":0,"StretchesHip flexor_Hip flexor_":3,"StretchesCouch_Couch_":3,"Leg raises (for abdomen)":3,"Seated calf raises":2,"Poliquin step ups":1,"Slant board squats":1,"ATG Split squats":6,"Nordics":4,"Reverse Nordics":3,"Tibialis raises,":2,"IsoTib ankle rotations":5,"Pull ups":3,"Chin ups":0,"10 min HIIT":3}],"supplement_vars":[{"N-Acetyl-L-Cysteine (NAC)":0.0184,"N-Acetyl-L-Cysteine (NAC) 2":0.007,"Nicotinamide Riboside Chloride (NR)":0.009,"Zeaxanthin":0.003,"Phosphorus":0.0125,"Astaxanthin (Natural)":0.0106,"Boron Glycinate":0.0452,"CaAKG":0.013,"Ashwagandha KSM66":0.0078,"Calcium L-5- Methyltetrahydrofolate (L-5-MTHF-Ca)":0.003,"Cocoa Powder (Non-Alkalised) 8+% Flavanols":0.0105,"Red Yeast Rice (2% Monacolin K)":0.021,"Creatine Monohydrate":0.0532,"Ginger":0.0274,"Glucosamine Sulfate KCI":0.0385,"Grape Seed Extract 90% polyphenols":0.0069,"Broccoli Extract (glucoraphanin 10%)":0.0083,"Glycine":0.0328,"Theanine":0.0131,"Lactobacillus Acidophilus":0.075,"Lithium orotate":0.0043,"Pomegranate Juice Extract (50% Polyphenols)":0.0207,"Potassium Iodate":0.0041,"Rhodiola 3% Rosavins / Salidroside 1%":0.055,"Selenium":0.0144,"Glutathione reduced":0.0167,"Lutein":0.0013,"Luteolin":0.004,"Cinnamon powder (ceylon) organic":0.0221,"Sodium Hyaluronate":0.0005,"Spermidine":0.0449,"Vitamin B1 (Thiamine HCl)":0.006,"Vitamin B12 (Methylcobalamin)":0.009,"Vitamin B2 (Riboflavin-5-Phosphate)":0.0363,"Vitamin B3 (Niacinamide)":0.0093,"Vitamin B5 (Calcium-D-Pantothenate)":0.0055,"Vitamin B6 (Pyridoxal-5- Phosphate)":0.0413,"Vitamin B7 (D-Biotin)":0.0072,"Vitamin C (Ascorbic Acid)":0.0041,"Vitamin D Veg D3":0.0459,"Vitamin E (d-alpha tocopherol)":0.0397,"Vitamin K1":0.0662,"Vitamin K2 MK-7 MCT Oil":0.0276,"Vitamin K2 MK-4 MCT Oil":0.0255,"Sunflower lecithin non-GMO":0.011,"Phosphatidylcholine":0.0048,"Choline":0.039,"Lycopene":0.0159,"Lysine":0.0117,"Taurine":0.0137,"Glucoraphanin":0.0329,"Ubiquinol":0.0016,"Zinc Citrate":0.0169,"Fiber":0.0058,"Blueberries":0.0686,"Macadamia nuts":0.0393,"Walnuts":0.0641,"Omega 3":0.0132,"Omega 6":0.0045,"Calcium":0.0664,"EVOO polyphenols":0.0039,"Oleic acid":0.003,"Protein (plant)":0.0032,"Copper":0.0008,"Caffeine":0.003,"Magnesium Citrate":0.0344,"Manganese Citrate":0.0741,"Curcuminoids":0.0357,"Fisetin (smoketree extract)":0.0274,"Garlic extract 12:1 odorless":0.001,"Genistein (Japonica extract)":0.0169,"Milled Golden Flaxseed":0.0225,"SDG lignan":0.0399,"Phosphatidylinositol":0.0121,"Phosphatidylethanolamine":0.0146}],"vo2_max":31.8805}
