{"personal_data":[{"age":22,"gender":"M","name":"Connie Dicki"}],"fitness_data":[{"Backwards Sled, 2 min":1,"Posture exercises":5,"Tricep extensions":3,"Face pulls":4,"Butterfly":5,"Band pull apart (back muscles)":0,"Back extensions (on a hyperextension)":1,"Obliques (each side, on a hyperextension)":4,"StretchesKneeling shin_Kneeling shin_":4,"StretchesHip flexor_Hip flexor_":4,"StretchesCouch_Couch_":1,"Leg raises (for abdomen)":3,"Seated calf raises":3,"Poliquin step ups":0,"Slant board squats":2,"ATG Split squats":2,"Nordics":6,"Reverse Nordics":2,"Tibialis raises,":4,"IsoTib ankle rotations":4,"Pull ups":2,"Chin ups":3,"10 min HIIT":3}],"supplement_vars":[{"N-Acetyl-L-Cysteine (NAC)":0.0122,"N-Acetyl-L-Cysteine (NAC) 2":0.0192,"Nicotinamide Riboside Chloride (NR)":0.0098,"Zeaxanthin":0.009,"Phosphorus":0.03,"Astaxanthin (Natural)":0.0042,"Boron Glycinate":0.0369,"CaAKG":0.0093,"Ashwagandha KSM66":0.002,"Calcium L-5- Methyltetrahydrofolate (L-5-MTHF-Ca)":0.0626,"Cocoa Powder (Non-Alkalised) 8+% Flavanols":0.0058,"Red Yeast Rice (2% Monacolin K)":0.0075,"Creatine Monohydrate":0.0691,"Ginger":0.0234,"Glucosamine Sulfate KCI":0.0634,"Grape Seed Extract 90% polyphenols":0.0111,"Broccoli Extract (glucoraphanin 10%)":0.004,"Glycine":0.031,"Theanine":0.0311,"Lactobacillus Acidophilus":0.0689,"Lithium orotate":0.0099,"Pomegranate Juice Extract (50% Polyphenols)":0.0668,"Potassium Iodate":0.0041,"Rhodiola 3% Rosavins / Salidroside 1%":0.0434,"Selenium":0.0277,"Glutathione reduced":0.02,"Lutein":0.0224,"Luteolin":0.0033,"Cinnamon powder (ceylon) organic":0.016,"Sodium Hyaluronate":0.0082,"Spermidine":0.0605,"Vitamin B1 (Thiamine HCl)":0.005,"Vitamin B12 (Methylcobalamin)":0.0567,"Vitamin B2 (Riboflavin-5-Phosphate)":0.0545,"Vitamin B3 (Niacinamide)":0.04,"Vitamin B5 (Calcium-D-Pantothenate)":0.0173,"Vitamin B6 (Pyridoxal-5- Phosphate)":0.0448,"Vitamin B7 (D-Biotin)":0.0192,"Vitamin C (Ascorbic Acid)":0.0075,"Vitamin D Veg D3":0.0319,"Vitamin E (d-alpha tocopherol)":0.0258,"Vitamin K1":0.0264,"Vitamin K2 MK-7 MCT Oil":0.0192,"Vitamin K2 MK-4 MCT Oil":0.0256,"Sunflower lecithin non-GMO":0.026,"Phosphatidylcholine":0.0231,"Choline":0.0247,"Lycopene":0.0132,"Lysine":0.0123,"Taurine":0.0197,"Glucoraphanin":0.0324,"Ubiquinol":0.0042,"Zinc Citrate":0.015,"Fiber":0.0006,"Blueberries":0.069,"Macadamia nuts":0.0806,"Walnuts":0.0357,"Omega 3":0.0498,"Omega 6":0.0641,"Calcium":0.0083,"EVOO polyphenols":0.0036,"Oleic acid":0.0298,"Protein (plant)":0.0047,"Copper":0.0216,"Caffeine":0.0522,"Magnesium Citrate":0.0027,"Manganese Citrate":0.0614,"Curcuminoids":0.0383,"Fisetin (smoketree extract)":0.0015,"Garlic extract 12:1 odorless":0.0161,"Genistein (Japonica extract)":0.0083,"Milled Golden Flaxseed":0.0131,"SDG lignan":0.0085,"Phosphatidylinositol":0.0011,"Phosphatidylethanolamine":0.0083}],"vo2_max":40.3957}
