{"personal_data":[{"age":76,"gender":"F","name":"Eveline Casper"}],"fitness_data":[{"Backwards Sled, 2 min":1,"Posture exercises":5,"Tricep extensions":3,"Face pulls":1,"Butterfly":5,"Band pull apart (back muscles)":2,"Back extensions (on a hyperextension)":0,"Obliques (each side, on a hyperextension)":4,"StretchesKneeling shin_Kneeling shin_":3,"StretchesHip flexor_Hip flexor_":2,"StretchesCouch_Couch_":2,"Leg raises (for abdomen)":0,"Seated calf raises":4,"Poliquin step ups":2,"Slant board squats":1,"ATG Split squats":5,"Nordics":0,"Reverse Nordics":4,"Tibialis raises,":4,"IsoTib ankle rotations":5,"Pull ups":0,"Chin ups":4,"10 min HIIT":0}],"supplement_vars":[{"N-Acetyl-L-Cysteine (NAC)":0.0087,"N-Acetyl-L-Cysteine (NAC) 2":0.0024,"Nicotinamide Riboside Chloride (NR)":0.0169,"Zeaxanthin":0.0091,"Phosphorus":0.0366,"Astaxanthin (Natural)":0.0076,"Boron Glycinate":0.0021,"CaAKG":0.0005,"Ashwagandha KSM66":0.0014,"Calcium L-5- Methyltetrahydrofolate (L-5-MTHF-Ca)":0.0663,"Cocoa Powder (Non-Alkalised) 8+% Flavanols":0.0039,"Red Yeast Rice (2% Monacolin K)":0.023,"Creatine Monohydrate":0.0146,"Ginger":0.0738,"Glucosamine Sulfate KCI":0.0426,"Grape Seed Extract 90% polyphenols":0.0054,"Broccoli Extract (glucoraphanin 10%)":0.0327,"Glycine":0.0068,"Theanine":0.0024,"Lactobacillus Acidophilus":0.0764,"Lithium orotate":0.0016,"Pomegranate Juice Extract (50% Polyphenols)":0.0682,"Potassium Iodate":0.0369,"Rhodiola 3% Rosavins / Salidroside 1%":0.0566,"Selenium":0.0061,"Glutathione reduced":0.0339,"Lutein":0.0151,"Luteolin":0.0067,"Cinnamon powder (ceylon) organic":0.0032,"Sodium Hyaluronate":0.0022,"Spermidine":0.0561,"Vitamin B1 (Thiamine HCl)":0.0018,"Vitamin B12 (Methylcobalamin)":0.0187,"Vitamin B2 (Riboflavin-5-Phosphate)":0.0672,"Vitamin B3 (Niacinamide)":0.0074,"Vitamin B5 (Calcium-D-Pantothenate)":0.0049,"Vitamin B6 (Pyridoxal-5- Phosphate)":0.0473,"Vitamin B7 (D-Biotin)":0.0325,"Vitamin C (Ascorbic Acid)":0.0112,"Vitamin D Veg D3":0.0006,"Vitamin E (d-alpha tocopherol)":0.0385,"Vitamin K1":0.0544,"Vitamin K2 MK-7 MCT Oil":0.0079,"Vitamin K2 MK-4 MCT Oil":0.0357,"Sunflower lecithin non-GMO":0.019,"Phosphatidylcholine":0.007,"Choline":0.0585,"Lycopene":0.0024,"Lysine":0.0091,"Taurine":0,"Glucoraphanin":0.023,"Ubiquinol":0.0124,"Zinc Citrate":0.0054,"Fiber":0.0031,"Blueberries":0.0618,"Macadamia nuts":0.0453,"Walnuts":0.0407,"Omega 3":0.0008,"Omega 6":0.031,"Calcium":0.0187,"EVOO polyphenols":0.0043,"Oleic acid":0.0136,"Protein (plant)":0.0018,"Copper":0.0179,"Caffeine":0.0203,"Magnesium Citrate":0.0474,"Manganese Citrate":0.0499,"Curcuminoids":0.0404,"Fisetin (smoketree extract)":0.0209,"Garlic extract 12:1 odorless":0.0073,"Genistein (Japonica extract)":0.0132,"Milled Golden Flaxseed":0.0301,"SDG lignan":0.0492,"Phosphatidylinositol":0.0089,"Phosphatidylethanolamine":0.0069}],"vo2_max":20.6945}
