{"personal_data":[{"age":43,"gender":"F","name":"May Klocko"}],"fitness_data":[{"Backwards Sled, 2 min":1,"Posture exercises":5,"Tricep extensions":3,"Face pulls":4,"Butterfly":4,"Band pull apart (back muscles)":2,"Back extensions (on a hyperextension)":3,"Obliques (each side, on a hyperextension)":2,"StretchesKneeling shin_Kneeling shin_":3,"StretchesHip flexor_Hip flexor_":4,"StretchesCouch_Couch_":2,"Leg raises (for abdomen)":5,"Seated calf raises":4,"Poliquin step ups":3,"Slant board squats":3,"ATG Split squats":4,"Nordics":3,"Reverse Nordics":1,"Tibialis raises,":2,"IsoTib ankle rotations":1,"Pull ups":2,"Chin ups":1,"10 min HIIT":4}],"supplement_vars":[{"N-Acetyl-L-Cysteine (NAC)":0.0067,"N-Acetyl-L-Cysteine (NAC) 2":0.0006,"Nicotinamide Riboside Chloride (NR)":0.0185,"Zeaxanthin":0.0035,"Phosphorus":0.0002,"Astaxanthin (Natural)":0.0217,"Boron Glycinate":0.0299,"CaAKG":0.0103,"Ashwagandha KSM66":0.0047,"Calcium L-5- Methyltetrahydrofolate (L-5-MTHF-Ca)":0.0602,"Cocoa Powder (Non-Alkalised) 8+% Flavanols":0.0206,"Red Yeast Rice (2% Monacolin K)":0.0064,"Creatine Monohydrate":0.0384,"Ginger":0.074,"Glucosamine Sulfate KCI":0.0093,"Grape Seed Extract 90% polyphenols":0.002,"Broccoli Extract (glucoraphanin 10%)":0.0186,"Glycine":0.001,"Theanine":0.0574,"Lactobacillus Acidophilus":0.0809,"Lithium orotate":0.0031,"Pomegranate Juice Extract (50% Polyphenols)":0.0505,"Potassium Iodate":0.041,"Rhodiola 3% Rosavins / Salidroside 1%":0.0238,"Selenium":0.0073,"Glutathione reduced":0.0394,"Lutein":0.0214,"Luteolin":0.0054,"Cinnamon powder (ceylon) organic":0.0016,"Sodium Hyaluronate":0.0076,"Spermidine":0.0607,"Vitamin B1 (Thiamine HCl)":0.0083,"Vitamin B12 (Methylcobalamin)":0.071,"Vitamin B2 (Riboflavin-5-Phosphate)":0.0334,"Vitamin B3 (Niacinamide)":0.0228,"Vitamin B5 (Calcium-D-Pantothenate)":0.0019,"Vitamin B6 (Pyridoxal-5- Phosphate)":0.0342,"Vitamin B7 (D-Biotin)":0.0158,"Vitamin C (Ascorbic Acid)":0.0105,"Vitamin D Veg D3":0.0284,"Vitamin E (d-alpha tocopherol)":0.028,"Vitamin K1":0.0598,"Vitamin K2 MK-7 MCT Oil":0.0168,"Vitamin K2 MK-4 MCT Oil":0.0009,"Sunflower lecithin non-GMO":0.0087,"Phosphatidylcholine":0.0098,"Choline":0.0422,"Lycopene":0.0255,"Lysine":0.0063,"Taurine":0.0374,"Glucoraphanin":0.0276,"Ubiquinol":0.007,"Zinc Citrate":0.0129,"Fiber":0.006,"Blueberries":0.0809,"Macadamia nuts":0.0776,"Walnuts":0.0332,"Omega 3":0.0466,"Omega 6":0.0012,"Calcium":0.0526,"EVOO polyphenols":0.0033,"Oleic acid":0.0359,"Protein (plant)":0.0008,"Copper":0.0026,"Caffeine":0.0427,"Magnesium Citrate":0.0132,"Manganese Citrate":0.025,"Curcuminoids":0.0428,"Fisetin (smoketree extract)":0.0319,"Garlic extract 12:1 odorless":0.0282,"Genistein (Japonica extract)":0.0206,"Milled Golden Flaxseed":0.0296,"SDG lignan":0.0406,"Phosphatidylinositol":0.0016,"Phosphatidylethanolamine":0.0462}],"vo2_max":31.6901}
