{"personal_data":[{"age":60,"gender":"M","name":"Ms. Rubie Bosco"}],"fitness_data":[{"Backwards Sled, 2 min":2,"Posture exercises":3,"Tricep extensions":3,"Face pulls":3,"Butterfly":4,"Band pull apart (back muscles)":4,"Back extensions (on a hyperextension)":1,"Obliques (each side, on a hyperextension)":3,"StretchesKneeling shin_Kneeling shin_":3,"StretchesHip flexor_Hip flexor_":0,"StretchesCouch_Couch_":0,"Leg raises (for abdomen)":2,"Seated calf raises":2,"Poliquin step ups":2,"Slant board squats":4,"ATG Split squats":0,"Nordics":5,"Reverse Nordics":2,"Tibialis raises,":1,"IsoTib ankle rotations":4,"Pull ups":3,"Chin ups":0,"10 min HIIT":1}],"supplement_vars":[{"N-Acetyl-L-Cysteine (NAC)":0.0068,"N-Acetyl-L-Cysteine (NAC) 2":0.0016,"Nicotinamide Riboside Chloride (NR)":0.0081,"Zeaxanthin":0.0095,"Phosphorus":0.0411,"Astaxanthin (Natural)":0.0229,"Boron Glycinate":0.0303,"CaAKG":0.0063,"Ashwagandha KSM66":0.0013,"Calcium L-5- Methyltetrahydrofolate (L-5-MTHF-Ca)":0.0478,"Cocoa Powder (Non-Alkalised) 8+% Flavanols":0.0021,"Red Yeast Rice (2% Monacolin K)":0.03,"Creatine Monohydrate":0.0206,"Ginger":0.0605,"Glucosamine Sulfate KCI":0.0473,"Grape Seed Extract 90% polyphenols":0.007,"Broccoli Extract (glucoraphanin 10%)":0.0329,"Glycine":0.0238,"Theanine":0.0485,"Lactobacillus Acidophilus":0.055,"Lithium orotate":0.0039,"Pomegranate Juice Extract (50% Polyphenols)":0.0347,"Potassium Iodate":0.0333,"Rhodiola 3% Rosavins / Salidroside 1%":0.0387,"Selenium":0.001,"Glutathione reduced":0.0071,"Lutein":0.0022,"Luteolin":0.001,"Cinnamon powder (ceylon) organic":0.0172,"Sodium Hyaluronate":0.0001,"Spermidine":0.0187,"Vitamin B1 (Thiamine HCl)":0.0035,"Vitamin B12 (Methylcobalamin)":0.0329,"Vitamin B2 (Riboflavin-5-Phosphate)":0.0245,"Vitamin B3 (Niacinamide)":0.0406,"Vitamin B5 (Calcium-D-Pantothenate)":0.0074,"Vitamin B6 (Pyridoxal-5- Phosphate)":0.0472,"Vitamin B7 (D-Biotin)":0.0322,"Vitamin C (Ascorbic Acid)":0.0036,"Vitamin D Veg D3":0.012,"Vitamin E (d-alpha tocopherol)":0.0325,"Vitamin K1":0.0468,"Vitamin K2 MK-7 MCT Oil":0.0224,"Vitamin K2 MK-4 MCT Oil":0.0185,"Sunflower lecithin non-GMO":0.0126,"Phosphatidylcholine":0.0008,"Choline":0.0438,"Lycopene":0.0295,"Lysine":0.0085,"Taurine":0.0402,"Glucoraphanin":0.0141,"Ubiquinol":0.0099,"Zinc Citrate":0.0064,"Fiber":0.0018,"Blueberries":0.0089,"Macadamia nuts":0.0897,"Walnuts":0.0293,"Omega 3":0.0089,"Omega 6":0.0173,"Calcium":0.059,"EVOO polyphenols":0.0011,"Oleic acid":0.0175,"Protein (plant)":0.0027,"Copper":0.0172,"Caffeine":0.0236,"Magnesium Citrate":0.0346,"Manganese Citrate":0.0704,"Curcuminoids":0.0351,"Fisetin (smoketree extract)":0.011,"Garlic extract 12:1 odorless":0.0182,"Genistein (Japonica extract)":0.013,"Milled Golden Flaxseed":0.0132,"SDG lignan":0.0028,"Phosphatidylinositol":0.0159,"Phosphatidylethanolamine":0.0103}],"vo2_max":20.8276}
