{"personal_data":[{"age":47,"gender":"M","name":"Gregorio Dach"}],"fitness_data":[{"Backwards Sled, 2 min":2,"Posture exercises":1,"Tricep extensions":2,"Face pulls":3,"Butterfly":6,"Band pull apart (back muscles)":2,"Back extensions (on a hyperextension)":2,"Obliques (each side, on a hyperextension)":0,"StretchesKneeling shin_Kneeling shin_":3,"StretchesHip flexor_Hip flexor_":3,"StretchesCouch_Couch_":2,"Leg raises (for abdomen)":2,"Seated calf raises":3,"Poliquin step ups":3,"Slant board squats":3,"ATG Split squats":2,"Nordics":5,"Reverse Nordics":2,"Tibialis raises,":4,"IsoTib ankle rotations":4,"Pull ups":0,"Chin ups":2,"10 min HIIT":4}],"supplement_vars":[{"N-Acetyl-L-Cysteine (NAC)":0.0153,"N-Acetyl-L-Cysteine (NAC) 2":0.0061,"Nicotinamide Riboside Chloride (NR)":0.0033,"Zeaxanthin":0.0018,"Phosphorus":0.0339,"Astaxanthin (Natural)":0.0126,"Boron Glycinate":0.0285,"CaAKG":0.0045,"Ashwagandha KSM66":0.0059,"Calcium L-5- Methyltetrahydrofolate (L-5-MTHF-Ca)":0.0421,"Cocoa Powder (Non-Alkalised) 8+% Flavanols":0.0187,"Red Yeast Rice (2% Monacolin K)":0.028,"Creatine Monohydrate":0.0365,"Ginger":0.053,"Glucosamine Sulfate KCI":0.0774,"Grape Seed Extract 90% polyphenols":0.0066,"Broccoli Extract (glucoraphanin 10%)":0.0266,"Glycine":0.0236,"Theanine":0.0607,"Lactobacillus Acidophilus":0.0323,"Lithium orotate":0.0016,"Pomegranate Juice Extract (50% Polyphenols)":0.0575,"Potassium Iodate":0.02,"Rhodiola 3% Rosavins / Salidroside 1%":0.0265,"Selenium":0.0357,"Glutathione reduced":0.0453,"Lutein":0.0094,"Luteolin":0.0063,"Cinnamon powder (ceylon) organic":0.0165,"Sodium Hyaluronate":0.0058,"Spermidine":0.0201,"Vitamin B1 (Thiamine HCl)":0.0014,"Vitamin B12 (Methylcobalamin)":0.0821,"Vitamin B2 (Riboflavin-5-Phosphate)":0.0157,"Vitamin B3 (Niacinamide)":0.034,"Vitamin B5 (Calcium-D-Pantothenate)":0.0203,"Vitamin B6 (Pyridoxal-5- Phosphate)":0.0163,"Vitamin B7 (D-Biotin)":0.0318,"Vitamin C (Ascorbic Acid)":0.0045,"Vitamin D Veg D3":0.0308,"Vitamin E (d-alpha tocopherol)":0.0193,"Vitamin K1":0.0132,"Vitamin K2 MK-7 MCT Oil":0.0001,"Vitamin K2 MK-4 MCT Oil":0.0321,"Sunflower lecithin non-GMO":0.0247,"Phosphatidylcholine":0.0182,"Choline":0.0076,"Lycopene":0.0758,"Lysine":0.0012,"Taurine":0.0036,"Glucoraphanin":0.0338,"Ubiquinol":0.0017,"Zinc Citrate":0.022,"Fiber":0.0048,"Blueberries":0.0192,"Macadamia nuts":0.0495,"Walnuts":0.0362,"Omega 3":0.0267,"Omega 6":0.0641,"Calcium":0.0729,"EVOO polyphenols":0.0026,"Oleic acid":0.0059,"Protein (plant)":0.0036,"Copper":0.0115,"Caffeine":0.0006,"Magnesium Citrate":0.0152,"Manganese Citrate":0.0487,"Curcuminoids":0.0057,"Fisetin (smoketree extract)":0.0154,"Garlic extract 12:1 odorless":0.0101,"Genistein (Japonica extract)":0.0075,"Milled Golden Flaxseed":0.0161,"SDG lignan":0.0318,"Phosphatidylinositol":0.0097,"Phosphatidylethanolamine":0.0409}],"vo2_max":31.0975}
