{"personal_data":[{"age":30,"gender":"M","name":"Neha Goodwin-Koss"}],"fitness_data":[{"Backwards Sled, 2 min":4,"Posture exercises":1,"Tricep extensions":1,"Face pulls":3,"Butterfly":2,"Band pull apart (back muscles)":5,"Back extensions (on a hyperextension)":3,"Obliques (each side, on a hyperextension)":2,"StretchesKneeling shin_Kneeling shin_":4,"StretchesHip flexor_Hip flexor_":4,"StretchesCouch_Couch_":2,"Leg raises (for abdomen)":2,"Seated calf raises":0,"Poliquin step ups":3,"Slant board squats":5,"ATG Split squats":4,"Nordics":6,"Reverse Nordics":2,"Tibialis raises,":0,"IsoTib ankle rotations":4,"Pull ups":1,"Chin ups":2,"10 min HIIT":2}],"supplement_vars":[{"N-Acetyl-L-Cysteine (NAC)":0.0147,"N-Acetyl-L-Cysteine (NAC) 2":0.0148,"Nicotinamide Riboside Chloride (NR)":0.0145,"Zeaxanthin":0.0062,"Phosphorus":0.02,"Astaxanthin (Natural)":0.0058,"Boron Glycinate":0.0458,"CaAKG":0.0067,"Ashwagandha KSM66":0.0026,"Calcium L-5- Methyltetrahydrofolate (L-5-MTHF-Ca)":0.0169,"Cocoa Powder (Non-Alkalised) 8+% Flavanols":0.0197,"Red Yeast Rice (2% Monacolin K)":0.008,"Creatine Monohydrate":0.0484,"Ginger":0.0158,"Glucosamine Sulfate KCI":0.0546,"Grape Seed Extract 90% polyphenols":0.0024,"Broccoli Extract (glucoraphanin 10%)":0.0248,"Glycine":0.0136,"Theanine":0.0141,"Lactobacillus Acidophilus":0.0804,"Lithium orotate":0.0071,"Pomegranate Juice Extract (50% Polyphenols)":0.0264,"Potassium Iodate":0.0006,"Rhodiola 3% Rosavins / Salidroside 1%":0.0495,"Selenium":0.0111,"Glutathione reduced":0.0029,"Lutein":0.012,"Luteolin":0.009,"Cinnamon powder (ceylon) organic":0.003,"Sodium Hyaluronate":0.0036,"Spermidine":0.0804,"Vitamin B1 (Thiamine HCl)":0.0142,"Vitamin B12 (Methylcobalamin)":0.0584,"Vitamin B2 (Riboflavin-5-Phosphate)":0.0633,"Vitamin B3 (Niacinamide)":0.0052,"Vitamin B5 (Calcium-D-Pantothenate)":0.0106,"Vitamin B6 (Pyridoxal-5- Phosphate)":0.016,"Vitamin B7 (D-Biotin)":0.0345,"Vitamin C (Ascorbic Acid)":0.0059,"Vitamin D Veg D3":0.031,"Vitamin E (d-alpha tocopherol)":0.0119,"Vitamin K1":0.0391,"Vitamin K2 MK-7 MCT Oil":0.0166,"Vitamin K2 MK-4 MCT Oil":0.0027,"Sunflower lecithin non-GMO":0.0239,"Phosphatidylcholine":0.0159,"Choline":0.0444,"Lycopene":0.0584,"Lysine":0.0046,"Taurine":0.0293,"Glucoraphanin":0.0181,"Ubiquinol":0.0064,"Zinc Citrate":0.0252,"Fiber":0.0008,"Blueberries":0.0508,"Macadamia nuts":0.0257,"Walnuts":0.0042,"Omega 3":0.0173,"Omega 6":0.0647,"Calcium":0.0374,"EVOO polyphenols":0.0005,"Oleic acid":0.0225,"Protein (plant)":0.0044,"Copper":0.0066,"Caffeine":0.0077,"Magnesium Citrate":0.0178,"Manganese Citrate":0.0779,"Curcuminoids":0.0149,"Fisetin (smoketree extract)":0.0177,"Garlic extract 12:1 odorless":0.0096,"Genistein (Japonica extract)":0.0085,"Milled Golden Flaxseed":0.0178,"SDG lignan":0.0236,"Phosphatidylinositol":0.0205,"Phosphatidylethanolamine":0.0282}],"vo2_max":34.0197}
