{"personal_data":[{"age":33,"gender":"M"}],"fitness_data":[{"Backwards Sled, 2 min":1,"Posture exercises":0,"Tricep extensions":3,"Face pulls":4,"Butterfly":6,"Band pull apart (back muscles)":0,"Back extensions (on a hyperextension)":3,"Obliques (each side, on a hyperextension)":2,"StretchesKneeling shin_Kneeling shin_":2,"StretchesHip flexor_Hip flexor_":6,"StretchesCouch_Couch_":0,"Leg raises (for abdomen)":2,"Seated calf raises":2,"Poliquin step ups":3,"Slant board squats":5,"ATG Split squats":2,"Nordics":4,"Reverse Nordics":3,"Tibialis raises,":1,"IsoTib ankle rotations":4,"Pull ups":1,"Chin ups":1,"10 min HIIT":0}],"supplement_vars":[{"N-Acetyl-L-Cysteine (NAC)":0.0094,"N-Acetyl-L-Cysteine (NAC) 2":0.0039,"Nicotinamide Riboside Chloride (NR)":0.0096,"Zeaxanthin":0.0112,"Phosphorus":0.0409,"Astaxanthin (Natural)":0.0183,"Boron Glycinate":0.0247,"CaAKG":0.0021,"Ashwagandha KSM66":0.0058,"Calcium L-5- Methyltetrahydrofolate (L-5-MTHF-Ca)":0.0661,"Cocoa Powder (Non-Alkalised) 8+% Flavanols":0.004,"Red Yeast Rice (2% Monacolin K)":0.0321,"Creatine Monohydrate":0.0458,"Ginger":0.061,"Glucosamine Sulfate KCI":0.0165,"Grape Seed Extract 90% polyphenols":0.009,"Broccoli Extract (glucoraphanin 10%)":0.0212,"Glycine":0.0125,"Theanine":0.0081,"Lactobacillus Acidophilus":0.0112,"Lithium orotate":0.0099,"Pomegranate Juice Extract (50% Polyphenols)":0.0095,"Potassium Iodate":0.0189,"Rhodiola 3% Rosavins / Salidroside 1%":0.004,"Selenium":0.0239,"Glutathione reduced":0.01,"Lutein":0.0098,"Luteolin":0.0055,"Cinnamon powder (ceylon) organic":0.0081,"Sodium Hyaluronate":0.0101,"Spermidine":0.02,"Vitamin B1 (Thiamine HCl)":0.0142,"Vitamin B12 (Methylcobalamin)":0.0421,"Vitamin B2 (Riboflavin-5-Phosphate)":0.0524,"Vitamin B3 (Niacinamide)":0.0167,"Vitamin B5 (Calcium-D-Pantothenate)":0.0132,"Vitamin B6 (Pyridoxal-5- Phosphate)":0.0174,"Vitamin B7 (D-Biotin)":0.0036,"Vitamin C (Ascorbic Acid)":0.0114,"Vitamin D Veg D3":0.0297,"Vitamin E (d-alpha tocopherol)":0.0142,"Vitamin K1":0.0294,"Vitamin K2 MK-7 MCT Oil":0.0101,"Vitamin K2 MK-4 MCT Oil":0.0222,"Sunflower lecithin non-GMO":0.0011,"Phosphatidylcholine":0.0036,"Choline":0.0528,"Lycopene":0.0017,"Lysine":0.0105,"Taurine":0.016,"Glucoraphanin":0.0065,"Ubiquinol":0.0097,"Zinc Citrate":0.0185,"Fiber":0.0017,"Blueberries":0.0547,"Macadamia nuts":0.0499,"Walnuts":0.0585,"Omega 3":0.0396,"Omega 6":0.0402,"Calcium":0.0252,"EVOO polyphenols":0.0003,"Oleic acid":0.0032,"Protein (plant)":0.0003,"Copper":0.0161,"Caffeine":0.025,"Magnesium Citrate":0.0112,"Manganese Citrate":0.0959,"Curcuminoids":0.0026,"Fisetin (smoketree extract)":0.0087,"Garlic extract 12:1 odorless":0.0102,"Genistein (Japonica extract)":0.0206,"Milled Golden Flaxseed":0.0145,"SDG lignan":0.0567,"Phosphatidylinositol":0.0204,"Phosphatidylethanolamine":0.0318}],"vo2_max":29.5143}
