{"personal_data":[{"age":72,"gender":"M","name":"Luis Russel-Price"}],"fitness_data":[{"Backwards Sled, 2 min":2,"Posture exercises":1,"Tricep extensions":2,"Face pulls":5,"Butterfly":5,"Band pull apart (back muscles)":3,"Back extensions (on a hyperextension)":0,"Obliques (each side, on a hyperextension)":3,"StretchesKneeling shin_Kneeling shin_":3,"StretchesHip flexor_Hip flexor_":5,"StretchesCouch_Couch_":3,"Leg raises (for abdomen)":4,"Seated calf raises":0,"Poliquin step ups":1,"Slant board squats":4,"ATG Split squats":2,"Nordics":6,"Reverse Nordics":1,"Tibialis raises,":2,"IsoTib ankle rotations":6,"Pull ups":0,"Chin ups":3,"10 min HIIT":1}],"supplement_vars":[{"N-Acetyl-L-Cysteine (NAC)":0.0168,"N-Acetyl-L-Cysteine (NAC) 2":0.0181,"Nicotinamide Riboside Chloride (NR)":0.0155,"Zeaxanthin":0.0099,"Phosphorus":0.0174,"Astaxanthin (Natural)":0.0092,"Boron Glycinate":0.0052,"CaAKG":0.0083,"Ashwagandha KSM66":0.0035,"Calcium L-5- Methyltetrahydrofolate (L-5-MTHF-Ca)":0.0507,"Cocoa Powder (Non-Alkalised) 8+% Flavanols":0.0119,"Red Yeast Rice (2% Monacolin K)":0.0059,"Creatine Monohydrate":0.0148,"Ginger":0.0478,"Glucosamine Sulfate KCI":0.0431,"Grape Seed Extract 90% polyphenols":0.0022,"Broccoli Extract (glucoraphanin 10%)":0.0021,"Glycine":0.0284,"Theanine":0.023,"Lactobacillus Acidophilus":0.0739,"Lithium orotate":0.0045,"Pomegranate Juice Extract (50% Polyphenols)":0.0488,"Potassium Iodate":0.0455,"Rhodiola 3% Rosavins / Salidroside 1%":0.04,"Selenium":0.0352,"Glutathione reduced":0.0166,"Lutein":0.0202,"Luteolin":0.0063,"Cinnamon powder (ceylon) organic":0.0015,"Sodium Hyaluronate":0.0097,"Spermidine":0.0358,"Vitamin B1 (Thiamine HCl)":0.0086,"Vitamin B12 (Methylcobalamin)":0.0636,"Vitamin B2 (Riboflavin-5-Phosphate)":0.0257,"Vitamin B3 (Niacinamide)":0.014,"Vitamin B5 (Calcium-D-Pantothenate)":0.0024,"Vitamin B6 (Pyridoxal-5- Phosphate)":0.0166,"Vitamin B7 (D-Biotin)":0.0113,"Vitamin C (Ascorbic Acid)":0.0121,"Vitamin D Veg D3":0.0133,"Vitamin E (d-alpha tocopherol)":0.0016,"Vitamin K1":0.0595,"Vitamin K2 MK-7 MCT Oil":0.0092,"Vitamin K2 MK-4 MCT Oil":0.0102,"Sunflower lecithin non-GMO":0.0201,"Phosphatidylcholine":0.0048,"Choline":0.0355,"Lycopene":0.0251,"Lysine":0.0092,"Taurine":0.0173,"Glucoraphanin":0.0168,"Ubiquinol":0.0129,"Zinc Citrate":0.0019,"Fiber":0.0026,"Blueberries":0.063,"Macadamia nuts":0.0844,"Walnuts":0.0031,"Omega 3":0.0478,"Omega 6":0.0137,"Calcium":0.0547,"EVOO polyphenols":0.0044,"Oleic acid":0.0125,"Protein (plant)":0.0007,"Copper":0.0094,"Caffeine":0.0297,"Magnesium Citrate":0.0184,"Manganese Citrate":0.0202,"Curcuminoids":0.0042,"Fisetin (smoketree extract)":0.0145,"Garlic extract 12:1 odorless":0.0272,"Genistein (Japonica extract)":0.004,"Milled Golden Flaxseed":0.0155,"SDG lignan":0.0387,"Phosphatidylinositol":0.0207,"Phosphatidylethanolamine":0.0017}],"vo2_max":16.5039}
