{"personal_data":[{"age":39,"gender":"F","name":"Reva Bogan"}],"fitness_data":[{"Backwards Sled, 2 min":4,"Posture exercises":3,"Tricep extensions":2,"Face pulls":4,"Butterfly":4,"Band pull apart (back muscles)":5,"Back extensions (on a hyperextension)":1,"Obliques (each side, on a hyperextension)":2,"StretchesKneeling shin_Kneeling shin_":3,"StretchesHip flexor_Hip flexor_":3,"StretchesCouch_Couch_":2,"Leg raises (for abdomen)":1,"Seated calf raises":4,"Poliquin step ups":3,"Slant board squats":5,"ATG Split squats":2,"Nordics":5,"Reverse Nordics":2,"Tibialis raises,":1,"IsoTib ankle rotations":5,"Pull ups":0,"Chin ups":0,"10 min HIIT":0}],"supplement_vars":[{"N-Acetyl-L-Cysteine (NAC)":0.0171,"N-Acetyl-L-Cysteine (NAC) 2":0.0011,"Nicotinamide Riboside Chloride (NR)":0.006,"Zeaxanthin":0.0054,"Phosphorus":0.0212,"Astaxanthin (Natural)":0.0082,"Boron Glycinate":0.0007,"CaAKG":0.0109,"Ashwagandha KSM66":0.0078,"Calcium L-5- Methyltetrahydrofolate (L-5-MTHF-Ca)":0.004,"Cocoa Powder (Non-Alkalised) 8+% Flavanols":0.0152,"Red Yeast Rice (2% Monacolin K)":0.0065,"Creatine Monohydrate":0.0013,"Ginger":0.0548,"Glucosamine Sulfate KCI":0.0199,"Grape Seed Extract 90% polyphenols":0.0001,"Broccoli Extract (glucoraphanin 10%)":0.0153,"Glycine":0.0057,"Theanine":0.0461,"Lactobacillus Acidophilus":0.0705,"Lithium orotate":0.0002,"Pomegranate Juice Extract (50% Polyphenols)":0.0569,"Potassium Iodate":0.0128,"Rhodiola 3% Rosavins / Salidroside 1%":0.0227,"Selenium":0.0079,"Glutathione reduced":0.0322,"Lutein":0.0222,"Luteolin":0.0002,"Cinnamon powder (ceylon) organic":0.0092,"Sodium Hyaluronate":0.0035,"Spermidine":0.0574,"Vitamin B1 (Thiamine HCl)":0.0036,"Vitamin B12 (Methylcobalamin)":0.065,"Vitamin B2 (Riboflavin-5-Phosphate)":0.0514,"Vitamin B3 (Niacinamide)":0.022,"Vitamin B5 (Calcium-D-Pantothenate)":0.0066,"Vitamin B6 (Pyridoxal-5- Phosphate)":0.02,"Vitamin B7 (D-Biotin)":0.0285,"Vitamin C (Ascorbic Acid)":0.0071,"Vitamin D Veg D3":0.02,"Vitamin E (d-alpha tocopherol)":0.035,"Vitamin K1":0.0139,"Vitamin K2 MK-7 MCT Oil":0.029,"Vitamin K2 MK-4 MCT Oil":0.0049,"Sunflower lecithin non-GMO":0.0203,"Phosphatidylcholine":0.0054,"Choline":0.0542,"Lycopene":0.0671,"Lysine":0.0092,"Taurine":0.0388,"Glucoraphanin":0.0232,"Ubiquinol":0.0014,"Zinc Citrate":0.0183,"Fiber":0.0008,"Blueberries":0.002,"Macadamia nuts":0.0063,"Walnuts":0.0629,"Omega 3":0.0397,"Omega 6":0.0459,"Calcium":0.0056,"EVOO polyphenols":0.0042,"Oleic acid":0.0296,"Protein (plant)":0.002,"Copper":0.0034,"Caffeine":0.0374,"Magnesium Citrate":0.0011,"Manganese Citrate":0.0326,"Curcuminoids":0.0052,"Fisetin (smoketree extract)":0.0037,"Garlic extract 12:1 odorless":0.0204,"Genistein (Japonica extract)":0.0122,"Milled Golden Flaxseed":0.0367,"SDG lignan":0.0164,"Phosphatidylinositol":0.0014,"Phosphatidylethanolamine":0.0424}],"vo2_max":29.2608}
