{"personal_data":[{"age":79,"gender":"F","name":"Heidi Bartell"}],"fitness_data":[{"Backwards Sled, 2 min":4,"Posture exercises":3,"Tricep extensions":2,"Face pulls":4,"Butterfly":2,"Band pull apart (back muscles)":2,"Back extensions (on a hyperextension)":0,"Obliques (each side, on a hyperextension)":2,"StretchesKneeling shin_Kneeling shin_":0,"StretchesHip flexor_Hip flexor_":4,"StretchesCouch_Couch_":1,"Leg raises (for abdomen)":1,"Seated calf raises":2,"Poliquin step ups":1,"Slant board squats":6,"ATG Split squats":5,"Nordics":3,"Reverse Nordics":2,"Tibialis raises,":0,"IsoTib ankle rotations":5,"Pull ups":0,"Chin ups":0,"10 min HIIT":0}],"supplement_vars":[{"N-Acetyl-L-Cysteine (NAC)":0.0075,"N-Acetyl-L-Cysteine (NAC) 2":0.0148,"Nicotinamide Riboside Chloride (NR)":0.0044,"Zeaxanthin":0.0105,"Phosphorus":0.0171,"Astaxanthin (Natural)":0.021,"Boron Glycinate":0.0256,"CaAKG":0.0063,"Ashwagandha KSM66":0.0027,"Calcium L-5- Methyltetrahydrofolate (L-5-MTHF-Ca)":0.0117,"Cocoa Powder (Non-Alkalised) 8+% Flavanols":0.0054,"Red Yeast Rice (2% Monacolin K)":0.0156,"Creatine Monohydrate":0.0242,"Ginger":0.0619,"Glucosamine Sulfate KCI":0.0509,"Grape Seed Extract 90% polyphenols":0.0108,"Broccoli Extract (glucoraphanin 10%)":0.0163,"Glycine":0.0063,"Theanine":0.0494,"Lactobacillus Acidophilus":0.0484,"Lithium orotate":0.0085,"Pomegranate Juice Extract (50% Polyphenols)":0.0689,"Potassium Iodate":0.0347,"Rhodiola 3% Rosavins / Salidroside 1%":0.0528,"Selenium":0.0283,"Glutathione reduced":0.0432,"Lutein":0.0157,"Luteolin":0.0089,"Cinnamon powder (ceylon) organic":0.0015,"Sodium Hyaluronate":0.0022,"Spermidine":0.0516,"Vitamin B1 (Thiamine HCl)":0.0166,"Vitamin B12 (Methylcobalamin)":0.063,"Vitamin B2 (Riboflavin-5-Phosphate)":0.05,"Vitamin B3 (Niacinamide)":0.0223,"Vitamin B5 (Calcium-D-Pantothenate)":0.0097,"Vitamin B6 (Pyridoxal-5- Phosphate)":0.0259,"Vitamin B7 (D-Biotin)":0.0101,"Vitamin C (Ascorbic Acid)":0.0053,"Vitamin D Veg D3":0.0189,"Vitamin E (d-alpha tocopherol)":0.01,"Vitamin K1":0.0319,"Vitamin K2 MK-7 MCT Oil":0.0149,"Vitamin K2 MK-4 MCT Oil":0.0344,"Sunflower lecithin non-GMO":0.0174,"Phosphatidylcholine":0.0228,"Choline":0.0097,"Lycopene":0.0413,"Lysine":0.0017,"Taurine":0.0248,"Glucoraphanin":0.024,"Ubiquinol":0.0024,"Zinc Citrate":0.0006,"Fiber":0.0047,"Blueberries":0.0403,"Macadamia nuts":0.0883,"Walnuts":0.0494,"Omega 3":0.0029,"Omega 6":0.0282,"Calcium":0.0235,"EVOO polyphenols":0.0023,"Oleic acid":0.0368,"Protein (plant)":0.0027,"Copper":0.024,"Caffeine":0.0099,"Magnesium Citrate":0.0044,"Manganese Citrate":0.0062,"Curcuminoids":0.0009,"Fisetin (smoketree extract)":0.0168,"Garlic extract 12:1 odorless":0.0245,"Genistein (Japonica extract)":0.0134,"Milled Golden Flaxseed":0.0056,"SDG lignan":0.0571,"Phosphatidylinositol":0.0184,"Phosphatidylethanolamine":0.0074}],"vo2_max":19.5051}
