{"personal_data":[{"age":23,"gender":"F","name":"Neal Abbott"}],"fitness_data":[{"Backwards Sled, 2 min":3,"Posture exercises":1,"Tricep extensions":1,"Face pulls":3,"Butterfly":3,"Band pull apart (back muscles)":6,"Back extensions (on a hyperextension)":2,"Obliques (each side, on a hyperextension)":3,"StretchesKneeling shin_Kneeling shin_":0,"StretchesHip flexor_Hip flexor_":3,"StretchesCouch_Couch_":1,"Leg raises (for abdomen)":5,"Seated calf raises":3,"Poliquin step ups":2,"Slant board squats":6,"ATG Split squats":5,"Nordics":4,"Reverse Nordics":2,"Tibialis raises,":2,"IsoTib ankle rotations":3,"Pull ups":3,"Chin ups":3,"10 min HIIT":3}],"supplement_vars":[{"N-Acetyl-L-Cysteine (NAC)":0.0069,"N-Acetyl-L-Cysteine (NAC) 2":0.0037,"Nicotinamide Riboside Chloride (NR)":0.0142,"Zeaxanthin":0.0086,"Phosphorus":0.0373,"Astaxanthin (Natural)":0.007,"Boron Glycinate":0.0001,"CaAKG":0.0012,"Ashwagandha KSM66":0.0086,"Calcium L-5- Methyltetrahydrofolate (L-5-MTHF-Ca)":0.0608,"Cocoa Powder (Non-Alkalised) 8+% Flavanols":0.0034,"Red Yeast Rice (2% Monacolin K)":0.0019,"Creatine Monohydrate":0.0108,"Ginger":0.0414,"Glucosamine Sulfate KCI":0.0047,"Grape Seed Extract 90% polyphenols":0.0111,"Broccoli Extract (glucoraphanin 10%)":0.0106,"Glycine":0.0267,"Theanine":0.0488,"Lactobacillus Acidophilus":0.0685,"Lithium orotate":0.0045,"Pomegranate Juice Extract (50% Polyphenols)":0.0572,"Potassium Iodate":0.043,"Rhodiola 3% Rosavins / Salidroside 1%":0.0165,"Selenium":0.0087,"Glutathione reduced":0.0254,"Lutein":0.0216,"Luteolin":0.008,"Cinnamon powder (ceylon) organic":0.0143,"Sodium Hyaluronate":0.0095,"Spermidine":0.0629,"Vitamin B1 (Thiamine HCl)":0.0039,"Vitamin B12 (Methylcobalamin)":0.0599,"Vitamin B2 (Riboflavin-5-Phosphate)":0.0281,"Vitamin B3 (Niacinamide)":0.0232,"Vitamin B5 (Calcium-D-Pantothenate)":0.0129,"Vitamin B6 (Pyridoxal-5- Phosphate)":0.0297,"Vitamin B7 (D-Biotin)":0.0139,"Vitamin C (Ascorbic Acid)":0.0096,"Vitamin D Veg D3":0.023,"Vitamin E (d-alpha tocopherol)":0.0121,"Vitamin K1":0.0135,"Vitamin K2 MK-7 MCT Oil":0.0099,"Vitamin K2 MK-4 MCT Oil":0.0071,"Sunflower lecithin non-GMO":0.0124,"Phosphatidylcholine":0.0159,"Choline":0.0614,"Lycopene":0.044,"Lysine":0.0055,"Taurine":0.0294,"Glucoraphanin":0.0251,"Ubiquinol":0.0091,"Zinc Citrate":0.0205,"Fiber":0.0018,"Blueberries":0.0641,"Macadamia nuts":0.0533,"Walnuts":0.0657,"Omega 3":0.0421,"Omega 6":0.0555,"Calcium":0.0005,"EVOO polyphenols":0.0024,"Oleic acid":0.0253,"Protein (plant)":0.0035,"Copper":0.0089,"Caffeine":0.0238,"Magnesium Citrate":0.0196,"Manganese Citrate":0.0238,"Curcuminoids":0.0021,"Fisetin (smoketree extract)":0.0324,"Garlic extract 12:1 odorless":0.038,"Genistein (Japonica extract)":0.0148,"Milled Golden Flaxseed":0.0105,"SDG lignan":0.044,"Phosphatidylinositol":0.0064,"Phosphatidylethanolamine":0.0517}],"vo2_max":36.5899}
