{"personal_data":[{"age":60,"gender":"M","name":"Douglas King Jr."}],"fitness_data":[{"Backwards Sled, 2 min":2,"Posture exercises":3,"Tricep extensions":3,"Face pulls":1,"Butterfly":4,"Band pull apart (back muscles)":5,"Back extensions (on a hyperextension)":0,"Obliques (each side, on a hyperextension)":3,"StretchesKneeling shin_Kneeling shin_":3,"StretchesHip flexor_Hip flexor_":1,"StretchesCouch_Couch_":2,"Leg raises (for abdomen)":4,"Seated calf raises":1,"Poliquin step ups":3,"Slant board squats":6,"ATG Split squats":1,"Nordics":1,"Reverse Nordics":3,"Tibialis raises,":2,"IsoTib ankle rotations":0,"Pull ups":1,"Chin ups":2,"10 min HIIT":1}],"supplement_vars":[{"N-Acetyl-L-Cysteine (NAC)":0.0028,"N-Acetyl-L-Cysteine (NAC) 2":0.0055,"Nicotinamide Riboside Chloride (NR)":0.0184,"Zeaxanthin":0.0063,"Phosphorus":0.0413,"Astaxanthin (Natural)":0.0224,"Boron Glycinate":0.0296,"CaAKG":0.0078,"Ashwagandha KSM66":0.0003,"Calcium L-5- Methyltetrahydrofolate (L-5-MTHF-Ca)":0.0541,"Cocoa Powder (Non-Alkalised) 8+% Flavanols":0.014,"Red Yeast Rice (2% Monacolin K)":0.0012,"Creatine Monohydrate":0.026,"Ginger":0.0617,"Glucosamine Sulfate KCI":0.0299,"Grape Seed Extract 90% polyphenols":0.0119,"Broccoli Extract (glucoraphanin 10%)":0.0014,"Glycine":0.0076,"Theanine":0.0265,"Lactobacillus Acidophilus":0.0325,"Lithium orotate":0.0027,"Pomegranate Juice Extract (50% Polyphenols)":0.0166,"Potassium Iodate":0.0036,"Rhodiola 3% Rosavins / Salidroside 1%":0.061,"Selenium":0.018,"Glutathione reduced":0.0567,"Lutein":0.002,"Luteolin":0.0039,"Cinnamon powder (ceylon) organic":0.0102,"Sodium Hyaluronate":0.0099,"Spermidine":0.0641,"Vitamin B1 (Thiamine HCl)":0.0018,"Vitamin B12 (Methylcobalamin)":0.0153,"Vitamin B2 (Riboflavin-5-Phosphate)":0.0538,"Vitamin B3 (Niacinamide)":0.0239,"Vitamin B5 (Calcium-D-Pantothenate)":0.0139,"Vitamin B6 (Pyridoxal-5- Phosphate)":0.001,"Vitamin B7 (D-Biotin)":0.009,"Vitamin C (Ascorbic Acid)":0.0038,"Vitamin D Veg D3":0.0376,"Vitamin E (d-alpha tocopherol)":0.0448,"Vitamin K1":0.0016,"Vitamin K2 MK-7 MCT Oil":0.0144,"Vitamin K2 MK-4 MCT Oil":0.0139,"Sunflower lecithin non-GMO":0.03,"Phosphatidylcholine":0.0277,"Choline":0.0189,"Lycopene":0.0226,"Lysine":0.0122,"Taurine":0.0194,"Glucoraphanin":0.0243,"Ubiquinol":0.0122,"Zinc Citrate":0.0183,"Fiber":0.0026,"Blueberries":0.0544,"Macadamia nuts":0.0528,"Walnuts":0.0704,"Omega 3":0.0103,"Omega 6":0.0174,"Calcium":0.0165,"EVOO polyphenols":0.0041,"Oleic acid":0.0034,"Protein (plant)":0.004,"Copper":0.0123,"Caffeine":0.0499,"Magnesium Citrate":0.0242,"Manganese Citrate":0.026,"Curcuminoids":0.0448,"Fisetin (smoketree extract)":0.0208,"Garlic extract 12:1 odorless":0.0204,"Genistein (Japonica extract)":0.0208,"Milled Golden Flaxseed":0.0166,"SDG lignan":0.0061,"Phosphatidylinositol":0.0206,"Phosphatidylethanolamine":0.0062}],"vo2_max":25.6565}
