{"personal_data":[{"age":69,"gender":"F","name":"Golden Streich I"}],"fitness_data":[{"Backwards Sled, 2 min":2,"Posture exercises":1,"Tricep extensions":0,"Face pulls":4,"Butterfly":2,"Band pull apart (back muscles)":5,"Back extensions (on a hyperextension)":4,"Obliques (each side, on a hyperextension)":2,"StretchesKneeling shin_Kneeling shin_":4,"StretchesHip flexor_Hip flexor_":1,"StretchesCouch_Couch_":2,"Leg raises (for abdomen)":2,"Seated calf raises":4,"Poliquin step ups":0,"Slant board squats":3,"ATG Split squats":5,"Nordics":0,"Reverse Nordics":0,"Tibialis raises,":2,"IsoTib ankle rotations":4,"Pull ups":3,"Chin ups":2,"10 min HIIT":2}],"supplement_vars":[{"N-Acetyl-L-Cysteine (NAC)":0.004,"N-Acetyl-L-Cysteine (NAC) 2":0.0036,"Nicotinamide Riboside Chloride (NR)":0.0139,"Zeaxanthin":0.0101,"Phosphorus":0.0097,"Astaxanthin (Natural)":0.023,"Boron Glycinate":0.0377,"CaAKG":0.0055,"Ashwagandha KSM66":0,"Calcium L-5- Methyltetrahydrofolate (L-5-MTHF-Ca)":0.0662,"Cocoa Powder (Non-Alkalised) 8+% Flavanols":0.0224,"Red Yeast Rice (2% Monacolin K)":0.004,"Creatine Monohydrate":0.0035,"Ginger":0.068,"Glucosamine Sulfate KCI":0.0615,"Grape Seed Extract 90% polyphenols":0.0068,"Broccoli Extract (glucoraphanin 10%)":0.0187,"Glycine":0.0044,"Theanine":0.0514,"Lactobacillus Acidophilus":0.0192,"Lithium orotate":0.0085,"Pomegranate Juice Extract (50% Polyphenols)":0.0662,"Potassium Iodate":0.0237,"Rhodiola 3% Rosavins / Salidroside 1%":0.003,"Selenium":0.0026,"Glutathione reduced":0.0034,"Lutein":0.0032,"Luteolin":0.0077,"Cinnamon powder (ceylon) organic":0.0105,"Sodium Hyaluronate":0.0019,"Spermidine":0.0567,"Vitamin B1 (Thiamine HCl)":0.0168,"Vitamin B12 (Methylcobalamin)":0.039,"Vitamin B2 (Riboflavin-5-Phosphate)":0.052,"Vitamin B3 (Niacinamide)":0.0318,"Vitamin B5 (Calcium-D-Pantothenate)":0.0061,"Vitamin B6 (Pyridoxal-5- Phosphate)":0.0393,"Vitamin B7 (D-Biotin)":0.0155,"Vitamin C (Ascorbic Acid)":0.0076,"Vitamin D Veg D3":0.017,"Vitamin E (d-alpha tocopherol)":0.0231,"Vitamin K1":0.0418,"Vitamin K2 MK-7 MCT Oil":0.0063,"Vitamin K2 MK-4 MCT Oil":0.0209,"Sunflower lecithin non-GMO":0.0431,"Phosphatidylcholine":0.0137,"Choline":0.0508,"Lycopene":0.0036,"Lysine":0.0018,"Taurine":0.0036,"Glucoraphanin":0.0344,"Ubiquinol":0.011,"Zinc Citrate":0.0135,"Fiber":0.0055,"Blueberries":0.08,"Macadamia nuts":0.0806,"Walnuts":0.0099,"Omega 3":0.0317,"Omega 6":0.0559,"Calcium":0.0662,"EVOO polyphenols":0.0003,"Oleic acid":0.0124,"Protein (plant)":0.0048,"Copper":0.0053,"Caffeine":0.0508,"Magnesium Citrate":0.0605,"Manganese Citrate":0.005,"Curcuminoids":0.0028,"Fisetin (smoketree extract)":0.0224,"Garlic extract 12:1 odorless":0.0411,"Genistein (Japonica extract)":0.0218,"Milled Golden Flaxseed":0.0134,"SDG lignan":0.0413,"Phosphatidylinositol":0.0015,"Phosphatidylethanolamine":0.028}],"vo2_max":24.8365}
