{"personal_data":[{"age":28,"gender":"M","name":"Malaya Von"}],"fitness_data":[{"Backwards Sled, 2 min":5,"Posture exercises":2,"Tricep extensions":3,"Face pulls":5,"Butterfly":6,"Band pull apart (back muscles)":3,"Back extensions (on a hyperextension)":3,"Obliques (each side, on a hyperextension)":3,"StretchesKneeling shin_Kneeling shin_":5,"StretchesHip flexor_Hip flexor_":3,"StretchesCouch_Couch_":1,"Leg raises (for abdomen)":4,"Seated calf raises":2,"Poliquin step ups":2,"Slant board squats":2,"ATG Split squats":0,"Nordics":1,"Reverse Nordics":2,"Tibialis raises,":1,"IsoTib ankle rotations":2,"Pull ups":2,"Chin ups":1,"10 min HIIT":1}],"supplement_vars":[{"N-Acetyl-L-Cysteine (NAC)":0.0152,"N-Acetyl-L-Cysteine (NAC) 2":0.0034,"Nicotinamide Riboside Chloride (NR)":0.0124,"Zeaxanthin":0.0027,"Phosphorus":0.0163,"Astaxanthin (Natural)":0.0167,"Boron Glycinate":0.0408,"CaAKG":0.0011,"Ashwagandha KSM66":0.0078,"Calcium L-5- Methyltetrahydrofolate (L-5-MTHF-Ca)":0.0154,"Cocoa Powder (Non-Alkalised) 8+% Flavanols":0.0098,"Red Yeast Rice (2% Monacolin K)":0.0337,"Creatine Monohydrate":0.0003,"Ginger":0.063,"Glucosamine Sulfate KCI":0.0052,"Grape Seed Extract 90% polyphenols":0.0011,"Broccoli Extract (glucoraphanin 10%)":0.0255,"Glycine":0.0198,"Theanine":0.033,"Lactobacillus Acidophilus":0.0131,"Lithium orotate":0.0026,"Pomegranate Juice Extract (50% Polyphenols)":0.0673,"Potassium Iodate":0.0432,"Rhodiola 3% Rosavins / Salidroside 1%":0.0086,"Selenium":0.0132,"Glutathione reduced":0.0085,"Lutein":0.0153,"Luteolin":0.0019,"Cinnamon powder (ceylon) organic":0.0099,"Sodium Hyaluronate":0.01,"Spermidine":0.0515,"Vitamin B1 (Thiamine HCl)":0.0153,"Vitamin B12 (Methylcobalamin)":0.0653,"Vitamin B2 (Riboflavin-5-Phosphate)":0.0123,"Vitamin B3 (Niacinamide)":0.0256,"Vitamin B5 (Calcium-D-Pantothenate)":0.0074,"Vitamin B6 (Pyridoxal-5- Phosphate)":0.0198,"Vitamin B7 (D-Biotin)":0.0329,"Vitamin C (Ascorbic Acid)":0.0064,"Vitamin D Veg D3":0.0425,"Vitamin E (d-alpha tocopherol)":0.0311,"Vitamin K1":0.0239,"Vitamin K2 MK-7 MCT Oil":0.0151,"Vitamin K2 MK-4 MCT Oil":0.0295,"Sunflower lecithin non-GMO":0.0079,"Phosphatidylcholine":0.0265,"Choline":0.0428,"Lycopene":0.016,"Lysine":0.0087,"Taurine":0.0271,"Glucoraphanin":0.0267,"Ubiquinol":0.0126,"Zinc Citrate":0.001,"Fiber":0.0039,"Blueberries":0.0466,"Macadamia nuts":0.0504,"Walnuts":0.0523,"Omega 3":0.0027,"Omega 6":0.0432,"Calcium":0.0063,"EVOO polyphenols":0.0057,"Oleic acid":0.0161,"Protein (plant)":0.0011,"Copper":0.0074,"Caffeine":0.0272,"Magnesium Citrate":0.0014,"Manganese Citrate":0.0526,"Curcuminoids":0.0454,"Fisetin (smoketree extract)":0.0108,"Garlic extract 12:1 odorless":0.0112,"Genistein (Japonica extract)":0.0074,"Milled Golden Flaxseed":0.0236,"SDG lignan":0.0137,"Phosphatidylinositol":0.0257,"Phosphatidylethanolamine":0.011}],"vo2_max":35.4394}
