{"personal_data":[{"age":67,"gender":"F","name":"Zaire Ullrich"}],"fitness_data":[{"Backwards Sled, 2 min":3,"Posture exercises":4,"Tricep extensions":2,"Face pulls":3,"Butterfly":1,"Band pull apart (back muscles)":6,"Back extensions (on a hyperextension)":4,"Obliques (each side, on a hyperextension)":2,"StretchesKneeling shin_Kneeling shin_":5,"StretchesHip flexor_Hip flexor_":6,"StretchesCouch_Couch_":1,"Leg raises (for abdomen)":5,"Seated calf raises":1,"Poliquin step ups":2,"Slant board squats":6,"ATG Split squats":3,"Nordics":4,"Reverse Nordics":3,"Tibialis raises,":1,"IsoTib ankle rotations":1,"Pull ups":2,"Chin ups":3,"10 min HIIT":1}],"supplement_vars":[{"N-Acetyl-L-Cysteine (NAC)":0.0056,"N-Acetyl-L-Cysteine (NAC) 2":0.0027,"Nicotinamide Riboside Chloride (NR)":0.0013,"Zeaxanthin":0.0051,"Phosphorus":0.025,"Astaxanthin (Natural)":0.0078,"Boron Glycinate":0.0181,"CaAKG":0.0058,"Ashwagandha KSM66":0.0041,"Calcium L-5- Methyltetrahydrofolate (L-5-MTHF-Ca)":0.0055,"Cocoa Powder (Non-Alkalised) 8+% Flavanols":0.0053,"Red Yeast Rice (2% Monacolin K)":0.0322,"Creatine Monohydrate":0.0518,"Ginger":0.0364,"Glucosamine Sulfate KCI":0.0523,"Grape Seed Extract 90% polyphenols":0.0009,"Broccoli Extract (glucoraphanin 10%)":0.0221,"Glycine":0.0253,"Theanine":0.0387,"Lactobacillus Acidophilus":0.0429,"Lithium orotate":0.0045,"Pomegranate Juice Extract (50% Polyphenols)":0.0293,"Potassium Iodate":0.0349,"Rhodiola 3% Rosavins / Salidroside 1%":0.0475,"Selenium":0.0106,"Glutathione reduced":0.0105,"Lutein":0.0249,"Luteolin":0.0015,"Cinnamon powder (ceylon) organic":0.0087,"Sodium Hyaluronate":0.0024,"Spermidine":0.0208,"Vitamin B1 (Thiamine HCl)":0.0064,"Vitamin B12 (Methylcobalamin)":0.0307,"Vitamin B2 (Riboflavin-5-Phosphate)":0.0624,"Vitamin B3 (Niacinamide)":0.0401,"Vitamin B5 (Calcium-D-Pantothenate)":0.0101,"Vitamin B6 (Pyridoxal-5- Phosphate)":0.0086,"Vitamin B7 (D-Biotin)":0.0112,"Vitamin C (Ascorbic Acid)":0.0093,"Vitamin D Veg D3":0.0443,"Vitamin E (d-alpha tocopherol)":0.0063,"Vitamin K1":0.0576,"Vitamin K2 MK-7 MCT Oil":0.0078,"Vitamin K2 MK-4 MCT Oil":0.0275,"Sunflower lecithin non-GMO":0.021,"Phosphatidylcholine":0.0053,"Choline":0.0311,"Lycopene":0.008,"Lysine":0.0064,"Taurine":0.0289,"Glucoraphanin":0.0059,"Ubiquinol":0.0062,"Zinc Citrate":0.0273,"Fiber":0.0057,"Blueberries":0.0383,"Macadamia nuts":0.062,"Walnuts":0.0273,"Omega 3":0.0114,"Omega 6":0.0493,"Calcium":0.058,"EVOO polyphenols":0.002,"Oleic acid":0.0104,"Protein (plant)":0.0013,"Copper":0.005,"Caffeine":0.0371,"Magnesium Citrate":0.0363,"Manganese Citrate":0.0774,"Curcuminoids":0.0115,"Fisetin (smoketree extract)":0.0157,"Garlic extract 12:1 odorless":0.0193,"Genistein (Japonica extract)":0.0117,"Milled Golden Flaxseed":0.0212,"SDG lignan":0.0549,"Phosphatidylinositol":0.0106,"Phosphatidylethanolamine":0.0027}],"vo2_max":21.1702}
