{"personal_data":[{"age":63,"gender":"F","name":"Pepper Mertz"}],"fitness_data":[{"Backwards Sled, 2 min":3,"Posture exercises":0,"Tricep extensions":4,"Face pulls":1,"Butterfly":5,"Band pull apart (back muscles)":6,"Back extensions (on a hyperextension)":2,"Obliques (each side, on a hyperextension)":2,"StretchesKneeling shin_Kneeling shin_":2,"StretchesHip flexor_Hip flexor_":4,"StretchesCouch_Couch_":2,"Leg raises (for abdomen)":1,"Seated calf raises":2,"Poliquin step ups":3,"Slant board squats":2,"ATG Split squats":1,"Nordics":5,"Reverse Nordics":3,"Tibialis raises,":4,"IsoTib ankle rotations":5,"Pull ups":3,"Chin ups":0,"10 min HIIT":1}],"supplement_vars":[{"N-Acetyl-L-Cysteine (NAC)":0.003,"N-Acetyl-L-Cysteine (NAC) 2":0.021,"Nicotinamide Riboside Chloride (NR)":0.0021,"Zeaxanthin":0.0107,"Phosphorus":0.0139,"Astaxanthin (Natural)":0.0126,"Boron Glycinate":0.0273,"CaAKG":0.0045,"Ashwagandha KSM66":0.0063,"Calcium L-5- Methyltetrahydrofolate (L-5-MTHF-Ca)":0.0567,"Cocoa Powder (Non-Alkalised) 8+% Flavanols":0.0161,"Red Yeast Rice (2% Monacolin K)":0.0151,"Creatine Monohydrate":0.0169,"Ginger":0.0417,"Glucosamine Sulfate KCI":0.0639,"Grape Seed Extract 90% polyphenols":0.0008,"Broccoli Extract (glucoraphanin 10%)":0.0239,"Glycine":0.003,"Theanine":0.0052,"Lactobacillus Acidophilus":0.088,"Lithium orotate":0.0051,"Pomegranate Juice Extract (50% Polyphenols)":0.0347,"Potassium Iodate":0.0212,"Rhodiola 3% Rosavins / Salidroside 1%":0.0338,"Selenium":0.0055,"Glutathione reduced":0.0513,"Lutein":0.0031,"Luteolin":0.0075,"Cinnamon powder (ceylon) organic":0.0199,"Sodium Hyaluronate":0.011,"Spermidine":0.0044,"Vitamin B1 (Thiamine HCl)":0.007,"Vitamin B12 (Methylcobalamin)":0.0473,"Vitamin B2 (Riboflavin-5-Phosphate)":0.0584,"Vitamin B3 (Niacinamide)":0.0045,"Vitamin B5 (Calcium-D-Pantothenate)":0.0018,"Vitamin B6 (Pyridoxal-5- Phosphate)":0.009,"Vitamin B7 (D-Biotin)":0.0145,"Vitamin C (Ascorbic Acid)":0.0002,"Vitamin D Veg D3":0.0273,"Vitamin E (d-alpha tocopherol)":0.0349,"Vitamin K1":0.0424,"Vitamin K2 MK-7 MCT Oil":0.0281,"Vitamin K2 MK-4 MCT Oil":0.028,"Sunflower lecithin non-GMO":0.0445,"Phosphatidylcholine":0.0015,"Choline":0.0445,"Lycopene":0.0348,"Lysine":0.0025,"Taurine":0.0157,"Glucoraphanin":0.0037,"Ubiquinol":0.0003,"Zinc Citrate":0.0283,"Fiber":0.0042,"Blueberries":0.0543,"Macadamia nuts":0.0138,"Walnuts":0.0271,"Omega 3":0.0184,"Omega 6":0.0349,"Calcium":0.0607,"EVOO polyphenols":0.0021,"Oleic acid":0.0312,"Protein (plant)":0.0003,"Copper":0.0099,"Caffeine":0.0518,"Magnesium Citrate":0.0107,"Manganese Citrate":0.0543,"Curcuminoids":0.0345,"Fisetin (smoketree extract)":0.004,"Garlic extract 12:1 odorless":0.0107,"Genistein (Japonica extract)":0.0019,"Milled Golden Flaxseed":0.015,"SDG lignan":0.047,"Phosphatidylinositol":0.005,"Phosphatidylethanolamine":0.0173}],"vo2_max":19.9722}
