{"personal_data":[{"age":31,"gender":"M","name":"Author Gusikowski-Kiehn"}],"fitness_data":[{"Backwards Sled, 2 min":4,"Posture exercises":4,"Tricep extensions":2,"Face pulls":2,"Butterfly":1,"Band pull apart (back muscles)":6,"Back extensions (on a hyperextension)":3,"Obliques (each side, on a hyperextension)":3,"StretchesKneeling shin_Kneeling shin_":2,"StretchesHip flexor_Hip flexor_":3,"StretchesCouch_Couch_":0,"Leg raises (for abdomen)":4,"Seated calf raises":0,"Poliquin step ups":3,"Slant board squats":0,"ATG Split squats":1,"Nordics":3,"Reverse Nordics":2,"Tibialis raises,":2,"IsoTib ankle rotations":0,"Pull ups":2,"Chin ups":2,"10 min HIIT":1}],"supplement_vars":[{"N-Acetyl-L-Cysteine (NAC)":0.0121,"N-Acetyl-L-Cysteine (NAC) 2":0.0196,"Nicotinamide Riboside Chloride (NR)":0.0131,"Zeaxanthin":0.0046,"Phosphorus":0.0372,"Astaxanthin (Natural)":0.0118,"Boron Glycinate":0.0337,"CaAKG":0.0049,"Ashwagandha KSM66":0.0018,"Calcium L-5- Methyltetrahydrofolate (L-5-MTHF-Ca)":0.0283,"Cocoa Powder (Non-Alkalised) 8+% Flavanols":0.022,"Red Yeast Rice (2% Monacolin K)":0.0313,"Creatine Monohydrate":0.0687,"Ginger":0.059,"Glucosamine Sulfate KCI":0.052,"Grape Seed Extract 90% polyphenols":0.0135,"Broccoli Extract (glucoraphanin 10%)":0.0295,"Glycine":0.0275,"Theanine":0.0094,"Lactobacillus Acidophilus":0.0455,"Lithium orotate":0.0046,"Pomegranate Juice Extract (50% Polyphenols)":0.0353,"Potassium Iodate":0.0081,"Rhodiola 3% Rosavins / Salidroside 1%":0.0469,"Selenium":0.007,"Glutathione reduced":0.0363,"Lutein":0.017,"Luteolin":0.0094,"Cinnamon powder (ceylon) organic":0.0198,"Sodium Hyaluronate":0.0013,"Spermidine":0.0271,"Vitamin B1 (Thiamine HCl)":0.0099,"Vitamin B12 (Methylcobalamin)":0.0825,"Vitamin B2 (Riboflavin-5-Phosphate)":0.0108,"Vitamin B3 (Niacinamide)":0.0296,"Vitamin B5 (Calcium-D-Pantothenate)":0.0168,"Vitamin B6 (Pyridoxal-5- Phosphate)":0.0168,"Vitamin B7 (D-Biotin)":0.0038,"Vitamin C (Ascorbic Acid)":0.0004,"Vitamin D Veg D3":0.0209,"Vitamin E (d-alpha tocopherol)":0.0303,"Vitamin K1":0.066,"Vitamin K2 MK-7 MCT Oil":0.0045,"Vitamin K2 MK-4 MCT Oil":0.0369,"Sunflower lecithin non-GMO":0.0422,"Phosphatidylcholine":0.0176,"Choline":0.0522,"Lycopene":0.0605,"Lysine":0.0042,"Taurine":0.008,"Glucoraphanin":0.0115,"Ubiquinol":0.0043,"Zinc Citrate":0.0038,"Fiber":0.0035,"Blueberries":0.0618,"Macadamia nuts":0.0607,"Walnuts":0.03,"Omega 3":0.0455,"Omega 6":0.0187,"Calcium":0.0243,"EVOO polyphenols":0.0055,"Oleic acid":0.0313,"Protein (plant)":0.0003,"Copper":0.0003,"Caffeine":0.0358,"Magnesium Citrate":0.0005,"Manganese Citrate":0.0246,"Curcuminoids":0.0013,"Fisetin (smoketree extract)":0.0262,"Garlic extract 12:1 odorless":0.0403,"Genistein (Japonica extract)":0.0121,"Milled Golden Flaxseed":0.0264,"SDG lignan":0.0212,"Phosphatidylinositol":0.0048,"Phosphatidylethanolamine":0.0421}],"vo2_max":34.818}
