{"personal_data":[{"age":49,"gender":"F","name":"Leeann Halvorson"}],"fitness_data":[{"Backwards Sled, 2 min":4,"Posture exercises":4,"Tricep extensions":1,"Face pulls":4,"Butterfly":4,"Band pull apart (back muscles)":3,"Back extensions (on a hyperextension)":2,"Obliques (each side, on a hyperextension)":3,"StretchesKneeling shin_Kneeling shin_":1,"StretchesHip flexor_Hip flexor_":1,"StretchesCouch_Couch_":3,"Leg raises (for abdomen)":3,"Seated calf raises":2,"Poliquin step ups":4,"Slant board squats":6,"ATG Split squats":3,"Nordics":3,"Reverse Nordics":3,"Tibialis raises,":1,"IsoTib ankle rotations":4,"Pull ups":1,"Chin ups":3,"10 min HIIT":4}],"supplement_vars":[{"N-Acetyl-L-Cysteine (NAC)":0.0025,"N-Acetyl-L-Cysteine (NAC) 2":0.0063,"Nicotinamide Riboside Chloride (NR)":0.0137,"Zeaxanthin":0.0118,"Phosphorus":0.002,"Astaxanthin (Natural)":0.0148,"Boron Glycinate":0.0006,"CaAKG":0.0042,"Ashwagandha KSM66":0.0047,"Calcium L-5- Methyltetrahydrofolate (L-5-MTHF-Ca)":0.0225,"Cocoa Powder (Non-Alkalised) 8+% Flavanols":0.0021,"Red Yeast Rice (2% Monacolin K)":0.0079,"Creatine Monohydrate":0.0694,"Ginger":0.0746,"Glucosamine Sulfate KCI":0.0737,"Grape Seed Extract 90% polyphenols":0.0051,"Broccoli Extract (glucoraphanin 10%)":0.0228,"Glycine":0.0028,"Theanine":0.0545,"Lactobacillus Acidophilus":0.0536,"Lithium orotate":0.0013,"Pomegranate Juice Extract (50% Polyphenols)":0.0204,"Potassium Iodate":0.0153,"Rhodiola 3% Rosavins / Salidroside 1%":0.041,"Selenium":0.0204,"Glutathione reduced":0.0102,"Lutein":0.0061,"Luteolin":0.0043,"Cinnamon powder (ceylon) organic":0.0115,"Sodium Hyaluronate":0.0099,"Spermidine":0.0073,"Vitamin B1 (Thiamine HCl)":0.0162,"Vitamin B12 (Methylcobalamin)":0.0473,"Vitamin B2 (Riboflavin-5-Phosphate)":0.0653,"Vitamin B3 (Niacinamide)":0.035,"Vitamin B5 (Calcium-D-Pantothenate)":0.0009,"Vitamin B6 (Pyridoxal-5- Phosphate)":0.014,"Vitamin B7 (D-Biotin)":0.0267,"Vitamin C (Ascorbic Acid)":0.0118,"Vitamin D Veg D3":0.0453,"Vitamin E (d-alpha tocopherol)":0.0286,"Vitamin K1":0.0694,"Vitamin K2 MK-7 MCT Oil":0.0271,"Vitamin K2 MK-4 MCT Oil":0.026,"Sunflower lecithin non-GMO":0.0136,"Phosphatidylcholine":0.0044,"Choline":0.0506,"Lycopene":0.0218,"Lysine":0,"Taurine":0.0118,"Glucoraphanin":0.0125,"Ubiquinol":0.0106,"Zinc Citrate":0.0032,"Fiber":0.0007,"Blueberries":0.0114,"Macadamia nuts":0.0591,"Walnuts":0.0721,"Omega 3":0.043,"Omega 6":0.048,"Calcium":0.0571,"EVOO polyphenols":0.0048,"Oleic acid":0.0122,"Protein (plant)":0.0023,"Copper":0.0021,"Caffeine":0.0579,"Magnesium Citrate":0.005,"Manganese Citrate":0.0191,"Curcuminoids":0.0504,"Fisetin (smoketree extract)":0.0153,"Garlic extract 12:1 odorless":0.0192,"Genistein (Japonica extract)":0.0181,"Milled Golden Flaxseed":0.0008,"SDG lignan":0.0136,"Phosphatidylinositol":0.0128,"Phosphatidylethanolamine":0.0395}],"vo2_max":33.1483}
