{"personal_data":[{"age":38,"gender":"M","name":"Miss Stella Wiegand"}],"fitness_data":[{"Backwards Sled, 2 min":0,"Posture exercises":5,"Tricep extensions":1,"Face pulls":4,"Butterfly":3,"Band pull apart (back muscles)":3,"Back extensions (on a hyperextension)":3,"Obliques (each side, on a hyperextension)":4,"StretchesKneeling shin_Kneeling shin_":3,"StretchesHip flexor_Hip flexor_":2,"StretchesCouch_Couch_":3,"Leg raises (for abdomen)":1,"Seated calf raises":1,"Poliquin step ups":3,"Slant board squats":1,"ATG Split squats":1,"Nordics":3,"Reverse Nordics":1,"Tibialis raises,":3,"IsoTib ankle rotations":5,"Pull ups":2,"Chin ups":3,"10 min HIIT":2}],"supplement_vars":[{"N-Acetyl-L-Cysteine (NAC)":0.007,"N-Acetyl-L-Cysteine (NAC) 2":0.0086,"Nicotinamide Riboside Chloride (NR)":0.0148,"Zeaxanthin":0.0034,"Phosphorus":0.0161,"Astaxanthin (Natural)":0.0078,"Boron Glycinate":0.0373,"CaAKG":0.0082,"Ashwagandha KSM66":0.0004,"Calcium L-5- Methyltetrahydrofolate (L-5-MTHF-Ca)":0.0667,"Cocoa Powder (Non-Alkalised) 8+% Flavanols":0.0076,"Red Yeast Rice (2% Monacolin K)":0.0335,"Creatine Monohydrate":0.0074,"Ginger":0.0631,"Glucosamine Sulfate KCI":0.0698,"Grape Seed Extract 90% polyphenols":0.0058,"Broccoli Extract (glucoraphanin 10%)":0.0152,"Glycine":0.0229,"Theanine":0.0298,"Lactobacillus Acidophilus":0.0072,"Lithium orotate":0.0007,"Pomegranate Juice Extract (50% Polyphenols)":0.0663,"Potassium Iodate":0.0002,"Rhodiola 3% Rosavins / Salidroside 1%":0.0362,"Selenium":0.0189,"Glutathione reduced":0.0348,"Lutein":0.017,"Luteolin":0.0047,"Cinnamon powder (ceylon) organic":0.0057,"Sodium Hyaluronate":0.0025,"Spermidine":0.0108,"Vitamin B1 (Thiamine HCl)":0.0026,"Vitamin B12 (Methylcobalamin)":0.0756,"Vitamin B2 (Riboflavin-5-Phosphate)":0.0529,"Vitamin B3 (Niacinamide)":0.0108,"Vitamin B5 (Calcium-D-Pantothenate)":0.0027,"Vitamin B6 (Pyridoxal-5- Phosphate)":0.0059,"Vitamin B7 (D-Biotin)":0.0159,"Vitamin C (Ascorbic Acid)":0.0096,"Vitamin D Veg D3":0.0415,"Vitamin E (d-alpha tocopherol)":0.0212,"Vitamin K1":0.0688,"Vitamin K2 MK-7 MCT Oil":0.0263,"Vitamin K2 MK-4 MCT Oil":0.0295,"Sunflower lecithin non-GMO":0.0066,"Phosphatidylcholine":0.0317,"Choline":0.0239,"Lycopene":0.0379,"Lysine":0.0007,"Taurine":0.0238,"Glucoraphanin":0.0016,"Ubiquinol":0.0078,"Zinc Citrate":0.0019,"Fiber":0.0043,"Blueberries":0.0656,"Macadamia nuts":0.0346,"Walnuts":0.004,"Omega 3":0.0439,"Omega 6":0.0618,"Calcium":0.0045,"EVOO polyphenols":0.0049,"Oleic acid":0.0191,"Protein (plant)":0.0024,"Copper":0.0153,"Caffeine":0.0639,"Magnesium Citrate":0.0462,"Manganese Citrate":0.0335,"Curcuminoids":0.024,"Fisetin (smoketree extract)":0.0252,"Garlic extract 12:1 odorless":0.0432,"Genistein (Japonica extract)":0.0002,"Milled Golden Flaxseed":0.0117,"SDG lignan":0.0478,"Phosphatidylinositol":0.0012,"Phosphatidylethanolamine":0.0403}],"vo2_max":35.6942}
