{"personal_data":[{"age":75,"gender":"F","name":"Verdie Macejkovic"}],"fitness_data":[{"Backwards Sled, 2 min":3,"Posture exercises":1,"Tricep extensions":1,"Face pulls":2,"Butterfly":4,"Band pull apart (back muscles)":2,"Back extensions (on a hyperextension)":2,"Obliques (each side, on a hyperextension)":3,"StretchesKneeling shin_Kneeling shin_":0,"StretchesHip flexor_Hip flexor_":2,"StretchesCouch_Couch_":3,"Leg raises (for abdomen)":1,"Seated calf raises":2,"Poliquin step ups":3,"Slant board squats":5,"ATG Split squats":6,"Nordics":1,"Reverse Nordics":2,"Tibialis raises,":4,"IsoTib ankle rotations":5,"Pull ups":4,"Chin ups":1,"10 min HIIT":3}],"supplement_vars":[{"N-Acetyl-L-Cysteine (NAC)":0.016,"N-Acetyl-L-Cysteine (NAC) 2":0.009,"Nicotinamide Riboside Chloride (NR)":0.0075,"Zeaxanthin":0.0079,"Phosphorus":0.0122,"Astaxanthin (Natural)":0.0023,"Boron Glycinate":0.0044,"CaAKG":0.0067,"Ashwagandha KSM66":0.0038,"Calcium L-5- Methyltetrahydrofolate (L-5-MTHF-Ca)":0.0337,"Cocoa Powder (Non-Alkalised) 8+% Flavanols":0.0181,"Red Yeast Rice (2% Monacolin K)":0.0155,"Creatine Monohydrate":0.0171,"Ginger":0.0379,"Glucosamine Sulfate KCI":0.0022,"Grape Seed Extract 90% polyphenols":0.0012,"Broccoli Extract (glucoraphanin 10%)":0.0011,"Glycine":0.0091,"Theanine":0.0494,"Lactobacillus Acidophilus":0.0781,"Lithium orotate":0.0052,"Pomegranate Juice Extract (50% Polyphenols)":0.0197,"Potassium Iodate":0.0096,"Rhodiola 3% Rosavins / Salidroside 1%":0.0247,"Selenium":0.0142,"Glutathione reduced":0.0274,"Lutein":0.0133,"Luteolin":0.0027,"Cinnamon powder (ceylon) organic":0.007,"Sodium Hyaluronate":0.0069,"Spermidine":0.0413,"Vitamin B1 (Thiamine HCl)":0.0072,"Vitamin B12 (Methylcobalamin)":0.0448,"Vitamin B2 (Riboflavin-5-Phosphate)":0.0482,"Vitamin B3 (Niacinamide)":0.0245,"Vitamin B5 (Calcium-D-Pantothenate)":0.0208,"Vitamin B6 (Pyridoxal-5- Phosphate)":0.0416,"Vitamin B7 (D-Biotin)":0.0104,"Vitamin C (Ascorbic Acid)":0.0045,"Vitamin D Veg D3":0.0088,"Vitamin E (d-alpha tocopherol)":0.0079,"Vitamin K1":0.059,"Vitamin K2 MK-7 MCT Oil":0.0354,"Vitamin K2 MK-4 MCT Oil":0.0066,"Sunflower lecithin non-GMO":0.018,"Phosphatidylcholine":0.0181,"Choline":0.0126,"Lycopene":0.0449,"Lysine":0.0034,"Taurine":0.0376,"Glucoraphanin":0.0026,"Ubiquinol":0.0019,"Zinc Citrate":0.0256,"Fiber":0.0003,"Blueberries":0.0174,"Macadamia nuts":0.0654,"Walnuts":0.0026,"Omega 3":0.0494,"Omega 6":0.0232,"Calcium":0.0518,"EVOO polyphenols":0.0033,"Oleic acid":0.0116,"Protein (plant)":0.0046,"Copper":0.0144,"Caffeine":0.0584,"Magnesium Citrate":0.0275,"Manganese Citrate":0.0128,"Curcuminoids":0.0047,"Fisetin (smoketree extract)":0.004,"Garlic extract 12:1 odorless":0.0146,"Genistein (Japonica extract)":0.0088,"Milled Golden Flaxseed":0.0116,"SDG lignan":0.0053,"Phosphatidylinositol":0.0179,"Phosphatidylethanolamine":0.0444}],"vo2_max":18.4013}
