{"personal_data":[{"age":79,"gender":"M","name":"Jamison Murphy"}],"fitness_data":[{"Backwards Sled, 2 min":4,"Posture exercises":2,"Tricep extensions":1,"Face pulls":4,"Butterfly":4,"Band pull apart (back muscles)":4,"Back extensions (on a hyperextension)":4,"Obliques (each side, on a hyperextension)":4,"StretchesKneeling shin_Kneeling shin_":5,"StretchesHip flexor_Hip flexor_":4,"StretchesCouch_Couch_":3,"Leg raises (for abdomen)":2,"Seated calf raises":4,"Poliquin step ups":2,"Slant board squats":3,"ATG Split squats":5,"Nordics":5,"Reverse Nordics":3,"Tibialis raises,":4,"IsoTib ankle rotations":3,"Pull ups":1,"Chin ups":2,"10 min HIIT":2}],"supplement_vars":[{"N-Acetyl-L-Cysteine (NAC)":0.009,"N-Acetyl-L-Cysteine (NAC) 2":0.0191,"Nicotinamide Riboside Chloride (NR)":0.0181,"Zeaxanthin":0.0065,"Phosphorus":0.0287,"Astaxanthin (Natural)":0.018,"Boron Glycinate":0.0163,"CaAKG":0.0058,"Ashwagandha KSM66":0.0028,"Calcium L-5- Methyltetrahydrofolate (L-5-MTHF-Ca)":0.0135,"Cocoa Powder (Non-Alkalised) 8+% Flavanols":0.0024,"Red Yeast Rice (2% Monacolin K)":0.0335,"Creatine Monohydrate":0.0677,"Ginger":0.0851,"Glucosamine Sulfate KCI":0.0183,"Grape Seed Extract 90% polyphenols":0.0001,"Broccoli Extract (glucoraphanin 10%)":0.0259,"Glycine":0.0195,"Theanine":0.0412,"Lactobacillus Acidophilus":0.0609,"Lithium orotate":0.0069,"Pomegranate Juice Extract (50% Polyphenols)":0.0564,"Potassium Iodate":0.0163,"Rhodiola 3% Rosavins / Salidroside 1%":0.0474,"Selenium":0.038,"Glutathione reduced":0.0501,"Lutein":0.0225,"Luteolin":0.0035,"Cinnamon powder (ceylon) organic":0.0056,"Sodium Hyaluronate":0.0041,"Spermidine":0.0521,"Vitamin B1 (Thiamine HCl)":0.0082,"Vitamin B12 (Methylcobalamin)":0.0535,"Vitamin B2 (Riboflavin-5-Phosphate)":0.058,"Vitamin B3 (Niacinamide)":0.0523,"Vitamin B5 (Calcium-D-Pantothenate)":0.0088,"Vitamin B6 (Pyridoxal-5- Phosphate)":0.0433,"Vitamin B7 (D-Biotin)":0.0076,"Vitamin C (Ascorbic Acid)":0.0075,"Vitamin D Veg D3":0.0289,"Vitamin E (d-alpha tocopherol)":0.0372,"Vitamin K1":0.0298,"Vitamin K2 MK-7 MCT Oil":0.0233,"Vitamin K2 MK-4 MCT Oil":0.0366,"Sunflower lecithin non-GMO":0.0088,"Phosphatidylcholine":0.0286,"Choline":0.056,"Lycopene":0.0097,"Lysine":0.0015,"Taurine":0.0325,"Glucoraphanin":0.0182,"Ubiquinol":0.0123,"Zinc Citrate":0.0191,"Fiber":0.0039,"Blueberries":0.0644,"Macadamia nuts":0.0055,"Walnuts":0.0434,"Omega 3":0.0189,"Omega 6":0.0668,"Calcium":0.0342,"EVOO polyphenols":0.001,"Oleic acid":0.0027,"Protein (plant)":0.0043,"Copper":0.0063,"Caffeine":0.0613,"Magnesium Citrate":0.0199,"Manganese Citrate":0.0107,"Curcuminoids":0.0132,"Fisetin (smoketree extract)":0.0291,"Garlic extract 12:1 odorless":0,"Genistein (Japonica extract)":0.0089,"Milled Golden Flaxseed":0.0004,"SDG lignan":0.0141,"Phosphatidylinositol":0.0154,"Phosphatidylethanolamine":0.0399}],"vo2_max":22.0475}
