{"personal_data":[{"age":33,"gender":"M","name":"Lum O'Kon"}],"fitness_data":[{"Backwards Sled, 2 min":4,"Posture exercises":1,"Tricep extensions":2,"Face pulls":2,"Butterfly":3,"Band pull apart (back muscles)":0,"Back extensions (on a hyperextension)":2,"Obliques (each side, on a hyperextension)":1,"StretchesKneeling shin_Kneeling shin_":4,"StretchesHip flexor_Hip flexor_":2,"StretchesCouch_Couch_":1,"Leg raises (for abdomen)":5,"Seated calf raises":1,"Poliquin step ups":1,"Slant board squats":3,"ATG Split squats":1,"Nordics":0,"Reverse Nordics":1,"Tibialis raises,":1,"IsoTib ankle rotations":3,"Pull ups":3,"Chin ups":2,"10 min HIIT":1}],"supplement_vars":[{"N-Acetyl-L-Cysteine (NAC)":0.0151,"N-Acetyl-L-Cysteine (NAC) 2":0.0021,"Nicotinamide Riboside Chloride (NR)":0.0131,"Zeaxanthin":0.014,"Phosphorus":0.0149,"Astaxanthin (Natural)":0.0218,"Boron Glycinate":0.031,"CaAKG":0.0073,"Ashwagandha KSM66":0,"Calcium L-5- Methyltetrahydrofolate (L-5-MTHF-Ca)":0.0168,"Cocoa Powder (Non-Alkalised) 8+% Flavanols":0.0175,"Red Yeast Rice (2% Monacolin K)":0.0022,"Creatine Monohydrate":0.0495,"Ginger":0.003,"Glucosamine Sulfate KCI":0.0731,"Grape Seed Extract 90% polyphenols":0.0105,"Broccoli Extract (glucoraphanin 10%)":0.017,"Glycine":0.0008,"Theanine":0.0115,"Lactobacillus Acidophilus":0.0801,"Lithium orotate":0.0084,"Pomegranate Juice Extract (50% Polyphenols)":0.0367,"Potassium Iodate":0.0278,"Rhodiola 3% Rosavins / Salidroside 1%":0.0478,"Selenium":0.0049,"Glutathione reduced":0.0538,"Lutein":0.0101,"Luteolin":0.0041,"Cinnamon powder (ceylon) organic":0.0195,"Sodium Hyaluronate":0.0006,"Spermidine":0.0157,"Vitamin B1 (Thiamine HCl)":0.013,"Vitamin B12 (Methylcobalamin)":0.0129,"Vitamin B2 (Riboflavin-5-Phosphate)":0.0643,"Vitamin B3 (Niacinamide)":0.0413,"Vitamin B5 (Calcium-D-Pantothenate)":0.0025,"Vitamin B6 (Pyridoxal-5- Phosphate)":0.0045,"Vitamin B7 (D-Biotin)":0.0208,"Vitamin C (Ascorbic Acid)":0.0101,"Vitamin D Veg D3":0.0307,"Vitamin E (d-alpha tocopherol)":0.0249,"Vitamin K1":0.0551,"Vitamin K2 MK-7 MCT Oil":0.017,"Vitamin K2 MK-4 MCT Oil":0.0343,"Sunflower lecithin non-GMO":0.0077,"Phosphatidylcholine":0.001,"Choline":0.0567,"Lycopene":0.0102,"Lysine":0.0046,"Taurine":0.0233,"Glucoraphanin":0.0158,"Ubiquinol":0.0049,"Zinc Citrate":0.0277,"Fiber":0.002,"Blueberries":0.0731,"Macadamia nuts":0.0948,"Walnuts":0.0736,"Omega 3":0.0022,"Omega 6":0.0162,"Calcium":0.0471,"EVOO polyphenols":0.0065,"Oleic acid":0.016,"Protein (plant)":0.0044,"Copper":0.0145,"Caffeine":0.0551,"Magnesium Citrate":0.0349,"Manganese Citrate":0.004,"Curcuminoids":0.0129,"Fisetin (smoketree extract)":0.0029,"Garlic extract 12:1 odorless":0.0381,"Genistein (Japonica extract)":0.0005,"Milled Golden Flaxseed":0.0224,"SDG lignan":0.005,"Phosphatidylinositol":0.001,"Phosphatidylethanolamine":0.002}],"vo2_max":32.9845}
