{"personal_data":[{"age":61,"gender":"F","name":"Mrs. Adelaide Langosh MD"}],"fitness_data":[{"Backwards Sled, 2 min":5,"Posture exercises":2,"Tricep extensions":4,"Face pulls":3,"Butterfly":4,"Band pull apart (back muscles)":3,"Back extensions (on a hyperextension)":2,"Obliques (each side, on a hyperextension)":2,"StretchesKneeling shin_Kneeling shin_":4,"StretchesHip flexor_Hip flexor_":4,"StretchesCouch_Couch_":0,"Leg raises (for abdomen)":3,"Seated calf raises":4,"Poliquin step ups":3,"Slant board squats":6,"ATG Split squats":0,"Nordics":1,"Reverse Nordics":1,"Tibialis raises,":0,"IsoTib ankle rotations":0,"Pull ups":4,"Chin ups":1,"10 min HIIT":1}],"supplement_vars":[{"N-Acetyl-L-Cysteine (NAC)":0.0105,"N-Acetyl-L-Cysteine (NAC) 2":0.0155,"Nicotinamide Riboside Chloride (NR)":0.0068,"Zeaxanthin":0.0002,"Phosphorus":0.0322,"Astaxanthin (Natural)":0.0011,"Boron Glycinate":0.0064,"CaAKG":0.0105,"Ashwagandha KSM66":0.0056,"Calcium L-5- Methyltetrahydrofolate (L-5-MTHF-Ca)":0.0506,"Cocoa Powder (Non-Alkalised) 8+% Flavanols":0.0208,"Red Yeast Rice (2% Monacolin K)":0.0008,"Creatine Monohydrate":0.0436,"Ginger":0.0105,"Glucosamine Sulfate KCI":0.0655,"Grape Seed Extract 90% polyphenols":0.0076,"Broccoli Extract (glucoraphanin 10%)":0.0111,"Glycine":0.0228,"Theanine":0.031,"Lactobacillus Acidophilus":0.0673,"Lithium orotate":0.0048,"Pomegranate Juice Extract (50% Polyphenols)":0.022,"Potassium Iodate":0.0139,"Rhodiola 3% Rosavins / Salidroside 1%":0.0247,"Selenium":0.0052,"Glutathione reduced":0.024,"Lutein":0.015,"Luteolin":0.004,"Cinnamon powder (ceylon) organic":0.0071,"Sodium Hyaluronate":0.0097,"Spermidine":0.056,"Vitamin B1 (Thiamine HCl)":0.0143,"Vitamin B12 (Methylcobalamin)":0.0772,"Vitamin B2 (Riboflavin-5-Phosphate)":0.033,"Vitamin B3 (Niacinamide)":0.0623,"Vitamin B5 (Calcium-D-Pantothenate)":0.007,"Vitamin B6 (Pyridoxal-5- Phosphate)":0.0177,"Vitamin B7 (D-Biotin)":0.0214,"Vitamin C (Ascorbic Acid)":0.0117,"Vitamin D Veg D3":0.0478,"Vitamin E (d-alpha tocopherol)":0.0398,"Vitamin K1":0.0623,"Vitamin K2 MK-7 MCT Oil":0.0254,"Vitamin K2 MK-4 MCT Oil":0.0236,"Sunflower lecithin non-GMO":0.0044,"Phosphatidylcholine":0.0291,"Choline":0.0123,"Lycopene":0.0635,"Lysine":0.0069,"Taurine":0.038,"Glucoraphanin":0.0164,"Ubiquinol":0.0002,"Zinc Citrate":0.0108,"Fiber":0.0032,"Blueberries":0.0209,"Macadamia nuts":0.0123,"Walnuts":0.07,"Omega 3":0.0091,"Omega 6":0.0167,"Calcium":0.0414,"EVOO polyphenols":0.0044,"Oleic acid":0.0065,"Protein (plant)":0.0032,"Copper":0.0029,"Caffeine":0.0113,"Magnesium Citrate":0.0248,"Manganese Citrate":0.0144,"Curcuminoids":0.0274,"Fisetin (smoketree extract)":0.0326,"Garlic extract 12:1 odorless":0.0043,"Genistein (Japonica extract)":0.0084,"Milled Golden Flaxseed":0.0066,"SDG lignan":0.0074,"Phosphatidylinositol":0.0239,"Phosphatidylethanolamine":0.0518}],"vo2_max":22.3508}
