{"personal_data":[{"age":27,"gender":"M"}],"fitness_data":[{"Backwards Sled, 2 min":3,"Posture exercises":5,"Tricep extensions":1,"Face pulls":5,"Butterfly":1,"Band pull apart (back muscles)":2,"Back extensions (on a hyperextension)":1,"Obliques (each side, on a hyperextension)":0,"StretchesKneeling shin_Kneeling shin_":1,"StretchesHip flexor_Hip flexor_":5,"StretchesCouch_Couch_":1,"Leg raises (for abdomen)":0,"Seated calf raises":4,"Poliquin step ups":3,"Slant board squats":2,"ATG Split squats":6,"Nordics":1,"Reverse Nordics":2,"Tibialis raises,":5,"IsoTib ankle rotations":2,"Pull ups":3,"Chin ups":4,"10 min HIIT":1}],"supplement_vars":[{"N-Acetyl-L-Cysteine (NAC)":0.0189,"N-Acetyl-L-Cysteine (NAC) 2":0.004,"Nicotinamide Riboside Chloride (NR)":0.007,"Zeaxanthin":0.0084,"Phosphorus":0.0321,"Astaxanthin (Natural)":0.016,"Boron Glycinate":0.0027,"CaAKG":0.0063,"Ashwagandha KSM66":0.0015,"Calcium L-5- Methyltetrahydrofolate (L-5-MTHF-Ca)":0.0275,"Cocoa Powder (Non-Alkalised) 8+% Flavanols":0.0147,"Red Yeast Rice (2% Monacolin K)":0.0275,"Creatine Monohydrate":0.0272,"Ginger":0.0408,"Glucosamine Sulfate KCI":0.0471,"Grape Seed Extract 90% polyphenols":0.0105,"Broccoli Extract (glucoraphanin 10%)":0.0189,"Glycine":0.0194,"Theanine":0.0605,"Lactobacillus Acidophilus":0.0756,"Lithium orotate":0.0027,"Pomegranate Juice Extract (50% Polyphenols)":0.022,"Potassium Iodate":0.009,"Rhodiola 3% Rosavins / Salidroside 1%":0.0331,"Selenium":0.0318,"Glutathione reduced":0.0529,"Lutein":0.0078,"Luteolin":0.0058,"Cinnamon powder (ceylon) organic":0.0121,"Sodium Hyaluronate":0.0079,"Spermidine":0.0862,"Vitamin B1 (Thiamine HCl)":0.0027,"Vitamin B12 (Methylcobalamin)":0.065,"Vitamin B2 (Riboflavin-5-Phosphate)":0.0373,"Vitamin B3 (Niacinamide)":0.009,"Vitamin B5 (Calcium-D-Pantothenate)":0.009,"Vitamin B6 (Pyridoxal-5- Phosphate)":0.0239,"Vitamin B7 (D-Biotin)":0.0301,"Vitamin C (Ascorbic Acid)":0.0088,"Vitamin D Veg D3":0.0384,"Vitamin E (d-alpha tocopherol)":0.0444,"Vitamin K1":0.0673,"Vitamin K2 MK-7 MCT Oil":0.009,"Vitamin K2 MK-4 MCT Oil":0.0125,"Sunflower lecithin non-GMO":0.0395,"Phosphatidylcholine":0.0342,"Choline":0.0479,"Lycopene":0.0376,"Lysine":0.0027,"Taurine":0.0374,"Glucoraphanin":0.0052,"Ubiquinol":0.0011,"Zinc Citrate":0.0315,"Fiber":0.0039,"Blueberries":0.0175,"Macadamia nuts":0.0315,"Walnuts":0.0153,"Omega 3":0.0278,"Omega 6":0.0103,"Calcium":0.0162,"EVOO polyphenols":0.0028,"Oleic acid":0.0074,"Protein (plant)":0.0041,"Copper":0.0035,"Caffeine":0.013,"Magnesium Citrate":0.0103,"Manganese Citrate":0.0359,"Curcuminoids":0.053,"Fisetin (smoketree extract)":0.0368,"Garlic extract 12:1 odorless":0.0033,"Genistein (Japonica extract)":0.0099,"Milled Golden Flaxseed":0.0312,"SDG lignan":0.0223,"Phosphatidylinositol":0.0123,"Phosphatidylethanolamine":0.0355}],"vo2_max":37.79}
