{"personal_data":[{"age":73,"gender":"M","name":"Dr. Hilary Lowe I"}],"fitness_data":[{"Backwards Sled, 2 min":3,"Posture exercises":0,"Tricep extensions":4,"Face pulls":4,"Butterfly":0,"Band pull apart (back muscles)":4,"Back extensions (on a hyperextension)":4,"Obliques (each side, on a hyperextension)":3,"StretchesKneeling shin_Kneeling shin_":4,"StretchesHip flexor_Hip flexor_":4,"StretchesCouch_Couch_":2,"Leg raises (for abdomen)":1,"Seated calf raises":1,"Poliquin step ups":1,"Slant board squats":2,"ATG Split squats":3,"Nordics":5,"Reverse Nordics":2,"Tibialis raises,":4,"IsoTib ankle rotations":1,"Pull ups":2,"Chin ups":3,"10 min HIIT":2}],"supplement_vars":[{"N-Acetyl-L-Cysteine (NAC)":0.0087,"N-Acetyl-L-Cysteine (NAC) 2":0.0117,"Nicotinamide Riboside Chloride (NR)":0.0162,"Zeaxanthin":0.0137,"Phosphorus":0.0186,"Astaxanthin (Natural)":0.0212,"Boron Glycinate":0.0311,"CaAKG":0.008,"Ashwagandha KSM66":0.0073,"Calcium L-5- Methyltetrahydrofolate (L-5-MTHF-Ca)":0.0508,"Cocoa Powder (Non-Alkalised) 8+% Flavanols":0.0113,"Red Yeast Rice (2% Monacolin K)":0.0238,"Creatine Monohydrate":0.0292,"Ginger":0.0849,"Glucosamine Sulfate KCI":0.0691,"Grape Seed Extract 90% polyphenols":0.0105,"Broccoli Extract (glucoraphanin 10%)":0.0074,"Glycine":0.0141,"Theanine":0.0173,"Lactobacillus Acidophilus":0.0678,"Lithium orotate":0.0071,"Pomegranate Juice Extract (50% Polyphenols)":0.0489,"Potassium Iodate":0.0095,"Rhodiola 3% Rosavins / Salidroside 1%":0.0293,"Selenium":0.0109,"Glutathione reduced":0.0212,"Lutein":0.0188,"Luteolin":0.0095,"Cinnamon powder (ceylon) organic":0.0239,"Sodium Hyaluronate":0.0007,"Spermidine":0.0508,"Vitamin B1 (Thiamine HCl)":0.0121,"Vitamin B12 (Methylcobalamin)":0.0475,"Vitamin B2 (Riboflavin-5-Phosphate)":0.011,"Vitamin B3 (Niacinamide)":0.0587,"Vitamin B5 (Calcium-D-Pantothenate)":0.0102,"Vitamin B6 (Pyridoxal-5- Phosphate)":0.0137,"Vitamin B7 (D-Biotin)":0.0088,"Vitamin C (Ascorbic Acid)":0.0014,"Vitamin D Veg D3":0.0292,"Vitamin E (d-alpha tocopherol)":0.0051,"Vitamin K1":0.0539,"Vitamin K2 MK-7 MCT Oil":0.035,"Vitamin K2 MK-4 MCT Oil":0.0359,"Sunflower lecithin non-GMO":0.025,"Phosphatidylcholine":0.0048,"Choline":0.0269,"Lycopene":0.0477,"Lysine":0.0087,"Taurine":0.0005,"Glucoraphanin":0.0187,"Ubiquinol":0.0023,"Zinc Citrate":0.0285,"Fiber":0.0053,"Blueberries":0.0802,"Macadamia nuts":0.0113,"Walnuts":0.0221,"Omega 3":0.0267,"Omega 6":0.052,"Calcium":0.0215,"EVOO polyphenols":0.0055,"Oleic acid":0.0023,"Protein (plant)":0.0033,"Copper":0.0155,"Caffeine":0.0267,"Magnesium Citrate":0.0533,"Manganese Citrate":0.0623,"Curcuminoids":0.0048,"Fisetin (smoketree extract)":0.0343,"Garlic extract 12:1 odorless":0.0178,"Genistein (Japonica extract)":0.0154,"Milled Golden Flaxseed":0.029,"SDG lignan":0.0067,"Phosphatidylinositol":0.0142,"Phosphatidylethanolamine":0.039}],"vo2_max":21.0592}
