{"personal_data":[{"age":59,"gender":"F"}],"fitness_data":[{"Backwards Sled, 2 min":1,"Posture exercises":2,"Tricep extensions":4,"Face pulls":1,"Butterfly":0,"Band pull apart (back muscles)":5,"Back extensions (on a hyperextension)":3,"Obliques (each side, on a hyperextension)":0,"StretchesKneeling shin_Kneeling shin_":0,"StretchesHip flexor_Hip flexor_":5,"StretchesCouch_Couch_":2,"Leg raises (for abdomen)":2,"Seated calf raises":1,"Poliquin step ups":0,"Slant board squats":6,"ATG Split squats":4,"Nordics":4,"Reverse Nordics":1,"Tibialis raises,":1,"IsoTib ankle rotations":1,"Pull ups":2,"Chin ups":1,"10 min HIIT":3}],"supplement_vars":[{"N-Acetyl-L-Cysteine (NAC)":0.0149,"N-Acetyl-L-Cysteine (NAC) 2":0.0016,"Nicotinamide Riboside Chloride (NR)":0.0181,"Zeaxanthin":0.0061,"Phosphorus":0.038,"Astaxanthin (Natural)":0.0161,"Boron Glycinate":0.0007,"CaAKG":0.0112,"Ashwagandha KSM66":0.0074,"Calcium L-5- Methyltetrahydrofolate (L-5-MTHF-Ca)":0.033,"Cocoa Powder (Non-Alkalised) 8+% Flavanols":0.0156,"Red Yeast Rice (2% Monacolin K)":0.0233,"Creatine Monohydrate":0.0391,"Ginger":0.0865,"Glucosamine Sulfate KCI":0.0122,"Grape Seed Extract 90% polyphenols":0.0009,"Broccoli Extract (glucoraphanin 10%)":0.002,"Glycine":0.0319,"Theanine":0.0422,"Lactobacillus Acidophilus":0.0168,"Lithium orotate":0.0024,"Pomegranate Juice Extract (50% Polyphenols)":0.038,"Potassium Iodate":0.0135,"Rhodiola 3% Rosavins / Salidroside 1%":0.056,"Selenium":0.0365,"Glutathione reduced":0.0165,"Lutein":0.0202,"Luteolin":0.0099,"Cinnamon powder (ceylon) organic":0.0128,"Sodium Hyaluronate":0.0075,"Spermidine":0.0868,"Vitamin B1 (Thiamine HCl)":0.0136,"Vitamin B12 (Methylcobalamin)":0.0376,"Vitamin B2 (Riboflavin-5-Phosphate)":0.0019,"Vitamin B3 (Niacinamide)":0.0401,"Vitamin B5 (Calcium-D-Pantothenate)":0.0049,"Vitamin B6 (Pyridoxal-5- Phosphate)":0.0373,"Vitamin B7 (D-Biotin)":0.0273,"Vitamin C (Ascorbic Acid)":0.0075,"Vitamin D Veg D3":0.0431,"Vitamin E (d-alpha tocopherol)":0.0274,"Vitamin K1":0.0099,"Vitamin K2 MK-7 MCT Oil":0.026,"Vitamin K2 MK-4 MCT Oil":0.0123,"Sunflower lecithin non-GMO":0.0115,"Phosphatidylcholine":0.0031,"Choline":0.007,"Lycopene":0.0345,"Lysine":0.0048,"Taurine":0.0169,"Glucoraphanin":0.0001,"Ubiquinol":0.0111,"Zinc Citrate":0.0184,"Fiber":0.0035,"Blueberries":0.0674,"Macadamia nuts":0.0039,"Walnuts":0.0463,"Omega 3":0.0014,"Omega 6":0.0104,"Calcium":0.0322,"EVOO polyphenols":0.0038,"Oleic acid":0.0142,"Protein (plant)":0.0008,"Copper":0.0079,"Caffeine":0.061,"Magnesium Citrate":0.0143,"Manganese Citrate":0.0667,"Curcuminoids":0.0332,"Fisetin (smoketree extract)":0.0276,"Garlic extract 12:1 odorless":0.0196,"Genistein (Japonica extract)":0.007,"Milled Golden Flaxseed":0.0166,"SDG lignan":0.0555,"Phosphatidylinositol":0.0001,"Phosphatidylethanolamine":0.0526}],"vo2_max":25.6042}
