{"personal_data":[{"age":35,"gender":"F","name":"Sincere Harber"}],"fitness_data":[{"Backwards Sled, 2 min":1,"Posture exercises":2,"Tricep extensions":2,"Face pulls":2,"Butterfly":2,"Band pull apart (back muscles)":3,"Back extensions (on a hyperextension)":0,"Obliques (each side, on a hyperextension)":3,"StretchesKneeling shin_Kneeling shin_":2,"StretchesHip flexor_Hip flexor_":0,"StretchesCouch_Couch_":2,"Leg raises (for abdomen)":1,"Seated calf raises":4,"Poliquin step ups":3,"Slant board squats":5,"ATG Split squats":5,"Nordics":3,"Reverse Nordics":2,"Tibialis raises,":1,"IsoTib ankle rotations":1,"Pull ups":2,"Chin ups":2,"10 min HIIT":0}],"supplement_vars":[{"N-Acetyl-L-Cysteine (NAC)":0.0126,"N-Acetyl-L-Cysteine (NAC) 2":0.0141,"Nicotinamide Riboside Chloride (NR)":0.0148,"Zeaxanthin":0.0023,"Phosphorus":0.0012,"Astaxanthin (Natural)":0.0206,"Boron Glycinate":0.0154,"CaAKG":0.0087,"Ashwagandha KSM66":0.006,"Calcium L-5- Methyltetrahydrofolate (L-5-MTHF-Ca)":0.0127,"Cocoa Powder (Non-Alkalised) 8+% Flavanols":0.0001,"Red Yeast Rice (2% Monacolin K)":0.0339,"Creatine Monohydrate":0.0142,"Ginger":0.0124,"Glucosamine Sulfate KCI":0.0603,"Grape Seed Extract 90% polyphenols":0.0131,"Broccoli Extract (glucoraphanin 10%)":0.002,"Glycine":0.0202,"Theanine":0.0598,"Lactobacillus Acidophilus":0.0372,"Lithium orotate":0.0035,"Pomegranate Juice Extract (50% Polyphenols)":0.0681,"Potassium Iodate":0.0263,"Rhodiola 3% Rosavins / Salidroside 1%":0.0595,"Selenium":0.0038,"Glutathione reduced":0.0392,"Lutein":0.0046,"Luteolin":0.0093,"Cinnamon powder (ceylon) organic":0.0196,"Sodium Hyaluronate":0.0093,"Spermidine":0.0567,"Vitamin B1 (Thiamine HCl)":0.008,"Vitamin B12 (Methylcobalamin)":0.0239,"Vitamin B2 (Riboflavin-5-Phosphate)":0.031,"Vitamin B3 (Niacinamide)":0.0055,"Vitamin B5 (Calcium-D-Pantothenate)":0.0157,"Vitamin B6 (Pyridoxal-5- Phosphate)":0.0035,"Vitamin B7 (D-Biotin)":0.0127,"Vitamin C (Ascorbic Acid)":0.0126,"Vitamin D Veg D3":0.0434,"Vitamin E (d-alpha tocopherol)":0.0029,"Vitamin K1":0.0238,"Vitamin K2 MK-7 MCT Oil":0.0321,"Vitamin K2 MK-4 MCT Oil":0.0129,"Sunflower lecithin non-GMO":0.0351,"Phosphatidylcholine":0.0186,"Choline":0.0319,"Lycopene":0.0721,"Lysine":0.0097,"Taurine":0.0316,"Glucoraphanin":0.0035,"Ubiquinol":0.0092,"Zinc Citrate":0.0129,"Fiber":0.0032,"Blueberries":0.0628,"Macadamia nuts":0.0446,"Walnuts":0.0014,"Omega 3":0.049,"Omega 6":0.0027,"Calcium":0.053,"EVOO polyphenols":0.0059,"Oleic acid":0.0007,"Protein (plant)":0.0013,"Copper":0.0141,"Caffeine":0.0097,"Magnesium Citrate":0.0201,"Manganese Citrate":0.0939,"Curcuminoids":0.0393,"Fisetin (smoketree extract)":0.029,"Garlic extract 12:1 odorless":0.0211,"Genistein (Japonica extract)":0.0168,"Milled Golden Flaxseed":0.0107,"SDG lignan":0.042,"Phosphatidylinositol":0.0171,"Phosphatidylethanolamine":0.0349}],"vo2_max":33.6164}
