{"personal_data":[{"age":25,"gender":"M","name":"Abbott Koch"}],"fitness_data":[{"Backwards Sled, 2 min":3,"Posture exercises":1,"Tricep extensions":3,"Face pulls":4,"Butterfly":2,"Band pull apart (back muscles)":0,"Back extensions (on a hyperextension)":1,"Obliques (each side, on a hyperextension)":2,"StretchesKneeling shin_Kneeling shin_":3,"StretchesHip flexor_Hip flexor_":2,"StretchesCouch_Couch_":2,"Leg raises (for abdomen)":0,"Seated calf raises":3,"Poliquin step ups":2,"Slant board squats":4,"ATG Split squats":6,"Nordics":5,"Reverse Nordics":2,"Tibialis raises,":1,"IsoTib ankle rotations":4,"Pull ups":4,"Chin ups":3,"10 min HIIT":2}],"supplement_vars":[{"N-Acetyl-L-Cysteine (NAC)":0.0184,"N-Acetyl-L-Cysteine (NAC) 2":0.0172,"Nicotinamide Riboside Chloride (NR)":0.0173,"Zeaxanthin":0.0082,"Phosphorus":0.0225,"Astaxanthin (Natural)":0.0172,"Boron Glycinate":0.0336,"CaAKG":0.0088,"Ashwagandha KSM66":0.0024,"Calcium L-5- Methyltetrahydrofolate (L-5-MTHF-Ca)":0.0328,"Cocoa Powder (Non-Alkalised) 8+% Flavanols":0.0159,"Red Yeast Rice (2% Monacolin K)":0.0309,"Creatine Monohydrate":0.0666,"Ginger":0.0838,"Glucosamine Sulfate KCI":0.0276,"Grape Seed Extract 90% polyphenols":0.0064,"Broccoli Extract (glucoraphanin 10%)":0.0066,"Glycine":0.0228,"Theanine":0.0151,"Lactobacillus Acidophilus":0.0403,"Lithium orotate":0.0027,"Pomegranate Juice Extract (50% Polyphenols)":0.0647,"Potassium Iodate":0.0166,"Rhodiola 3% Rosavins / Salidroside 1%":0.0034,"Selenium":0.003,"Glutathione reduced":0.0401,"Lutein":0.0174,"Luteolin":0.0067,"Cinnamon powder (ceylon) organic":0.0144,"Sodium Hyaluronate":0.0017,"Spermidine":0.0032,"Vitamin B1 (Thiamine HCl)":0.011,"Vitamin B12 (Methylcobalamin)":0.0198,"Vitamin B2 (Riboflavin-5-Phosphate)":0.0089,"Vitamin B3 (Niacinamide)":0.0604,"Vitamin B5 (Calcium-D-Pantothenate)":0.008,"Vitamin B6 (Pyridoxal-5- Phosphate)":0.0242,"Vitamin B7 (D-Biotin)":0.0091,"Vitamin C (Ascorbic Acid)":0.011,"Vitamin D Veg D3":0.0139,"Vitamin E (d-alpha tocopherol)":0.0247,"Vitamin K1":0.0119,"Vitamin K2 MK-7 MCT Oil":0.0089,"Vitamin K2 MK-4 MCT Oil":0.0205,"Sunflower lecithin non-GMO":0.0401,"Phosphatidylcholine":0.012,"Choline":0.0291,"Lycopene":0.0154,"Lysine":0.0075,"Taurine":0.0388,"Glucoraphanin":0.0302,"Ubiquinol":0.0068,"Zinc Citrate":0.0304,"Fiber":0.0018,"Blueberries":0.0814,"Macadamia nuts":0.0313,"Walnuts":0.0487,"Omega 3":0.0203,"Omega 6":0.0303,"Calcium":0.0611,"EVOO polyphenols":0.0042,"Oleic acid":0.0149,"Protein (plant)":0.0016,"Copper":0.0064,"Caffeine":0.0238,"Magnesium Citrate":0.0336,"Manganese Citrate":0.0567,"Curcuminoids":0.0358,"Fisetin (smoketree extract)":0.0331,"Garlic extract 12:1 odorless":0.0281,"Genistein (Japonica extract)":0.0215,"Milled Golden Flaxseed":0.0202,"SDG lignan":0.0238,"Phosphatidylinositol":0.0252,"Phosphatidylethanolamine":0.0159}],"vo2_max":36.6842}
