{"personal_data":[{"age":80,"gender":"M","name":"Ember Kuvalis"}],"fitness_data":[{"Backwards Sled, 2 min":1,"Posture exercises":1,"Tricep extensions":3,"Face pulls":1,"Butterfly":5,"Band pull apart (back muscles)":1,"Back extensions (on a hyperextension)":3,"Obliques (each side, on a hyperextension)":1,"StretchesKneeling shin_Kneeling shin_":4,"StretchesHip flexor_Hip flexor_":4,"StretchesCouch_Couch_":1,"Leg raises (for abdomen)":4,"Seated calf raises":1,"Poliquin step ups":2,"Slant board squats":3,"ATG Split squats":5,"Nordics":1,"Reverse Nordics":0,"Tibialis raises,":4,"IsoTib ankle rotations":2,"Pull ups":1,"Chin ups":2,"10 min HIIT":1}],"supplement_vars":[{"N-Acetyl-L-Cysteine (NAC)":0.0135,"N-Acetyl-L-Cysteine (NAC) 2":0.0087,"Nicotinamide Riboside Chloride (NR)":0.0117,"Zeaxanthin":0.011,"Phosphorus":0.0132,"Astaxanthin (Natural)":0.0044,"Boron Glycinate":0.0215,"CaAKG":0.0027,"Ashwagandha KSM66":0.0085,"Calcium L-5- Methyltetrahydrofolate (L-5-MTHF-Ca)":0.0043,"Cocoa Powder (Non-Alkalised) 8+% Flavanols":0.0117,"Red Yeast Rice (2% Monacolin K)":0.0136,"Creatine Monohydrate":0.0686,"Ginger":0.0193,"Glucosamine Sulfate KCI":0.0085,"Grape Seed Extract 90% polyphenols":0.0068,"Broccoli Extract (glucoraphanin 10%)":0.0339,"Glycine":0.0174,"Theanine":0.0184,"Lactobacillus Acidophilus":0.0292,"Lithium orotate":0.0023,"Pomegranate Juice Extract (50% Polyphenols)":0.0605,"Potassium Iodate":0.0139,"Rhodiola 3% Rosavins / Salidroside 1%":0.0505,"Selenium":0.0394,"Glutathione reduced":0.0358,"Lutein":0.0166,"Luteolin":0.0039,"Cinnamon powder (ceylon) organic":0.0098,"Sodium Hyaluronate":0.0003,"Spermidine":0.0111,"Vitamin B1 (Thiamine HCl)":0.0066,"Vitamin B12 (Methylcobalamin)":0.0238,"Vitamin B2 (Riboflavin-5-Phosphate)":0.0283,"Vitamin B3 (Niacinamide)":0.0201,"Vitamin B5 (Calcium-D-Pantothenate)":0.0181,"Vitamin B6 (Pyridoxal-5- Phosphate)":0.0312,"Vitamin B7 (D-Biotin)":0.0205,"Vitamin C (Ascorbic Acid)":0.0117,"Vitamin D Veg D3":0.0175,"Vitamin E (d-alpha tocopherol)":0.0268,"Vitamin K1":0.0667,"Vitamin K2 MK-7 MCT Oil":0.0213,"Vitamin K2 MK-4 MCT Oil":0.0233,"Sunflower lecithin non-GMO":0.0205,"Phosphatidylcholine":0.0062,"Choline":0.0056,"Lycopene":0.0166,"Lysine":0.0036,"Taurine":0.0317,"Glucoraphanin":0.0132,"Ubiquinol":0.0097,"Zinc Citrate":0.0085,"Fiber":0.0002,"Blueberries":0.0158,"Macadamia nuts":0.0394,"Walnuts":0.0688,"Omega 3":0.0407,"Omega 6":0.039,"Calcium":0.0464,"EVOO polyphenols":0.0025,"Oleic acid":0.0153,"Protein (plant)":0.0044,"Copper":0.0004,"Caffeine":0.0264,"Magnesium Citrate":0.046,"Manganese Citrate":0.0876,"Curcuminoids":0.005,"Fisetin (smoketree extract)":0.0131,"Garlic extract 12:1 odorless":0.0103,"Genistein (Japonica extract)":0.0099,"Milled Golden Flaxseed":0.0096,"SDG lignan":0.0317,"Phosphatidylinositol":0.003,"Phosphatidylethanolamine":0.0112}],"vo2_max":19.1726}
