{"personal_data":[{"age":21,"gender":"M","name":"Wilhelmina West"}],"fitness_data":[{"Backwards Sled, 2 min":1,"Posture exercises":1,"Tricep extensions":1,"Face pulls":1,"Butterfly":4,"Band pull apart (back muscles)":0,"Back extensions (on a hyperextension)":0,"Obliques (each side, on a hyperextension)":3,"StretchesKneeling shin_Kneeling shin_":5,"StretchesHip flexor_Hip flexor_":3,"StretchesCouch_Couch_":2,"Leg raises (for abdomen)":1,"Seated calf raises":3,"Poliquin step ups":3,"Slant board squats":4,"ATG Split squats":1,"Nordics":4,"Reverse Nordics":4,"Tibialis raises,":4,"IsoTib ankle rotations":2,"Pull ups":0,"Chin ups":0,"10 min HIIT":1}],"supplement_vars":[{"N-Acetyl-L-Cysteine (NAC)":0.0049,"N-Acetyl-L-Cysteine (NAC) 2":0.0025,"Nicotinamide Riboside Chloride (NR)":0.0123,"Zeaxanthin":0.0079,"Phosphorus":0.0379,"Astaxanthin (Natural)":0.0202,"Boron Glycinate":0.0052,"CaAKG":0.004,"Ashwagandha KSM66":0.0041,"Calcium L-5- Methyltetrahydrofolate (L-5-MTHF-Ca)":0.0209,"Cocoa Powder (Non-Alkalised) 8+% Flavanols":0.0096,"Red Yeast Rice (2% Monacolin K)":0.0152,"Creatine Monohydrate":0.0565,"Ginger":0.08,"Glucosamine Sulfate KCI":0.0423,"Grape Seed Extract 90% polyphenols":0.0098,"Broccoli Extract (glucoraphanin 10%)":0.0199,"Glycine":0.0056,"Theanine":0.0514,"Lactobacillus Acidophilus":0.0714,"Lithium orotate":0.0006,"Pomegranate Juice Extract (50% Polyphenols)":0.0021,"Potassium Iodate":0.0012,"Rhodiola 3% Rosavins / Salidroside 1%":0.0406,"Selenium":0.0148,"Glutathione reduced":0.0306,"Lutein":0.0206,"Luteolin":0.0027,"Cinnamon powder (ceylon) organic":0.0023,"Sodium Hyaluronate":0.0102,"Spermidine":0.0752,"Vitamin B1 (Thiamine HCl)":0.003,"Vitamin B12 (Methylcobalamin)":0.015,"Vitamin B2 (Riboflavin-5-Phosphate)":0.0273,"Vitamin B3 (Niacinamide)":0.0332,"Vitamin B5 (Calcium-D-Pantothenate)":0.015,"Vitamin B6 (Pyridoxal-5- Phosphate)":0.0155,"Vitamin B7 (D-Biotin)":0.0074,"Vitamin C (Ascorbic Acid)":0.001,"Vitamin D Veg D3":0.0352,"Vitamin E (d-alpha tocopherol)":0.0099,"Vitamin K1":0.0395,"Vitamin K2 MK-7 MCT Oil":0.0199,"Vitamin K2 MK-4 MCT Oil":0.0365,"Sunflower lecithin non-GMO":0.0183,"Phosphatidylcholine":0.0319,"Choline":0.0164,"Lycopene":0.0486,"Lysine":0.009,"Taurine":0.0198,"Glucoraphanin":0.0346,"Ubiquinol":0.0112,"Zinc Citrate":0.0191,"Fiber":0.0051,"Blueberries":0.0039,"Macadamia nuts":0.0789,"Walnuts":0.0443,"Omega 3":0.0339,"Omega 6":0.0658,"Calcium":0.0093,"EVOO polyphenols":0.0018,"Oleic acid":0.0095,"Protein (plant)":0.0031,"Copper":0.0104,"Caffeine":0.0627,"Magnesium Citrate":0.0549,"Manganese Citrate":0.0578,"Curcuminoids":0.025,"Fisetin (smoketree extract)":0.004,"Garlic extract 12:1 odorless":0.0378,"Genistein (Japonica extract)":0.0143,"Milled Golden Flaxseed":0.0098,"SDG lignan":0.0579,"Phosphatidylinositol":0.0223,"Phosphatidylethanolamine":0.0438}],"vo2_max":37.2157}
