{"personal_data":[{"age":71,"gender":"F","name":"Jaycee Zemlak"}],"fitness_data":[{"Backwards Sled, 2 min":3,"Posture exercises":2,"Tricep extensions":3,"Face pulls":2,"Butterfly":0,"Band pull apart (back muscles)":4,"Back extensions (on a hyperextension)":4,"Obliques (each side, on a hyperextension)":2,"StretchesKneeling shin_Kneeling shin_":5,"StretchesHip flexor_Hip flexor_":6,"StretchesCouch_Couch_":2,"Leg raises (for abdomen)":4,"Seated calf raises":2,"Poliquin step ups":0,"Slant board squats":5,"ATG Split squats":2,"Nordics":3,"Reverse Nordics":1,"Tibialis raises,":4,"IsoTib ankle rotations":3,"Pull ups":2,"Chin ups":3,"10 min HIIT":4}],"supplement_vars":[{"N-Acetyl-L-Cysteine (NAC)":0.0075,"N-Acetyl-L-Cysteine (NAC) 2":0.0157,"Nicotinamide Riboside Chloride (NR)":0.0165,"Zeaxanthin":0.0053,"Phosphorus":0.0318,"Astaxanthin (Natural)":0.0024,"Boron Glycinate":0.0196,"CaAKG":0.0112,"Ashwagandha KSM66":0.0086,"Calcium L-5- Methyltetrahydrofolate (L-5-MTHF-Ca)":0.0137,"Cocoa Powder (Non-Alkalised) 8+% Flavanols":0.0187,"Red Yeast Rice (2% Monacolin K)":0.0122,"Creatine Monohydrate":0.0481,"Ginger":0.0596,"Glucosamine Sulfate KCI":0.0347,"Grape Seed Extract 90% polyphenols":0.0064,"Broccoli Extract (glucoraphanin 10%)":0.0323,"Glycine":0.017,"Theanine":0.004,"Lactobacillus Acidophilus":0.0079,"Lithium orotate":0.0091,"Pomegranate Juice Extract (50% Polyphenols)":0.0321,"Potassium Iodate":0.025,"Rhodiola 3% Rosavins / Salidroside 1%":0.0449,"Selenium":0.0132,"Glutathione reduced":0.0289,"Lutein":0.0069,"Luteolin":0.0043,"Cinnamon powder (ceylon) organic":0.0065,"Sodium Hyaluronate":0.0079,"Spermidine":0.0419,"Vitamin B1 (Thiamine HCl)":0.0015,"Vitamin B12 (Methylcobalamin)":0.0158,"Vitamin B2 (Riboflavin-5-Phosphate)":0.056,"Vitamin B3 (Niacinamide)":0.0178,"Vitamin B5 (Calcium-D-Pantothenate)":0.0006,"Vitamin B6 (Pyridoxal-5- Phosphate)":0.0455,"Vitamin B7 (D-Biotin)":0.0146,"Vitamin C (Ascorbic Acid)":0.0063,"Vitamin D Veg D3":0.0176,"Vitamin E (d-alpha tocopherol)":0.0053,"Vitamin K1":0.0388,"Vitamin K2 MK-7 MCT Oil":0.0309,"Vitamin K2 MK-4 MCT Oil":0.0013,"Sunflower lecithin non-GMO":0.0246,"Phosphatidylcholine":0.0176,"Choline":0.0505,"Lycopene":0.0711,"Lysine":0.0049,"Taurine":0.0118,"Glucoraphanin":0.0132,"Ubiquinol":0.0029,"Zinc Citrate":0.0139,"Fiber":0.0042,"Blueberries":0.0482,"Macadamia nuts":0.0496,"Walnuts":0.0274,"Omega 3":0.0338,"Omega 6":0.0008,"Calcium":0.0688,"EVOO polyphenols":0.0012,"Oleic acid":0.0244,"Protein (plant)":0.0041,"Copper":0.0118,"Caffeine":0.0111,"Magnesium Citrate":0.0348,"Manganese Citrate":0.075,"Curcuminoids":0.03,"Fisetin (smoketree extract)":0.0188,"Garlic extract 12:1 odorless":0.0006,"Genistein (Japonica extract)":0.0166,"Milled Golden Flaxseed":0.0243,"SDG lignan":0.0217,"Phosphatidylinositol":0.0158,"Phosphatidylethanolamine":0.0074}],"vo2_max":19.4613}
