{"personal_data":[{"age":72,"gender":"F"}],"fitness_data":[{"Backwards Sled, 2 min":5,"Posture exercises":1,"Tricep extensions":4,"Face pulls":3,"Butterfly":2,"Band pull apart (back muscles)":2,"Back extensions (on a hyperextension)":3,"Obliques (each side, on a hyperextension)":1,"StretchesKneeling shin_Kneeling shin_":2,"StretchesHip flexor_Hip flexor_":2,"StretchesCouch_Couch_":1,"Leg raises (for abdomen)":0,"Seated calf raises":0,"Poliquin step ups":2,"Slant board squats":3,"ATG Split squats":4,"Nordics":5,"Reverse Nordics":3,"Tibialis raises,":2,"IsoTib ankle rotations":0,"Pull ups":2,"Chin ups":4,"10 min HIIT":2}],"supplement_vars":[{"N-Acetyl-L-Cysteine (NAC)":0.0104,"N-Acetyl-L-Cysteine (NAC) 2":0.005,"Nicotinamide Riboside Chloride (NR)":0.0032,"Zeaxanthin":0.0109,"Phosphorus":0.0088,"Astaxanthin (Natural)":0.0056,"Boron Glycinate":0.0425,"CaAKG":0.0004,"Ashwagandha KSM66":0.0008,"Calcium L-5- Methyltetrahydrofolate (L-5-MTHF-Ca)":0.0675,"Cocoa Powder (Non-Alkalised) 8+% Flavanols":0.0086,"Red Yeast Rice (2% Monacolin K)":0.0293,"Creatine Monohydrate":0.0119,"Ginger":0.0334,"Glucosamine Sulfate KCI":0.0149,"Grape Seed Extract 90% polyphenols":0.0052,"Broccoli Extract (glucoraphanin 10%)":0.0168,"Glycine":0.0293,"Theanine":0.0438,"Lactobacillus Acidophilus":0.0703,"Lithium orotate":0.0054,"Pomegranate Juice Extract (50% Polyphenols)":0.062,"Potassium Iodate":0.0304,"Rhodiola 3% Rosavins / Salidroside 1%":0.0589,"Selenium":0.0384,"Glutathione reduced":0.0193,"Lutein":0.0034,"Luteolin":0.0046,"Cinnamon powder (ceylon) organic":0.0078,"Sodium Hyaluronate":0.007,"Spermidine":0.017,"Vitamin B1 (Thiamine HCl)":0.0022,"Vitamin B12 (Methylcobalamin)":0.0519,"Vitamin B2 (Riboflavin-5-Phosphate)":0.0458,"Vitamin B3 (Niacinamide)":0.0351,"Vitamin B5 (Calcium-D-Pantothenate)":0.0148,"Vitamin B6 (Pyridoxal-5- Phosphate)":0.0118,"Vitamin B7 (D-Biotin)":0.0266,"Vitamin C (Ascorbic Acid)":0.0001,"Vitamin D Veg D3":0.0078,"Vitamin E (d-alpha tocopherol)":0.0322,"Vitamin K1":0.0415,"Vitamin K2 MK-7 MCT Oil":0.0079,"Vitamin K2 MK-4 MCT Oil":0.0359,"Sunflower lecithin non-GMO":0.017,"Phosphatidylcholine":0.0261,"Choline":0.0365,"Lycopene":0.0699,"Lysine":0.001,"Taurine":0.0322,"Glucoraphanin":0.025,"Ubiquinol":0.001,"Zinc Citrate":0.0192,"Fiber":0.0045,"Blueberries":0.041,"Macadamia nuts":0.0944,"Walnuts":0.0483,"Omega 3":0.0477,"Omega 6":0.0556,"Calcium":0.0089,"EVOO polyphenols":0.007,"Oleic acid":0.0021,"Protein (plant)":0.0045,"Copper":0.0098,"Caffeine":0.0419,"Magnesium Citrate":0.0229,"Manganese Citrate":0.0325,"Curcuminoids":0.0492,"Fisetin (smoketree extract)":0.0344,"Garlic extract 12:1 odorless":0.0368,"Genistein (Japonica extract)":0.008,"Milled Golden Flaxseed":0.0237,"SDG lignan":0.0543,"Phosphatidylinositol":0.0154,"Phosphatidylethanolamine":0.0464}],"vo2_max":20.9815}
