{"personal_data":[{"age":79,"gender":"M","name":"Izabella Dickens"}],"fitness_data":[{"Backwards Sled, 2 min":0,"Posture exercises":2,"Tricep extensions":3,"Face pulls":4,"Butterfly":6,"Band pull apart (back muscles)":5,"Back extensions (on a hyperextension)":2,"Obliques (each side, on a hyperextension)":2,"StretchesKneeling shin_Kneeling shin_":1,"StretchesHip flexor_Hip flexor_":5,"StretchesCouch_Couch_":2,"Leg raises (for abdomen)":4,"Seated calf raises":0,"Poliquin step ups":0,"Slant board squats":7,"ATG Split squats":3,"Nordics":3,"Reverse Nordics":4,"Tibialis raises,":2,"IsoTib ankle rotations":5,"Pull ups":2,"Chin ups":3,"10 min HIIT":2}],"supplement_vars":[{"N-Acetyl-L-Cysteine (NAC)":0.0162,"N-Acetyl-L-Cysteine (NAC) 2":0.0161,"Nicotinamide Riboside Chloride (NR)":0.0064,"Zeaxanthin":0.0092,"Phosphorus":0.035,"Astaxanthin (Natural)":0.0048,"Boron Glycinate":0.0083,"CaAKG":0.0059,"Ashwagandha KSM66":0.0017,"Calcium L-5- Methyltetrahydrofolate (L-5-MTHF-Ca)":0.0538,"Cocoa Powder (Non-Alkalised) 8+% Flavanols":0.0188,"Red Yeast Rice (2% Monacolin K)":0.0323,"Creatine Monohydrate":0.0023,"Ginger":0.0306,"Glucosamine Sulfate KCI":0.0399,"Grape Seed Extract 90% polyphenols":0.0031,"Broccoli Extract (glucoraphanin 10%)":0.0214,"Glycine":0.0237,"Theanine":0.0444,"Lactobacillus Acidophilus":0.007,"Lithium orotate":0.0022,"Pomegranate Juice Extract (50% Polyphenols)":0.0559,"Potassium Iodate":0.0458,"Rhodiola 3% Rosavins / Salidroside 1%":0.0006,"Selenium":0.0062,"Glutathione reduced":0.0427,"Lutein":0.0082,"Luteolin":0.0015,"Cinnamon powder (ceylon) organic":0.0155,"Sodium Hyaluronate":0.0048,"Spermidine":0.0842,"Vitamin B1 (Thiamine HCl)":0.0009,"Vitamin B12 (Methylcobalamin)":0.0668,"Vitamin B2 (Riboflavin-5-Phosphate)":0.0287,"Vitamin B3 (Niacinamide)":0.0438,"Vitamin B5 (Calcium-D-Pantothenate)":0.0171,"Vitamin B6 (Pyridoxal-5- Phosphate)":0.0193,"Vitamin B7 (D-Biotin)":0.0223,"Vitamin C (Ascorbic Acid)":0.0034,"Vitamin D Veg D3":0.0183,"Vitamin E (d-alpha tocopherol)":0.0287,"Vitamin K1":0.0254,"Vitamin K2 MK-7 MCT Oil":0.0245,"Vitamin K2 MK-4 MCT Oil":0.0278,"Sunflower lecithin non-GMO":0.0156,"Phosphatidylcholine":0.0065,"Choline":0.0567,"Lycopene":0.0403,"Lysine":0.0011,"Taurine":0.0335,"Glucoraphanin":0.031,"Ubiquinol":0.0123,"Zinc Citrate":0.0074,"Fiber":0.0022,"Blueberries":0.0484,"Macadamia nuts":0.0079,"Walnuts":0.0061,"Omega 3":0.0332,"Omega 6":0.0256,"Calcium":0.0505,"EVOO polyphenols":0.0004,"Oleic acid":0.0227,"Protein (plant)":0.0015,"Copper":0.0218,"Caffeine":0.0149,"Magnesium Citrate":0.0041,"Manganese Citrate":0.0524,"Curcuminoids":0.0307,"Fisetin (smoketree extract)":0.0251,"Garlic extract 12:1 odorless":0.0254,"Genistein (Japonica extract)":0.0026,"Milled Golden Flaxseed":0.0336,"SDG lignan":0.0528,"Phosphatidylinositol":0.0226,"Phosphatidylethanolamine":0.0359}],"vo2_max":18.6896}
