{"personal_data":[{"age":73,"gender":"M","name":"Isabel Rodriguez-Purdy"}],"fitness_data":[{"Backwards Sled, 2 min":4,"Posture exercises":4,"Tricep extensions":2,"Face pulls":1,"Butterfly":5,"Band pull apart (back muscles)":4,"Back extensions (on a hyperextension)":1,"Obliques (each side, on a hyperextension)":2,"StretchesKneeling shin_Kneeling shin_":1,"StretchesHip flexor_Hip flexor_":6,"StretchesCouch_Couch_":1,"Leg raises (for abdomen)":0,"Seated calf raises":2,"Poliquin step ups":3,"Slant board squats":4,"ATG Split squats":0,"Nordics":2,"Reverse Nordics":4,"Tibialis raises,":3,"IsoTib ankle rotations":5,"Pull ups":1,"Chin ups":0,"10 min HIIT":3}],"supplement_vars":[{"N-Acetyl-L-Cysteine (NAC)":0.0188,"N-Acetyl-L-Cysteine (NAC) 2":0.0158,"Nicotinamide Riboside Chloride (NR)":0.0109,"Zeaxanthin":0.0032,"Phosphorus":0.0277,"Astaxanthin (Natural)":0.0033,"Boron Glycinate":0.005,"CaAKG":0.0109,"Ashwagandha KSM66":0.0067,"Calcium L-5- Methyltetrahydrofolate (L-5-MTHF-Ca)":0.0547,"Cocoa Powder (Non-Alkalised) 8+% Flavanols":0.0058,"Red Yeast Rice (2% Monacolin K)":0.0262,"Creatine Monohydrate":0.0646,"Ginger":0.0645,"Glucosamine Sulfate KCI":0.0356,"Grape Seed Extract 90% polyphenols":0.0071,"Broccoli Extract (glucoraphanin 10%)":0.03,"Glycine":0.0112,"Theanine":0.0165,"Lactobacillus Acidophilus":0.0299,"Lithium orotate":0.0078,"Pomegranate Juice Extract (50% Polyphenols)":0.0179,"Potassium Iodate":0.0249,"Rhodiola 3% Rosavins / Salidroside 1%":0.0096,"Selenium":0.0063,"Glutathione reduced":0.0563,"Lutein":0.0068,"Luteolin":0.0034,"Cinnamon powder (ceylon) organic":0.0114,"Sodium Hyaluronate":0.0049,"Spermidine":0.0057,"Vitamin B1 (Thiamine HCl)":0.0026,"Vitamin B12 (Methylcobalamin)":0.0618,"Vitamin B2 (Riboflavin-5-Phosphate)":0.0417,"Vitamin B3 (Niacinamide)":0.0563,"Vitamin B5 (Calcium-D-Pantothenate)":0.0119,"Vitamin B6 (Pyridoxal-5- Phosphate)":0.0438,"Vitamin B7 (D-Biotin)":0.0249,"Vitamin C (Ascorbic Acid)":0.0098,"Vitamin D Veg D3":0.0229,"Vitamin E (d-alpha tocopherol)":0.0383,"Vitamin K1":0.0675,"Vitamin K2 MK-7 MCT Oil":0.0084,"Vitamin K2 MK-4 MCT Oil":0.0342,"Sunflower lecithin non-GMO":0.0206,"Phosphatidylcholine":0.0202,"Choline":0.0135,"Lycopene":0.0142,"Lysine":0.004,"Taurine":0.0252,"Glucoraphanin":0.0277,"Ubiquinol":0.005,"Zinc Citrate":0.0174,"Fiber":0.0017,"Blueberries":0.0188,"Macadamia nuts":0.0885,"Walnuts":0.0699,"Omega 3":0.0071,"Omega 6":0.0169,"Calcium":0.0696,"EVOO polyphenols":0,"Oleic acid":0.0331,"Protein (plant)":0.0032,"Copper":0.0193,"Caffeine":0.0041,"Magnesium Citrate":0.037,"Manganese Citrate":0.06,"Curcuminoids":0.0239,"Fisetin (smoketree extract)":0.0163,"Garlic extract 12:1 odorless":0.02,"Genistein (Japonica extract)":0.0053,"Milled Golden Flaxseed":0.0313,"SDG lignan":0.0299,"Phosphatidylinositol":0.0136,"Phosphatidylethanolamine":0.0254}],"vo2_max":19.0921}
