{"personal_data":[{"age":74,"gender":"F","name":"Germaine Bogisich-Ullrich"}],"fitness_data":[{"Backwards Sled, 2 min":2,"Posture exercises":2,"Tricep extensions":4,"Face pulls":4,"Butterfly":5,"Band pull apart (back muscles)":1,"Back extensions (on a hyperextension)":4,"Obliques (each side, on a hyperextension)":1,"StretchesKneeling shin_Kneeling shin_":3,"StretchesHip flexor_Hip flexor_":3,"StretchesCouch_Couch_":3,"Leg raises (for abdomen)":1,"Seated calf raises":2,"Poliquin step ups":2,"Slant board squats":0,"ATG Split squats":4,"Nordics":2,"Reverse Nordics":1,"Tibialis raises,":4,"IsoTib ankle rotations":5,"Pull ups":1,"Chin ups":1,"10 min HIIT":1}],"supplement_vars":[{"N-Acetyl-L-Cysteine (NAC)":0.011,"N-Acetyl-L-Cysteine (NAC) 2":0.0026,"Nicotinamide Riboside Chloride (NR)":0.0131,"Zeaxanthin":0.005,"Phosphorus":0.01,"Astaxanthin (Natural)":0.0032,"Boron Glycinate":0.0444,"CaAKG":0.0124,"Ashwagandha KSM66":0.0046,"Calcium L-5- Methyltetrahydrofolate (L-5-MTHF-Ca)":0.0056,"Cocoa Powder (Non-Alkalised) 8+% Flavanols":0.0067,"Red Yeast Rice (2% Monacolin K)":0.0194,"Creatine Monohydrate":0.0358,"Ginger":0.031,"Glucosamine Sulfate KCI":0.0041,"Grape Seed Extract 90% polyphenols":0.0013,"Broccoli Extract (glucoraphanin 10%)":0.012,"Glycine":0.0186,"Theanine":0.0217,"Lactobacillus Acidophilus":0.0677,"Lithium orotate":0.0024,"Pomegranate Juice Extract (50% Polyphenols)":0.02,"Potassium Iodate":0.0129,"Rhodiola 3% Rosavins / Salidroside 1%":0.046,"Selenium":0.0082,"Glutathione reduced":0.0481,"Lutein":0.0105,"Luteolin":0.0017,"Cinnamon powder (ceylon) organic":0.0033,"Sodium Hyaluronate":0.002,"Spermidine":0.0224,"Vitamin B1 (Thiamine HCl)":0.0016,"Vitamin B12 (Methylcobalamin)":0.0044,"Vitamin B2 (Riboflavin-5-Phosphate)":0.0228,"Vitamin B3 (Niacinamide)":0.0238,"Vitamin B5 (Calcium-D-Pantothenate)":0.0111,"Vitamin B6 (Pyridoxal-5- Phosphate)":0.0299,"Vitamin B7 (D-Biotin)":0.0217,"Vitamin C (Ascorbic Acid)":0.0069,"Vitamin D Veg D3":0.0056,"Vitamin E (d-alpha tocopherol)":0.0025,"Vitamin K1":0.0274,"Vitamin K2 MK-7 MCT Oil":0.0246,"Vitamin K2 MK-4 MCT Oil":0.0115,"Sunflower lecithin non-GMO":0.0207,"Phosphatidylcholine":0.0174,"Choline":0.0376,"Lycopene":0.024,"Lysine":0.0026,"Taurine":0.0131,"Glucoraphanin":0.0329,"Ubiquinol":0.0068,"Zinc Citrate":0.0229,"Fiber":0.0029,"Blueberries":0.0198,"Macadamia nuts":0.0433,"Walnuts":0.0184,"Omega 3":0.0039,"Omega 6":0.0055,"Calcium":0.0652,"EVOO polyphenols":0.0007,"Oleic acid":0.0078,"Protein (plant)":0.0013,"Copper":0.0077,"Caffeine":0.0103,"Magnesium Citrate":0.0086,"Manganese Citrate":0.077,"Curcuminoids":0.0179,"Fisetin (smoketree extract)":0.0091,"Garlic extract 12:1 odorless":0.0139,"Genistein (Japonica extract)":0.0155,"Milled Golden Flaxseed":0.009,"SDG lignan":0.013,"Phosphatidylinositol":0.0026,"Phosphatidylethanolamine":0.052}],"vo2_max":20.0529}
