{"personal_data":[{"age":64,"gender":"F","name":"Drema Jones-Lemke"}],"fitness_data":[{"Backwards Sled, 2 min":2,"Posture exercises":5,"Tricep extensions":2,"Face pulls":4,"Butterfly":5,"Band pull apart (back muscles)":6,"Back extensions (on a hyperextension)":0,"Obliques (each side, on a hyperextension)":1,"StretchesKneeling shin_Kneeling shin_":0,"StretchesHip flexor_Hip flexor_":6,"StretchesCouch_Couch_":0,"Leg raises (for abdomen)":1,"Seated calf raises":4,"Poliquin step ups":2,"Slant board squats":6,"ATG Split squats":3,"Nordics":0,"Reverse Nordics":3,"Tibialis raises,":2,"IsoTib ankle rotations":5,"Pull ups":1,"Chin ups":1,"10 min HIIT":2}],"supplement_vars":[{"N-Acetyl-L-Cysteine (NAC)":0.0082,"N-Acetyl-L-Cysteine (NAC) 2":0.0195,"Nicotinamide Riboside Chloride (NR)":0.0056,"Zeaxanthin":0.0001,"Phosphorus":0.0402,"Astaxanthin (Natural)":0.0167,"Boron Glycinate":0.0383,"CaAKG":0.0118,"Ashwagandha KSM66":0.0022,"Calcium L-5- Methyltetrahydrofolate (L-5-MTHF-Ca)":0.0428,"Cocoa Powder (Non-Alkalised) 8+% Flavanols":0.0133,"Red Yeast Rice (2% Monacolin K)":0.0313,"Creatine Monohydrate":0.0618,"Ginger":0.0217,"Glucosamine Sulfate KCI":0.0168,"Grape Seed Extract 90% polyphenols":0.0077,"Broccoli Extract (glucoraphanin 10%)":0.0188,"Glycine":0.0095,"Theanine":0.0537,"Lactobacillus Acidophilus":0.0733,"Lithium orotate":0.0044,"Pomegranate Juice Extract (50% Polyphenols)":0.0371,"Potassium Iodate":0.03,"Rhodiola 3% Rosavins / Salidroside 1%":0.0262,"Selenium":0.007,"Glutathione reduced":0.0158,"Lutein":0.0141,"Luteolin":0.004,"Cinnamon powder (ceylon) organic":0.017,"Sodium Hyaluronate":0.0056,"Spermidine":0.0499,"Vitamin B1 (Thiamine HCl)":0.0064,"Vitamin B12 (Methylcobalamin)":0.0685,"Vitamin B2 (Riboflavin-5-Phosphate)":0.0514,"Vitamin B3 (Niacinamide)":0.0023,"Vitamin B5 (Calcium-D-Pantothenate)":0.0032,"Vitamin B6 (Pyridoxal-5- Phosphate)":0.0318,"Vitamin B7 (D-Biotin)":0.0131,"Vitamin C (Ascorbic Acid)":0.0047,"Vitamin D Veg D3":0.0139,"Vitamin E (d-alpha tocopherol)":0.0158,"Vitamin K1":0.0225,"Vitamin K2 MK-7 MCT Oil":0.0221,"Vitamin K2 MK-4 MCT Oil":0.0041,"Sunflower lecithin non-GMO":0.01,"Phosphatidylcholine":0.0243,"Choline":0.0546,"Lycopene":0.0495,"Lysine":0.0093,"Taurine":0.0308,"Glucoraphanin":0.0322,"Ubiquinol":0.009,"Zinc Citrate":0.0264,"Fiber":0.0027,"Blueberries":0.0297,"Macadamia nuts":0.0885,"Walnuts":0.0349,"Omega 3":0.0047,"Omega 6":0.0563,"Calcium":0.0184,"EVOO polyphenols":0.0028,"Oleic acid":0.0113,"Protein (plant)":0.0004,"Copper":0.0121,"Caffeine":0.0488,"Magnesium Citrate":0.0348,"Manganese Citrate":0.0127,"Curcuminoids":0.0332,"Fisetin (smoketree extract)":0.0334,"Garlic extract 12:1 odorless":0.0001,"Genistein (Japonica extract)":0.014,"Milled Golden Flaxseed":0.034,"SDG lignan":0.0014,"Phosphatidylinositol":0.0126,"Phosphatidylethanolamine":0.0104}],"vo2_max":21.9928}
