{"personal_data":[{"age":27,"gender":"M","name":"Reynaldo Witting"}],"fitness_data":[{"Backwards Sled, 2 min":3,"Posture exercises":4,"Tricep extensions":1,"Face pulls":3,"Butterfly":3,"Band pull apart (back muscles)":2,"Back extensions (on a hyperextension)":2,"Obliques (each side, on a hyperextension)":1,"StretchesKneeling shin_Kneeling shin_":1,"StretchesHip flexor_Hip flexor_":1,"StretchesCouch_Couch_":0,"Leg raises (for abdomen)":4,"Seated calf raises":1,"Poliquin step ups":4,"Slant board squats":3,"ATG Split squats":1,"Nordics":1,"Reverse Nordics":0,"Tibialis raises,":3,"IsoTib ankle rotations":3,"Pull ups":1,"Chin ups":2,"10 min HIIT":1}],"supplement_vars":[{"N-Acetyl-L-Cysteine (NAC)":0.0106,"N-Acetyl-L-Cysteine (NAC) 2":0.0199,"Nicotinamide Riboside Chloride (NR)":0.0092,"Zeaxanthin":0.0078,"Phosphorus":0.0033,"Astaxanthin (Natural)":0.0041,"Boron Glycinate":0.013,"CaAKG":0.0026,"Ashwagandha KSM66":0.0039,"Calcium L-5- Methyltetrahydrofolate (L-5-MTHF-Ca)":0.0607,"Cocoa Powder (Non-Alkalised) 8+% Flavanols":0.01,"Red Yeast Rice (2% Monacolin K)":0.0237,"Creatine Monohydrate":0.0098,"Ginger":0.069,"Glucosamine Sulfate KCI":0.073,"Grape Seed Extract 90% polyphenols":0.01,"Broccoli Extract (glucoraphanin 10%)":0.0157,"Glycine":0.0066,"Theanine":0.0112,"Lactobacillus Acidophilus":0.0599,"Lithium orotate":0.0064,"Pomegranate Juice Extract (50% Polyphenols)":0.057,"Potassium Iodate":0.0208,"Rhodiola 3% Rosavins / Salidroside 1%":0.0003,"Selenium":0.0208,"Glutathione reduced":0.0058,"Lutein":0.0201,"Luteolin":0.0046,"Cinnamon powder (ceylon) organic":0.0086,"Sodium Hyaluronate":0.0057,"Spermidine":0.0577,"Vitamin B1 (Thiamine HCl)":0.0169,"Vitamin B12 (Methylcobalamin)":0.012,"Vitamin B2 (Riboflavin-5-Phosphate)":0.0218,"Vitamin B3 (Niacinamide)":0.0052,"Vitamin B5 (Calcium-D-Pantothenate)":0.0073,"Vitamin B6 (Pyridoxal-5- Phosphate)":0.0344,"Vitamin B7 (D-Biotin)":0.0257,"Vitamin C (Ascorbic Acid)":0.0091,"Vitamin D Veg D3":0.0257,"Vitamin E (d-alpha tocopherol)":0.015,"Vitamin K1":0.0029,"Vitamin K2 MK-7 MCT Oil":0.0259,"Vitamin K2 MK-4 MCT Oil":0.0258,"Sunflower lecithin non-GMO":0.0182,"Phosphatidylcholine":0.0298,"Choline":0.0432,"Lycopene":0.0698,"Lysine":0.0018,"Taurine":0.0281,"Glucoraphanin":0.0044,"Ubiquinol":0.0069,"Zinc Citrate":0.0089,"Fiber":0.0036,"Blueberries":0.0657,"Macadamia nuts":0.0441,"Walnuts":0.0215,"Omega 3":0.0218,"Omega 6":0.0171,"Calcium":0.0453,"EVOO polyphenols":0.0016,"Oleic acid":0.0311,"Protein (plant)":0.0032,"Copper":0.0009,"Caffeine":0.014,"Magnesium Citrate":0.0151,"Manganese Citrate":0.0446,"Curcuminoids":0.0222,"Fisetin (smoketree extract)":0.026,"Garlic extract 12:1 odorless":0.0111,"Genistein (Japonica extract)":0.0079,"Milled Golden Flaxseed":0.0237,"SDG lignan":0.0224,"Phosphatidylinositol":0.0149,"Phosphatidylethanolamine":0.0337}],"vo2_max":35.1119}
