{"personal_data":[{"age":69,"gender":"F","name":"Marco Quitzon"}],"fitness_data":[{"Backwards Sled, 2 min":1,"Posture exercises":2,"Tricep extensions":4,"Face pulls":3,"Butterfly":2,"Band pull apart (back muscles)":0,"Back extensions (on a hyperextension)":2,"Obliques (each side, on a hyperextension)":4,"StretchesKneeling shin_Kneeling shin_":1,"StretchesHip flexor_Hip flexor_":6,"StretchesCouch_Couch_":0,"Leg raises (for abdomen)":2,"Seated calf raises":1,"Poliquin step ups":3,"Slant board squats":5,"ATG Split squats":0,"Nordics":1,"Reverse Nordics":3,"Tibialis raises,":2,"IsoTib ankle rotations":2,"Pull ups":1,"Chin ups":1,"10 min HIIT":1}],"supplement_vars":[{"N-Acetyl-L-Cysteine (NAC)":0.0038,"N-Acetyl-L-Cysteine (NAC) 2":0.008,"Nicotinamide Riboside Chloride (NR)":0.0095,"Zeaxanthin":0.0054,"Phosphorus":0.011,"Astaxanthin (Natural)":0.0118,"Boron Glycinate":0.0385,"CaAKG":0.0055,"Ashwagandha KSM66":0.0012,"Calcium L-5- Methyltetrahydrofolate (L-5-MTHF-Ca)":0.0448,"Cocoa Powder (Non-Alkalised) 8+% Flavanols":0.0007,"Red Yeast Rice (2% Monacolin K)":0.0079,"Creatine Monohydrate":0.0044,"Ginger":0.0526,"Glucosamine Sulfate KCI":0.0755,"Grape Seed Extract 90% polyphenols":0.0122,"Broccoli Extract (glucoraphanin 10%)":0.0317,"Glycine":0.0193,"Theanine":0.0519,"Lactobacillus Acidophilus":0.0135,"Lithium orotate":0.0072,"Pomegranate Juice Extract (50% Polyphenols)":0.0182,"Potassium Iodate":0.0124,"Rhodiola 3% Rosavins / Salidroside 1%":0.0193,"Selenium":0.0201,"Glutathione reduced":0.0408,"Lutein":0.0197,"Luteolin":0.0069,"Cinnamon powder (ceylon) organic":0.0075,"Sodium Hyaluronate":0.0031,"Spermidine":0.0171,"Vitamin B1 (Thiamine HCl)":0.0142,"Vitamin B12 (Methylcobalamin)":0.0509,"Vitamin B2 (Riboflavin-5-Phosphate)":0.033,"Vitamin B3 (Niacinamide)":0.0148,"Vitamin B5 (Calcium-D-Pantothenate)":0.0101,"Vitamin B6 (Pyridoxal-5- Phosphate)":0.0363,"Vitamin B7 (D-Biotin)":0.0205,"Vitamin C (Ascorbic Acid)":0.0074,"Vitamin D Veg D3":0.0061,"Vitamin E (d-alpha tocopherol)":0.0407,"Vitamin K1":0.0547,"Vitamin K2 MK-7 MCT Oil":0.0122,"Vitamin K2 MK-4 MCT Oil":0.0235,"Sunflower lecithin non-GMO":0.0261,"Phosphatidylcholine":0.0309,"Choline":0.0363,"Lycopene":0.0179,"Lysine":0.0045,"Taurine":0.0103,"Glucoraphanin":0.0226,"Ubiquinol":0.0105,"Zinc Citrate":0.0116,"Fiber":0.0028,"Blueberries":0.0059,"Macadamia nuts":0.0393,"Walnuts":0.0177,"Omega 3":0.0037,"Omega 6":0.0021,"Calcium":0.0218,"EVOO polyphenols":0.0017,"Oleic acid":0.013,"Protein (plant)":0.0037,"Copper":0.0234,"Caffeine":0.0425,"Magnesium Citrate":0.0338,"Manganese Citrate":0.0869,"Curcuminoids":0.0395,"Fisetin (smoketree extract)":0.011,"Garlic extract 12:1 odorless":0.0095,"Genistein (Japonica extract)":0.0103,"Milled Golden Flaxseed":0.0065,"SDG lignan":0.0397,"Phosphatidylinositol":0.0155,"Phosphatidylethanolamine":0.0341}],"vo2_max":23.6888}
