{"personal_data":[{"age":77,"gender":"M","name":"Kaylie Towne"}],"fitness_data":[{"Backwards Sled, 2 min":0,"Posture exercises":2,"Tricep extensions":3,"Face pulls":0,"Butterfly":0,"Band pull apart (back muscles)":3,"Back extensions (on a hyperextension)":1,"Obliques (each side, on a hyperextension)":4,"StretchesKneeling shin_Kneeling shin_":5,"StretchesHip flexor_Hip flexor_":1,"StretchesCouch_Couch_":2,"Leg raises (for abdomen)":1,"Seated calf raises":4,"Poliquin step ups":2,"Slant board squats":5,"ATG Split squats":2,"Nordics":0,"Reverse Nordics":3,"Tibialis raises,":2,"IsoTib ankle rotations":5,"Pull ups":1,"Chin ups":3,"10 min HIIT":1}],"supplement_vars":[{"N-Acetyl-L-Cysteine (NAC)":0.0083,"N-Acetyl-L-Cysteine (NAC) 2":0.0002,"Nicotinamide Riboside Chloride (NR)":0.0059,"Zeaxanthin":0.0015,"Phosphorus":0.0166,"Astaxanthin (Natural)":0.0055,"Boron Glycinate":0.0448,"CaAKG":0.0113,"Ashwagandha KSM66":0.0008,"Calcium L-5- Methyltetrahydrofolate (L-5-MTHF-Ca)":0.0412,"Cocoa Powder (Non-Alkalised) 8+% Flavanols":0.0135,"Red Yeast Rice (2% Monacolin K)":0.0026,"Creatine Monohydrate":0.0145,"Ginger":0.0552,"Glucosamine Sulfate KCI":0.0239,"Grape Seed Extract 90% polyphenols":0.0072,"Broccoli Extract (glucoraphanin 10%)":0.028,"Glycine":0.0224,"Theanine":0.0108,"Lactobacillus Acidophilus":0.0861,"Lithium orotate":0.0024,"Pomegranate Juice Extract (50% Polyphenols)":0.0142,"Potassium Iodate":0.0151,"Rhodiola 3% Rosavins / Salidroside 1%":0.0521,"Selenium":0.0112,"Glutathione reduced":0.0433,"Lutein":0.0006,"Luteolin":0.0011,"Cinnamon powder (ceylon) organic":0.0066,"Sodium Hyaluronate":0.0009,"Spermidine":0.0504,"Vitamin B1 (Thiamine HCl)":0.0097,"Vitamin B12 (Methylcobalamin)":0.0716,"Vitamin B2 (Riboflavin-5-Phosphate)":0.064,"Vitamin B3 (Niacinamide)":0.0192,"Vitamin B5 (Calcium-D-Pantothenate)":0.0055,"Vitamin B6 (Pyridoxal-5- Phosphate)":0.029,"Vitamin B7 (D-Biotin)":0.0058,"Vitamin C (Ascorbic Acid)":0.0038,"Vitamin D Veg D3":0.0321,"Vitamin E (d-alpha tocopherol)":0.0355,"Vitamin K1":0.0376,"Vitamin K2 MK-7 MCT Oil":0.0227,"Vitamin K2 MK-4 MCT Oil":0.0082,"Sunflower lecithin non-GMO":0.0072,"Phosphatidylcholine":0.0188,"Choline":0.0218,"Lycopene":0.0145,"Lysine":0.009,"Taurine":0.0409,"Glucoraphanin":0.0261,"Ubiquinol":0.012,"Zinc Citrate":0.0134,"Fiber":0.0001,"Blueberries":0.067,"Macadamia nuts":0.006,"Walnuts":0.0416,"Omega 3":0.0106,"Omega 6":0.0174,"Calcium":0.0083,"EVOO polyphenols":0.0054,"Oleic acid":0.011,"Protein (plant)":0.0019,"Copper":0.023,"Caffeine":0.0374,"Magnesium Citrate":0.0511,"Manganese Citrate":0.0674,"Curcuminoids":0.0218,"Fisetin (smoketree extract)":0.0165,"Garlic extract 12:1 odorless":0.0015,"Genistein (Japonica extract)":0.0198,"Milled Golden Flaxseed":0.0329,"SDG lignan":0.0075,"Phosphatidylinositol":0.0045,"Phosphatidylethanolamine":0.0045}],"vo2_max":19.4945}
