{"personal_data":[{"age":61,"gender":"M","name":"Georgia Haag"}],"fitness_data":[{"Backwards Sled, 2 min":4,"Posture exercises":1,"Tricep extensions":2,"Face pulls":3,"Butterfly":6,"Band pull apart (back muscles)":4,"Back extensions (on a hyperextension)":1,"Obliques (each side, on a hyperextension)":3,"StretchesKneeling shin_Kneeling shin_":2,"StretchesHip flexor_Hip flexor_":4,"StretchesCouch_Couch_":3,"Leg raises (for abdomen)":1,"Seated calf raises":3,"Poliquin step ups":1,"Slant board squats":1,"ATG Split squats":3,"Nordics":2,"Reverse Nordics":1,"Tibialis raises,":3,"IsoTib ankle rotations":2,"Pull ups":0,"Chin ups":3,"10 min HIIT":3}],"supplement_vars":[{"N-Acetyl-L-Cysteine (NAC)":0.0025,"N-Acetyl-L-Cysteine (NAC) 2":0.0104,"Nicotinamide Riboside Chloride (NR)":0.013,"Zeaxanthin":0.0072,"Phosphorus":0.0018,"Astaxanthin (Natural)":0.0125,"Boron Glycinate":0.0409,"CaAKG":0.0104,"Ashwagandha KSM66":0.008,"Calcium L-5- Methyltetrahydrofolate (L-5-MTHF-Ca)":0.0527,"Cocoa Powder (Non-Alkalised) 8+% Flavanols":0.0004,"Red Yeast Rice (2% Monacolin K)":0.0249,"Creatine Monohydrate":0.0283,"Ginger":0.0304,"Glucosamine Sulfate KCI":0.0441,"Grape Seed Extract 90% polyphenols":0.0086,"Broccoli Extract (glucoraphanin 10%)":0.0091,"Glycine":0.0144,"Theanine":0.0034,"Lactobacillus Acidophilus":0.0561,"Lithium orotate":0.0087,"Pomegranate Juice Extract (50% Polyphenols)":0.0582,"Potassium Iodate":0.0289,"Rhodiola 3% Rosavins / Salidroside 1%":0.0593,"Selenium":0.024,"Glutathione reduced":0.0082,"Lutein":0.0182,"Luteolin":0.0048,"Cinnamon powder (ceylon) organic":0.0004,"Sodium Hyaluronate":0.0044,"Spermidine":0.0016,"Vitamin B1 (Thiamine HCl)":0.0141,"Vitamin B12 (Methylcobalamin)":0.0727,"Vitamin B2 (Riboflavin-5-Phosphate)":0.0372,"Vitamin B3 (Niacinamide)":0.0244,"Vitamin B5 (Calcium-D-Pantothenate)":0.0189,"Vitamin B6 (Pyridoxal-5- Phosphate)":0.0473,"Vitamin B7 (D-Biotin)":0.0214,"Vitamin C (Ascorbic Acid)":0.0043,"Vitamin D Veg D3":0.0246,"Vitamin E (d-alpha tocopherol)":0.0456,"Vitamin K1":0.0473,"Vitamin K2 MK-7 MCT Oil":0.0097,"Vitamin K2 MK-4 MCT Oil":0.0172,"Sunflower lecithin non-GMO":0.0386,"Phosphatidylcholine":0.0171,"Choline":0.0584,"Lycopene":0.0049,"Lysine":0.0114,"Taurine":0.029,"Glucoraphanin":0.0124,"Ubiquinol":0.0095,"Zinc Citrate":0.0242,"Fiber":0.0004,"Blueberries":0.0583,"Macadamia nuts":0.0237,"Walnuts":0.068,"Omega 3":0.0403,"Omega 6":0.0574,"Calcium":0.0473,"EVOO polyphenols":0.001,"Oleic acid":0.0311,"Protein (plant)":0.0011,"Copper":0.0085,"Caffeine":0.0451,"Magnesium Citrate":0.0455,"Manganese Citrate":0.0311,"Curcuminoids":0.0399,"Fisetin (smoketree extract)":0.0137,"Garlic extract 12:1 odorless":0.0061,"Genistein (Japonica extract)":0.01,"Milled Golden Flaxseed":0.0065,"SDG lignan":0.047,"Phosphatidylinositol":0.0114,"Phosphatidylethanolamine":0.0285}],"vo2_max":23.2631}
