{"personal_data":[{"age":65,"gender":"M","name":"Savion Windler"}],"fitness_data":[{"Backwards Sled, 2 min":0,"Posture exercises":1,"Tricep extensions":0,"Face pulls":1,"Butterfly":6,"Band pull apart (back muscles)":2,"Back extensions (on a hyperextension)":3,"Obliques (each side, on a hyperextension)":1,"StretchesKneeling shin_Kneeling shin_":4,"StretchesHip flexor_Hip flexor_":5,"StretchesCouch_Couch_":3,"Leg raises (for abdomen)":1,"Seated calf raises":2,"Poliquin step ups":3,"Slant board squats":6,"ATG Split squats":0,"Nordics":0,"Reverse Nordics":3,"Tibialis raises,":1,"IsoTib ankle rotations":5,"Pull ups":2,"Chin ups":1,"10 min HIIT":2}],"supplement_vars":[{"N-Acetyl-L-Cysteine (NAC)":0.0062,"N-Acetyl-L-Cysteine (NAC) 2":0.0133,"Nicotinamide Riboside Chloride (NR)":0.0012,"Zeaxanthin":0.0071,"Phosphorus":0.0179,"Astaxanthin (Natural)":0.0099,"Boron Glycinate":0.0009,"CaAKG":0.0072,"Ashwagandha KSM66":0.0016,"Calcium L-5- Methyltetrahydrofolate (L-5-MTHF-Ca)":0.0068,"Cocoa Powder (Non-Alkalised) 8+% Flavanols":0.0004,"Red Yeast Rice (2% Monacolin K)":0.0254,"Creatine Monohydrate":0.012,"Ginger":0.033,"Glucosamine Sulfate KCI":0.0194,"Grape Seed Extract 90% polyphenols":0.011,"Broccoli Extract (glucoraphanin 10%)":0.0135,"Glycine":0.019,"Theanine":0.0602,"Lactobacillus Acidophilus":0.0692,"Lithium orotate":0.0074,"Pomegranate Juice Extract (50% Polyphenols)":0.0006,"Potassium Iodate":0.0081,"Rhodiola 3% Rosavins / Salidroside 1%":0.0098,"Selenium":0.0333,"Glutathione reduced":0.0175,"Lutein":0.0212,"Luteolin":0.0006,"Cinnamon powder (ceylon) organic":0.0153,"Sodium Hyaluronate":0.0025,"Spermidine":0.0388,"Vitamin B1 (Thiamine HCl)":0.009,"Vitamin B12 (Methylcobalamin)":0.0747,"Vitamin B2 (Riboflavin-5-Phosphate)":0.0327,"Vitamin B3 (Niacinamide)":0.0008,"Vitamin B5 (Calcium-D-Pantothenate)":0.0211,"Vitamin B6 (Pyridoxal-5- Phosphate)":0.0215,"Vitamin B7 (D-Biotin)":0.0069,"Vitamin C (Ascorbic Acid)":0.0108,"Vitamin D Veg D3":0.0282,"Vitamin E (d-alpha tocopherol)":0.0393,"Vitamin K1":0.0614,"Vitamin K2 MK-7 MCT Oil":0.0298,"Vitamin K2 MK-4 MCT Oil":0.0103,"Sunflower lecithin non-GMO":0.0388,"Phosphatidylcholine":0.0242,"Choline":0.0092,"Lycopene":0.0486,"Lysine":0.0128,"Taurine":0.0067,"Glucoraphanin":0.0097,"Ubiquinol":0.0038,"Zinc Citrate":0.0035,"Fiber":0.0043,"Blueberries":0.0086,"Macadamia nuts":0.0428,"Walnuts":0.0385,"Omega 3":0.0358,"Omega 6":0.0287,"Calcium":0.0321,"EVOO polyphenols":0.0007,"Oleic acid":0.0065,"Protein (plant)":0.0008,"Copper":0.024,"Caffeine":0.0103,"Magnesium Citrate":0.0159,"Manganese Citrate":0.0018,"Curcuminoids":0.0272,"Fisetin (smoketree extract)":0.0233,"Garlic extract 12:1 odorless":0.0443,"Genistein (Japonica extract)":0.0201,"Milled Golden Flaxseed":0.0047,"SDG lignan":0.0296,"Phosphatidylinositol":0.0158,"Phosphatidylethanolamine":0.0251}],"vo2_max":19.3135}
