{"personal_data":[{"age":75,"gender":"M","name":"Shana Hudson"}],"fitness_data":[{"Backwards Sled, 2 min":4,"Posture exercises":4,"Tricep extensions":2,"Face pulls":1,"Butterfly":1,"Band pull apart (back muscles)":1,"Back extensions (on a hyperextension)":0,"Obliques (each side, on a hyperextension)":3,"StretchesKneeling shin_Kneeling shin_":1,"StretchesHip flexor_Hip flexor_":3,"StretchesCouch_Couch_":0,"Leg raises (for abdomen)":3,"Seated calf raises":3,"Poliquin step ups":1,"Slant board squats":6,"ATG Split squats":2,"Nordics":3,"Reverse Nordics":3,"Tibialis raises,":3,"IsoTib ankle rotations":5,"Pull ups":3,"Chin ups":1,"10 min HIIT":1}],"supplement_vars":[{"N-Acetyl-L-Cysteine (NAC)":0.003,"N-Acetyl-L-Cysteine (NAC) 2":0.0144,"Nicotinamide Riboside Chloride (NR)":0.0023,"Zeaxanthin":0.0085,"Phosphorus":0.0327,"Astaxanthin (Natural)":0.0081,"Boron Glycinate":0.0228,"CaAKG":0.0113,"Ashwagandha KSM66":0.0085,"Calcium L-5- Methyltetrahydrofolate (L-5-MTHF-Ca)":0.0471,"Cocoa Powder (Non-Alkalised) 8+% Flavanols":0.0048,"Red Yeast Rice (2% Monacolin K)":0.0162,"Creatine Monohydrate":0.0681,"Ginger":0.0209,"Glucosamine Sulfate KCI":0.0647,"Grape Seed Extract 90% polyphenols":0.0097,"Broccoli Extract (glucoraphanin 10%)":0.0046,"Glycine":0.0187,"Theanine":0.0528,"Lactobacillus Acidophilus":0.0209,"Lithium orotate":0.0006,"Pomegranate Juice Extract (50% Polyphenols)":0.0434,"Potassium Iodate":0.0003,"Rhodiola 3% Rosavins / Salidroside 1%":0.0379,"Selenium":0.0404,"Glutathione reduced":0.0363,"Lutein":0.0045,"Luteolin":0.0034,"Cinnamon powder (ceylon) organic":0.0024,"Sodium Hyaluronate":0.0086,"Spermidine":0.0585,"Vitamin B1 (Thiamine HCl)":0.0111,"Vitamin B12 (Methylcobalamin)":0.0695,"Vitamin B2 (Riboflavin-5-Phosphate)":0.0141,"Vitamin B3 (Niacinamide)":0.0479,"Vitamin B5 (Calcium-D-Pantothenate)":0.0071,"Vitamin B6 (Pyridoxal-5- Phosphate)":0.0202,"Vitamin B7 (D-Biotin)":0.0305,"Vitamin C (Ascorbic Acid)":0.0105,"Vitamin D Veg D3":0.0034,"Vitamin E (d-alpha tocopherol)":0.0384,"Vitamin K1":0.003,"Vitamin K2 MK-7 MCT Oil":0.0207,"Vitamin K2 MK-4 MCT Oil":0.0336,"Sunflower lecithin non-GMO":0.0292,"Phosphatidylcholine":0.0044,"Choline":0.0185,"Lycopene":0.0226,"Lysine":0.0057,"Taurine":0.0068,"Glucoraphanin":0.0262,"Ubiquinol":0.0126,"Zinc Citrate":0.001,"Fiber":0.0017,"Blueberries":0.0169,"Macadamia nuts":0.0397,"Walnuts":0.0503,"Omega 3":0.0368,"Omega 6":0.0055,"Calcium":0.0113,"EVOO polyphenols":0.0068,"Oleic acid":0.0316,"Protein (plant)":0.0034,"Copper":0.0132,"Caffeine":0.0385,"Magnesium Citrate":0.0368,"Manganese Citrate":0.001,"Curcuminoids":0.0088,"Fisetin (smoketree extract)":0.0045,"Garlic extract 12:1 odorless":0.001,"Genistein (Japonica extract)":0.0023,"Milled Golden Flaxseed":0.0268,"SDG lignan":0.0273,"Phosphatidylinositol":0.0004,"Phosphatidylethanolamine":0.0101}],"vo2_max":19.2995}
