{"personal_data":[{"age":58,"gender":"M","name":"Samatha Koepp"}],"fitness_data":[{"Backwards Sled, 2 min":3,"Posture exercises":5,"Tricep extensions":2,"Face pulls":4,"Butterfly":6,"Band pull apart (back muscles)":6,"Back extensions (on a hyperextension)":1,"Obliques (each side, on a hyperextension)":4,"StretchesKneeling shin_Kneeling shin_":1,"StretchesHip flexor_Hip flexor_":5,"StretchesCouch_Couch_":1,"Leg raises (for abdomen)":4,"Seated calf raises":3,"Poliquin step ups":1,"Slant board squats":2,"ATG Split squats":1,"Nordics":1,"Reverse Nordics":3,"Tibialis raises,":0,"IsoTib ankle rotations":2,"Pull ups":3,"Chin ups":4,"10 min HIIT":3}],"supplement_vars":[{"N-Acetyl-L-Cysteine (NAC)":0.0135,"N-Acetyl-L-Cysteine (NAC) 2":0.0019,"Nicotinamide Riboside Chloride (NR)":0.002,"Zeaxanthin":0.0128,"Phosphorus":0.0113,"Astaxanthin (Natural)":0.0232,"Boron Glycinate":0.0172,"CaAKG":0.0094,"Ashwagandha KSM66":0.0016,"Calcium L-5- Methyltetrahydrofolate (L-5-MTHF-Ca)":0.061,"Cocoa Powder (Non-Alkalised) 8+% Flavanols":0.0072,"Red Yeast Rice (2% Monacolin K)":0.0122,"Creatine Monohydrate":0.0101,"Ginger":0.0178,"Glucosamine Sulfate KCI":0.058,"Grape Seed Extract 90% polyphenols":0.0067,"Broccoli Extract (glucoraphanin 10%)":0.0101,"Glycine":0.0272,"Theanine":0.0592,"Lactobacillus Acidophilus":0.0789,"Lithium orotate":0.0061,"Pomegranate Juice Extract (50% Polyphenols)":0.0639,"Potassium Iodate":0.0029,"Rhodiola 3% Rosavins / Salidroside 1%":0.0039,"Selenium":0.038,"Glutathione reduced":0.0107,"Lutein":0.0242,"Luteolin":0.0034,"Cinnamon powder (ceylon) organic":0.0173,"Sodium Hyaluronate":0.0047,"Spermidine":0.0185,"Vitamin B1 (Thiamine HCl)":0.0137,"Vitamin B12 (Methylcobalamin)":0.0232,"Vitamin B2 (Riboflavin-5-Phosphate)":0.0562,"Vitamin B3 (Niacinamide)":0.0123,"Vitamin B5 (Calcium-D-Pantothenate)":0.0167,"Vitamin B6 (Pyridoxal-5- Phosphate)":0.0227,"Vitamin B7 (D-Biotin)":0.0026,"Vitamin C (Ascorbic Acid)":0.0033,"Vitamin D Veg D3":0.0438,"Vitamin E (d-alpha tocopherol)":0.02,"Vitamin K1":0.063,"Vitamin K2 MK-7 MCT Oil":0.0095,"Vitamin K2 MK-4 MCT Oil":0.0083,"Sunflower lecithin non-GMO":0.0104,"Phosphatidylcholine":0.0359,"Choline":0.0081,"Lycopene":0.0313,"Lysine":0.0023,"Taurine":0.0428,"Glucoraphanin":0.0002,"Ubiquinol":0.0006,"Zinc Citrate":0.0223,"Fiber":0.0014,"Blueberries":0.0673,"Macadamia nuts":0.062,"Walnuts":0.0709,"Omega 3":0.0347,"Omega 6":0.0406,"Calcium":0.0448,"EVOO polyphenols":0.0057,"Oleic acid":0.0349,"Protein (plant)":0.0042,"Copper":0.0232,"Caffeine":0.0513,"Magnesium Citrate":0.023,"Manganese Citrate":0.0496,"Curcuminoids":0.0498,"Fisetin (smoketree extract)":0.0096,"Garlic extract 12:1 odorless":0.0273,"Genistein (Japonica extract)":0.002,"Milled Golden Flaxseed":0.005,"SDG lignan":0.0119,"Phosphatidylinositol":0.0258,"Phosphatidylethanolamine":0.0461}],"vo2_max":25.2278}
