{"personal_data":[{"age":54,"gender":"F","name":"Belen Runolfsdottir-Parker"}],"fitness_data":[{"Backwards Sled, 2 min":2,"Posture exercises":4,"Tricep extensions":4,"Face pulls":3,"Butterfly":3,"Band pull apart (back muscles)":0,"Back extensions (on a hyperextension)":3,"Obliques (each side, on a hyperextension)":4,"StretchesKneeling shin_Kneeling shin_":1,"StretchesHip flexor_Hip flexor_":3,"StretchesCouch_Couch_":3,"Leg raises (for abdomen)":1,"Seated calf raises":1,"Poliquin step ups":3,"Slant board squats":3,"ATG Split squats":3,"Nordics":1,"Reverse Nordics":2,"Tibialis raises,":0,"IsoTib ankle rotations":1,"Pull ups":3,"Chin ups":4,"10 min HIIT":3}],"supplement_vars":[{"N-Acetyl-L-Cysteine (NAC)":0.018,"N-Acetyl-L-Cysteine (NAC) 2":0.0078,"Nicotinamide Riboside Chloride (NR)":0.0114,"Zeaxanthin":0.0116,"Phosphorus":0.0311,"Astaxanthin (Natural)":0.0008,"Boron Glycinate":0.041,"CaAKG":0.0074,"Ashwagandha KSM66":0.0031,"Calcium L-5- Methyltetrahydrofolate (L-5-MTHF-Ca)":0.0533,"Cocoa Powder (Non-Alkalised) 8+% Flavanols":0.0162,"Red Yeast Rice (2% Monacolin K)":0.0157,"Creatine Monohydrate":0.0377,"Ginger":0.0855,"Glucosamine Sulfate KCI":0.067,"Grape Seed Extract 90% polyphenols":0.0112,"Broccoli Extract (glucoraphanin 10%)":0.0175,"Glycine":0.0202,"Theanine":0.0352,"Lactobacillus Acidophilus":0.0459,"Lithium orotate":0.0043,"Pomegranate Juice Extract (50% Polyphenols)":0.0085,"Potassium Iodate":0.0347,"Rhodiola 3% Rosavins / Salidroside 1%":0.0416,"Selenium":0.0089,"Glutathione reduced":0.0189,"Lutein":0.0223,"Luteolin":0.0053,"Cinnamon powder (ceylon) organic":0.0127,"Sodium Hyaluronate":0.0082,"Spermidine":0.0146,"Vitamin B1 (Thiamine HCl)":0.0092,"Vitamin B12 (Methylcobalamin)":0.0031,"Vitamin B2 (Riboflavin-5-Phosphate)":0.0005,"Vitamin B3 (Niacinamide)":0.0476,"Vitamin B5 (Calcium-D-Pantothenate)":0.0185,"Vitamin B6 (Pyridoxal-5- Phosphate)":0.021,"Vitamin B7 (D-Biotin)":0.0335,"Vitamin C (Ascorbic Acid)":0.0079,"Vitamin D Veg D3":0.0197,"Vitamin E (d-alpha tocopherol)":0.0359,"Vitamin K1":0.0599,"Vitamin K2 MK-7 MCT Oil":0.0164,"Vitamin K2 MK-4 MCT Oil":0.0195,"Sunflower lecithin non-GMO":0.0436,"Phosphatidylcholine":0.0061,"Choline":0.0088,"Lycopene":0.035,"Lysine":0.0067,"Taurine":0.0155,"Glucoraphanin":0.0308,"Ubiquinol":0.0034,"Zinc Citrate":0.0037,"Fiber":0.0025,"Blueberries":0.0302,"Macadamia nuts":0.0706,"Walnuts":0.0248,"Omega 3":0.0071,"Omega 6":0.0253,"Calcium":0.0323,"EVOO polyphenols":0.0062,"Oleic acid":0.017,"Protein (plant)":0.0015,"Copper":0.0143,"Caffeine":0.0124,"Magnesium Citrate":0.0332,"Manganese Citrate":0.0221,"Curcuminoids":0.0213,"Fisetin (smoketree extract)":0.0363,"Garlic extract 12:1 odorless":0.0043,"Genistein (Japonica extract)":0.0039,"Milled Golden Flaxseed":0.0007,"SDG lignan":0.0416,"Phosphatidylinositol":0.0007,"Phosphatidylethanolamine":0.0508}],"vo2_max":29.4344}
