{"personal_data":[{"age":63,"gender":"M","name":"Keshia Schiller"}],"fitness_data":[{"Backwards Sled, 2 min":2,"Posture exercises":3,"Tricep extensions":1,"Face pulls":2,"Butterfly":2,"Band pull apart (back muscles)":1,"Back extensions (on a hyperextension)":2,"Obliques (each side, on a hyperextension)":1,"StretchesKneeling shin_Kneeling shin_":3,"StretchesHip flexor_Hip flexor_":1,"StretchesCouch_Couch_":0,"Leg raises (for abdomen)":3,"Seated calf raises":4,"Poliquin step ups":1,"Slant board squats":5,"ATG Split squats":4,"Nordics":3,"Reverse Nordics":3,"Tibialis raises,":5,"IsoTib ankle rotations":1,"Pull ups":0,"Chin ups":0,"10 min HIIT":2}],"supplement_vars":[{"N-Acetyl-L-Cysteine (NAC)":0.0012,"N-Acetyl-L-Cysteine (NAC) 2":0.0154,"Nicotinamide Riboside Chloride (NR)":0.0069,"Zeaxanthin":0.012,"Phosphorus":0.0368,"Astaxanthin (Natural)":0.0204,"Boron Glycinate":0.0334,"CaAKG":0.0053,"Ashwagandha KSM66":0.0012,"Calcium L-5- Methyltetrahydrofolate (L-5-MTHF-Ca)":0.0471,"Cocoa Powder (Non-Alkalised) 8+% Flavanols":0.0097,"Red Yeast Rice (2% Monacolin K)":0.017,"Creatine Monohydrate":0.0003,"Ginger":0.0191,"Glucosamine Sulfate KCI":0.0513,"Grape Seed Extract 90% polyphenols":0.0057,"Broccoli Extract (glucoraphanin 10%)":0.0083,"Glycine":0.021,"Theanine":0.0003,"Lactobacillus Acidophilus":0.0769,"Lithium orotate":0.0034,"Pomegranate Juice Extract (50% Polyphenols)":0.0594,"Potassium Iodate":0.0325,"Rhodiola 3% Rosavins / Salidroside 1%":0.0475,"Selenium":0.0167,"Glutathione reduced":0.0128,"Lutein":0.0204,"Luteolin":0.0067,"Cinnamon powder (ceylon) organic":0.0245,"Sodium Hyaluronate":0.002,"Spermidine":0.0422,"Vitamin B1 (Thiamine HCl)":0.0092,"Vitamin B12 (Methylcobalamin)":0.0733,"Vitamin B2 (Riboflavin-5-Phosphate)":0.0682,"Vitamin B3 (Niacinamide)":0.0136,"Vitamin B5 (Calcium-D-Pantothenate)":0.0063,"Vitamin B6 (Pyridoxal-5- Phosphate)":0.0251,"Vitamin B7 (D-Biotin)":0.0171,"Vitamin C (Ascorbic Acid)":0.011,"Vitamin D Veg D3":0.0004,"Vitamin E (d-alpha tocopherol)":0.0171,"Vitamin K1":0.0229,"Vitamin K2 MK-7 MCT Oil":0.0339,"Vitamin K2 MK-4 MCT Oil":0.017,"Sunflower lecithin non-GMO":0.0317,"Phosphatidylcholine":0.0103,"Choline":0.0309,"Lycopene":0.0655,"Lysine":0.0017,"Taurine":0.0119,"Glucoraphanin":0.0212,"Ubiquinol":0.0115,"Zinc Citrate":0.0298,"Fiber":0.0035,"Blueberries":0.0607,"Macadamia nuts":0.0217,"Walnuts":0.0632,"Omega 3":0.0038,"Omega 6":0.066,"Calcium":0.0534,"EVOO polyphenols":0.0009,"Oleic acid":0.0028,"Protein (plant)":0.0034,"Copper":0.0007,"Caffeine":0.0008,"Magnesium Citrate":0.0434,"Manganese Citrate":0.067,"Curcuminoids":0.0324,"Fisetin (smoketree extract)":0.0116,"Garlic extract 12:1 odorless":0.0405,"Genistein (Japonica extract)":0.0141,"Milled Golden Flaxseed":0.0213,"SDG lignan":0.0544,"Phosphatidylinositol":0.002,"Phosphatidylethanolamine":0.0259}],"vo2_max":23.821}
