{"personal_data":[{"age":78,"gender":"M"}],"fitness_data":[{"Backwards Sled, 2 min":4,"Posture exercises":4,"Tricep extensions":3,"Face pulls":2,"Butterfly":6,"Band pull apart (back muscles)":3,"Back extensions (on a hyperextension)":2,"Obliques (each side, on a hyperextension)":1,"StretchesKneeling shin_Kneeling shin_":0,"StretchesHip flexor_Hip flexor_":2,"StretchesCouch_Couch_":2,"Leg raises (for abdomen)":2,"Seated calf raises":0,"Poliquin step ups":4,"Slant board squats":4,"ATG Split squats":3,"Nordics":6,"Reverse Nordics":3,"Tibialis raises,":3,"IsoTib ankle rotations":1,"Pull ups":2,"Chin ups":3,"10 min HIIT":0}],"supplement_vars":[{"N-Acetyl-L-Cysteine (NAC)":0.0148,"N-Acetyl-L-Cysteine (NAC) 2":0.0008,"Nicotinamide Riboside Chloride (NR)":0.0176,"Zeaxanthin":0.0109,"Phosphorus":0.0013,"Astaxanthin (Natural)":0.0109,"Boron Glycinate":0.0435,"CaAKG":0.0047,"Ashwagandha KSM66":0.0085,"Calcium L-5- Methyltetrahydrofolate (L-5-MTHF-Ca)":0.0135,"Cocoa Powder (Non-Alkalised) 8+% Flavanols":0.0153,"Red Yeast Rice (2% Monacolin K)":0.0136,"Creatine Monohydrate":0.0191,"Ginger":0.0593,"Glucosamine Sulfate KCI":0.0109,"Grape Seed Extract 90% polyphenols":0.0047,"Broccoli Extract (glucoraphanin 10%)":0.0246,"Glycine":0.0279,"Theanine":0.0079,"Lactobacillus Acidophilus":0.0814,"Lithium orotate":0.0005,"Pomegranate Juice Extract (50% Polyphenols)":0.0056,"Potassium Iodate":0.0215,"Rhodiola 3% Rosavins / Salidroside 1%":0.0331,"Selenium":0.0341,"Glutathione reduced":0.0562,"Lutein":0.0239,"Luteolin":0.0099,"Cinnamon powder (ceylon) organic":0.0203,"Sodium Hyaluronate":0.0066,"Spermidine":0.0038,"Vitamin B1 (Thiamine HCl)":0.0069,"Vitamin B12 (Methylcobalamin)":0.0633,"Vitamin B2 (Riboflavin-5-Phosphate)":0.0198,"Vitamin B3 (Niacinamide)":0.0656,"Vitamin B5 (Calcium-D-Pantothenate)":0.0007,"Vitamin B6 (Pyridoxal-5- Phosphate)":0.0097,"Vitamin B7 (D-Biotin)":0.0258,"Vitamin C (Ascorbic Acid)":0.009,"Vitamin D Veg D3":0.0119,"Vitamin E (d-alpha tocopherol)":0.0467,"Vitamin K1":0.046,"Vitamin K2 MK-7 MCT Oil":0.0011,"Vitamin K2 MK-4 MCT Oil":0.0158,"Sunflower lecithin non-GMO":0.0013,"Phosphatidylcholine":0.0353,"Choline":0.057,"Lycopene":0.0647,"Lysine":0.0006,"Taurine":0.0197,"Glucoraphanin":0.0212,"Ubiquinol":0.0079,"Zinc Citrate":0.0247,"Fiber":0.0033,"Blueberries":0.0748,"Macadamia nuts":0.0703,"Walnuts":0.0235,"Omega 3":0.0105,"Omega 6":0.0364,"Calcium":0.0371,"EVOO polyphenols":0.0043,"Oleic acid":0.0238,"Protein (plant)":0.0021,"Copper":0.021,"Caffeine":0.0303,"Magnesium Citrate":0.0275,"Manganese Citrate":0.0847,"Curcuminoids":0.0427,"Fisetin (smoketree extract)":0.034,"Garlic extract 12:1 odorless":0.0168,"Genistein (Japonica extract)":0.0053,"Milled Golden Flaxseed":0.0105,"SDG lignan":0.0497,"Phosphatidylinositol":0.0006,"Phosphatidylethanolamine":0.0126}],"vo2_max":21.5611}
