{"personal_data":[{"age":56,"gender":"F","name":"Miss Debroah Blanda PhD"}],"fitness_data":[{"Backwards Sled, 2 min":4,"Posture exercises":3,"Tricep extensions":0,"Face pulls":3,"Butterfly":4,"Band pull apart (back muscles)":1,"Back extensions (on a hyperextension)":2,"Obliques (each side, on a hyperextension)":0,"StretchesKneeling shin_Kneeling shin_":2,"StretchesHip flexor_Hip flexor_":5,"StretchesCouch_Couch_":1,"Leg raises (for abdomen)":0,"Seated calf raises":3,"Poliquin step ups":3,"Slant board squats":1,"ATG Split squats":5,"Nordics":5,"Reverse Nordics":2,"Tibialis raises,":0,"IsoTib ankle rotations":4,"Pull ups":2,"Chin ups":2,"10 min HIIT":2}],"supplement_vars":[{"N-Acetyl-L-Cysteine (NAC)":0.0001,"N-Acetyl-L-Cysteine (NAC) 2":0.0174,"Nicotinamide Riboside Chloride (NR)":0.0124,"Zeaxanthin":0.0129,"Phosphorus":0.0266,"Astaxanthin (Natural)":0.0166,"Boron Glycinate":0.0252,"CaAKG":0.0037,"Ashwagandha KSM66":0.0077,"Calcium L-5- Methyltetrahydrofolate (L-5-MTHF-Ca)":0.0286,"Cocoa Powder (Non-Alkalised) 8+% Flavanols":0.0198,"Red Yeast Rice (2% Monacolin K)":0.0194,"Creatine Monohydrate":0.0416,"Ginger":0.034,"Glucosamine Sulfate KCI":0.0338,"Grape Seed Extract 90% polyphenols":0.0107,"Broccoli Extract (glucoraphanin 10%)":0.0072,"Glycine":0.026,"Theanine":0.02,"Lactobacillus Acidophilus":0.0513,"Lithium orotate":0.0064,"Pomegranate Juice Extract (50% Polyphenols)":0.0252,"Potassium Iodate":0.0183,"Rhodiola 3% Rosavins / Salidroside 1%":0.0553,"Selenium":0.0169,"Glutathione reduced":0.0026,"Lutein":0.0142,"Luteolin":0.0013,"Cinnamon powder (ceylon) organic":0.022,"Sodium Hyaluronate":0.0053,"Spermidine":0.0179,"Vitamin B1 (Thiamine HCl)":0.0025,"Vitamin B12 (Methylcobalamin)":0.0172,"Vitamin B2 (Riboflavin-5-Phosphate)":0.0629,"Vitamin B3 (Niacinamide)":0.0386,"Vitamin B5 (Calcium-D-Pantothenate)":0.0051,"Vitamin B6 (Pyridoxal-5- Phosphate)":0.0241,"Vitamin B7 (D-Biotin)":0.0289,"Vitamin C (Ascorbic Acid)":0.0018,"Vitamin D Veg D3":0.0011,"Vitamin E (d-alpha tocopherol)":0.0445,"Vitamin K1":0.0224,"Vitamin K2 MK-7 MCT Oil":0.0347,"Vitamin K2 MK-4 MCT Oil":0.0356,"Sunflower lecithin non-GMO":0.0074,"Phosphatidylcholine":0.0066,"Choline":0.052,"Lycopene":0.018,"Lysine":0.0083,"Taurine":0.035,"Glucoraphanin":0.0054,"Ubiquinol":0.0098,"Zinc Citrate":0.0025,"Fiber":0.006,"Blueberries":0.0821,"Macadamia nuts":0.069,"Walnuts":0.0349,"Omega 3":0.0291,"Omega 6":0.0347,"Calcium":0.0252,"EVOO polyphenols":0.0025,"Oleic acid":0.0269,"Protein (plant)":0.0037,"Copper":0.0008,"Caffeine":0.0404,"Magnesium Citrate":0.0248,"Manganese Citrate":0.0042,"Curcuminoids":0.0166,"Fisetin (smoketree extract)":0.014,"Garlic extract 12:1 odorless":0.0408,"Genistein (Japonica extract)":0.015,"Milled Golden Flaxseed":0.0041,"SDG lignan":0.0168,"Phosphatidylinositol":0.0115,"Phosphatidylethanolamine":0.02}],"vo2_max":27.5222}
