{"personal_data":[{"age":34,"gender":"M","name":"Jalyn Franecki"}],"fitness_data":[{"Backwards Sled, 2 min":2,"Posture exercises":4,"Tricep extensions":0,"Face pulls":2,"Butterfly":4,"Band pull apart (back muscles)":0,"Back extensions (on a hyperextension)":3,"Obliques (each side, on a hyperextension)":0,"StretchesKneeling shin_Kneeling shin_":1,"StretchesHip flexor_Hip flexor_":3,"StretchesCouch_Couch_":1,"Leg raises (for abdomen)":4,"Seated calf raises":3,"Poliquin step ups":0,"Slant board squats":1,"ATG Split squats":0,"Nordics":4,"Reverse Nordics":3,"Tibialis raises,":4,"IsoTib ankle rotations":1,"Pull ups":3,"Chin ups":1,"10 min HIIT":2}],"supplement_vars":[{"N-Acetyl-L-Cysteine (NAC)":0.0146,"N-Acetyl-L-Cysteine (NAC) 2":0.0154,"Nicotinamide Riboside Chloride (NR)":0.0033,"Zeaxanthin":0.0138,"Phosphorus":0.0371,"Astaxanthin (Natural)":0.0087,"Boron Glycinate":0.0303,"CaAKG":0.0053,"Ashwagandha KSM66":0.0006,"Calcium L-5- Methyltetrahydrofolate (L-5-MTHF-Ca)":0.0604,"Cocoa Powder (Non-Alkalised) 8+% Flavanols":0.0129,"Red Yeast Rice (2% Monacolin K)":0.017,"Creatine Monohydrate":0.0115,"Ginger":0.0135,"Glucosamine Sulfate KCI":0.0487,"Grape Seed Extract 90% polyphenols":0.0122,"Broccoli Extract (glucoraphanin 10%)":0.0309,"Glycine":0.0198,"Theanine":0.0375,"Lactobacillus Acidophilus":0.0692,"Lithium orotate":0.0019,"Pomegranate Juice Extract (50% Polyphenols)":0.0513,"Potassium Iodate":0.0313,"Rhodiola 3% Rosavins / Salidroside 1%":0.0355,"Selenium":0.0398,"Glutathione reduced":0.0459,"Lutein":0.0097,"Luteolin":0.0027,"Cinnamon powder (ceylon) organic":0.0116,"Sodium Hyaluronate":0.0007,"Spermidine":0.0311,"Vitamin B1 (Thiamine HCl)":0.0132,"Vitamin B12 (Methylcobalamin)":0.0211,"Vitamin B2 (Riboflavin-5-Phosphate)":0.0512,"Vitamin B3 (Niacinamide)":0.0225,"Vitamin B5 (Calcium-D-Pantothenate)":0.0167,"Vitamin B6 (Pyridoxal-5- Phosphate)":0.0056,"Vitamin B7 (D-Biotin)":0.0319,"Vitamin C (Ascorbic Acid)":0.0041,"Vitamin D Veg D3":0.0356,"Vitamin E (d-alpha tocopherol)":0.033,"Vitamin K1":0.0042,"Vitamin K2 MK-7 MCT Oil":0.0102,"Vitamin K2 MK-4 MCT Oil":0.005,"Sunflower lecithin non-GMO":0.017,"Phosphatidylcholine":0.0096,"Choline":0.0271,"Lycopene":0.019,"Lysine":0.011,"Taurine":0.0166,"Glucoraphanin":0.0349,"Ubiquinol":0.0017,"Zinc Citrate":0.004,"Fiber":0.0044,"Blueberries":0.0728,"Macadamia nuts":0.0513,"Walnuts":0.011,"Omega 3":0.0047,"Omega 6":0.0577,"Calcium":0.0538,"EVOO polyphenols":0.0001,"Oleic acid":0.037,"Protein (plant)":0.0011,"Copper":0.0029,"Caffeine":0.0286,"Magnesium Citrate":0.0047,"Manganese Citrate":0.0445,"Curcuminoids":0.0198,"Fisetin (smoketree extract)":0.0221,"Garlic extract 12:1 odorless":0.01,"Genistein (Japonica extract)":0.0128,"Milled Golden Flaxseed":0.0319,"SDG lignan":0.0445,"Phosphatidylinositol":0.026,"Phosphatidylethanolamine":0.0369}],"vo2_max":34.1082}
