{"personal_data":[{"age":68,"gender":"F","name":"Daisy Mayert"}],"fitness_data":[{"Backwards Sled, 2 min":0,"Posture exercises":0,"Tricep extensions":1,"Face pulls":1,"Butterfly":2,"Band pull apart (back muscles)":3,"Back extensions (on a hyperextension)":4,"Obliques (each side, on a hyperextension)":4,"StretchesKneeling shin_Kneeling shin_":3,"StretchesHip flexor_Hip flexor_":5,"StretchesCouch_Couch_":1,"Leg raises (for abdomen)":1,"Seated calf raises":3,"Poliquin step ups":1,"Slant board squats":6,"ATG Split squats":3,"Nordics":3,"Reverse Nordics":2,"Tibialis raises,":2,"IsoTib ankle rotations":3,"Pull ups":1,"Chin ups":4,"10 min HIIT":1}],"supplement_vars":[{"N-Acetyl-L-Cysteine (NAC)":0.0107,"N-Acetyl-L-Cysteine (NAC) 2":0.0209,"Nicotinamide Riboside Chloride (NR)":0.0132,"Zeaxanthin":0.0084,"Phosphorus":0.0083,"Astaxanthin (Natural)":0.0008,"Boron Glycinate":0.0013,"CaAKG":0.0085,"Ashwagandha KSM66":0.0007,"Calcium L-5- Methyltetrahydrofolate (L-5-MTHF-Ca)":0.0605,"Cocoa Powder (Non-Alkalised) 8+% Flavanols":0.0007,"Red Yeast Rice (2% Monacolin K)":0.0069,"Creatine Monohydrate":0.0662,"Ginger":0.0716,"Glucosamine Sulfate KCI":0.0775,"Grape Seed Extract 90% polyphenols":0.008,"Broccoli Extract (glucoraphanin 10%)":0.0155,"Glycine":0.023,"Theanine":0.0275,"Lactobacillus Acidophilus":0.0767,"Lithium orotate":0.0048,"Pomegranate Juice Extract (50% Polyphenols)":0.0517,"Potassium Iodate":0.0098,"Rhodiola 3% Rosavins / Salidroside 1%":0.0474,"Selenium":0.028,"Glutathione reduced":0.0188,"Lutein":0.0021,"Luteolin":0.006,"Cinnamon powder (ceylon) organic":0.0225,"Sodium Hyaluronate":0.0103,"Spermidine":0.0407,"Vitamin B1 (Thiamine HCl)":0.0032,"Vitamin B12 (Methylcobalamin)":0.0681,"Vitamin B2 (Riboflavin-5-Phosphate)":0.0282,"Vitamin B3 (Niacinamide)":0.0594,"Vitamin B5 (Calcium-D-Pantothenate)":0.0119,"Vitamin B6 (Pyridoxal-5- Phosphate)":0.0204,"Vitamin B7 (D-Biotin)":0.0041,"Vitamin C (Ascorbic Acid)":0.0074,"Vitamin D Veg D3":0.0102,"Vitamin E (d-alpha tocopherol)":0.0105,"Vitamin K1":0.0226,"Vitamin K2 MK-7 MCT Oil":0.0149,"Vitamin K2 MK-4 MCT Oil":0.0255,"Sunflower lecithin non-GMO":0.0107,"Phosphatidylcholine":0.0249,"Choline":0.0009,"Lycopene":0.0299,"Lysine":0.0029,"Taurine":0.0158,"Glucoraphanin":0.0339,"Ubiquinol":0.0057,"Zinc Citrate":0.0281,"Fiber":0.0057,"Blueberries":0.0301,"Macadamia nuts":0.0322,"Walnuts":0.018,"Omega 3":0.0017,"Omega 6":0.045,"Calcium":0.04,"EVOO polyphenols":0.0053,"Oleic acid":0.0037,"Protein (plant)":0.0019,"Copper":0.0209,"Caffeine":0.017,"Magnesium Citrate":0.0537,"Manganese Citrate":0.0157,"Curcuminoids":0.0421,"Fisetin (smoketree extract)":0.026,"Garlic extract 12:1 odorless":0.0048,"Genistein (Japonica extract)":0.0095,"Milled Golden Flaxseed":0.0011,"SDG lignan":0.0363,"Phosphatidylinositol":0.0232,"Phosphatidylethanolamine":0.0162}],"vo2_max":23.8496}
