{"personal_data":[{"age":65,"gender":"F","name":"Soledad Kuphal"}],"fitness_data":[{"Backwards Sled, 2 min":3,"Posture exercises":4,"Tricep extensions":4,"Face pulls":2,"Butterfly":3,"Band pull apart (back muscles)":5,"Back extensions (on a hyperextension)":3,"Obliques (each side, on a hyperextension)":2,"StretchesKneeling shin_Kneeling shin_":4,"StretchesHip flexor_Hip flexor_":1,"StretchesCouch_Couch_":0,"Leg raises (for abdomen)":4,"Seated calf raises":2,"Poliquin step ups":3,"Slant board squats":4,"ATG Split squats":1,"Nordics":6,"Reverse Nordics":2,"Tibialis raises,":3,"IsoTib ankle rotations":4,"Pull ups":2,"Chin ups":1,"10 min HIIT":1}],"supplement_vars":[{"N-Acetyl-L-Cysteine (NAC)":0.0049,"N-Acetyl-L-Cysteine (NAC) 2":0.0043,"Nicotinamide Riboside Chloride (NR)":0.0168,"Zeaxanthin":0.0013,"Phosphorus":0.022,"Astaxanthin (Natural)":0.0041,"Boron Glycinate":0.0195,"CaAKG":0.002,"Ashwagandha KSM66":0.0038,"Calcium L-5- Methyltetrahydrofolate (L-5-MTHF-Ca)":0.027,"Cocoa Powder (Non-Alkalised) 8+% Flavanols":0.0051,"Red Yeast Rice (2% Monacolin K)":0.0011,"Creatine Monohydrate":0.0618,"Ginger":0.0787,"Glucosamine Sulfate KCI":0.0373,"Grape Seed Extract 90% polyphenols":0.0035,"Broccoli Extract (glucoraphanin 10%)":0.015,"Glycine":0.0194,"Theanine":0.0468,"Lactobacillus Acidophilus":0.0676,"Lithium orotate":0.0074,"Pomegranate Juice Extract (50% Polyphenols)":0.0396,"Potassium Iodate":0.0279,"Rhodiola 3% Rosavins / Salidroside 1%":0.0163,"Selenium":0.0201,"Glutathione reduced":0.0287,"Lutein":0.0009,"Luteolin":0.0022,"Cinnamon powder (ceylon) organic":0.0211,"Sodium Hyaluronate":0.0016,"Spermidine":0.0903,"Vitamin B1 (Thiamine HCl)":0.0083,"Vitamin B12 (Methylcobalamin)":0.0699,"Vitamin B2 (Riboflavin-5-Phosphate)":0.0233,"Vitamin B3 (Niacinamide)":0.0223,"Vitamin B5 (Calcium-D-Pantothenate)":0.0038,"Vitamin B6 (Pyridoxal-5- Phosphate)":0.0395,"Vitamin B7 (D-Biotin)":0.018,"Vitamin C (Ascorbic Acid)":0.0118,"Vitamin D Veg D3":0.0103,"Vitamin E (d-alpha tocopherol)":0.0383,"Vitamin K1":0.0009,"Vitamin K2 MK-7 MCT Oil":0.0181,"Vitamin K2 MK-4 MCT Oil":0.008,"Sunflower lecithin non-GMO":0.0301,"Phosphatidylcholine":0.022,"Choline":0.0436,"Lycopene":0.0181,"Lysine":0.0096,"Taurine":0.0182,"Glucoraphanin":0.0083,"Ubiquinol":0.0102,"Zinc Citrate":0.0283,"Fiber":0.0013,"Blueberries":0.0001,"Macadamia nuts":0.0111,"Walnuts":0.0661,"Omega 3":0.0484,"Omega 6":0.0119,"Calcium":0.0666,"EVOO polyphenols":0.0055,"Oleic acid":0.0047,"Protein (plant)":0.0045,"Copper":0.015,"Caffeine":0.0163,"Magnesium Citrate":0.0053,"Manganese Citrate":0.0735,"Curcuminoids":0.0148,"Fisetin (smoketree extract)":0.0093,"Garlic extract 12:1 odorless":0.0356,"Genistein (Japonica extract)":0.0054,"Milled Golden Flaxseed":0.0166,"SDG lignan":0.0068,"Phosphatidylinositol":0.0131,"Phosphatidylethanolamine":0.02}],"vo2_max":22.2326}
