{"personal_data":[{"age":44,"gender":"M","name":"Lillie Yundt"}],"fitness_data":[{"Backwards Sled, 2 min":1,"Posture exercises":2,"Tricep extensions":1,"Face pulls":2,"Butterfly":2,"Band pull apart (back muscles)":6,"Back extensions (on a hyperextension)":2,"Obliques (each side, on a hyperextension)":0,"StretchesKneeling shin_Kneeling shin_":3,"StretchesHip flexor_Hip flexor_":0,"StretchesCouch_Couch_":2,"Leg raises (for abdomen)":4,"Seated calf raises":3,"Poliquin step ups":1,"Slant board squats":7,"ATG Split squats":1,"Nordics":1,"Reverse Nordics":1,"Tibialis raises,":3,"IsoTib ankle rotations":0,"Pull ups":2,"Chin ups":1,"10 min HIIT":2}],"supplement_vars":[{"N-Acetyl-L-Cysteine (NAC)":0.0006,"N-Acetyl-L-Cysteine (NAC) 2":0.0012,"Nicotinamide Riboside Chloride (NR)":0.0179,"Zeaxanthin":0.0015,"Phosphorus":0.0147,"Astaxanthin (Natural)":0.0051,"Boron Glycinate":0.0359,"CaAKG":0.0046,"Ashwagandha KSM66":0.002,"Calcium L-5- Methyltetrahydrofolate (L-5-MTHF-Ca)":0.0506,"Cocoa Powder (Non-Alkalised) 8+% Flavanols":0.0096,"Red Yeast Rice (2% Monacolin K)":0.0269,"Creatine Monohydrate":0.0322,"Ginger":0.0028,"Glucosamine Sulfate KCI":0.0575,"Grape Seed Extract 90% polyphenols":0.0017,"Broccoli Extract (glucoraphanin 10%)":0.0328,"Glycine":0.0196,"Theanine":0.011,"Lactobacillus Acidophilus":0.0359,"Lithium orotate":0.0081,"Pomegranate Juice Extract (50% Polyphenols)":0.0593,"Potassium Iodate":0.02,"Rhodiola 3% Rosavins / Salidroside 1%":0.0519,"Selenium":0.0355,"Glutathione reduced":0.027,"Lutein":0.0198,"Luteolin":0.0099,"Cinnamon powder (ceylon) organic":0.0105,"Sodium Hyaluronate":0.0058,"Spermidine":0.0391,"Vitamin B1 (Thiamine HCl)":0.0159,"Vitamin B12 (Methylcobalamin)":0.0232,"Vitamin B2 (Riboflavin-5-Phosphate)":0.0025,"Vitamin B3 (Niacinamide)":0.0537,"Vitamin B5 (Calcium-D-Pantothenate)":0.0079,"Vitamin B6 (Pyridoxal-5- Phosphate)":0.0208,"Vitamin B7 (D-Biotin)":0.0083,"Vitamin C (Ascorbic Acid)":0.01,"Vitamin D Veg D3":0.0287,"Vitamin E (d-alpha tocopherol)":0.0002,"Vitamin K1":0.0238,"Vitamin K2 MK-7 MCT Oil":0.0061,"Vitamin K2 MK-4 MCT Oil":0.036,"Sunflower lecithin non-GMO":0.0382,"Phosphatidylcholine":0.0015,"Choline":0.0188,"Lycopene":0.047,"Lysine":0.0108,"Taurine":0.0228,"Glucoraphanin":0.0136,"Ubiquinol":0,"Zinc Citrate":0.0065,"Fiber":0.0009,"Blueberries":0.0726,"Macadamia nuts":0.0802,"Walnuts":0.0122,"Omega 3":0.0075,"Omega 6":0.005,"Calcium":0.0443,"EVOO polyphenols":0.0036,"Oleic acid":0.0019,"Protein (plant)":0.0008,"Copper":0.012,"Caffeine":0.0223,"Magnesium Citrate":0.0276,"Manganese Citrate":0.036,"Curcuminoids":0.0509,"Fisetin (smoketree extract)":0.032,"Garlic extract 12:1 odorless":0.0372,"Genistein (Japonica extract)":0.0156,"Milled Golden Flaxseed":0.0145,"SDG lignan":0.0552,"Phosphatidylinositol":0.021,"Phosphatidylethanolamine":0.0352}],"vo2_max":30.5101}
