{"personal_data":[{"age":44,"gender":"M"}],"fitness_data":[{"Backwards Sled, 2 min":3,"Posture exercises":2,"Tricep extensions":3,"Face pulls":4,"Butterfly":5,"Band pull apart (back muscles)":0,"Back extensions (on a hyperextension)":1,"Obliques (each side, on a hyperextension)":1,"StretchesKneeling shin_Kneeling shin_":1,"StretchesHip flexor_Hip flexor_":5,"StretchesCouch_Couch_":1,"Leg raises (for abdomen)":5,"Seated calf raises":1,"Poliquin step ups":2,"Slant board squats":4,"ATG Split squats":3,"Nordics":2,"Reverse Nordics":2,"Tibialis raises,":1,"IsoTib ankle rotations":0,"Pull ups":1,"Chin ups":2,"10 min HIIT":3}],"supplement_vars":[{"N-Acetyl-L-Cysteine (NAC)":0.0001,"N-Acetyl-L-Cysteine (NAC) 2":0.0004,"Nicotinamide Riboside Chloride (NR)":0.0055,"Zeaxanthin":0.0112,"Phosphorus":0.0326,"Astaxanthin (Natural)":0.0205,"Boron Glycinate":0.0364,"CaAKG":0.0091,"Ashwagandha KSM66":0.0077,"Calcium L-5- Methyltetrahydrofolate (L-5-MTHF-Ca)":0.0377,"Cocoa Powder (Non-Alkalised) 8+% Flavanols":0.0202,"Red Yeast Rice (2% Monacolin K)":0.013,"Creatine Monohydrate":0.0543,"Ginger":0.006,"Glucosamine Sulfate KCI":0.0354,"Grape Seed Extract 90% polyphenols":0.0088,"Broccoli Extract (glucoraphanin 10%)":0.0316,"Glycine":0.0232,"Theanine":0.0127,"Lactobacillus Acidophilus":0.018,"Lithium orotate":0.0062,"Pomegranate Juice Extract (50% Polyphenols)":0.0466,"Potassium Iodate":0.0362,"Rhodiola 3% Rosavins / Salidroside 1%":0.0551,"Selenium":0.0065,"Glutathione reduced":0.0026,"Lutein":0.0124,"Luteolin":0.0022,"Cinnamon powder (ceylon) organic":0.0092,"Sodium Hyaluronate":0.005,"Spermidine":0.0395,"Vitamin B1 (Thiamine HCl)":0.008,"Vitamin B12 (Methylcobalamin)":0.015,"Vitamin B2 (Riboflavin-5-Phosphate)":0.0194,"Vitamin B3 (Niacinamide)":0.0444,"Vitamin B5 (Calcium-D-Pantothenate)":0.0051,"Vitamin B6 (Pyridoxal-5- Phosphate)":0.0269,"Vitamin B7 (D-Biotin)":0.0098,"Vitamin C (Ascorbic Acid)":0.0014,"Vitamin D Veg D3":0.0248,"Vitamin E (d-alpha tocopherol)":0.0004,"Vitamin K1":0.0291,"Vitamin K2 MK-7 MCT Oil":0.0176,"Vitamin K2 MK-4 MCT Oil":0.0188,"Sunflower lecithin non-GMO":0.0212,"Phosphatidylcholine":0.0058,"Choline":0.046,"Lycopene":0.0281,"Lysine":0.0115,"Taurine":0.0265,"Glucoraphanin":0.0188,"Ubiquinol":0.0137,"Zinc Citrate":0.0261,"Fiber":0.0007,"Blueberries":0.0533,"Macadamia nuts":0.0896,"Walnuts":0.042,"Omega 3":0.0003,"Omega 6":0.0373,"Calcium":0.0651,"EVOO polyphenols":0.0068,"Oleic acid":0.0206,"Protein (plant)":0.0029,"Copper":0.0072,"Caffeine":0.0013,"Magnesium Citrate":0.004,"Manganese Citrate":0.0288,"Curcuminoids":0.0305,"Fisetin (smoketree extract)":0.0176,"Garlic extract 12:1 odorless":0.0112,"Genistein (Japonica extract)":0.0034,"Milled Golden Flaxseed":0.0062,"SDG lignan":0.0232,"Phosphatidylinositol":0.0091,"Phosphatidylethanolamine":0.0069}],"vo2_max":28.252}
