{"personal_data":[{"age":30,"gender":"M"}],"fitness_data":[{"Backwards Sled, 2 min":2,"Posture exercises":1,"Tricep extensions":4,"Face pulls":0,"Butterfly":0,"Band pull apart (back muscles)":4,"Back extensions (on a hyperextension)":3,"Obliques (each side, on a hyperextension)":0,"StretchesKneeling shin_Kneeling shin_":4,"StretchesHip flexor_Hip flexor_":3,"StretchesCouch_Couch_":2,"Leg raises (for abdomen)":5,"Seated calf raises":3,"Poliquin step ups":3,"Slant board squats":1,"ATG Split squats":0,"Nordics":5,"Reverse Nordics":0,"Tibialis raises,":3,"IsoTib ankle rotations":1,"Pull ups":2,"Chin ups":2,"10 min HIIT":4}],"supplement_vars":[{"N-Acetyl-L-Cysteine (NAC)":0.0124,"N-Acetyl-L-Cysteine (NAC) 2":0.0035,"Nicotinamide Riboside Chloride (NR)":0.0051,"Zeaxanthin":0.002,"Phosphorus":0.0224,"Astaxanthin (Natural)":0.0158,"Boron Glycinate":0.0091,"CaAKG":0.0036,"Ashwagandha KSM66":0.0059,"Calcium L-5- Methyltetrahydrofolate (L-5-MTHF-Ca)":0.0675,"Cocoa Powder (Non-Alkalised) 8+% Flavanols":0.012,"Red Yeast Rice (2% Monacolin K)":0.03,"Creatine Monohydrate":0.0679,"Ginger":0.0128,"Glucosamine Sulfate KCI":0.0056,"Grape Seed Extract 90% polyphenols":0.0076,"Broccoli Extract (glucoraphanin 10%)":0.0092,"Glycine":0.0175,"Theanine":0.0152,"Lactobacillus Acidophilus":0.0714,"Lithium orotate":0.002,"Pomegranate Juice Extract (50% Polyphenols)":0.0512,"Potassium Iodate":0.0421,"Rhodiola 3% Rosavins / Salidroside 1%":0.0354,"Selenium":0.0272,"Glutathione reduced":0.0449,"Lutein":0.0138,"Luteolin":0.0091,"Cinnamon powder (ceylon) organic":0.0162,"Sodium Hyaluronate":0.0108,"Spermidine":0.0315,"Vitamin B1 (Thiamine HCl)":0.0107,"Vitamin B12 (Methylcobalamin)":0.0302,"Vitamin B2 (Riboflavin-5-Phosphate)":0.0211,"Vitamin B3 (Niacinamide)":0.0643,"Vitamin B5 (Calcium-D-Pantothenate)":0.0124,"Vitamin B6 (Pyridoxal-5- Phosphate)":0.0022,"Vitamin B7 (D-Biotin)":0.0068,"Vitamin C (Ascorbic Acid)":0.0046,"Vitamin D Veg D3":0.0263,"Vitamin E (d-alpha tocopherol)":0.0439,"Vitamin K1":0.0083,"Vitamin K2 MK-7 MCT Oil":0.0068,"Vitamin K2 MK-4 MCT Oil":0.0313,"Sunflower lecithin non-GMO":0.0393,"Phosphatidylcholine":0.0244,"Choline":0.0191,"Lycopene":0.0031,"Lysine":0.003,"Taurine":0.0111,"Glucoraphanin":0.0201,"Ubiquinol":0.0072,"Zinc Citrate":0.0244,"Fiber":0.0042,"Blueberries":0.0001,"Macadamia nuts":0.0025,"Walnuts":0.0739,"Omega 3":0.0016,"Omega 6":0.0382,"Calcium":0.0455,"EVOO polyphenols":0.0033,"Oleic acid":0.0319,"Protein (plant)":0.0048,"Copper":0.0089,"Caffeine":0.0364,"Magnesium Citrate":0.047,"Manganese Citrate":0.0632,"Curcuminoids":0.0116,"Fisetin (smoketree extract)":0.034,"Garlic extract 12:1 odorless":0.0301,"Genistein (Japonica extract)":0.0176,"Milled Golden Flaxseed":0.0179,"SDG lignan":0.0282,"Phosphatidylinositol":0.0003,"Phosphatidylethanolamine":0.027}],"vo2_max":34.6603}
