{"personal_data":[{"age":74,"gender":"M","name":"Eleonore Reilly"}],"fitness_data":[{"Backwards Sled, 2 min":1,"Posture exercises":3,"Tricep extensions":2,"Face pulls":4,"Butterfly":3,"Band pull apart (back muscles)":1,"Back extensions (on a hyperextension)":1,"Obliques (each side, on a hyperextension)":1,"StretchesKneeling shin_Kneeling shin_":2,"StretchesHip flexor_Hip flexor_":4,"StretchesCouch_Couch_":1,"Leg raises (for abdomen)":2,"Seated calf raises":3,"Poliquin step ups":3,"Slant board squats":6,"ATG Split squats":5,"Nordics":3,"Reverse Nordics":1,"Tibialis raises,":3,"IsoTib ankle rotations":1,"Pull ups":3,"Chin ups":3,"10 min HIIT":4}],"supplement_vars":[{"N-Acetyl-L-Cysteine (NAC)":0.0097,"N-Acetyl-L-Cysteine (NAC) 2":0.0195,"Nicotinamide Riboside Chloride (NR)":0.0175,"Zeaxanthin":0.0098,"Phosphorus":0.0222,"Astaxanthin (Natural)":0.0064,"Boron Glycinate":0.0233,"CaAKG":0.0015,"Ashwagandha KSM66":0.0039,"Calcium L-5- Methyltetrahydrofolate (L-5-MTHF-Ca)":0.0439,"Cocoa Powder (Non-Alkalised) 8+% Flavanols":0.0216,"Red Yeast Rice (2% Monacolin K)":0.0167,"Creatine Monohydrate":0.0174,"Ginger":0.0705,"Glucosamine Sulfate KCI":0.0736,"Grape Seed Extract 90% polyphenols":0.0071,"Broccoli Extract (glucoraphanin 10%)":0.0136,"Glycine":0.0183,"Theanine":0.0251,"Lactobacillus Acidophilus":0.0601,"Lithium orotate":0.0009,"Pomegranate Juice Extract (50% Polyphenols)":0.0687,"Potassium Iodate":0.0097,"Rhodiola 3% Rosavins / Salidroside 1%":0.0135,"Selenium":0.0326,"Glutathione reduced":0.0302,"Lutein":0.0219,"Luteolin":0.0035,"Cinnamon powder (ceylon) organic":0.0112,"Sodium Hyaluronate":0.0106,"Spermidine":0.0203,"Vitamin B1 (Thiamine HCl)":0.0032,"Vitamin B12 (Methylcobalamin)":0.0174,"Vitamin B2 (Riboflavin-5-Phosphate)":0.0054,"Vitamin B3 (Niacinamide)":0.0603,"Vitamin B5 (Calcium-D-Pantothenate)":0.0147,"Vitamin B6 (Pyridoxal-5- Phosphate)":0.0438,"Vitamin B7 (D-Biotin)":0.0175,"Vitamin C (Ascorbic Acid)":0.0097,"Vitamin D Veg D3":0.0382,"Vitamin E (d-alpha tocopherol)":0.0143,"Vitamin K1":0.0332,"Vitamin K2 MK-7 MCT Oil":0.0024,"Vitamin K2 MK-4 MCT Oil":0.0145,"Sunflower lecithin non-GMO":0.0211,"Phosphatidylcholine":0.0342,"Choline":0.0307,"Lycopene":0.0623,"Lysine":0.002,"Taurine":0.013,"Glucoraphanin":0.034,"Ubiquinol":0.0054,"Zinc Citrate":0.027,"Fiber":0.0022,"Blueberries":0.0511,"Macadamia nuts":0.0336,"Walnuts":0.0018,"Omega 3":0.0278,"Omega 6":0.0258,"Calcium":0.0439,"EVOO polyphenols":0.0039,"Oleic acid":0.0253,"Protein (plant)":0.0027,"Copper":0.0041,"Caffeine":0.0565,"Magnesium Citrate":0.0608,"Manganese Citrate":0.0548,"Curcuminoids":0.0076,"Fisetin (smoketree extract)":0.0046,"Garlic extract 12:1 odorless":0.0072,"Genistein (Japonica extract)":0.0082,"Milled Golden Flaxseed":0.03,"SDG lignan":0.0403,"Phosphatidylinositol":0.0019,"Phosphatidylethanolamine":0.0385}],"vo2_max":20.8284}
