{"personal_data":[{"age":60,"gender":"M","name":"Rosaline Rowe"}],"fitness_data":[{"Backwards Sled, 2 min":1,"Posture exercises":3,"Tricep extensions":1,"Face pulls":4,"Butterfly":2,"Band pull apart (back muscles)":3,"Back extensions (on a hyperextension)":3,"Obliques (each side, on a hyperextension)":1,"StretchesKneeling shin_Kneeling shin_":5,"StretchesHip flexor_Hip flexor_":2,"StretchesCouch_Couch_":0,"Leg raises (for abdomen)":3,"Seated calf raises":1,"Poliquin step ups":1,"Slant board squats":4,"ATG Split squats":3,"Nordics":1,"Reverse Nordics":2,"Tibialis raises,":2,"IsoTib ankle rotations":5,"Pull ups":2,"Chin ups":1,"10 min HIIT":1}],"supplement_vars":[{"N-Acetyl-L-Cysteine (NAC)":0.0093,"N-Acetyl-L-Cysteine (NAC) 2":0.0124,"Nicotinamide Riboside Chloride (NR)":0.0046,"Zeaxanthin":0.0133,"Phosphorus":0.0313,"Astaxanthin (Natural)":0.0189,"Boron Glycinate":0.0457,"CaAKG":0.0074,"Ashwagandha KSM66":0.0019,"Calcium L-5- Methyltetrahydrofolate (L-5-MTHF-Ca)":0.015,"Cocoa Powder (Non-Alkalised) 8+% Flavanols":0.0002,"Red Yeast Rice (2% Monacolin K)":0.0008,"Creatine Monohydrate":0.0333,"Ginger":0.0886,"Glucosamine Sulfate KCI":0.0238,"Grape Seed Extract 90% polyphenols":0.0004,"Broccoli Extract (glucoraphanin 10%)":0.0034,"Glycine":0.0184,"Theanine":0.0514,"Lactobacillus Acidophilus":0.0702,"Lithium orotate":0.0031,"Pomegranate Juice Extract (50% Polyphenols)":0.0299,"Potassium Iodate":0.0372,"Rhodiola 3% Rosavins / Salidroside 1%":0.0467,"Selenium":0.0085,"Glutathione reduced":0.0502,"Lutein":0.0074,"Luteolin":0.0051,"Cinnamon powder (ceylon) organic":0.0079,"Sodium Hyaluronate":0.0104,"Spermidine":0.0523,"Vitamin B1 (Thiamine HCl)":0.0092,"Vitamin B12 (Methylcobalamin)":0.0559,"Vitamin B2 (Riboflavin-5-Phosphate)":0.0043,"Vitamin B3 (Niacinamide)":0.029,"Vitamin B5 (Calcium-D-Pantothenate)":0.0204,"Vitamin B6 (Pyridoxal-5- Phosphate)":0.0363,"Vitamin B7 (D-Biotin)":0.0077,"Vitamin C (Ascorbic Acid)":0.0118,"Vitamin D Veg D3":0.0422,"Vitamin E (d-alpha tocopherol)":0.029,"Vitamin K1":0.0497,"Vitamin K2 MK-7 MCT Oil":0.0096,"Vitamin K2 MK-4 MCT Oil":0.0076,"Sunflower lecithin non-GMO":0.0409,"Phosphatidylcholine":0.0146,"Choline":0.0395,"Lycopene":0.0409,"Lysine":0.0091,"Taurine":0.0086,"Glucoraphanin":0.0146,"Ubiquinol":0.0057,"Zinc Citrate":0.0055,"Fiber":0.0008,"Blueberries":0.0085,"Macadamia nuts":0.0689,"Walnuts":0.054,"Omega 3":0.0098,"Omega 6":0.0145,"Calcium":0.0473,"EVOO polyphenols":0.0005,"Oleic acid":0.0315,"Protein (plant)":0.005,"Copper":0.0171,"Caffeine":0.0106,"Magnesium Citrate":0.0212,"Manganese Citrate":0.0275,"Curcuminoids":0.0104,"Fisetin (smoketree extract)":0.008,"Garlic extract 12:1 odorless":0.0258,"Genistein (Japonica extract)":0.0181,"Milled Golden Flaxseed":0.0306,"SDG lignan":0.0157,"Phosphatidylinositol":0.0062,"Phosphatidylethanolamine":0.0253}],"vo2_max":22.9942}
