{"personal_data":[{"age":59,"gender":"M","name":"Kai Halvorson-Powlowski"}],"fitness_data":[{"Backwards Sled, 2 min":5,"Posture exercises":4,"Tricep extensions":1,"Face pulls":4,"Butterfly":5,"Band pull apart (back muscles)":4,"Back extensions (on a hyperextension)":4,"Obliques (each side, on a hyperextension)":2,"StretchesKneeling shin_Kneeling shin_":1,"StretchesHip flexor_Hip flexor_":2,"StretchesCouch_Couch_":1,"Leg raises (for abdomen)":4,"Seated calf raises":3,"Poliquin step ups":2,"Slant board squats":7,"ATG Split squats":5,"Nordics":6,"Reverse Nordics":0,"Tibialis raises,":2,"IsoTib ankle rotations":2,"Pull ups":3,"Chin ups":2,"10 min HIIT":2}],"supplement_vars":[{"N-Acetyl-L-Cysteine (NAC)":0.0159,"N-Acetyl-L-Cysteine (NAC) 2":0.0044,"Nicotinamide Riboside Chloride (NR)":0.0123,"Zeaxanthin":0.0109,"Phosphorus":0.0361,"Astaxanthin (Natural)":0.002,"Boron Glycinate":0.0168,"CaAKG":0.011,"Ashwagandha KSM66":0.0039,"Calcium L-5- Methyltetrahydrofolate (L-5-MTHF-Ca)":0.0028,"Cocoa Powder (Non-Alkalised) 8+% Flavanols":0.0019,"Red Yeast Rice (2% Monacolin K)":0.0112,"Creatine Monohydrate":0.0692,"Ginger":0.0078,"Glucosamine Sulfate KCI":0.009,"Grape Seed Extract 90% polyphenols":0.0023,"Broccoli Extract (glucoraphanin 10%)":0.0254,"Glycine":0.03,"Theanine":0.0605,"Lactobacillus Acidophilus":0.0048,"Lithium orotate":0.0033,"Pomegranate Juice Extract (50% Polyphenols)":0.0153,"Potassium Iodate":0.0294,"Rhodiola 3% Rosavins / Salidroside 1%":0.0328,"Selenium":0.0301,"Glutathione reduced":0.0353,"Lutein":0.0127,"Luteolin":0.0076,"Cinnamon powder (ceylon) organic":0.0124,"Sodium Hyaluronate":0.0013,"Spermidine":0.0538,"Vitamin B1 (Thiamine HCl)":0.007,"Vitamin B12 (Methylcobalamin)":0.0336,"Vitamin B2 (Riboflavin-5-Phosphate)":0.0262,"Vitamin B3 (Niacinamide)":0.0278,"Vitamin B5 (Calcium-D-Pantothenate)":0.0075,"Vitamin B6 (Pyridoxal-5- Phosphate)":0.0187,"Vitamin B7 (D-Biotin)":0.0267,"Vitamin C (Ascorbic Acid)":0.0067,"Vitamin D Veg D3":0.0086,"Vitamin E (d-alpha tocopherol)":0.0453,"Vitamin K1":0.0536,"Vitamin K2 MK-7 MCT Oil":0.0257,"Vitamin K2 MK-4 MCT Oil":0.0289,"Sunflower lecithin non-GMO":0.0176,"Phosphatidylcholine":0.0151,"Choline":0.0253,"Lycopene":0.0043,"Lysine":0.0036,"Taurine":0.0038,"Glucoraphanin":0.018,"Ubiquinol":0.0139,"Zinc Citrate":0.0015,"Fiber":0.006,"Blueberries":0.0357,"Macadamia nuts":0.0634,"Walnuts":0.0301,"Omega 3":0.0453,"Omega 6":0.0515,"Calcium":0.0073,"EVOO polyphenols":0.0065,"Oleic acid":0.0031,"Protein (plant)":0.0005,"Copper":0.001,"Caffeine":0.0631,"Magnesium Citrate":0.0305,"Manganese Citrate":0.0221,"Curcuminoids":0.0142,"Fisetin (smoketree extract)":0.0031,"Garlic extract 12:1 odorless":0.0437,"Genistein (Japonica extract)":0.0171,"Milled Golden Flaxseed":0.0169,"SDG lignan":0.0353,"Phosphatidylinositol":0.0059,"Phosphatidylethanolamine":0.0288}],"vo2_max":28.7672}
