{"personal_data":[{"age":56,"gender":"M","name":"Dontae Dooley"}],"fitness_data":[{"Backwards Sled, 2 min":3,"Posture exercises":4,"Tricep extensions":2,"Face pulls":1,"Butterfly":2,"Band pull apart (back muscles)":3,"Back extensions (on a hyperextension)":1,"Obliques (each side, on a hyperextension)":4,"StretchesKneeling shin_Kneeling shin_":3,"StretchesHip flexor_Hip flexor_":5,"StretchesCouch_Couch_":1,"Leg raises (for abdomen)":0,"Seated calf raises":3,"Poliquin step ups":2,"Slant board squats":0,"ATG Split squats":2,"Nordics":4,"Reverse Nordics":2,"Tibialis raises,":0,"IsoTib ankle rotations":0,"Pull ups":3,"Chin ups":2,"10 min HIIT":4}],"supplement_vars":[{"N-Acetyl-L-Cysteine (NAC)":0.0117,"N-Acetyl-L-Cysteine (NAC) 2":0.0198,"Nicotinamide Riboside Chloride (NR)":0.012,"Zeaxanthin":0.0018,"Phosphorus":0.0255,"Astaxanthin (Natural)":0.0109,"Boron Glycinate":0.0235,"CaAKG":0.0051,"Ashwagandha KSM66":0.0039,"Calcium L-5- Methyltetrahydrofolate (L-5-MTHF-Ca)":0.0194,"Cocoa Powder (Non-Alkalised) 8+% Flavanols":0.0201,"Red Yeast Rice (2% Monacolin K)":0.0033,"Creatine Monohydrate":0.0684,"Ginger":0.0455,"Glucosamine Sulfate KCI":0.0749,"Grape Seed Extract 90% polyphenols":0.006,"Broccoli Extract (glucoraphanin 10%)":0.0139,"Glycine":0.0005,"Theanine":0.0608,"Lactobacillus Acidophilus":0.0619,"Lithium orotate":0.0029,"Pomegranate Juice Extract (50% Polyphenols)":0.0292,"Potassium Iodate":0.0095,"Rhodiola 3% Rosavins / Salidroside 1%":0.0055,"Selenium":0.0112,"Glutathione reduced":0.0466,"Lutein":0.0035,"Luteolin":0.007,"Cinnamon powder (ceylon) organic":0.0214,"Sodium Hyaluronate":0.0046,"Spermidine":0.0331,"Vitamin B1 (Thiamine HCl)":0.0048,"Vitamin B12 (Methylcobalamin)":0.0421,"Vitamin B2 (Riboflavin-5-Phosphate)":0.0343,"Vitamin B3 (Niacinamide)":0.0564,"Vitamin B5 (Calcium-D-Pantothenate)":0.02,"Vitamin B6 (Pyridoxal-5- Phosphate)":0.0402,"Vitamin B7 (D-Biotin)":0.0071,"Vitamin C (Ascorbic Acid)":0.0118,"Vitamin D Veg D3":0.0139,"Vitamin E (d-alpha tocopherol)":0.0033,"Vitamin K1":0.0616,"Vitamin K2 MK-7 MCT Oil":0.0209,"Vitamin K2 MK-4 MCT Oil":0.0324,"Sunflower lecithin non-GMO":0.0231,"Phosphatidylcholine":0.0358,"Choline":0.0058,"Lycopene":0.011,"Lysine":0.005,"Taurine":0.0219,"Glucoraphanin":0.0296,"Ubiquinol":0.0044,"Zinc Citrate":0.007,"Fiber":0.0004,"Blueberries":0.0631,"Macadamia nuts":0.0305,"Walnuts":0.0626,"Omega 3":0.0067,"Omega 6":0.0091,"Calcium":0.0075,"EVOO polyphenols":0.004,"Oleic acid":0.0221,"Protein (plant)":0.0006,"Copper":0.0226,"Caffeine":0.0307,"Magnesium Citrate":0.0383,"Manganese Citrate":0.0411,"Curcuminoids":0.0056,"Fisetin (smoketree extract)":0.0026,"Garlic extract 12:1 odorless":0.0354,"Genistein (Japonica extract)":0.007,"Milled Golden Flaxseed":0.0178,"SDG lignan":0.0319,"Phosphatidylinositol":0.0065,"Phosphatidylethanolamine":0.0164}],"vo2_max":31.0406}
