{"personal_data":[{"age":22,"gender":"M","name":"Shatara Yundt MD"}],"fitness_data":[{"Backwards Sled, 2 min":5,"Posture exercises":0,"Tricep extensions":4,"Face pulls":4,"Butterfly":4,"Band pull apart (back muscles)":0,"Back extensions (on a hyperextension)":2,"Obliques (each side, on a hyperextension)":0,"StretchesKneeling shin_Kneeling shin_":0,"StretchesHip flexor_Hip flexor_":0,"StretchesCouch_Couch_":2,"Leg raises (for abdomen)":1,"Seated calf raises":0,"Poliquin step ups":3,"Slant board squats":3,"ATG Split squats":2,"Nordics":5,"Reverse Nordics":2,"Tibialis raises,":5,"IsoTib ankle rotations":1,"Pull ups":3,"Chin ups":1,"10 min HIIT":3}],"supplement_vars":[{"N-Acetyl-L-Cysteine (NAC)":0.0115,"N-Acetyl-L-Cysteine (NAC) 2":0.005,"Nicotinamide Riboside Chloride (NR)":0.0023,"Zeaxanthin":0.0061,"Phosphorus":0.0378,"Astaxanthin (Natural)":0.0227,"Boron Glycinate":0.0099,"CaAKG":0.011,"Ashwagandha KSM66":0.0022,"Calcium L-5- Methyltetrahydrofolate (L-5-MTHF-Ca)":0.0311,"Cocoa Powder (Non-Alkalised) 8+% Flavanols":0.0116,"Red Yeast Rice (2% Monacolin K)":0.0322,"Creatine Monohydrate":0.0576,"Ginger":0.0877,"Glucosamine Sulfate KCI":0.0248,"Grape Seed Extract 90% polyphenols":0.0064,"Broccoli Extract (glucoraphanin 10%)":0.0118,"Glycine":0.0212,"Theanine":0.007,"Lactobacillus Acidophilus":0.0662,"Lithium orotate":0.0045,"Pomegranate Juice Extract (50% Polyphenols)":0.0358,"Potassium Iodate":0.0008,"Rhodiola 3% Rosavins / Salidroside 1%":0.027,"Selenium":0.0356,"Glutathione reduced":0.0315,"Lutein":0.017,"Luteolin":0.0074,"Cinnamon powder (ceylon) organic":0.0063,"Sodium Hyaluronate":0.0044,"Spermidine":0.0152,"Vitamin B1 (Thiamine HCl)":0.0007,"Vitamin B12 (Methylcobalamin)":0.0172,"Vitamin B2 (Riboflavin-5-Phosphate)":0.069,"Vitamin B3 (Niacinamide)":0.0246,"Vitamin B5 (Calcium-D-Pantothenate)":0.0119,"Vitamin B6 (Pyridoxal-5- Phosphate)":0.0238,"Vitamin B7 (D-Biotin)":0.0137,"Vitamin C (Ascorbic Acid)":0.0106,"Vitamin D Veg D3":0.0145,"Vitamin E (d-alpha tocopherol)":0.0198,"Vitamin K1":0.0195,"Vitamin K2 MK-7 MCT Oil":0.0099,"Vitamin K2 MK-4 MCT Oil":0.0197,"Sunflower lecithin non-GMO":0.0119,"Phosphatidylcholine":0.0346,"Choline":0.0342,"Lycopene":0.0709,"Lysine":0.0053,"Taurine":0.0436,"Glucoraphanin":0.0271,"Ubiquinol":0.0139,"Zinc Citrate":0.0142,"Fiber":0.003,"Blueberries":0.0255,"Macadamia nuts":0.0245,"Walnuts":0.0582,"Omega 3":0.0083,"Omega 6":0.0506,"Calcium":0.0529,"EVOO polyphenols":0.0039,"Oleic acid":0.0105,"Protein (plant)":0.0006,"Copper":0.0166,"Caffeine":0.0319,"Magnesium Citrate":0.0174,"Manganese Citrate":0.0991,"Curcuminoids":0.0357,"Fisetin (smoketree extract)":0.0258,"Garlic extract 12:1 odorless":0.0312,"Genistein (Japonica extract)":0.0141,"Milled Golden Flaxseed":0.0077,"SDG lignan":0.0373,"Phosphatidylinositol":0.0206,"Phosphatidylethanolamine":0.0263}],"vo2_max":35.0176}
