{"personal_data":[{"age":25,"gender":"M"}],"fitness_data":[{"Backwards Sled, 2 min":4,"Posture exercises":2,"Tricep extensions":3,"Face pulls":3,"Butterfly":2,"Band pull apart (back muscles)":6,"Back extensions (on a hyperextension)":1,"Obliques (each side, on a hyperextension)":1,"StretchesKneeling shin_Kneeling shin_":4,"StretchesHip flexor_Hip flexor_":3,"StretchesCouch_Couch_":1,"Leg raises (for abdomen)":2,"Seated calf raises":2,"Poliquin step ups":3,"Slant board squats":4,"ATG Split squats":2,"Nordics":2,"Reverse Nordics":1,"Tibialis raises,":5,"IsoTib ankle rotations":2,"Pull ups":4,"Chin ups":0,"10 min HIIT":2}],"supplement_vars":[{"N-Acetyl-L-Cysteine (NAC)":0.0068,"N-Acetyl-L-Cysteine (NAC) 2":0.0063,"Nicotinamide Riboside Chloride (NR)":0.0041,"Zeaxanthin":0.007,"Phosphorus":0.0185,"Astaxanthin (Natural)":0.002,"Boron Glycinate":0.0197,"CaAKG":0.0117,"Ashwagandha KSM66":8.2557e-06,"Calcium L-5- Methyltetrahydrofolate (L-5-MTHF-Ca)":0.0259,"Cocoa Powder (Non-Alkalised) 8+% Flavanols":0.012,"Red Yeast Rice (2% Monacolin K)":0.0251,"Creatine Monohydrate":0.0359,"Ginger":0.0583,"Glucosamine Sulfate KCI":0.0778,"Grape Seed Extract 90% polyphenols":0.0113,"Broccoli Extract (glucoraphanin 10%)":0.015,"Glycine":0.0144,"Theanine":0.007,"Lactobacillus Acidophilus":0.0594,"Lithium orotate":0.0048,"Pomegranate Juice Extract (50% Polyphenols)":0.0324,"Potassium Iodate":0.0103,"Rhodiola 3% Rosavins / Salidroside 1%":0.022,"Selenium":0.0089,"Glutathione reduced":0.0359,"Lutein":0.0226,"Luteolin":0.006,"Cinnamon powder (ceylon) organic":0.0063,"Sodium Hyaluronate":0.0051,"Spermidine":0.0465,"Vitamin B1 (Thiamine HCl)":0.0076,"Vitamin B12 (Methylcobalamin)":0.0407,"Vitamin B2 (Riboflavin-5-Phosphate)":0.0349,"Vitamin B3 (Niacinamide)":0.0439,"Vitamin B5 (Calcium-D-Pantothenate)":0.0188,"Vitamin B6 (Pyridoxal-5- Phosphate)":0.0437,"Vitamin B7 (D-Biotin)":0.0273,"Vitamin C (Ascorbic Acid)":0.0018,"Vitamin D Veg D3":0.0472,"Vitamin E (d-alpha tocopherol)":0.0183,"Vitamin K1":0.0621,"Vitamin K2 MK-7 MCT Oil":0.025,"Vitamin K2 MK-4 MCT Oil":0.0336,"Sunflower lecithin non-GMO":0.0066,"Phosphatidylcholine":0.027,"Choline":0.0578,"Lycopene":0.067,"Lysine":0.0081,"Taurine":0.0199,"Glucoraphanin":0.0311,"Ubiquinol":0.0038,"Zinc Citrate":0.025,"Fiber":0.0033,"Blueberries":0.0141,"Macadamia nuts":0,"Walnuts":0.0647,"Omega 3":0.0445,"Omega 6":0.0316,"Calcium":0.0141,"EVOO polyphenols":0.0042,"Oleic acid":0.0246,"Protein (plant)":0.0015,"Copper":0.0183,"Caffeine":0.0527,"Magnesium Citrate":0.0182,"Manganese Citrate":0.0966,"Curcuminoids":0.0208,"Fisetin (smoketree extract)":0.0211,"Garlic extract 12:1 odorless":0.0086,"Genistein (Japonica extract)":0.0174,"Milled Golden Flaxseed":0.023,"SDG lignan":0.0297,"Phosphatidylinositol":0.0216,"Phosphatidylethanolamine":0.0006}],"vo2_max":35.9869}
