{"personal_data":[{"age":47,"gender":"F","name":"Kylie Mann-Heller"}],"fitness_data":[{"Backwards Sled, 2 min":3,"Posture exercises":1,"Tricep extensions":1,"Face pulls":3,"Butterfly":0,"Band pull apart (back muscles)":4,"Back extensions (on a hyperextension)":3,"Obliques (each side, on a hyperextension)":3,"StretchesKneeling shin_Kneeling shin_":4,"StretchesHip flexor_Hip flexor_":3,"StretchesCouch_Couch_":2,"Leg raises (for abdomen)":5,"Seated calf raises":3,"Poliquin step ups":3,"Slant board squats":1,"ATG Split squats":3,"Nordics":3,"Reverse Nordics":4,"Tibialis raises,":5,"IsoTib ankle rotations":4,"Pull ups":2,"Chin ups":1,"10 min HIIT":1}],"supplement_vars":[{"N-Acetyl-L-Cysteine (NAC)":0.0034,"N-Acetyl-L-Cysteine (NAC) 2":0.0067,"Nicotinamide Riboside Chloride (NR)":0.0042,"Zeaxanthin":0.0084,"Phosphorus":0.0231,"Astaxanthin (Natural)":0.02,"Boron Glycinate":0.0099,"CaAKG":0.0042,"Ashwagandha KSM66":0.0034,"Calcium L-5- Methyltetrahydrofolate (L-5-MTHF-Ca)":0.0228,"Cocoa Powder (Non-Alkalised) 8+% Flavanols":0.0201,"Red Yeast Rice (2% Monacolin K)":0.0301,"Creatine Monohydrate":0.0441,"Ginger":0.0255,"Glucosamine Sulfate KCI":0.0136,"Grape Seed Extract 90% polyphenols":0.0031,"Broccoli Extract (glucoraphanin 10%)":0.0317,"Glycine":0.0177,"Theanine":0.0048,"Lactobacillus Acidophilus":0.0056,"Lithium orotate":0.0056,"Pomegranate Juice Extract (50% Polyphenols)":0.0118,"Potassium Iodate":0.033,"Rhodiola 3% Rosavins / Salidroside 1%":0.0239,"Selenium":0.0285,"Glutathione reduced":0.0187,"Lutein":0.004,"Luteolin":0.0029,"Cinnamon powder (ceylon) organic":0.0226,"Sodium Hyaluronate":0.0069,"Spermidine":0.0307,"Vitamin B1 (Thiamine HCl)":0.0148,"Vitamin B12 (Methylcobalamin)":0.0281,"Vitamin B2 (Riboflavin-5-Phosphate)":0.0004,"Vitamin B3 (Niacinamide)":0.0623,"Vitamin B5 (Calcium-D-Pantothenate)":0.0172,"Vitamin B6 (Pyridoxal-5- Phosphate)":0.0346,"Vitamin B7 (D-Biotin)":0.0065,"Vitamin C (Ascorbic Acid)":0.0066,"Vitamin D Veg D3":0.0102,"Vitamin E (d-alpha tocopherol)":0.0408,"Vitamin K1":0.046,"Vitamin K2 MK-7 MCT Oil":0.0295,"Vitamin K2 MK-4 MCT Oil":0.0083,"Sunflower lecithin non-GMO":0.018,"Phosphatidylcholine":0.0283,"Choline":0.0185,"Lycopene":0.0627,"Lysine":0.002,"Taurine":0.0396,"Glucoraphanin":0.0129,"Ubiquinol":0.007,"Zinc Citrate":0.0202,"Fiber":0.0042,"Blueberries":0.0756,"Macadamia nuts":0.0455,"Walnuts":0.0623,"Omega 3":0.0326,"Omega 6":0.0143,"Calcium":0.0496,"EVOO polyphenols":0.0031,"Oleic acid":0.0001,"Protein (plant)":0.0018,"Copper":0.0025,"Caffeine":0.0421,"Magnesium Citrate":0.0021,"Manganese Citrate":0.0537,"Curcuminoids":0.033,"Fisetin (smoketree extract)":0.0144,"Garlic extract 12:1 odorless":0.0227,"Genistein (Japonica extract)":0.0058,"Milled Golden Flaxseed":0.0307,"SDG lignan":0.0062,"Phosphatidylinositol":0.0112,"Phosphatidylethanolamine":0.0275}],"vo2_max":28.7654}
