{"personal_data":[{"age":79,"gender":"F","name":"Marion Konopelski"}],"fitness_data":[{"Backwards Sled, 2 min":0,"Posture exercises":3,"Tricep extensions":3,"Face pulls":3,"Butterfly":4,"Band pull apart (back muscles)":1,"Back extensions (on a hyperextension)":3,"Obliques (each side, on a hyperextension)":2,"StretchesKneeling shin_Kneeling shin_":1,"StretchesHip flexor_Hip flexor_":5,"StretchesCouch_Couch_":1,"Leg raises (for abdomen)":3,"Seated calf raises":3,"Poliquin step ups":1,"Slant board squats":1,"ATG Split squats":2,"Nordics":6,"Reverse Nordics":2,"Tibialis raises,":0,"IsoTib ankle rotations":5,"Pull ups":0,"Chin ups":0,"10 min HIIT":4}],"supplement_vars":[{"N-Acetyl-L-Cysteine (NAC)":0.0192,"N-Acetyl-L-Cysteine (NAC) 2":0.0044,"Nicotinamide Riboside Chloride (NR)":0.0031,"Zeaxanthin":0.0029,"Phosphorus":0.019,"Astaxanthin (Natural)":0,"Boron Glycinate":0.0394,"CaAKG":0.0004,"Ashwagandha KSM66":0.0052,"Calcium L-5- Methyltetrahydrofolate (L-5-MTHF-Ca)":0.0559,"Cocoa Powder (Non-Alkalised) 8+% Flavanols":0.0071,"Red Yeast Rice (2% Monacolin K)":0.0149,"Creatine Monohydrate":0.0509,"Ginger":0.0307,"Glucosamine Sulfate KCI":0.0024,"Grape Seed Extract 90% polyphenols":0.0088,"Broccoli Extract (glucoraphanin 10%)":0.0197,"Glycine":0.0147,"Theanine":0.0164,"Lactobacillus Acidophilus":0.0703,"Lithium orotate":0.003,"Pomegranate Juice Extract (50% Polyphenols)":0.0295,"Potassium Iodate":0.0174,"Rhodiola 3% Rosavins / Salidroside 1%":0.0351,"Selenium":0.0202,"Glutathione reduced":0.0037,"Lutein":0.0099,"Luteolin":0.0058,"Cinnamon powder (ceylon) organic":0.0019,"Sodium Hyaluronate":0.0035,"Spermidine":0.06,"Vitamin B1 (Thiamine HCl)":0.0029,"Vitamin B12 (Methylcobalamin)":0.0041,"Vitamin B2 (Riboflavin-5-Phosphate)":0.0641,"Vitamin B3 (Niacinamide)":0.024,"Vitamin B5 (Calcium-D-Pantothenate)":0.0107,"Vitamin B6 (Pyridoxal-5- Phosphate)":0.0037,"Vitamin B7 (D-Biotin)":0.0326,"Vitamin C (Ascorbic Acid)":0.0122,"Vitamin D Veg D3":0.0436,"Vitamin E (d-alpha tocopherol)":0.0106,"Vitamin K1":0.0162,"Vitamin K2 MK-7 MCT Oil":0.0095,"Vitamin K2 MK-4 MCT Oil":0.0141,"Sunflower lecithin non-GMO":0.0283,"Phosphatidylcholine":0.0157,"Choline":0.0298,"Lycopene":0.035,"Lysine":0.0067,"Taurine":0.0061,"Glucoraphanin":0.0312,"Ubiquinol":0.0065,"Zinc Citrate":0.0132,"Fiber":0.0018,"Blueberries":0.0585,"Macadamia nuts":0.0565,"Walnuts":0.0645,"Omega 3":0.0277,"Omega 6":0.0068,"Calcium":0.025,"EVOO polyphenols":0.0001,"Oleic acid":0.0018,"Protein (plant)":0.0035,"Copper":0.0219,"Caffeine":0.0158,"Magnesium Citrate":0.0032,"Manganese Citrate":0.0167,"Curcuminoids":0.0444,"Fisetin (smoketree extract)":0.0319,"Garlic extract 12:1 odorless":0.0212,"Genistein (Japonica extract)":0.0193,"Milled Golden Flaxseed":0.0303,"SDG lignan":0.0327,"Phosphatidylinositol":0.0081,"Phosphatidylethanolamine":0.0163}],"vo2_max":18.9612}
