{"personal_data":[{"age":70,"gender":"M","name":"Pluma Bernhard"}],"fitness_data":[{"Backwards Sled, 2 min":2,"Posture exercises":2,"Tricep extensions":1,"Face pulls":1,"Butterfly":1,"Band pull apart (back muscles)":1,"Back extensions (on a hyperextension)":0,"Obliques (each side, on a hyperextension)":0,"StretchesKneeling shin_Kneeling shin_":3,"StretchesHip flexor_Hip flexor_":0,"StretchesCouch_Couch_":2,"Leg raises (for abdomen)":5,"Seated calf raises":2,"Poliquin step ups":2,"Slant board squats":4,"ATG Split squats":1,"Nordics":2,"Reverse Nordics":4,"Tibialis raises,":3,"IsoTib ankle rotations":6,"Pull ups":2,"Chin ups":0,"10 min HIIT":2}],"supplement_vars":[{"N-Acetyl-L-Cysteine (NAC)":0.0117,"N-Acetyl-L-Cysteine (NAC) 2":0.0198,"Nicotinamide Riboside Chloride (NR)":0.0146,"Zeaxanthin":0.0068,"Phosphorus":0.0133,"Astaxanthin (Natural)":0.0061,"Boron Glycinate":0.0443,"CaAKG":0.0074,"Ashwagandha KSM66":0.0082,"Calcium L-5- Methyltetrahydrofolate (L-5-MTHF-Ca)":0.0429,"Cocoa Powder (Non-Alkalised) 8+% Flavanols":0.0006,"Red Yeast Rice (2% Monacolin K)":0.033,"Creatine Monohydrate":0.0294,"Ginger":0.014,"Glucosamine Sulfate KCI":0.003,"Grape Seed Extract 90% polyphenols":0.0067,"Broccoli Extract (glucoraphanin 10%)":0.0106,"Glycine":0.022,"Theanine":0.0109,"Lactobacillus Acidophilus":0.0508,"Lithium orotate":0.0023,"Pomegranate Juice Extract (50% Polyphenols)":0.0684,"Potassium Iodate":0.0004,"Rhodiola 3% Rosavins / Salidroside 1%":0.0203,"Selenium":0.0141,"Glutathione reduced":0.043,"Lutein":0.0028,"Luteolin":0.0065,"Cinnamon powder (ceylon) organic":0.0206,"Sodium Hyaluronate":0.0065,"Spermidine":0.066,"Vitamin B1 (Thiamine HCl)":0.0116,"Vitamin B12 (Methylcobalamin)":0.0534,"Vitamin B2 (Riboflavin-5-Phosphate)":0.048,"Vitamin B3 (Niacinamide)":0.0655,"Vitamin B5 (Calcium-D-Pantothenate)":0.0097,"Vitamin B6 (Pyridoxal-5- Phosphate)":0.0238,"Vitamin B7 (D-Biotin)":0.0034,"Vitamin C (Ascorbic Acid)":0.0096,"Vitamin D Veg D3":0.0068,"Vitamin E (d-alpha tocopherol)":0.02,"Vitamin K1":0.002,"Vitamin K2 MK-7 MCT Oil":0.0043,"Vitamin K2 MK-4 MCT Oil":0.0354,"Sunflower lecithin non-GMO":0.0426,"Phosphatidylcholine":0.0166,"Choline":0.0367,"Lycopene":0.0661,"Lysine":0.0118,"Taurine":0.0218,"Glucoraphanin":0.0037,"Ubiquinol":0.0024,"Zinc Citrate":0.023,"Fiber":0.0059,"Blueberries":0.0636,"Macadamia nuts":0.0681,"Walnuts":0.0472,"Omega 3":0.0008,"Omega 6":0.0395,"Calcium":0.0436,"EVOO polyphenols":0.0046,"Oleic acid":0.0363,"Protein (plant)":0.0005,"Copper":0.0237,"Caffeine":0.0089,"Magnesium Citrate":0.018,"Manganese Citrate":0.0503,"Curcuminoids":0.0042,"Fisetin (smoketree extract)":0.0238,"Garlic extract 12:1 odorless":0.0387,"Genistein (Japonica extract)":0.0129,"Milled Golden Flaxseed":0.019,"SDG lignan":0.0336,"Phosphatidylinositol":0.0243,"Phosphatidylethanolamine":0.0158}],"vo2_max":17.5829}
