{"personal_data":[{"age":79,"gender":"F","name":"Victor Koepp"}],"fitness_data":[{"Backwards Sled, 2 min":1,"Posture exercises":1,"Tricep extensions":1,"Face pulls":0,"Butterfly":0,"Band pull apart (back muscles)":5,"Back extensions (on a hyperextension)":4,"Obliques (each side, on a hyperextension)":4,"StretchesKneeling shin_Kneeling shin_":1,"StretchesHip flexor_Hip flexor_":4,"StretchesCouch_Couch_":1,"Leg raises (for abdomen)":4,"Seated calf raises":3,"Poliquin step ups":0,"Slant board squats":5,"ATG Split squats":4,"Nordics":4,"Reverse Nordics":2,"Tibialis raises,":2,"IsoTib ankle rotations":1,"Pull ups":2,"Chin ups":2,"10 min HIIT":2}],"supplement_vars":[{"N-Acetyl-L-Cysteine (NAC)":0.0149,"N-Acetyl-L-Cysteine (NAC) 2":0.01,"Nicotinamide Riboside Chloride (NR)":0.0051,"Zeaxanthin":0.0072,"Phosphorus":0.0097,"Astaxanthin (Natural)":0.0203,"Boron Glycinate":0.0357,"CaAKG":0.0119,"Ashwagandha KSM66":0.0007,"Calcium L-5- Methyltetrahydrofolate (L-5-MTHF-Ca)":0.0364,"Cocoa Powder (Non-Alkalised) 8+% Flavanols":0.0035,"Red Yeast Rice (2% Monacolin K)":0.0329,"Creatine Monohydrate":0.0007,"Ginger":0.0155,"Glucosamine Sulfate KCI":0.0324,"Grape Seed Extract 90% polyphenols":0.0074,"Broccoli Extract (glucoraphanin 10%)":0.0005,"Glycine":0.0037,"Theanine":0.0213,"Lactobacillus Acidophilus":0.0261,"Lithium orotate":0.0068,"Pomegranate Juice Extract (50% Polyphenols)":0.0478,"Potassium Iodate":0.0322,"Rhodiola 3% Rosavins / Salidroside 1%":0.0426,"Selenium":0.0237,"Glutathione reduced":0.028,"Lutein":0.0162,"Luteolin":0.008,"Cinnamon powder (ceylon) organic":0.0195,"Sodium Hyaluronate":0.0024,"Spermidine":0.0316,"Vitamin B1 (Thiamine HCl)":0.0047,"Vitamin B12 (Methylcobalamin)":0.0326,"Vitamin B2 (Riboflavin-5-Phosphate)":0.0054,"Vitamin B3 (Niacinamide)":0.0671,"Vitamin B5 (Calcium-D-Pantothenate)":0.0198,"Vitamin B6 (Pyridoxal-5- Phosphate)":0.0234,"Vitamin B7 (D-Biotin)":0.0301,"Vitamin C (Ascorbic Acid)":0.0037,"Vitamin D Veg D3":0.006,"Vitamin E (d-alpha tocopherol)":0.0132,"Vitamin K1":0.058,"Vitamin K2 MK-7 MCT Oil":0.0094,"Vitamin K2 MK-4 MCT Oil":0.0328,"Sunflower lecithin non-GMO":0.0068,"Phosphatidylcholine":0.0081,"Choline":0.0095,"Lycopene":0.0433,"Lysine":0.0035,"Taurine":0.0372,"Glucoraphanin":0.0197,"Ubiquinol":0.002,"Zinc Citrate":0.0184,"Fiber":0.0058,"Blueberries":0.0709,"Macadamia nuts":0.0563,"Walnuts":0.0116,"Omega 3":0.0496,"Omega 6":0.0227,"Calcium":0.0217,"EVOO polyphenols":0.0069,"Oleic acid":0.0337,"Protein (plant)":0.0046,"Copper":0.024,"Caffeine":0.0132,"Magnesium Citrate":0.0523,"Manganese Citrate":0.0696,"Curcuminoids":0.0247,"Fisetin (smoketree extract)":0.0148,"Garlic extract 12:1 odorless":0.0328,"Genistein (Japonica extract)":0.015,"Milled Golden Flaxseed":0.0265,"SDG lignan":0.0375,"Phosphatidylinositol":0.0247,"Phosphatidylethanolamine":0.0445}],"vo2_max":21.9191}
