{"personal_data":[{"age":53,"gender":"M","name":"Tyrel White"}],"fitness_data":[{"Backwards Sled, 2 min":4,"Posture exercises":2,"Tricep extensions":2,"Face pulls":3,"Butterfly":4,"Band pull apart (back muscles)":5,"Back extensions (on a hyperextension)":4,"Obliques (each side, on a hyperextension)":4,"StretchesKneeling shin_Kneeling shin_":5,"StretchesHip flexor_Hip flexor_":1,"StretchesCouch_Couch_":2,"Leg raises (for abdomen)":5,"Seated calf raises":3,"Poliquin step ups":4,"Slant board squats":6,"ATG Split squats":3,"Nordics":5,"Reverse Nordics":4,"Tibialis raises,":3,"IsoTib ankle rotations":5,"Pull ups":3,"Chin ups":4,"10 min HIIT":4}],"supplement_vars":[{"N-Acetyl-L-Cysteine (NAC)":0.0021,"N-Acetyl-L-Cysteine (NAC) 2":0.015,"Nicotinamide Riboside Chloride (NR)":0.0115,"Zeaxanthin":0.0095,"Phosphorus":0.0093,"Astaxanthin (Natural)":0.0168,"Boron Glycinate":0.028,"CaAKG":0.0053,"Ashwagandha KSM66":0.0057,"Calcium L-5- Methyltetrahydrofolate (L-5-MTHF-Ca)":0.0568,"Cocoa Powder (Non-Alkalised) 8+% Flavanols":0.0033,"Red Yeast Rice (2% Monacolin K)":0.0319,"Creatine Monohydrate":0.0627,"Ginger":0.0019,"Glucosamine Sulfate KCI":0.0373,"Grape Seed Extract 90% polyphenols":0.0007,"Broccoli Extract (glucoraphanin 10%)":0.0143,"Glycine":0.0068,"Theanine":0.0207,"Lactobacillus Acidophilus":0.0607,"Lithium orotate":0.0014,"Pomegranate Juice Extract (50% Polyphenols)":0.0694,"Potassium Iodate":0.0179,"Rhodiola 3% Rosavins / Salidroside 1%":0.0576,"Selenium":0.0241,"Glutathione reduced":0.0197,"Lutein":0.0129,"Luteolin":0.009,"Cinnamon powder (ceylon) organic":0.009,"Sodium Hyaluronate":0.0041,"Spermidine":0.0477,"Vitamin B1 (Thiamine HCl)":0.0027,"Vitamin B12 (Methylcobalamin)":0.0009,"Vitamin B2 (Riboflavin-5-Phosphate)":0.0095,"Vitamin B3 (Niacinamide)":0.0571,"Vitamin B5 (Calcium-D-Pantothenate)":0.0001,"Vitamin B6 (Pyridoxal-5- Phosphate)":0.029,"Vitamin B7 (D-Biotin)":0.0231,"Vitamin C (Ascorbic Acid)":0.0088,"Vitamin D Veg D3":0.0392,"Vitamin E (d-alpha tocopherol)":0.0305,"Vitamin K1":0.0475,"Vitamin K2 MK-7 MCT Oil":0.0009,"Vitamin K2 MK-4 MCT Oil":0.0331,"Sunflower lecithin non-GMO":0.003,"Phosphatidylcholine":0.0113,"Choline":0.0273,"Lycopene":0.0384,"Lysine":0.0099,"Taurine":0.0288,"Glucoraphanin":0.0116,"Ubiquinol":0.0007,"Zinc Citrate":0.0155,"Fiber":0.0001,"Blueberries":0.0148,"Macadamia nuts":0.0213,"Walnuts":0.0081,"Omega 3":0.0409,"Omega 6":0.0255,"Calcium":0.0649,"EVOO polyphenols":0.0047,"Oleic acid":0.0017,"Protein (plant)":0.0048,"Copper":0.0231,"Caffeine":0.0051,"Magnesium Citrate":0.0251,"Manganese Citrate":0.0815,"Curcuminoids":0.0224,"Fisetin (smoketree extract)":0,"Garlic extract 12:1 odorless":0.0182,"Genistein (Japonica extract)":0.0079,"Milled Golden Flaxseed":0.0211,"SDG lignan":0.0344,"Phosphatidylinositol":0.0245,"Phosphatidylethanolamine":0.0383}],"vo2_max":29.2937}
