{"personal_data":[{"age":80,"gender":"F","name":"Melina Rohan"}],"fitness_data":[{"Backwards Sled, 2 min":2,"Posture exercises":2,"Tricep extensions":4,"Face pulls":4,"Butterfly":6,"Band pull apart (back muscles)":2,"Back extensions (on a hyperextension)":1,"Obliques (each side, on a hyperextension)":2,"StretchesKneeling shin_Kneeling shin_":2,"StretchesHip flexor_Hip flexor_":2,"StretchesCouch_Couch_":2,"Leg raises (for abdomen)":3,"Seated calf raises":2,"Poliquin step ups":3,"Slant board squats":0,"ATG Split squats":2,"Nordics":3,"Reverse Nordics":1,"Tibialis raises,":3,"IsoTib ankle rotations":4,"Pull ups":3,"Chin ups":3,"10 min HIIT":3}],"supplement_vars":[{"N-Acetyl-L-Cysteine (NAC)":0.0008,"N-Acetyl-L-Cysteine (NAC) 2":0.0123,"Nicotinamide Riboside Chloride (NR)":0.0166,"Zeaxanthin":0.0093,"Phosphorus":0.0243,"Astaxanthin (Natural)":0.0075,"Boron Glycinate":0.0164,"CaAKG":0.0039,"Ashwagandha KSM66":0.0089,"Calcium L-5- Methyltetrahydrofolate (L-5-MTHF-Ca)":0.0017,"Cocoa Powder (Non-Alkalised) 8+% Flavanols":0.0169,"Red Yeast Rice (2% Monacolin K)":0.0134,"Creatine Monohydrate":0.0122,"Ginger":0.0525,"Glucosamine Sulfate KCI":0.0532,"Grape Seed Extract 90% polyphenols":0.0001,"Broccoli Extract (glucoraphanin 10%)":0.0203,"Glycine":0.0154,"Theanine":0.031,"Lactobacillus Acidophilus":0.0898,"Lithium orotate":0.0016,"Pomegranate Juice Extract (50% Polyphenols)":0.0142,"Potassium Iodate":0.0154,"Rhodiola 3% Rosavins / Salidroside 1%":0.0129,"Selenium":0.0227,"Glutathione reduced":0.056,"Lutein":0.0001,"Luteolin":0.0046,"Cinnamon powder (ceylon) organic":0.0131,"Sodium Hyaluronate":0.0069,"Spermidine":0.0275,"Vitamin B1 (Thiamine HCl)":0.0107,"Vitamin B12 (Methylcobalamin)":0.0022,"Vitamin B2 (Riboflavin-5-Phosphate)":0.0562,"Vitamin B3 (Niacinamide)":0.0574,"Vitamin B5 (Calcium-D-Pantothenate)":0.0199,"Vitamin B6 (Pyridoxal-5- Phosphate)":0.0116,"Vitamin B7 (D-Biotin)":0.0336,"Vitamin C (Ascorbic Acid)":0.0083,"Vitamin D Veg D3":0.0198,"Vitamin E (d-alpha tocopherol)":0.0361,"Vitamin K1":0.06,"Vitamin K2 MK-7 MCT Oil":0.0278,"Vitamin K2 MK-4 MCT Oil":0.02,"Sunflower lecithin non-GMO":0.0425,"Phosphatidylcholine":0.031,"Choline":0.0397,"Lycopene":0.0255,"Lysine":0.0091,"Taurine":0.0035,"Glucoraphanin":0.0183,"Ubiquinol":0.0079,"Zinc Citrate":0.0228,"Fiber":0.0013,"Blueberries":0.0268,"Macadamia nuts":0.0229,"Walnuts":0.0393,"Omega 3":0.033,"Omega 6":0.0309,"Calcium":0.0332,"EVOO polyphenols":0.0025,"Oleic acid":0.0144,"Protein (plant)":0.0003,"Copper":0.0007,"Caffeine":0.0505,"Magnesium Citrate":0.0202,"Manganese Citrate":0.0584,"Curcuminoids":0.0344,"Fisetin (smoketree extract)":0.0009,"Garlic extract 12:1 odorless":0.003,"Genistein (Japonica extract)":0.0084,"Milled Golden Flaxseed":0.0276,"SDG lignan":0.0235,"Phosphatidylinositol":0.0178,"Phosphatidylethanolamine":0.0259}],"vo2_max":18.2389}
