{"personal_data":[{"age":71,"gender":"M","name":"Ms. Nevaeh Bednar"}],"fitness_data":[{"Backwards Sled, 2 min":3,"Posture exercises":3,"Tricep extensions":4,"Face pulls":3,"Butterfly":3,"Band pull apart (back muscles)":1,"Back extensions (on a hyperextension)":3,"Obliques (each side, on a hyperextension)":1,"StretchesKneeling shin_Kneeling shin_":3,"StretchesHip flexor_Hip flexor_":0,"StretchesCouch_Couch_":1,"Leg raises (for abdomen)":4,"Seated calf raises":3,"Poliquin step ups":1,"Slant board squats":7,"ATG Split squats":2,"Nordics":2,"Reverse Nordics":2,"Tibialis raises,":1,"IsoTib ankle rotations":5,"Pull ups":2,"Chin ups":3,"10 min HIIT":3}],"supplement_vars":[{"N-Acetyl-L-Cysteine (NAC)":0.0172,"N-Acetyl-L-Cysteine (NAC) 2":0.0052,"Nicotinamide Riboside Chloride (NR)":0.0024,"Zeaxanthin":0.0049,"Phosphorus":0.0114,"Astaxanthin (Natural)":0.0024,"Boron Glycinate":0.0239,"CaAKG":0.0079,"Ashwagandha KSM66":0.0016,"Calcium L-5- Methyltetrahydrofolate (L-5-MTHF-Ca)":0.0279,"Cocoa Powder (Non-Alkalised) 8+% Flavanols":0.0111,"Red Yeast Rice (2% Monacolin K)":0.0108,"Creatine Monohydrate":0.023,"Ginger":0.0367,"Glucosamine Sulfate KCI":0.0314,"Grape Seed Extract 90% polyphenols":0.0071,"Broccoli Extract (glucoraphanin 10%)":0.0084,"Glycine":0.0242,"Theanine":0.0553,"Lactobacillus Acidophilus":0.0095,"Lithium orotate":0.0044,"Pomegranate Juice Extract (50% Polyphenols)":0.0478,"Potassium Iodate":0.0383,"Rhodiola 3% Rosavins / Salidroside 1%":0.0233,"Selenium":3.0161e-06,"Glutathione reduced":0.0421,"Lutein":0.016,"Luteolin":0.0078,"Cinnamon powder (ceylon) organic":0.0237,"Sodium Hyaluronate":0.0069,"Spermidine":0.0658,"Vitamin B1 (Thiamine HCl)":0.0042,"Vitamin B12 (Methylcobalamin)":0.0556,"Vitamin B2 (Riboflavin-5-Phosphate)":0.0193,"Vitamin B3 (Niacinamide)":0.0165,"Vitamin B5 (Calcium-D-Pantothenate)":0.0073,"Vitamin B6 (Pyridoxal-5- Phosphate)":0.0132,"Vitamin B7 (D-Biotin)":0.0104,"Vitamin C (Ascorbic Acid)":0.0126,"Vitamin D Veg D3":0.0433,"Vitamin E (d-alpha tocopherol)":0.0129,"Vitamin K1":0.0545,"Vitamin K2 MK-7 MCT Oil":0.0191,"Vitamin K2 MK-4 MCT Oil":0.0028,"Sunflower lecithin non-GMO":0.0168,"Phosphatidylcholine":0.0339,"Choline":0.0448,"Lycopene":0.0445,"Lysine":0.0106,"Taurine":0.0019,"Glucoraphanin":0.0295,"Ubiquinol":0.0043,"Zinc Citrate":0.002,"Fiber":0.0058,"Blueberries":0.0086,"Macadamia nuts":0.0253,"Walnuts":0.0704,"Omega 3":0.0086,"Omega 6":0.0052,"Calcium":0.0423,"EVOO polyphenols":0.006,"Oleic acid":0.0366,"Protein (plant)":0.0012,"Copper":0.0076,"Caffeine":0.0272,"Magnesium Citrate":0.0195,"Manganese Citrate":0.0476,"Curcuminoids":0.0263,"Fisetin (smoketree extract)":0.0288,"Garlic extract 12:1 odorless":0.0145,"Genistein (Japonica extract)":0.0099,"Milled Golden Flaxseed":0.032,"SDG lignan":0.0169,"Phosphatidylinositol":0.0125,"Phosphatidylethanolamine":0.0477}],"vo2_max":19.0933}
