{"personal_data":[{"age":55,"gender":"M"}],"fitness_data":[{"Backwards Sled, 2 min":4,"Posture exercises":5,"Tricep extensions":2,"Face pulls":4,"Butterfly":0,"Band pull apart (back muscles)":5,"Back extensions (on a hyperextension)":4,"Obliques (each side, on a hyperextension)":1,"StretchesKneeling shin_Kneeling shin_":3,"StretchesHip flexor_Hip flexor_":3,"StretchesCouch_Couch_":2,"Leg raises (for abdomen)":1,"Seated calf raises":4,"Poliquin step ups":2,"Slant board squats":3,"ATG Split squats":3,"Nordics":6,"Reverse Nordics":2,"Tibialis raises,":1,"IsoTib ankle rotations":5,"Pull ups":4,"Chin ups":4,"10 min HIIT":4}],"supplement_vars":[{"N-Acetyl-L-Cysteine (NAC)":0.0199,"N-Acetyl-L-Cysteine (NAC) 2":0.0045,"Nicotinamide Riboside Chloride (NR)":0.0089,"Zeaxanthin":0.0123,"Phosphorus":0.005,"Astaxanthin (Natural)":0.0227,"Boron Glycinate":0.0129,"CaAKG":0.0013,"Ashwagandha KSM66":0.0044,"Calcium L-5- Methyltetrahydrofolate (L-5-MTHF-Ca)":0.0531,"Cocoa Powder (Non-Alkalised) 8+% Flavanols":0.0212,"Red Yeast Rice (2% Monacolin K)":0.0304,"Creatine Monohydrate":0.0355,"Ginger":0.0256,"Glucosamine Sulfate KCI":0.0689,"Grape Seed Extract 90% polyphenols":0.0064,"Broccoli Extract (glucoraphanin 10%)":0.0155,"Glycine":0.01,"Theanine":0.0381,"Lactobacillus Acidophilus":0.0073,"Lithium orotate":0.0076,"Pomegranate Juice Extract (50% Polyphenols)":0.0547,"Potassium Iodate":0.0139,"Rhodiola 3% Rosavins / Salidroside 1%":0.006,"Selenium":0.0188,"Glutathione reduced":0.0179,"Lutein":0.0138,"Luteolin":0.0005,"Cinnamon powder (ceylon) organic":0.0172,"Sodium Hyaluronate":0.0105,"Spermidine":0.0757,"Vitamin B1 (Thiamine HCl)":0.0128,"Vitamin B12 (Methylcobalamin)":0.0148,"Vitamin B2 (Riboflavin-5-Phosphate)":0.0089,"Vitamin B3 (Niacinamide)":0.0366,"Vitamin B5 (Calcium-D-Pantothenate)":0.0031,"Vitamin B6 (Pyridoxal-5- Phosphate)":0.0234,"Vitamin B7 (D-Biotin)":0.0154,"Vitamin C (Ascorbic Acid)":0.006,"Vitamin D Veg D3":0.0006,"Vitamin E (d-alpha tocopherol)":0.0248,"Vitamin K1":0.0061,"Vitamin K2 MK-7 MCT Oil":0.0185,"Vitamin K2 MK-4 MCT Oil":0.0081,"Sunflower lecithin non-GMO":0.0033,"Phosphatidylcholine":0.0227,"Choline":0.0201,"Lycopene":0.07,"Lysine":0.0029,"Taurine":0.0134,"Glucoraphanin":0.0261,"Ubiquinol":0.0092,"Zinc Citrate":0.0233,"Fiber":0.0043,"Blueberries":0.03,"Macadamia nuts":0.0444,"Walnuts":0.0201,"Omega 3":0.0075,"Omega 6":0.0475,"Calcium":0.0036,"EVOO polyphenols":0.0016,"Oleic acid":0.0006,"Protein (plant)":0.0004,"Copper":0.0211,"Caffeine":0.0316,"Magnesium Citrate":0.0225,"Manganese Citrate":0.0068,"Curcuminoids":0.0385,"Fisetin (smoketree extract)":0.0088,"Garlic extract 12:1 odorless":0.0324,"Genistein (Japonica extract)":0.02,"Milled Golden Flaxseed":0.0349,"SDG lignan":0.0058,"Phosphatidylinositol":0.0026,"Phosphatidylethanolamine":0.0304}],"vo2_max":25.8187}
